"canonicalRowIndex","rep","n","m","lambda","eta","pStar","areaStar","selectedCandidateStar","p2Winner","p2Area","p2Comparable","p2WinnerDiffers","p2RelativeGain","ci1P","ci1Winner","ci1Area","ci1Comparable","ci1WinnerDiffers","ci1RelativeGain"
1,1,51,3,0.5,1,"1.139432815665091",0.03368640276981107,3,3,0.028627059256072986,true,false,0.1767329109316316,1.5849625007211563,3,0.031041289943352597,true,false,0.08521272251525486
3,3,51,3,0.5,1,"1.5938606847697756",0.0019738434413961274,3,3,0.0017431620337770436,true,false,0.13233503435090807,1.5849625007211563,1,0,false,,
5,5,51,3,0.5,1,"1.2233801540552787",0.006531586359012803,3,3,0.005074586254141461,true,false,0.28711702430562835,1.5849625007211563,3,0.00588615555552914,true,false,0.10965235243866091
11,11,51,3,0.5,1,"1.2233801540552787",0.022912558295759257,3,3,0.0198528419563848,true,false,0.15411981549525366,1.5849625007211563,3,0.021477024652593525,true,false,0.06684043373728583
17,17,51,3,0.5,1,"1.3223626212165736",0.014385679226013394,3,3,0.012561674283193887,true,false,0.14520396737716892,1.5849625007211563,3,0.013672521434288975,true,false,0.05215993225184557
19,19,51,3,0.5,1,"1.3223626212165736",0.0031702981597412265,3,3,0.0024820353562352883,true,false,0.2772977434736805,1.5849625007211563,3,0.002928157693047463,true,false,0.08269379318904006
20,20,51,3,0.5,1,"1.5938606847697756",0.001973843441396161,3,3,0.0017431620337770436,true,false,0.13233503435092722,1.5849625007211563,1,0,false,,
23,23,51,3,0.5,1,"1.1741172377804836",0.034157996467923356,3,3,0.02981289138363343,true,false,0.14574584626418635,1.5849625007211563,3,0.03198423919266978,true,false,0.06796338853518084
27,27,51,3,0.5,1,"1",0.0023291925465838462,1,1,0.001095193390046137,true,false,1.1267408731217092,1.5849625007211563,1,0.001664563159697344,true,false,0.3992815670673302
31,31,51,3,0.5,1,"1.3223626212165736",0.003170298159741278,3,3,0.0024820353562352883,true,false,0.27729774347370134,1.5849625007211563,3,0.002928157693047463,true,false,0.08269379318905769
32,32,51,3,0.5,1,"1.2233801540552787",0.03234248521397316,3,3,0.028946931828629893,true,false,0.117302704322705,1.5849625007211563,3,0.030764255240236214,true,false,0.05130076972163462
34,34,51,3,0.5,1,"1.5938606847697756",0.011905088579565464,3,3,0.011111350625708288,true,false,0.07143487597454698,1.5849625007211563,1,0,false,,
38,38,51,3,0.5,1,"1.0877447425670776",0.019245617306842072,3,3,0.014584056313684353,true,false,0.31963405056134725,1.5849625007211563,3,0.01675984785663909,true,false,0.14831694604067014
40,40,51,3,0.5,1,"1.3223626212165736",0.0031702981597412265,3,3,0.0024820353562352883,true,false,0.2772977434736805,1.5849625007211563,3,0.002928157693047463,true,false,0.08269379318904006
43,43,51,3,0.5,1,"1.3223626212165736",0.0031702981597412265,3,3,0.0024820353562352883,true,false,0.2772977434736805,1.5849625007211563,3,0.002928157693047463,true,false,0.08269379318904006
44,44,51,3,0.5,1,"1",0.018145161290322592,1,1,0.014902151878428478,true,false,0.21762020937315188,1.5849625007211563,1,0.01624315235090243,true,false,0.11709604751164526
45,45,51,3,0.5,1,"1",0.0011755485893416892,1,1,0.0003915386700670557,true,false,2.0023818315068658,1.5849625007211563,1,0.000742081800185468,true,false,0.5841226520417089
48,48,51,3,0.5,1,"1.5938606847697756",0.008301555661679135,3,3,0.007646375209958999,true,false,0.08568510355950075,1.5849625007211563,1,0,false,,
49,49,51,3,0.5,1,"1.119310173285797",0.03099015041243611,3,3,0.025595386327750467,true,false,0.21077095753138334,1.5849625007211563,3,0.028110368690825532,true,false,0.10244553364931358
50,50,51,3,0.5,1,"1.3223626212165736",0.014385679226013418,3,3,0.012561674283193887,true,false,0.14520396737717087,1.5849625007211563,3,0.013672521434288975,true,false,0.05215993225184735
54,54,51,3,0.5,1,"1.1741172377804836",0.002193298713597476,3,3,0.0012030344951324975,true,false,0.8231386734724633,1.5849625007211563,3,0.0018061878094334876,true,false,0.2143248349602172
58,58,51,3,0.5,1,"1",0.0314516129032258,1,1,0.02613922919874046,true,false,0.20323413762871462,1.5849625007211563,1,0.028322777375822603,true,false,0.11047064650072372
61,61,51,3,0.5,1,"1.119310173285797",0.015730132486214087,3,3,0.012098075859757832,true,false,0.3002177097051991,1.5849625007211563,3,0.013852572412853828,true,false,0.13553873009305242
64,64,51,3,0.5,1,"1.5938606847697756",0.011905088579565464,3,3,0.011111350625708288,true,false,0.07143487597454698,1.5849625007211563,1,0,false,,
68,68,51,3,0.5,1,"1.3223626212165736",0.003170298159741278,3,3,0.0024820353562352883,true,false,0.27729774347370134,1.5849625007211563,3,0.002928157693047463,true,false,0.08269379318905769
70,70,51,3,0.5,1,"1",0.008333333333333331,1,1,0.006359349898438615,true,false,0.3104064828040646,1.5849625007211563,1,0.007185795729479176,true,false,0.15969527204154588
74,74,51,3,0.5,1,"1.1741172377804836",0.022720453665364165,3,3,0.019058677793565824,true,false,0.19213168465624358,1.5849625007211563,3,0.020885135814493375,true,false,0.08787674962578693
78,78,51,3,0.5,1,"1.3223626212165736",0.003170298159741278,3,3,0.0024820353562352883,true,false,0.27729774347370134,1.5849625007211563,3,0.002928157693047463,true,false,0.08269379318905769
80,80,51,3,0.5,1,"1.2233801540552787",0.006531586359012803,3,3,0.005074586254141461,true,false,0.28711702430562835,1.5849625007211563,3,0.00588615555552914,true,false,0.10965235243866091
81,81,51,3,0.5,1,"1",0.00883838383838384,1,1,0.007664907660442743,true,false,0.1530972361216043,1.5849625007211563,1,0.008156496096004714,true,false,0.08360057239690634
82,82,51,3,0.5,1,"1.5938606847697756",0.005032382715411432,3,3,0.00456460292492962,true,false,0.1024798428636647,1.5849625007211563,1,0,false,,
85,85,51,3,0.5,1,"1.5938606847697756",0.01600308154375709,3,3,0.015123536718264143,true,false,0.05815735048474168,1.5849625007211563,1,0,false,,
86,86,51,3,0.5,1,"1",0.0011755485893416892,1,1,0.0003915386700670557,true,false,2.0023818315068658,1.5849625007211563,1,0.000742081800185468,true,false,0.5841226520417089
94,94,51,3,0.5,1,"1",0.02976190476190475,1,1,0.02395703829001875,true,false,0.24230317627803308,1.5849625007211563,1,0.02634250938721267,true,false,0.12980522563093175
97,97,51,3,0.5,1,"1",0.0023291925465838462,1,1,0.001095193390046137,true,false,1.1267408731217092,1.5849625007211563,1,0.001664563159697344,true,false,0.3992815670673302
99,99,51,3,0.5,1,"1.5938606847697756",0.008301555661679151,3,3,0.007646375209958999,true,false,0.08568510355950279,1.5849625007211563,1,0,false,,
102,102,51,3,0.5,1,"1.3223626212165736",0.008601247583154595,3,3,0.007259775590615262,true,false,0.18478146821417715,1.5849625007211563,3,0.008083323203921983,true,false,0.06407319937192636
103,103,51,3,0.5,1,"1.101052116466846",0.008976600480219246,3,3,0.006179895766686687,true,false,0.4525488485758062,1.5849625007211563,3,0.0076018428033216385,true,false,0.1808453177033475
105,105,51,3,0.5,1,"1.3223626212165736",0.008601247583154564,3,3,0.007259775590615262,true,false,0.18478146821417285,1.5849625007211563,3,0.008083323203921983,true,false,0.06407319937192249
110,110,51,3,0.5,1,"1",0.0023291925465838462,1,1,0.001095193390046137,true,false,1.1267408731217092,1.5849625007211563,1,0.001664563159697344,true,false,0.3992815670673302
111,111,51,3,0.5,1,"1",0.018145161290322592,1,1,0.014902151878428478,true,false,0.21762020937315188,1.5849625007211563,1,0.01624315235090243,true,false,0.11709604751164526
112,112,51,3,0.5,1,"1.5938606847697756",0.0019738434413961946,3,3,0.0017431620337770436,true,false,0.13233503435094662,1.5849625007211563,1,0,false,,
115,115,51,3,0.5,1,"1",0.0011574074074074197,1,1,-0.00008941129617691368,true,false,13.94475594132217,1.5849625007211563,1,0.0005469139236752927,true,false,1.116251492793557
117,117,51,3,0.5,1,"1.5938606847697756",0.011905088579565464,3,3,0.011111350625708288,true,false,0.07143487597454698,1.5849625007211563,1,0,false,,
120,120,51,3,0.5,1,"1.2233801540552787",0.022912558295759257,3,3,0.0198528419563848,true,false,0.15411981549525366,1.5849625007211563,3,0.021477024652593525,true,false,0.06684043373728583
124,124,51,3,0.5,1,"1.3223626212165736",0.008601247583154564,3,3,0.007259775590615262,true,false,0.18478146821417285,1.5849625007211563,3,0.008083323203921983,true,false,0.06407319937192249
125,125,51,3,0.5,1,"1.3223626212165736",0.0031702981597412265,3,3,0.0024820353562352883,true,false,0.2772977434736805,1.5849625007211563,3,0.002928157693047463,true,false,0.08269379318904006
126,126,51,3,0.5,1,"1.3223626212165736",0.008601247583154564,3,3,0.007259775590615262,true,false,0.18478146821417285,1.5849625007211563,3,0.008083323203921983,true,false,0.06407319937192249
127,127,51,3,0.5,1,"1.5938606847697756",0.005032382715411432,3,3,0.00456460292492962,true,false,0.1024798428636647,1.5849625007211563,1,0,false,,
128,128,51,3,0.5,1,"1",0.013975155279503094,1,1,0.009941489549521763,true,false,0.4057405794059675,1.5849625007211563,1,0.011687025434163322,true,false,0.19578376535839034
134,134,51,3,0.5,1,"1.5938606847697756",0.01600308154375709,3,3,0.015123536718264143,true,false,0.05815735048474168,1.5849625007211563,1,0,false,,
136,136,51,3,0.5,1,"1.5938606847697756",0.008301555661679135,3,3,0.007646375209958999,true,false,0.08568510355950075,1.5849625007211563,1,0,false,,
137,137,51,3,0.5,1,"1.5938606847697756",0.011905088579565464,3,3,0.011111350625708288,true,false,0.07143487597454698,1.5849625007211563,1,0,false,,
139,139,51,3,0.5,1,"1.5938606847697756",0.008301555661679151,3,3,0.007646375209958999,true,false,0.08568510355950279,1.5849625007211563,1,0,false,,
142,142,51,3,0.5,1,"1",0.0011574074074074197,1,1,-0.00008941129617691368,true,false,13.94475594132217,1.5849625007211563,1,0.0005469139236752927,true,false,1.116251492793557
143,143,51,3,0.5,1,"1.3223626212165736",0.008601247583154564,3,3,0.007259775590615262,true,false,0.18478146821417285,1.5849625007211563,3,0.008083323203921983,true,false,0.06407319937192249
144,144,51,3,0.5,1,"1.3223626212165736",0.008601247583154564,3,3,0.007259775590615262,true,false,0.18478146821417285,1.5849625007211563,3,0.008083323203921983,true,false,0.06407319937192249
146,146,51,3,0.5,1,"1.1741172377804836",0.022720453665364165,3,3,0.019058677793565824,true,false,0.19213168465624358,1.5849625007211563,3,0.020885135814493375,true,false,0.08787674962578693
148,148,51,3,0.5,1,"1.1741172377804836",0.012204981860524357,3,3,0.00966217589478804,true,false,0.2631711524841887,1.5849625007211563,3,0.010962392655413003,true,false,0.11335018222484386
152,152,51,3,0.5,1,"1.5938606847697756",0.001973843441396161,3,3,0.0017431620337770436,true,false,0.13233503435092722,1.5849625007211563,1,0,false,,
156,156,51,3,0.5,1,"1.5938606847697756",0.001973843441396161,3,3,0.0017431620337770436,true,false,0.13233503435092722,1.5849625007211563,1,0,false,,
158,158,51,3,0.5,1,"1.5938606847697756",0.005032382715411432,3,3,0.00456460292492962,true,false,0.1024798428636647,1.5849625007211563,1,0,false,,
165,165,51,3,0.5,1,"1",0.0023291925465838462,1,1,0.001095193390046137,true,false,1.1267408731217092,1.5849625007211563,1,0.0016645631596973209,true,false,0.39928156706734974
170,170,51,3,0.5,1,"1.139432815665091",0.02032379686132206,3,3,0.016426199296698113,true,false,0.23727933006434523,1.5849625007211563,3,0.018305850152620977,true,false,0.11023507195114672
172,172,51,3,0.5,1,"1.101052116466846",0.02618190006096329,3,3,0.02087522317877461,true,false,0.2542093484099548,1.5849625007211563,3,0.02332005016279493,true,false,0.12272057213385372
175,175,51,3,0.5,1,"1",0.019798136645962725,1,1,0.014449091525963652,true,false,0.37019940737362933,1.5849625007211563,1,0.016729905776784924,true,false,0.18339797666017932
177,177,51,3,0.5,1,"1.3223626212165736",0.0031702981597412265,3,3,0.0024820353562352883,true,false,0.2772977434736805,1.5849625007211563,3,0.002928157693047463,true,false,0.08269379318904006
178,178,51,3,0.5,1,"1",0.009404388714733534,1,1,0.006886781569236669,true,false,0.36557093036652194,1.5849625007211563,1,0.007957677314531503,true,false,0.18180071181828314
181,181,51,3,0.5,1,"1.5938606847697756",0.011905088579565464,3,3,0.011111350625708288,true,false,0.07143487597454698,1.5849625007211563,1,0,false,,
183,183,51,3,0.5,1,"1",0.009404388714733534,1,1,0.006886781569236669,true,false,0.36557093036652194,1.5849625007211563,1,0.007957677314531503,true,false,0.18180071181828314
184,184,51,3,0.5,1,"1.1741172377804836",0.034157996467923356,3,3,0.02981289138363343,true,false,0.14574584626418635,1.5849625007211563,3,0.03198423919266978,true,false,0.06796338853518084
186,186,51,3,0.5,1,"1",0.004629629629629642,1,1,0.0023431030408297662,true,false,0.9758540486508632,1.5849625007211563,1,0.003441235805140422,true,false,0.3453392594352385
187,187,51,3,0.5,1,"1.119310173285797",0.015730132486214087,3,3,0.012098075859757832,true,false,0.3002177097051991,1.5849625007211563,3,0.013852572412853828,true,false,0.13553873009305242
191,191,51,3,0.5,1,"1.139432815665091",0.007777385877807403,3,3,0.005607947692866239,true,false,0.38685064550456916,1.5849625007211563,3,0.00673734857128716,true,false,0.15436893245402405
193,193,51,3,0.5,1,"1.1741172377804836",0.0021932987135974994,3,3,0.0012030344951324975,true,false,0.8231386734724827,1.5849625007211563,3,0.0018061878094334876,true,false,0.21432483496023017
194,194,51,3,0.5,1,"1",0.014802631578947345,1,1,0.012509136001719958,true,false,0.18334564248978028,1.5849625007211563,1,0.013461412689453393,true,false,0.0996343341100267
196,196,51,3,0.5,1,"1",0.0011755485893416892,1,1,0.0003915386700670557,true,false,2.0023818315068658,1.5849625007211563,1,0.000742081800185468,true,false,0.5841226520417089
202,2,51,3,0.5,2,"1",0.0028248587570621504,2,2,0.0021659855767207697,true,false,0.3041909361829144,1.5849625007211563,2,0.0024357085871290225,true,false,0.15976877200725415
205,5,51,3,0.5,2,"2.009526644834772",0.01321132175489085,2,3,0,false,,,1.5849625007211563,3,0,false,,
260,60,51,3,0.5,2,"2.17566478646253",0.005043183169360102,2,3,0,false,,,1.5849625007211563,3,0,false,,
261,61,51,3,0.5,2,"1.4862930749752286",0.0012728065595081447,2,2,0.0010966737405455462,true,false,0.160606397737745,1.5849625007211563,2,0.001246851472927945,true,false,0.02081650232104235
274,74,51,3,0.5,2,"1",0.0028708133971291805,2,2,0.002222529308002097,true,false,0.2916875322151981,1.5849625007211563,2,0.002500606185303157,true,false,0.1480469871672903
278,78,51,3,0.5,2,"1",0.013850415512465367,2,2,0.011605097876908704,true,false,0.19347683745298644,1.5849625007211563,2,0.012545016765560116,true,false,0.10405715443035252
300,100,51,3,0.5,2,"2.17566478646253",0.010013869126514722,2,3,0,false,,,1.5849625007211563,3,0,false,,
301,101,51,3,0.5,2,"2.435943702634428",0.03828073360032382,2,1,0,false,,,1.5849625007211563,1,0,false,,
342,142,51,3,0.5,2,"1.7432851239669418",0.016468304340844026,2,2,0.01578759264290792,true,false,0.043116877495689224,1.5849625007211563,1,0,false,,
366,166,51,3,0.5,2,"1.5028386953133697",0.008703623134724382,2,2,0.007861318741552246,true,false,0.10714543206599708,1.5849625007211563,2,0.008567371215562296,true,false,0.015903585327852854
373,173,51,3,0.5,2,"2.17566478646253",0.013312101379539452,2,3,0,false,,,1.5849625007211563,3,0,false,,
395,195,51,3,0.5,2,"1.3923267326732671",0.012580072755759607,2,2,0.010738869046172387,true,false,0.17145229182615584,1.5849625007211563,2,0.012017068219827013,true,false,0.046850406907376164
400,200,51,3,0.5,2,"1.6652275811027506",0.013310714105180534,2,2,0.01248170733620986,true,false,0.06641773810588371,1.5849625007211563,1,0,false,,
498,98,51,3,0.5,3,"1.879961008216126",0.00743665629335312,1,1,0.007281014631227581,true,false,0.021376369916633147,1.5849625007211563,3,0,false,,
565,165,51,3,0.5,3,"1.7432851239669418",0.011707964453170787,3,3,0.01114664406529408,true,false,0.05035779240717128,1.5849625007211563,1,0,false,,
598,198,51,3,0.5,3,"2.009526644834772",0.0023342414139212266,1,3,0,false,,,1.5849625007211563,3,0,false,,
614,14,51,3,0.6,1,"2.9246100519930676",0.03363427643566351,3,1,0,false,,,1.5849625007211563,1,0,false,,
615,15,51,3,0.6,1,"2.9246100519930676",0.04741660213062838,3,1,0,false,,,1.5849625007211563,1,0,false,,
625,25,51,3,0.6,1,"2.9246100519930676",0.03363427643566351,3,1,0,false,,,1.5849625007211563,1,0,false,,
638,38,51,3,0.6,1,"3.7087912087912085",0.03513122852484074,3,1,0,false,,,1.5849625007211563,1,0,false,,
690,90,51,3,0.6,1,"2.9246100519930676",0.04741660213062838,3,1,0,false,,,1.5849625007211563,1,0,false,,
694,94,51,3,0.6,1,"2.9246100519930676",0.009592552998204594,3,1,0,false,,,1.5849625007211563,2,0,false,,
729,129,51,3,0.6,1,"3.7087912087912085",0.03513122852484074,3,1,0,false,,,1.5849625007211563,1,0,false,,
739,139,51,3,0.6,1,"2.9246100519930676",0.04741660213062838,3,1,0,false,,,1.5849625007211563,1,0,false,,
763,163,51,3,0.6,1,"2.9246100519930676",0.03363427643566351,3,1,0,false,,,1.5849625007211563,1,0,false,,
773,173,51,3,0.6,1,"2.5037091988130564",0.04371229375188117,3,1,0,false,,,1.5849625007211563,1,0,false,,
787,187,51,3,0.6,1,"2.9246100519930676",0.06304709595075057,3,1,0,false,,,1.5849625007211563,1,0,false,,
800,200,51,3,0.6,1,"2.9246100519930676",0.021167575759421287,3,1,0,false,,,1.5849625007211563,1,0,false,,
830,30,51,3,0.6,2,"1.7073479195649424",0.01963630161917058,2,2,0.01857093060047136,true,false,0.05736767002253408,1.5849625007211563,1,0,false,,
835,35,51,3,0.6,2,"1.1741172377804836",0.03021977405014723,2,2,0.02580670708545357,true,false,0.17100465201083984,1.5849625007211563,2,0.027997047309313308,true,false,0.07939146997456857
836,36,51,3,0.6,2,"1",0.015000000000000006,2,2,0.012260775879790959,true,false,0.22341360343467517,1.5849625007211563,2,0.013400141741817029,true,false,0.11939114443770357
851,51,51,3,0.6,2,"1",0.012500000000000016,2,2,0.010294189747381097,true,false,0.21427720945012607,1.5849625007211563,2,0.011219295923744647,true,false,0.11415191157805829
860,60,51,3,0.6,2,"3.3308660251665434",0.0008994097254519938,2,3,0,false,,,1.5849625007211563,3,0,false,,
882,82,51,3,0.6,2,"2.6066808264143657",0.01729764630298667,2,1,0,false,,,1.5849625007211563,1,0,false,,
941,141,51,3,0.6,2,"1.6652275811027506",0.013310714105180504,2,2,0.01248170733620986,true,false,0.06641773810588135,1.5849625007211563,3,0,false,,
949,149,51,3,0.6,2,"1.119310173285797",0.007079309029484484,2,2,0.0060307821125225106,true,false,0.1738625102679101,1.5849625007211563,2,0.006536615124779028,true,false,0.0830236895313309
966,166,51,3,0.6,2,"1",0.00730994152046785,2,2,0.0061572161457067115,true,false,0.18721534984035076,1.5849625007211563,2,0.006649754852888403,true,false,0.09927985048842612
1061,61,51,3,0.6,3,"1.2233801540552787",0.015552636967955981,3,3,0.01335902645487477,true,false,0.1642043692697946,1.5849625007211563,3,0.014536795445755653,true,false,0.06988070555102474
1167,167,51,3,0.6,3,"1.5938606847697756",0.00780854042250474,1,1,0.007342470898854,true,false,0.06347584213421707,1.5849625007211563,3,0,false,,
1181,181,51,3,0.6,3,"1.2233801540552787",0.009933621734334416,1,1,0.00881431898336217,true,false,0.12698686683395882,1.5849625007211563,1,0.009422262680474264,true,false,0.05427136466061811
1409,9,51,3,0.7,2,"1.2830260406766774",0.0013613447299555032,2,2,0.0011397939831857473,true,false,0.19437788761659985,1.5849625007211563,2,0.0012792508133792247,true,false,0.06417343316704413
1430,30,51,3,0.7,2,"1.0025621031525007",0.001571891802674906,1,1,0.0013743999565187883,true,false,0.14369314057339175,1.5849625007211563,1,0.00146179526783107,true,false,0.07531597431368844
1439,39,51,3,0.7,2,"1.4621466478934257",0.010768778114930306,2,2,0.009839269375339334,true,false,0.09446928467276727,1.5849625007211563,2,0.010558670528292256,true,false,0.019899056995391674
1512,112,51,3,0.7,2,"1.6860247283626826",0.004923703211339545,2,2,0.004624757519321507,true,false,0.06464029536015449,1.5849625007211563,3,0,false,,
1515,115,51,3,0.7,2,"1.5938606847697756",0.0038879954261747153,2,2,0.0036005677723304364,true,false,0.07982842485374017,1.5849625007211563,3,0,false,,
1531,131,51,3,0.7,2,"2.1034590215020255",0.01801104887791233,2,1,0,false,,,1.5849625007211563,1,0,false,,
1577,177,51,3,0.7,2,"1.0025621031525007",0.011479228278364156,2,2,0.009802441895881234,true,false,0.17105802822330113,1.5849625007211563,2,0.010516787563659754,true,false,0.09151470531078033
1617,17,51,3,0.7,3,"1.8135411069317569",0.011351950516819545,3,3,0.01096092383801727,true,false,0.035674609602342505,1.5849625007211563,1,0,false,,
1699,99,51,3,0.7,3,"2.325581395348837",0.004717497113752704,3,1,0,false,,,1.5849625007211563,1,0,false,,
1763,163,51,3,0.7,3,"2.325581395348837",0.0013178590284252012,1,2,0,false,,,1.5849625007211563,2,0,false,,
2084,84,51,3,0.8,2,"1",0.0014619883040935663,2,2,0.0010366003551634095,true,false,0.4103683225760605,1.5849625007211563,2,0.0012103478121619612,true,false,0.20790758606992227
2219,19,51,3,0.8,3,"2.6066808264143657",0.0012036936795498164,3,1,0,false,,,1.5849625007211563,2,0,false,,
2242,42,51,3,0.8,3,"2.009526644834772",0.009518964408221886,3,1,0,false,,,1.5849625007211563,1,0,false,,
2303,103,51,3,0.8,3,"1.2233801540552787",0.00442379011066937,3,3,0.003920865682800417,true,false,0.12826872138852438,1.5849625007211563,3,0.004196850371253434,true,false,0.05407382187613191
2331,131,51,3,0.8,3,"1",0.0029239766081871356,1,1,0.002387036707460498,true,false,0.2249399429210592,1.5849625007211563,1,0.0026200052222588102,true,false,0.11601938169659817
2402,2,51,5,0.5,1,"1.264992503748126",0.00957747781101376,3,3,0.00165254636865864,true,false,4.795587943948424,1.5849625007211563,3,0.0061278832270638475,true,false,0.5629341252318173
2403,3,51,5,0.5,1,"3.2902754082378745",0.018723891635548263,3,2,0,false,,,1.5849625007211563,2,0,false,,
2404,4,51,5,0.5,1,"1",0.0058400718778077254,3,3,-0.017805637366432515,true,false,1.3279900493097498,1.5849625007211563,3,-0.0013994972538214636,true,false,5.172978447696728
2406,6,51,5,0.5,1,"1.7546139849233169",0.024532957228273613,3,3,0.022534277663997394,true,false,0.08869508018308807,1.5849625007211563,4,0,false,,
2407,7,51,5,0.5,1,"1.289152024446142",0.0010565867122657967,3,3,-0.014976197306316268,true,false,1.0705510678481898,1.5849625007211563,3,-0.006109797693227257,true,false,1.1729331747656766
2408,8,51,5,0.5,1,"2.7669604427136707",0.03651307391069406,3,2,0,false,,,1.5849625007211563,2,0,false,,
2409,9,51,5,0.5,1,"1.0235414534288638",0.008614546457792707,3,3,-0.004752739152105002,true,false,2.812543500094529,1.5849625007211563,3,0.0002700252947642783,true,false,30.902738835311236
2410,10,51,5,0.5,1,"1.0586574654956085",0.007202168878349424,3,3,0.0034351908144978588,true,false,1.0965848091912196,1.5849625007211563,3,0.005804847278617295,true,false,0.24071634147538987
2411,11,51,5,0.5,1,"1.2016021361815754",0.013672119046522118,3,3,0.008293183644557174,true,false,0.6485971651544392,1.5849625007211563,3,0.011269544575958294,true,false,0.21319179797995721
2413,13,51,5,0.5,1,"1",0.0013227513227513205,3,3,-0.0014272745048752714,true,false,1.9267672884459706,1.5849625007211563,3,-0.00030315242280115357,true,false,5.3633209674822595
2414,14,51,5,0.5,1,"1.2474588800591386",0.035856046392015256,3,3,0.00494075832366871,true,false,6.257194957350335,1.5849625007211563,3,0.029522454742762314,true,false,0.2145347229571307
2416,16,51,5,0.5,1,"2.435943702634428",0.00962521596983718,3,4,0,false,,,1.5849625007211563,4,0,false,,
2417,17,51,5,0.5,1,"1.976284584980237",0.011286767375424368,3,3,0.010891037612381384,true,false,0.03633535913906879,1.5849625007211563,4,0,false,,
2419,19,51,5,0.5,1,"1.6550202280250088",0.02308559058367672,3,3,0.02050975392185932,true,false,0.12559081262657526,1.5849625007211563,2,-0.007251239599035545,true,true,4.183675048711289
2421,21,51,5,0.5,1,"1.4068361817423927",0.012144969058981747,3,3,0.0030265126904016953,true,false,3.0128591224806005,1.5849625007211563,3,0.009309484226973056,true,false,0.3045802283861474
2422,22,51,5,0.5,1,"1.158997252747253",0.01140826207984888,3,3,-0.029772238534495492,true,false,1.3831845585487548,1.5849625007211563,3,-0.012756996764518243,true,false,1.8942749057975246
2424,24,51,5,0.5,1,"1.3923267326732671",0.0122239873066822,3,3,0.0007548374697585208,true,false,15.194197819290507,1.5849625007211563,3,0.00830451260483501,true,false,0.4719692639836821
2425,25,51,5,0.5,1,"2.1367521367521367",0.002755886726523507,3,3,0.002720301163617377,true,false,0.013081479132556542,1.5849625007211563,3,0.002064630009521311,true,false,0.33480900394471436
2427,27,51,5,0.5,1,"1.9200682690940125",0.03071486170978835,3,3,0.02951150422501545,true,false,0.04077587762378004,1.5849625007211563,2,-0.014096013437726367,true,true,3.1789750588335517
2429,29,51,5,0.5,1,"1.0746696385925807",0.023665403041904242,3,3,0.008975190553780352,true,false,1.636757726768973,1.5849625007211563,3,0.011132140474398424,true,false,1.1258627751176586
2431,31,51,5,0.5,1,"1.976284584980237",0.03129712641452434,3,3,0.031175474726641755,true,false,0.003902159917347601,1.5849625007211563,4,0,false,,
2433,33,51,5,0.5,1,"1",0.010425354462051685,3,3,-0.04006485807515267,true,false,1.2602119404116212,1.5849625007211563,3,-0.030055303699333683,true,false,1.3468723712242112
2434,34,51,5,0.5,1,"1.0877447425670776",0.004778294224932985,2,2,-0.013915847246045152,true,false,1.3433707010754208,1.5849625007211563,2,0.003429346750768076,true,false,0.3933540619252875
2435,35,51,5,0.5,1,"1.9200682690940125",0.0400624359949921,3,3,0.039490977662764604,true,false,0.01447060483302033,1.5849625007211563,2,0,false,,
2438,38,51,5,0.5,1,"1.0514018691588785",0.0027010643259342323,3,3,-0.001069807462699277,true,false,3.524813501598747,1.5849625007211563,3,0.0010067343347726747,true,false,1.6829961317889741
2439,39,51,5,0.5,1,"1",0.009433962264150941,3,3,-0.0016069692129490499,true,false,6.870655260929415,1.5849625007211563,3,-0.0025121795742446204,true,false,4.7552897734182125
2440,40,51,5,0.5,1,"1.3851836650933715",0.024534630752897628,3,3,0.016952060398368232,true,false,0.44729491143502986,1.5849625007211563,3,0.02202799986339393,true,false,0.1137929410318007
2441,41,51,5,0.5,1,"1.6550202280250088",0.014822375334505946,3,3,0.007365301031154931,true,false,1.0124602201332826,1.5849625007211563,2,-0.011585799797839556,true,true,2.2793571089731697
2442,42,51,5,0.5,1,"1.6033254156769599",0.035886590560137176,3,3,0.033024439291200455,true,false,0.08666767189289892,1.5849625007211563,4,0,false,,
2444,44,51,5,0.5,1,"3.3615537848605572",0.03611272672345826,3,3,0.032881927075300424,true,false,0.09825457129563084,1.5849625007211563,3,0.02949745044370912,true,false,0.2242660358858226
2445,45,51,5,0.5,1,"1.3641875505254648",0.009541880053331333,3,3,0.0024054567859411167,true,false,2.9667642790756457,1.5849625007211563,3,0.0069895497006447534,true,false,0.3651637747781004
2447,47,51,5,0.5,1,"2.211302211302211",0.056280100650806984,3,4,0,false,,,1.5849625007211563,4,0,false,,
2449,49,51,5,0.5,1,"1.342081717864599",0.015243364885076115,3,3,-0.0006774573445870992,true,false,23.500848218520282,1.5849625007211563,3,0.004089067095962929,true,false,2.727834375749336
2450,50,51,5,0.5,1,"1.2590934527140458",0.006029848581682674,3,3,-0.00611789047413363,true,false,1.985609109410638,1.5849625007211563,3,0.00024856557092094134,true,false,23.25858319533933
2451,51,51,5,0.5,1,"1.2830260406766774",0.00808597116261083,3,3,0.00631917555029993,true,false,0.2795927408959293,1.5849625007211563,3,0.007721309434726089,true,false,0.04722796450103377
2452,52,51,5,0.5,1,"1.6860247283626826",0.026934284970691114,3,3,0.023522959667715945,true,false,0.14502109220792644,1.5849625007211563,2,0,false,,
2453,53,51,5,0.5,1,"2.009526644834772",0.04672171446064066,3,2,0,false,,,1.5849625007211563,2,-0.004466842573524308,true,true,11.45967340276726
2454,54,51,5,0.5,1,"1.6251354279523291",0.042479404583007876,3,3,0.037987926066134166,true,false,0.11823437028529483,1.5849625007211563,2,0.00028968366465294997,true,true,145.64066278607572
2455,55,51,5,0.5,1,"2.795609857113274",0.037245996111604014,3,4,0,false,,,1.5849625007211563,4,0,false,,
2456,56,51,5,0.5,1,"2.039891205802357",0.02536356166964756,3,2,0,false,,,1.5849625007211563,2,0,false,,
2457,57,51,5,0.5,1,"1.801441152922338",0.02033498929864356,3,3,0.015759314278854727,true,false,0.2903473424556489,1.5849625007211563,2,-0.0049921660095783825,true,true,5.0733800237466395
2460,60,51,5,0.5,1,"1.5028386953133697",0.026775478186765882,3,3,0.025896522218724467,true,false,0.03394108137832834,1.5849625007211563,3,0.02670311287428466,true,false,0.0027099953785130132
2461,61,51,5,0.5,1,"1.116440621898776",0.03632398491910081,3,3,-0.02747098609513998,true,false,2.3222672383619702,1.5849625007211563,3,-0.005827683091618355,true,false,7.2330062132828825
2462,62,51,5,0.5,1,"2.024595080983803",0.028136032082102653,3,2,-0.007774125271830733,true,true,4.619189439106747,1.5849625007211563,2,-0.006826626404471375,true,true,5.1215133823163095
2464,64,51,5,0.5,1,"1",0.01168224299065421,3,3,-0.016653087471807958,true,false,1.701506132747522,1.5849625007211563,3,-0.016596272212162987,true,false,1.7039076511466587
2466,66,51,5,0.5,1,"1.7546139849233169",0.03207339881977926,3,3,0.02890645043686854,true,false,0.10955853572638778,1.5849625007211563,2,0,false,,
2467,67,51,5,0.5,1,"3.3308660251665434",0.032340843682609303,3,2,0,false,,,1.5849625007211563,2,0,false,,
2468,68,51,5,0.5,1,"1.1857707509881423",0.02021094575696055,3,3,0.0006177014227593098,true,false,31.719603698947346,1.5849625007211563,3,0.00917308963657209,true,false,1.203286630535229
2472,72,51,5,0.5,1,"1.9065103798898462",0.028067702234770796,3,3,0.026523399210972715,true,false,0.05822417449265721,1.5849625007211563,2,-0.023680378871662792,true,true,2.1852725155659614
2474,74,51,5,0.5,1,"5.265210608424336",0.05149349119924017,3,4,0,false,,,1.5849625007211563,4,0,false,,
2475,75,51,5,0.5,1,"2.035892022319409",0.013523343700731424,3,3,0.013518759698630117,true,false,0.0003390845168859438,1.5849625007211563,3,0.012835458323958365,true,false,0.053592583872838356
2476,76,51,5,0.5,1,"1.801441152922338",0.02569811882193006,3,3,0.02544322648991932,true,false,0.010018082105731777,1.5849625007211563,4,0,false,,
2477,77,51,5,0.5,1,"1.179245283018868",0.020042448027036888,3,3,0.008936534337648712,true,false,1.2427539882659084,1.5849625007211563,3,0.014320129372406773,true,false,0.39959964786745283
2479,79,51,5,0.5,1,"5.9628975265017665",0.04476774190964256,3,2,0,false,,,1.5849625007211563,2,0,false,,
2480,80,51,5,0.5,1,"1.8896976483762593",0.02967824661209466,3,3,0.029640048478916825,true,false,0.001288733829332537,1.5849625007211563,3,0.029372243500009325,true,false,0.010418104837148022
2483,83,51,5,0.5,1,"1.4781561370852951",0.027827902825352965,3,3,0.016717061274199783,true,false,0.6646408342297015,1.5849625007211563,3,0.026304511643008895,true,false,0.05791368427662674
2484,84,51,5,0.5,1,"2.158273381294964",0.05001578430106291,3,2,-0.009376861370894869,true,true,6.333957954876934,1.5849625007211563,2,-0.009094284405925114,true,true,6.499694321026138
2485,85,51,5,0.5,1,"1.5112504197917833",0.029187764043214236,3,3,0.02716071551592946,true,false,0.07463163207522767,1.5849625007211563,3,0.02894412756125473,true,false,0.00841747540822902
2487,87,51,5,0.5,1,"1.342081717864599",0.010031009082700396,3,3,0.0028358727558086003,true,false,2.537185884717252,1.5849625007211563,3,0.007218215032982179,true,false,0.38968000217030413
2489,89,51,5,0.5,1,"1.4216512215669754",0.026044463741000574,3,3,0.0174324887143775,true,false,0.49401867786785475,1.5849625007211563,3,0.023517068787995154,true,false,0.10747066208759778
2490,90,51,5,0.5,1,"1.3095353574546513",0.01585994240549773,3,3,-0.00027312979520359134,true,false,59.067419534641786,1.5849625007211563,3,0.009150673274899416,true,false,0.7331995066419923
2491,91,51,5,0.5,1,"2.005645520725004",0.04249730308013867,3,3,0.04249735444887084,true,false,-0.0000012087512937425665,1.5849625007211563,3,0.04197182632470212,true,false,0.012519749590388428
2494,94,51,5,0.5,1,"1.2769580022701477",0.021938223790142822,3,3,0.017925996219865466,true,false,0.22382173470677372,1.5849625007211563,3,0.020485170449208556,true,false,0.07093196244263639
2495,95,51,5,0.5,1,"1.4621466478934257",0.012349390196346401,3,3,0.010144921877098213,true,false,0.2172977126836919,1.5849625007211563,3,0.011948480997928097,true,false,0.03355315194356696
2496,96,51,5,0.5,1,"1.7630925950111005",0.009860327744088926,3,3,0.009673775496541318,true,false,0.019284326746502135,1.5849625007211563,3,0.009725243911727499,true,false,0.013890019992046908
2497,97,51,5,0.5,1,"1.253249164500557",0.011640833493665053,3,3,0.004901145145625799,true,false,1.375125230489109,1.5849625007211563,3,0.008744908498260782,true,false,0.3311555513680014
2498,98,51,5,0.5,1,"1.3354436640617273",0.011538315009285404,3,3,0.0010503507189588285,true,false,9.985202181536929,1.5849625007211563,3,0.007374956242295846,true,false,0.5645265721188187
2500,100,51,5,0.5,1,"5.710659898477157",0.0334915177135905,3,2,0,false,,,1.5849625007211563,2,0,false,,
2501,101,51,5,0.5,1,"2.4523160762942773",0.005814476856336206,3,3,0.0038923960778521156,true,false,0.49380400659141666,1.5849625007211563,3,0.00047243084505751466,true,false,11.30757245672293
2502,102,51,5,0.5,1,"1.4367816091954022",0.013853206296040567,3,3,0.0036889379266594954,true,false,2.7553373278322657,1.5849625007211563,3,0.011064391094396726,true,false,0.2520532018301634
2503,103,51,5,0.5,1,"1.1146891255883082",0.023522156051681137,3,3,-0.009183759745374512,true,false,3.5612773748276996,1.5849625007211563,3,-0.003511234495795777,true,false,7.699112827652411
2504,104,51,5,0.5,1,"1.8896976483762593",0.00915307228278922,3,3,0.009110973103913785,true,false,0.004620711574414717,1.5849625007211563,3,0.008708589031585253,true,false,0.051039640243886596
2506,106,51,5,0.5,1,"1.2345679012345678",0.001843479056561526,3,3,-0.010274529877388756,true,false,1.1794222293925571,1.5849625007211563,3,-0.003946855339879908,true,false,1.4670754050533856
2507,107,51,5,0.5,1,"2.211302211302211",0.02299464600445645,3,2,0,false,,,1.5849625007211563,2,0,false,,
2508,108,51,5,0.5,1,"1",0.015015015015014994,3,3,-0.06784116853301111,true,false,1.2213260080817856,1.5849625007211563,3,0.012963564129126635,true,false,0.15824744379357397
2509,109,51,5,0.5,1,"1.0709186101856258",0.02194740641209458,3,3,0.0008033776226531626,true,false,26.318916774919686,1.5849625007211563,3,0.006350046430727949,true,false,2.4562592024352488
2510,110,51,5,0.5,1,"1.7403635426066777",0.04473968776523392,3,3,0.043497628211735764,true,false,0.0285546500938422,1.5849625007211563,3,0.044057233348610794,true,false,0.015490178677882027
2511,111,51,5,0.5,1,"1.047811238745731",0.013321342426234974,3,3,-0.00762172578802719,true,false,2.747811820672058,1.5849625007211563,3,-0.0013168281495725249,true,false,11.116234552366924
2513,113,51,5,0.5,1,"2.8932704672096015",0.03296297487211003,3,2,0.006543388677499857,true,true,4.037600010749284,1.5849625007211563,2,0.006477480386115549,true,true,4.088857535217864
2514,114,51,5,0.5,1,"1.2953367875647668",0.01425538682217352,3,3,-0.01890389618659611,true,false,1.7540978156810532,1.5849625007211563,3,0.010026541341278712,true,false,0.42176512687230316
2517,117,51,5,0.5,1,"1.7182130584192439",0.008106073066741609,3,3,0.007928268401433486,true,false,0.022426670781727654,1.5849625007211563,3,0.008062960624548008,true,false,0.005346974170051541
2518,118,51,5,0.5,1,"2.211302211302211",0.029872416109285514,3,2,-0.028477771122790645,true,true,2.048973108902429,1.5849625007211563,2,0,false,,
2519,119,51,5,0.5,1,"1.3032145960034753",0.018970715701072585,3,3,0.017425211996330243,true,false,0.08869353813702953,1.5849625007211563,3,0.018617255933287426,true,false,0.01898559965291002
2520,120,51,5,0.5,1,"1.378113515720702",0.018741552001965065,3,3,-0.003783823763782755,true,false,5.953072122795911,1.5849625007211563,3,0.01020391124861824,true,false,0.8367027647857038
2523,123,51,5,0.5,1,"1.4862930749752286",0.01994338310436929,3,3,0.01603694821451194,true,false,0.24358966790965808,1.5849625007211563,3,0.019194645146841598,true,false,0.0390076477996726
2524,124,51,5,0.5,1,"1.6008537886872998",0.014837800552639169,3,3,0.009240172565074306,true,false,0.6057925810522834,1.5849625007211563,3,0.014785383249147138,true,false,0.003545211010682085
2525,125,51,5,0.5,1,"1.158997252747253",0.0295942755225166,3,3,0.023271568803557803,true,false,0.27169232862342174,1.5849625007211563,3,0.02654096152640231,true,false,0.11504157425031218
2526,126,51,5,0.5,1,"2.7388922702373706",0.023250829235268326,3,3,0.022209097078546895,true,false,0.04690565100585304,1.5849625007211563,3,0.020347966822350835,true,false,0.14266105494770598
2528,128,51,5,0.5,1,"2.2481265611990007",0.03131007629450595,3,2,0,false,,,1.5849625007211563,2,0,false,,
2529,129,51,5,0.5,1,"2.087198515769944",0.04097896114892195,3,4,0,false,,,1.5849625007211563,4,0,false,,
2530,130,51,5,0.5,1,"1.6033254156769599",0.019543076913056175,3,3,0.011647840585040472,true,false,0.6778283296695952,1.5849625007211563,2,-0.00959418238140811,true,true,3.0369715871700884
2532,132,51,5,0.5,1,"1.348786092516735",0.00890770819539904,3,3,0.001224290794987558,true,false,6.275810805626097,1.5849625007211563,3,0.00601035848705316,true,false,0.48205938374341967
2534,134,51,5,0.5,1,"2.5271433919880195",0.04714355185700137,3,4,0,false,,,1.5849625007211563,4,0,false,,
2536,136,51,5,0.5,1,"1.5112504197917833",0.06352741715865122,3,3,0.06257638079973371,true,false,0.015198008366146293,1.5849625007211563,3,0.0634805804129703,true,false,0.000737812184076135
2538,138,51,5,0.5,1,"2.211302211302211",0.0318027713343899,3,2,-0.001720930869752002,true,true,19.4799819059396,1.5849625007211563,2,-0.0007275067132474914,true,true,44.71474620821935
2539,139,51,5,0.5,1,"1.0442450495049505",0.0004982039408596667,3,3,-0.02132648488887637,true,false,1.0233608090341941,1.5849625007211563,3,-0.004618377464809995,true,false,1.1078742360614222
2540,140,51,5,0.5,1,"1.0025621031525007",0.022469503197232486,3,3,0.0004892046002018422,true,false,44.930686645141385,1.5849625007211563,3,0.0047000772653588655,true,false,3.7806667696380662
2541,141,51,5,0.5,1,"1.101052116466846",0.020197208373245144,3,3,0.006738535325454093,true,false,1.9972697919906068,1.5849625007211563,3,0.012540543574294752,true,false,0.6105528642829171
2542,142,51,5,0.5,1,"1.5393386545039909",0.016871917215253617,3,3,0.010973982499439231,true,false,0.5374470677455307,1.5849625007211563,3,0.01626498710909916,true,false,0.03731512986044253
2543,143,51,5,0.5,1,"1.7073479195649424",0.04838391895792504,3,3,0.028468857151556063,true,false,0.6995385062473592,1.5849625007211563,2,0.007892824270778441,true,true,5.130114810367254
2544,144,51,5,0.5,1,"1.5112504197917833",0.04421163717768821,3,3,0.04363023379726842,true,false,0.013325699401963492,1.5849625007211563,3,0.04419656310667166,true,false,0.00034106885144367987
2545,145,51,5,0.5,1,"1.1101060768028945",0.010188090967567759,3,3,-0.011263717515030663,true,false,1.9045051914674216,1.5849625007211563,3,-0.0008413581951961728,true,false,13.109100530235262
2546,146,51,5,0.5,1,"3.1278962001853565",0.01354479033494823,3,2,0.0007003380506330188,true,true,18.340360448365498,1.5849625007211563,2,0.00048191421008529,true,true,27.106227314921988
2547,147,51,5,0.5,1,"2.1933387489845653",0.029879969286342577,3,4,0,false,,,1.5849625007211563,4,0,false,,
2548,148,51,5,0.5,1,"1.6449372486901424",0.024277629682906116,3,3,0.021320287030875473,true,false,0.1387102644419326,1.5849625007211563,2,0.009445368620786276,true,true,1.5703210385541453
2549,149,51,5,0.5,1,"1.0285714285714287",0.025463321250627915,4,3,0.01996120304936274,true,true,0.2756406108218427,1.5849625007211563,4,0.007271756730176485,true,false,2.5016739689543934
2550,150,51,5,0.5,1,"1.9477708844322608",0.04176986668151138,3,3,0.04136430696270506,true,false,0.00980458149998696,1.5849625007211563,2,0.0008051223165436001,true,true,50.88015016256154
2551,151,51,5,0.5,1,"2.141157811260904",0.030323288993778962,3,2,0.004105006112589752,true,true,6.386904711488653,1.5849625007211563,2,0.005609238138768993,true,true,4.405955005581869
2552,152,51,5,0.5,1,"1.0634945643611156",0.009189571542204188,3,3,-0.03892856899239071,true,false,1.2360624030130791,1.5849625007211563,3,-0.033172500047127074,true,false,1.27702378564018
2553,153,51,5,0.5,1,"1.6755616234330397",0.007164093183131443,3,3,0.003967227154430211,true,false,0.8058187505425004,1.5849625007211563,2,-0.01739294416648002,true,true,1.4118965204831857
2554,154,51,5,0.5,1,"1.6860247283626826",0.02363900534877695,3,3,0.01999553796551461,true,false,0.1822140214254831,1.5849625007211563,2,0,false,,
2555,155,51,5,0.5,1,"1",0.003086419753086415,3,3,-0.0003968374762066013,true,false,8.777541029112797,1.5849625007211563,3,0.0015874198495404346,true,false,0.9442995839947116
2556,156,51,5,0.5,1,"1.2417218543046358",0.013872323656957066,3,3,0.00931652696413986,true,false,0.48900161083125415,1.5849625007211563,3,0.012127904884487669,true,false,0.14383512973461846
2560,160,51,5,0.5,1,"2.581755593803787",0.02286780405773364,3,4,-0.009393872097819004,true,true,3.434332064521392,1.5849625007211563,4,-0.008649506729459074,true,true,3.6438275352568867
2561,161,51,5,0.5,1,"1.0025621031525007",0.0033038922331220426,3,3,0.0032919085122407486,true,false,0.0036403566006568337,1.5849625007211563,3,0.0013812350642356114,true,false,1.391984042882989
2563,163,51,5,0.5,1,"1.3095353574546513",0.014481216173225203,3,3,-0.00008432469103338567,true,false,172.73162445969504,1.5849625007211563,3,0.002702485470755484,true,false,4.358480676374166
2564,164,51,5,0.5,1,"1.158997252747253",0.012337580485525242,3,3,0.005379370180621942,true,false,1.2934990661116426,1.5849625007211563,3,0.0091589431227054,true,false,0.3470528553605566
2566,166,51,5,0.5,1,"3.0920751259734307",0.03419407625213193,3,2,0.004201412551054916,true,true,7.138709502247352,1.5849625007211563,2,0.003649101248345409,true,true,8.370547410170204
2569,169,51,5,0.5,1,"1.1910013233348036",0.008154373758441661,3,3,-0.001352295826302247,true,false,7.030022129654274,1.5849625007211563,3,0.0034124110438052426,true,false,1.3896223678108157
2570,170,51,5,0.5,1,"1.158997252747253",0.005988241243490016,3,3,-0.038479794608492275,true,false,1.1556204055769166,1.5849625007211563,3,-0.029409240904884382,true,false,1.203617674555329
2571,171,51,5,0.5,1,"2.1933387489845653",0.02322119560434385,3,2,0,false,,,1.5849625007211563,2,0,false,,
2573,173,51,5,0.5,1,"2.4807056229327453",0.034172002043796966,3,2,-0.002163063935148088,true,true,16.79796208911295,1.5849625007211563,2,-0.0011802699741884077,true,true,29.95269962899357
2574,174,51,5,0.5,1,"1.7895015906680807",0.010082173434101106,3,3,0.003923601378459602,true,false,1.5696222581253518,1.5849625007211563,2,0.0014746778476879122,true,true,5.836865048124604
2575,175,51,5,0.5,1,"1.854140914709518",0.03238649380913778,3,3,0.030538857196483093,true,false,0.060501170713993316,1.5849625007211563,4,0,false,,
2578,178,51,5,0.5,1,"1.0208711433756805",0.008746851134763964,3,3,-0.015670149229121546,true,false,1.558185567148827,1.5849625007211563,3,-0.013734948184848179,true,false,1.6368317533525991
2579,179,51,5,0.5,1,"2.325581395348837",0.0017649366494932655,3,2,-0.017570525554157185,true,true,1.1004487113406622,1.5849625007211563,2,-0.021073049959828498,true,true,1.083753260816909
2580,180,51,5,0.5,1,"2.286198137171888",0.020912071030107476,3,4,0,false,,,1.5849625007211563,4,0,false,,
2582,182,51,5,0.5,1,"1",0.026179245283018862,3,3,-0.0015602305837162126,true,false,17.77908737096039,1.5849625007211563,3,-0.000751860734596971,true,false,35.81927447248863
2584,184,51,5,0.5,1,"1.31591773077298",0.016591886440054902,3,3,0.009682493475463369,true,false,0.7135964493134734,1.5849625007211563,3,0.013817615460783039,true,false,0.2007778395010167
2586,186,51,5,0.5,1,"1.289152024446142",0.01405236697910714,3,3,0.00716390086327958,true,false,0.9615524066135768,1.5849625007211563,3,0.011189851749370951,true,false,0.2558135079758413
2589,189,51,5,0.5,1,"3.0920751259734307",0.024428635444975783,3,2,-0.019863186185035107,true,true,2.2298447599197493,1.5849625007211563,2,-0.020686105367634895,true,true,2.180919994886828
2592,192,51,5,0.5,1,"3.1278962001853565",0.03577512787327606,3,2,0.004835836705415377,true,true,6.3979189233609866,1.5849625007211563,2,0.005540988923374139,true,true,5.45645179371539
2594,194,51,5,0.5,1,"1.2709470909433254",0.033157082104959296,3,3,0.03159290932290537,true,false,0.049510248203696566,1.5849625007211563,3,0.032752480882830524,true,false,0.012353300001187723
2595,195,51,5,0.5,1,"1",0.017707820954254796,3,3,0.003830247967595686,true,false,3.6231526272097483,1.5849625007211563,3,0.008068694542434262,true,false,1.1946327080703298
2596,196,51,5,0.5,1,"1.1101060768028945",0.00739634221777433,3,3,0.0036782059503352345,true,false,1.0108559220563007,1.5849625007211563,3,0.005732496400662592,true,false,0.2902480352049453
2597,197,51,5,0.5,1,"2.5271433919880195",0.03360826568749263,3,2,0,false,,,1.5849625007211563,2,0,false,,
2598,198,51,5,0.5,1,"1.3223626212165736",0.029361775395080336,3,3,-0.008555316104156156,true,false,4.431991879390224,1.5849625007211563,3,0.01853518194079863,true,false,0.5841104494610219
2603,3,51,5,0.5,2,"1.7182130584192439",0.042214640371283266,3,3,0.04207788039947461,true,false,0.0032501630431546686,1.5849625007211563,3,0.04217888965445441,true,false,0.0008475973910583663
2607,7,51,5,0.5,2,"4.534766543500169",0.04726753535462029,3,4,0,false,,,1.5849625007211563,4,0,false,,
2608,8,51,5,0.5,2,"2.435943702634428",0.009343910407770292,3,2,-0.0027766511628230144,true,true,4.3651725981561045,1.5849625007211563,2,-0.0014159083760920334,true,true,7.59923379615839
2609,9,51,5,0.5,2,"4.368932038834951",0.009877114692863568,3,3,0.008419125322027762,true,false,0.17317587220386535,1.5849625007211563,3,0.007447930751285374,true,false,0.32615554879574593
2612,12,51,5,0.5,2,"5.450141299959627",0.025230373345453395,3,4,0,false,,,1.5849625007211563,4,0,false,,
2613,13,51,5,0.5,2,"2.6844303042354345",0.02536356263806773,3,2,0,false,,,1.5849625007211563,2,0,false,,
2614,14,51,5,0.5,2,"3.0920751259734307",0.05307387777688924,3,2,-0.00498824727434372,true,true,11.639784849854284,1.5849625007211563,2,-0.0037824219639725452,true,true,15.031717847034603
2615,15,51,5,0.5,2,"2.6254375729288215",0.040200510408166544,3,3,0.039455394845427316,true,false,0.018885010925840044,1.5849625007211563,3,0.03784892821189726,true,false,0.062130747351786246
2616,16,51,5,0.5,2,"1.4216512215669754",0.020440808182394653,3,3,0.008503396220512077,true,false,1.4038404952937382,1.5849625007211563,3,0.019673800778748068,true,false,0.03898623414318182
2618,18,51,5,0.5,2,"10.146561443066515",0.005293197483127428,3,3,-0.0021718550528362574,true,false,3.437178059472691,1.5849625007211563,3,-0.0029942406042647984,true,false,2.767792967468328
2619,19,51,5,0.5,2,"8.369497830130193",0.02120770455526323,3,3,-0.0005746708181734691,true,false,37.904091672289354,1.5849625007211563,3,-0.00435877663887283,true,false,5.865517623942184
2621,21,51,5,0.5,2,"1.7660910518053372",0.024728011867267113,3,3,0.021787156762500884,true,false,0.13498113300528974,1.5849625007211563,4,0.004219311762283904,true,true,4.860674266431047
2622,22,51,5,0.5,2,"3.7878787878787876",0.01392431904569136,3,2,-0.011958606409074653,true,true,2.1643763971632217,1.5849625007211563,2,-0.01165794769324846,true,true,2.194405688898007
2625,25,51,5,0.5,2,"2.325581395348837",0.03757409285751078,4,2,0,false,,,1.5849625007211563,2,0,false,,
2626,26,51,5,0.5,2,"1.6755616234330397",0.002758370025076784,3,3,0.0012579973103250051,true,false,1.1926676650557828,1.5849625007211563,2,0,false,,
2627,27,51,5,0.5,2,"1.0741138560687433",0.005261400077216052,3,3,-0.015645972977782446,true,false,1.3362782285695707,1.5849625007211563,3,-0.01623525004247784,true,false,1.3240726236707256
2628,28,51,5,0.5,2,"1.1962782454585732",0.014138290833445241,3,3,0.008154701655731171,true,false,0.7337594225177777,1.5849625007211563,3,0.009348859877739833,true,false,0.5123010739640366
2629,29,51,5,0.5,2,"5.710659898477157",0.036582175135461255,3,4,0,false,,,1.5849625007211563,4,0,false,,
2631,31,51,5,0.5,2,"1.0025621031525007",0.0016529937430646115,3,3,-0.01828620624787034,true,false,1.0903956633026122,1.5849625007211563,3,-0.000837636725220892,true,false,2.9734017066034237
2632,32,51,5,0.5,2,"3.9823008849557513",0.013146084533163039,3,4,0,false,,,1.5849625007211563,4,0,false,,
2634,34,51,5,0.5,2,"1.4216512215669754",0.0029692712688763113,3,3,-0.0011406894804880617,true,false,3.603049576301749,1.5849625007211563,3,0.001669232767117213,true,false,0.7788239767209231
2635,35,51,5,0.5,2,"1.838235294117647",0.0037430343254200435,2,2,0.0037262098864429896,true,false,0.00451516138107677,1.5849625007211563,2,0.0036895686673209627,true,false,0.014491032128669616
2636,36,51,5,0.5,2,"3.7468776019983348",0.0040302454228657025,4,4,-0.003272855531346938,true,false,2.2314156198660755,1.5849625007211563,4,-0.006189222644084112,true,false,1.6511715048283098
2638,38,51,5,0.5,2,"1.7182130584192439",0.01381478730746962,3,3,0.01163512228945305,true,false,0.18733494705013823,1.5849625007211563,4,0,false,,
2639,39,51,5,0.5,2,"9.414225941422595",0.03375856176611849,3,2,0,false,,,1.5849625007211563,2,0,false,,
2641,41,51,5,0.5,2,"1.5661252900232019",0.012439456309956331,3,3,0.009195878703073927,true,false,0.35272079065137807,1.5849625007211563,3,0.012279537824276225,true,false,0.013023168132920471
2642,42,51,5,0.5,2,"9.64630225080386",0.012962438343896139,3,2,-0.019956382534381516,true,true,1.649538478307079,1.5849625007211563,2,-0.019375709108605026,true,true,1.6690045908120772
2645,45,51,5,0.5,2,"3.9823008849557513",0.006002441863833148,3,3,0.0039341715704619635,true,false,0.5257193938616972,1.5849625007211563,3,0.0026308448729467906,true,false,1.2815643467073206
2646,46,51,5,0.5,2,"1.342081717864599",0.025671865643144748,3,3,0.02184247151336529,true,false,0.17531871919513653,1.5849625007211563,3,0.02439787581925907,true,false,0.05221724355527798
2648,48,51,5,0.5,2,"1.4945200929923614",0.009287715503473317,3,3,0.007782004892907037,true,false,0.19348620712622153,1.5849625007211563,3,0.009029138954650483,true,false,0.028638007469101334
2650,50,51,5,0.5,2,"3.9244186046511618",0.0288408226714906,3,2,-0.006275416209368278,true,true,5.595842205403918,1.5849625007211563,2,-0.00578296316901272,true,true,5.987204972362702
2652,52,51,5,0.5,2,"2.6254375729288215",0.009691820617345472,3,3,0.00944332172813013,true,false,0.02631477528453825,1.5849625007211563,3,0.008783561110819408,true,false,0.10340447286320907
2653,53,51,5,0.5,2,"3.597122302158273",0.013444970323050125,3,2,-0.003259223933806784,true,true,5.125206060126822,1.5849625007211563,2,-0.00203641417189919,true,true,7.602276937854516
2654,54,51,5,0.5,2,"1.369307231970788",0.007158788671849891,2,2,0.006815315089919393,true,false,0.050397315076236696,1.5849625007211563,2,0.007111753965338094,true,false,0.00661365771946535
2655,55,51,5,0.5,2,"1.777719252041085",0.008460366840465295,4,4,0.007052947225960178,true,false,0.1995505665099476,1.5849625007211563,2,0.004484070467603737,true,true,0.8867604560609125
2657,57,51,5,0.5,2,"8.369497830130193",0.011710906512905503,3,3,0.003586402814501571,true,false,2.2653628492462174,1.5849625007211563,3,0.0018000576062518945,true,false,5.505850964008935
2658,58,51,5,0.5,2,"1.149131767109295",0.002251258607355677,3,3,-0.004856174985060509,true,false,1.4635867970741225,1.5849625007211563,3,-0.0014553619043819483,true,false,2.5468720189647427
2659,59,51,5,0.5,2,"2.5573025194165564",0.029800695350489487,3,2,0,false,,,1.5849625007211563,2,0,false,,
2660,60,51,5,0.5,2,"1.5752625437572931",0.02821469610108259,3,3,0.02772048470422982,true,false,0.017828382228012047,1.5849625007211563,3,0.028214658084368925,true,false,0.0000013474100431169398
2661,61,51,5,0.5,2,"2.330801104972376",0.015832247113344203,3,2,-0.005945999157026505,true,true,3.662672276809007,1.5849625007211563,2,-0.001632322827198001,true,true,10.69921320068861
2664,64,51,5,0.5,2,"1.2233801540552787",0.02565673090724054,3,3,0.015939923423701142,true,false,0.609589345271975,1.5849625007211563,3,0.02094700507078467,true,false,0.2248400580675203
2665,65,51,5,0.5,2,"3.458877786318216",0.04894600511134683,3,2,-0.016351711223915197,true,true,3.99332616880861,1.5849625007211563,2,-0.01573934240278509,true,true,4.109787172727483
2666,66,51,5,0.5,2,"2.1933387489845653",0.01765881056620281,3,4,-0.001071273888927588,true,true,17.48393631985223,1.5849625007211563,4,-0.0013583175986299732,true,true,14.000501932695157
2667,67,51,5,0.5,2,"1.5752625437572931",0.022137081094592843,3,3,0.021738241640435172,true,false,0.018347365014831397,1.5849625007211563,3,0.02213671975860546,true,false,0.000016322923690809574
2668,68,51,5,0.5,2,"11.042944785276074",0.0062502233771282965,3,4,-0.00023503469290228447,true,true,27.592769347999287,1.5849625007211563,4,-0.006088021121726713,true,true,2.0266428535904257
2670,70,51,5,0.5,2,"1.5845070422535212",0.0026784091211343457,3,3,0.001068193987531381,true,false,1.507418270836935,1.5849625007211563,3,0.002676951784836139,true,false,0.0005444013995551973
2672,72,51,5,0.5,2,"1.179245283018868",0.0012924228398728122,3,3,-0.0008578669141845632,true,false,2.506554010305097,1.5849625007211563,3,0.00028864758834944496,true,false,3.47751130457452
2673,73,51,5,0.5,2,"2.4085637823371986",0.008339402628945246,3,3,0.008225538693833209,true,false,0.013842732901785771,1.5849625007211563,3,0.007751714407225473,true,false,0.0758139671879528
2674,74,51,5,0.5,2,"1.342081717864599",0.038784610632614215,3,3,0.03495080723871028,true,false,0.10969141192417864,1.5849625007211563,3,0.038441758049646904,true,false,0.008918753989464333
2675,75,51,5,0.5,2,"2.229562345169281",0.02308735087051079,3,2,0,false,,,1.5849625007211563,2,0,false,,
2676,76,51,5,0.5,2,"3.0228392297357813",0.014658205973662398,3,4,-0.008756744021830583,true,true,2.6739333634875537,1.5849625007211563,4,-0.007937891770747744,true,true,2.846611971667334
2677,77,51,5,0.5,2,"1.2769580022701477",0.005833882875126296,2,3,-0.00175523534556134,true,true,4.3237040775637805,1.5849625007211563,3,0.0018226275827523484,true,true,2.2008090573920507
2678,78,51,5,0.5,2,"1.3923267326732671",0.024844262647372675,3,3,0.0213362758138615,true,false,0.1644142053709367,1.5849625007211563,3,0.02367868967717864,true,false,0.04922455533159876
2679,79,51,5,0.5,2,"1.8931426167437946",0.006258679578702691,3,3,0.005042270846540416,true,false,0.2412422436602892,1.5849625007211563,2,-0.012768196607859153,true,true,1.4901772561091606
2680,80,51,5,0.5,2,"1.0025621031525007",0.0004886691893470844,3,3,-0.007136320960519537,true,false,1.06847634685303,1.5849625007211563,3,-0.004509796747600877,true,false,1.1083572534853254
2681,81,51,5,0.5,2,"1.6449372486901424",0.01369492965375112,3,3,0.011246698414629521,true,false,0.21768443936728848,1.5849625007211563,2,0,false,,
2682,82,51,5,0.5,2,"1.4291763709506669",0.003176458224389607,3,3,-0.00016743053899336517,true,false,19.97179716130211,1.5849625007211563,3,0.002289951959515183,true,false,0.3871287610165021
2683,83,51,5,0.5,2,"2.8325639949643304",0.016934540293785758,3,2,-0.0030688289267354293,true,true,6.518241875998102,1.5849625007211563,2,-0.0037286860290562736,true,true,5.541691137795228
2685,85,51,5,0.5,2,"1.2178619756427604",0.011159019882043323,3,3,0.01047605553136395,true,false,0.06519289141172128,1.5849625007211563,3,0.010984920574560169,true,false,0.01584893639434665
2688,88,51,5,0.5,2,"8.057296329453894",0.008143512961638613,3,2,-0.030962350791313306,true,true,1.2630133937996508,1.5849625007211563,2,-0.03579907860033242,true,true,1.2274782838003824
2689,89,51,5,0.5,2,"1.4542712485187976",0.01718213102384238,3,3,0.010674912215173001,true,false,0.609580545254528,1.5849625007211563,3,0.015461081225054796,true,false,0.11131497039150211
2690,90,51,5,0.5,2,"1.7895015906680807",0.03781736738898678,3,3,0.03661864246006355,true,false,0.03273537325231438,1.5849625007211563,2,0,false,,
2692,92,51,5,0.5,2,"10.146561443066515",0.007893056451416887,3,3,-0.0024024527855994993,true,false,4.285415846142127,1.5849625007211563,2,-0.010361241559289787,true,true,1.7617867420859472
2693,93,51,5,0.5,2,"1",0.00788551401869159,3,3,-0.004751462351233894,true,false,2.6595972851692324,1.5849625007211563,3,-0.003966418312736687,true,false,2.9880691840722338
2694,94,51,5,0.5,2,"3.2798833819241984",0.03487043608206501,3,3,0.03196207063946363,true,false,0.0909942749144174,1.5849625007211563,3,0.02835337336215467,true,false,0.2298514055688748
2696,96,51,5,0.5,2,"2.581755593803787",0.01460702182899041,4,2,0.0050251095494013055,true,true,1.9068066447886096,1.5849625007211563,2,0.00469505637931843,true,true,2.111149398191226
2697,97,51,5,0.5,2,"2.5037091988130564",0.03834631718400377,3,4,0,false,,,1.5849625007211563,4,0,false,,
2701,101,51,5,0.5,2,"1.5637669408085255",0.007849128856247079,3,3,0.007515825369474151,true,false,0.04434689077884301,1.5849625007211563,3,0.007848215856821161,true,false,0.00011633209924061751
2702,102,51,5,0.5,2,"5.238649592549476",0.0024706808502576814,3,3,0.000744080383415515,true,false,2.3204488457505605,1.5849625007211563,3,-0.0000920768816867442,true,false,27.832803250909528
2703,103,51,5,0.5,2,"1.0550171928727727",0.021690950334833998,3,3,0.016010862326727306,true,false,0.35476465240880806,1.5849625007211563,3,0.018383385288055585,true,false,0.1799214342163339
2704,104,51,5,0.5,2,"1.683291770573566",0.005991461564942452,3,3,-0.018345509481341424,true,false,1.326590088492018,1.5849625007211563,3,0.005961786322499504,true,false,0.004977575652276464
2707,107,51,5,0.5,2,"1.5028386953133697",0.031163035445198467,3,3,0.027881216810975343,true,false,0.11770715232669644,1.5849625007211563,3,0.03064501209738039,true,false,0.01690400206637078
2708,108,51,5,0.5,2,"1.0623229461756374",0.010952180893615151,3,3,0.006413591072140122,true,false,0.7076518865055373,1.5849625007211563,3,0.008584307897039267,true,false,0.2758373796672141
2712,112,51,5,0.5,2,"2.824858757062147",0.012539244309375898,3,4,0.0018403397152059527,true,true,5.813548719168204,1.5849625007211563,2,0.0005928680868155074,true,true,20.1501421449894
2715,115,51,5,0.5,2,"5.0675675675675675",0.020233455312485302,3,2,0,false,,,1.5849625007211563,2,0,false,,
2716,116,51,5,0.5,2,"3.2119914346895073",0.02911133619176134,3,2,0,false,,,1.5849625007211563,2,0,false,,
2718,118,51,5,0.5,2,"2.286198137171888",0.027383797699582,3,2,0,false,,,1.5849625007211563,2,0,false,,
2720,120,51,5,0.5,2,"1.446480231436837",0.02871780351957008,3,3,0.023804883223035405,true,false,0.20638287743333952,1.5849625007211563,3,0.027417015198329776,true,false,0.047444563597847406
2723,123,51,5,0.5,2,"2.211302211302211",0.04208204945631108,3,4,0,false,,,1.5849625007211563,4,0,false,,
2725,125,51,5,0.5,2,"5.238649592549476",0.0029708637707351595,4,4,-0.004243715360020552,true,false,1.7000619784077065,1.5849625007211563,4,-0.005629903449476226,true,false,1.5276935559190723
2726,126,51,5,0.5,2,"2.141157811260904",0.0324536213807138,3,4,0,false,,,1.5849625007211563,4,0,false,,
2727,127,51,5,0.5,2,"2.371749824314828",0.04066444703694044,3,2,-0.012462146239735288,true,true,4.263037221251884,1.5849625007211563,2,-0.011841549120876755,true,true,4.434047912299638
2728,128,51,5,0.5,2,"4.249291784702549",0.05038040957108282,3,2,0,false,,,1.5849625007211563,2,0,false,,
2729,129,51,5,0.5,2,"2.1711161145062716",0.0026000007142137605,3,3,0.002559253658733651,true,false,0.01592146028239796,1.5849625007211563,3,0.002030643349297354,true,false,0.2803827491978915
2731,131,51,5,0.5,2,"1.4291763709506669",0.014563397633035186,3,3,0.008085086438294864,true,false,0.8012667822641845,1.5849625007211563,3,0.012658693933233904,true,false,0.1504660520151062
2735,135,51,5,0.5,2,"1.8135411069317569",0.016005200553497943,3,3,0.014799480391019977,true,false,0.08147043886821674,1.5849625007211563,2,-0.011622786016655404,true,true,2.377053705588536
2737,137,51,5,0.5,2,"1.9800528014080374",0.024508315752615716,3,3,0.024262002062260327,true,false,0.010152240928976392,1.5849625007211563,2,0.0008834881066359931,true,true,26.740402579876964
2738,138,51,5,0.5,2,"3.8681948424068757",0.005410954498956735,3,2,-0.01656800265189337,true,true,1.3265906345288023,1.5849625007211563,2,-0.019417306894912736,true,true,1.278666579677658
2740,140,51,5,0.5,2,"1.3711151736745886",0.023122000894625745,3,3,0.01940618586976484,true,false,0.19147580311751047,1.5849625007211563,3,0.022048005940497124,true,false,0.04871165932316534
2741,141,51,5,0.5,2,"2.229562345169281",0.017284046002075663,3,2,0,false,,,1.5849625007211563,2,0,false,,
2742,142,51,5,0.5,2,"2.087198515769944",0.03140244903132172,3,2,0,false,,,1.5849625007211563,2,0,false,,
2743,143,51,5,0.5,2,"2.4807056229327453",0.04478272044543849,3,4,0.002987967207001748,true,true,13.987688064480249,1.5849625007211563,4,0.002286108437036655,true,true,18.58906223341166
2744,144,51,5,0.5,2,"2.5037091988130564",0.01223343658779327,3,2,-0.028014972117255194,true,true,1.4366749514006605,1.5849625007211563,2,0,false,,
2746,146,51,5,0.5,2,"1.4945200929923614",0.007743754534332412,3,3,0.0028603122045568114,true,false,1.707310943887771,1.5849625007211563,3,0.006800578661099008,true,false,0.1386905321202449
2748,148,51,5,0.5,2,"3.458877786318216",0.005607246746723467,3,2,-0.004060018222150963,true,true,2.381089059189689,1.5849625007211563,2,-0.007085810078901978,true,true,1.7913346087865185
2749,149,51,5,0.5,2,"1.9477708844322608",0.0031772827005943625,3,3,0.003174352714363113,true,false,0.0009230184843644075,1.5849625007211563,3,0.0030217186289015346,true,false,0.051481984525269656
2751,151,51,5,0.5,2,"7.246376811594202",0.01425570934034322,3,3,0.007414640186483445,true,false,0.9226434434850576,1.5849625007211563,3,0.005721714826359385,true,false,1.4915099359144137
2752,152,51,5,0.5,2,"1.0422698320787493",0.005575551871103758,3,3,0.00016803498152396417,true,false,32.18089971824472,1.5849625007211563,3,0.0007414167752178035,true,false,6.520131803688751
2754,154,51,5,0.5,2,"1.289152024446142",0.01365032371136082,3,3,0.009071596760682556,true,false,0.5047321956067363,1.5849625007211563,3,0.011780435153586698,true,false,0.15872830955695313
2755,155,51,5,0.5,2,"1.0340073529411764",0.006492787069344198,3,3,-0.01588286549230535,true,false,1.4087919193479104,1.5849625007211563,3,-0.016645127152555176,true,false,1.3900713409898762
2758,158,51,5,0.5,2,"1.4142049025769956",0.021853239988674788,3,3,0.01787792025839987,true,false,0.22235918232195548,1.5849625007211563,3,0.02065859275541218,true,false,0.0578281031726922
2759,159,51,5,0.5,2,"1.6129032258064517",0.006372576738653374,3,3,0.004254640242204804,true,false,0.4977944963334976,1.5849625007211563,4,-0.003925416421697684,true,true,2.623414194588132
2761,161,51,5,0.5,2,"2.9246100519930676",0.0010380677714692756,3,2,-0.004856480525981957,true,true,1.2137489826049253,1.5849625007211563,2,-0.0071517545163133946,true,true,1.14514868611631
2762,162,51,5,0.5,2,"1.777719252041085",0.024314790187843643,3,3,0.023693655969610886,true,false,0.026215212166050446,1.5849625007211563,4,0,false,,
2763,163,51,5,0.5,2,"1.7073479195649424",0.02721332633513574,3,3,0.027015897626883403,true,false,0.00730787149770207,1.5849625007211563,3,0.027181841440615306,true,false,0.001158306165136782
2766,166,51,5,0.5,2,"1.976284584980237",0.02006599809254231,3,3,0.01988940120450433,true,false,0.008878944429859651,1.5849625007211563,2,0,false,,
2767,167,51,5,0.5,2,"5.834053586862576",0.011908244334287405,3,2,0,false,,,1.5849625007211563,2,0,false,,
2768,168,51,5,0.5,2,"2.286198137171888",0.05695597636538879,3,2,0,false,,,1.5849625007211563,4,0.0051879149378721715,true,true,9.978587167959493
2770,170,51,5,0.5,2,"4.775380261761585",0.02259035001712696,3,4,0,false,,,1.5849625007211563,4,0,false,,
2771,171,51,5,0.5,2,"2.119974874371859",0.035530464849167276,3,2,0,false,,,1.5849625007211563,2,0,false,,
2772,172,51,5,0.5,2,"1.8669616927119346",0.019863583934776892,3,3,0.018613404578795588,true,false,0.06716553925903002,1.5849625007211563,2,-0.0038074897869890744,true,true,6.2169762878037345
2775,175,51,5,0.5,2,"2.4807056229327453",0.03221776606739616,3,4,0,false,,,1.5849625007211563,4,0,false,,
2776,176,51,5,0.5,2,"1.7546139849233169",0.020873300062842836,3,3,0.020528164011532613,true,false,0.016812806596650687,1.5849625007211563,2,0,false,,
2778,178,51,5,0.5,2,"2.325581395348837",0.042518846111279825,3,4,0,false,,,1.5849625007211563,4,0,false,,
2781,181,51,5,0.5,2,"5.592377796188898",0.028074642881135536,3,2,-0.005545126466445796,true,true,6.062940052137396,1.5849625007211563,2,0,false,,
2782,182,51,5,0.5,2,"1.5393386545039909",0.02218504585121366,3,3,0.01652975111318073,true,false,0.3421282449633151,1.5849625007211563,3,0.021565528163594656,true,false,0.02872722072556645
2784,184,51,5,0.5,2,"3.9823008849557513",0.0069978188485524005,2,4,0,false,,,1.5849625007211563,4,0,false,,
2785,185,51,5,0.5,2,"3.760445682451253",0.04596041333966931,3,2,0,false,,,1.5849625007211563,2,0,false,,
2787,187,51,5,0.5,2,"2.305721605465414",0.058850878690510096,3,2,0,false,,,1.5849625007211563,2,0,false,,
2789,189,51,5,0.5,2,"1.1639937920331092",0.018276223197402214,3,3,-0.006372398386620245,true,false,3.8680289725412864,1.5849625007211563,3,0.014659556969984295,true,false,0.24671047254859801
2790,190,51,5,0.5,2,"1.180585920419764",0.005336994749848701,3,3,-0.0007000369438394498,true,false,8.623875849433334,1.5849625007211563,3,0.0021820315547368394,true,false,1.4458833962611328
2795,195,51,5,0.5,2,"1.5112504197917833",0.013328154502843543,3,3,0.010865495381637585,true,false,0.22664950236579084,1.5849625007211563,3,0.012985480751351898,true,false,0.026388992294795837
2796,196,51,5,0.5,2,"1.8669616927119346",0.017416311024518613,4,4,0.01690850776022479,true,false,0.030032411582077607,1.5849625007211563,2,-0.0008431007532992658,true,true,21.65744925071434
2797,197,51,5,0.5,2,"1.7516543402101983",0.003453591013882762,3,3,-0.007478545173771253,true,false,1.4617998465791442,1.5849625007211563,3,0.002649321472161483,true,false,0.3035756702885532
2798,198,51,5,0.5,2,"2.229562345169281",0.035924760154965686,3,4,0,false,,,1.5849625007211563,4,0,false,,
2806,6,51,5,0.5,3,"1.0822510822510822",0.01940348255554012,3,3,0.015125669104558152,true,false,0.2828181299888969,1.5849625007211563,3,0.01599780731707497,true,false,0.21288387658164662
2807,7,51,5,0.5,3,"3.1645569620253164",0.001146005336418963,4,4,0.0004052981732099363,true,false,1.8275610702675318,1.5849625007211563,4,-0.0001412234997744107,true,false,9.114834558338964
2808,8,51,5,0.5,3,"2.458120903131828",0.017977883827892508,3,2,-0.005776299493058396,true,true,4.112353133610408,1.5849625007211563,2,-0.005524885227419784,true,true,4.253983220985115
2811,11,51,5,0.5,3,"1.0025621031525007",0.0015740228975651316,3,3,-0.003768202832017579,true,false,1.4177118291486357,1.5849625007211563,3,-0.0017746639931562349,true,false,1.8869413610887187
2813,13,51,5,0.5,3,"1.6652275811027506",0.02333968448418254,2,2,0.023048421437942383,true,false,0.012637006270662828,1.5849625007211563,5,0,false,,
2814,14,51,5,0.5,3,"1.4542712485187976",0.003478100643518043,4,4,0.002158558768183707,true,false,0.6113069029131177,1.5849625007211563,4,0.0031570157690722018,true,false,0.1017051855082128
2815,15,51,5,0.5,3,"1.119310173285797",0.010847261170567262,3,3,0.009655752111733943,true,false,0.12339888649226644,1.5849625007211563,3,0.010326285134487974,true,false,0.05045144786282533
2817,17,51,5,0.5,3,"1.3851836650933715",0.015638389807629566,3,3,0.015185577942215357,true,false,0.029818546724876986,1.5849625007211563,3,0.015518130049968857,true,false,0.007749629451065906
2818,18,51,5,0.5,3,"1.0634945643611156",0.002977605182540067,2,2,-0.006890480667045018,true,false,1.4321331597055351,1.5849625007211563,2,-0.0063636413149794286,true,false,1.4679090217625963
2821,21,51,5,0.5,3,"2.581755593803787",0.03320024053022216,4,2,0,false,,,1.5849625007211563,2,0,false,,
2822,22,51,5,0.5,3,"2.020655590480467",0.009737427635948082,2,2,0.009731555738523287,true,false,0.0006033873290732723,1.5849625007211563,2,0.009405961279519724,true,false,0.0352400298680884
2823,23,51,5,0.5,3,"2.286198137171888",0.004069779671405641,3,2,0,false,,,1.5849625007211563,2,0,false,,
2827,27,51,5,0.5,3,"1.1442617392778438",0.0024821387533518987,3,3,-0.001593517302286731,true,false,2.5576478208237696,1.5849625007211563,3,0.00024484295495969704,true,false,9.137676837630378
2829,29,51,5,0.5,3,"5.478896103896104",0.0019416546855439874,2,2,0.00027239579121261185,true,false,6.128064192550157,1.5849625007211563,2,-0.00048294385477428857,true,false,5.02045634569975
2831,31,51,5,0.5,3,"2.119974874371859",0.008249486043225382,2,2,0.008243598982521654,true,false,0.0007141372010222717,1.5849625007211563,2,0.007946691299303458,true,false,0.03810324731608297
2832,32,51,5,0.5,3,"8.587786259541986",0.003376138935060466,4,3,0,false,,,1.5849625007211563,3,0,false,,
2837,37,51,5,0.5,3,"6.2183325656379544",0.026526511343816055,3,4,-0.005921411503716107,true,true,5.479761510776405,1.5849625007211563,4,-0.007624196090756244,true,true,4.479253553824176
2840,40,51,5,0.5,3,"1.4068361817423927",0.024884200720998954,3,3,0.019741806415781493,true,false,0.2604824602629402,1.5849625007211563,3,0.023229014052270316,true,false,0.07125514087701308
2841,41,51,5,0.5,3,"1.3095353574546513",0.024912217471093234,3,3,0.02096842415753136,true,false,0.18808248459364357,1.5849625007211563,3,0.023299558376776275,true,false,0.06921414853615293
2842,42,51,5,0.5,3,"2.286198137171888",0.016542475121287963,3,2,0,false,,,1.5849625007211563,2,0,false,,
2843,43,51,5,0.5,3,"3.057065217391304",0.02690245978978191,3,4,0.01665760837186317,true,true,0.6150253499310023,1.5849625007211563,4,0.016383531909933653,true,true,0.6420427498584983
2844,44,51,5,0.5,3,"12.064343163538874",0.0002883693525856455,3,3,-0.0037137368736861265,true,false,1.0776493764619948,1.5849625007211563,1,0,false,,
2847,47,51,5,0.5,3,"1.369307231970788",0.03150201889924235,3,3,0.028942566553861772,true,false,0.08843211401509486,1.5849625007211563,3,0.031182798601527204,true,false,0.010237063766929138
2849,49,51,5,0.5,3,"3.7468776019983348",0.0024012313628756893,2,2,-0.009373482364796813,true,false,1.2561728149074871,1.5849625007211563,2,-0.014232062979936939,true,false,1.1687198381753037
2850,50,51,5,0.5,3,"2.795609857113274",0.008563982375513438,3,4,0.007728909364810189,true,true,0.10804538794378227,1.5849625007211563,2,0,false,,
2851,51,51,5,0.5,3,"2.6512175962293796",0.004659076617250355,3,3,0.004363093520502597,true,false,0.067837898811223,1.5849625007211563,3,0.0036806325729190534,true,false,0.2658358379834998
2853,53,51,5,0.5,3,"2.055420219244823",0.003721196932036605,3,4,0,false,,,1.5849625007211563,4,0,false,,
2854,54,51,5,0.5,3,"2.1367521367521367",0.005002633581423056,2,1,0,false,,,1.5849625007211563,1,0,false,,
2855,55,51,5,0.5,3,"1.6860247283626826",0.0054206150651686345,3,3,0.005026384752677688,true,false,0.07843217976517418,1.5849625007211563,4,0,false,,
2856,56,51,5,0.5,3,"1.976284584980237",0.014940030291461352,3,3,0.014939861770044251,true,false,0.00001127998502893863,1.5849625007211563,3,0.01480940301370742,true,false,0.008820563369976832
2861,61,51,5,0.5,3,"1.2002133712660028",0.004844011994539163,3,3,0.004380481674983135,true,false,0.10581720320923683,1.5849625007211563,3,0.004721275559758427,true,false,0.025996456514183353
2863,63,51,5,0.5,3,"5.042958535674262",0.005313517273762656,3,3,0.0015656023217872233,true,false,2.3939124896653046,1.5849625007211563,5,0,false,,
2864,64,51,5,0.5,3,"3.2798833819241984",0.013648816239110198,3,3,0.012658032014151974,true,false,0.07827316472659444,1.5849625007211563,3,0.011651773814062797,true,false,0.17139385443932356
2866,66,51,5,0.5,3,"2.862595419847328",0.03756533352715151,3,4,0,false,,,1.5849625007211563,4,0,false,,
2867,67,51,5,0.5,3,"6.873727087576376",0.00011629316999879428,3,3,-0.004690913927117399,true,false,1.0247911540918546,1.5849625007211563,3,-0.006650094471924136,true,false,1.0174874463046757
2869,69,51,5,0.5,3,"2.229562345169281",0.011408661105737957,3,3,0.011257629173464626,true,false,0.013415962628199588,1.5849625007211563,3,0.010494842452642608,true,false,0.08707311779275437
2871,71,51,5,0.5,3,"2.3510971786833856",0.0008613541294055503,2,4,-0.002688007169651928,true,true,1.3204433898578805,1.5849625007211563,4,-0.0027535389059647843,true,true,1.3128171269124485
2872,72,51,5,0.5,3,"1.838235294117647",0.0004045551004688112,3,3,-0.000506561697541413,true,false,1.798629470866651,1.5849625007211563,5,0,false,,
2875,75,51,5,0.5,3,"1",0.012345679012345703,3,3,0.0026088622465410675,true,false,3.7322080837016567,1.5849625007211563,3,0.0036300214098602445,true,false,2.4009934428516253
2876,76,51,5,0.5,3,"5.0675675675675675",0.04665318026339914,3,2,0,false,,,1.5849625007211563,2,0,false,,
2877,77,51,5,0.5,3,"1.4142049025769956",0.005118861490209477,3,3,0.004704911408173185,true,false,0.08798254549856006,1.5849625007211563,3,0.005077423923949645,true,false,0.008161139759155273
2878,78,51,5,0.5,3,"2.956636005256242",0.023097718991280283,3,4,0,false,,,1.5849625007211563,4,0,false,,
2879,79,51,5,0.5,3,"3.2119914346895073",0.014963288725521738,2,3,0,false,,,1.5849625007211563,3,0,false,,
2880,80,51,5,0.5,3,"2.862595419847328",0.032586877558163876,4,2,0.015455264667783368,true,true,1.1084645432239995,1.5849625007211563,2,0.016498164765164285,true,true,0.9751819685405707
2883,83,51,5,0.5,3,"3.658536585365854",0.017773040082426503,3,2,0,false,,,1.5849625007211563,2,0,false,,
2884,84,51,5,0.5,3,"1.3032145960034753",0.02096702750523928,2,2,0.019567620976290924,true,false,0.07151643680363315,1.5849625007211563,2,0.020473731361971132,true,false,0.02409410060856906
2885,85,51,5,0.5,3,"3.4151277510751323",0.02324544881306497,3,1,0,false,,,1.5849625007211563,1,0,false,,
2886,86,51,5,0.5,3,"1.801441152922338",0.02099987352431664,3,3,0.0209256581261551,true,false,0.003546621937246441,1.5849625007211563,3,0.020884989361855656,true,false,0.005500800621464965
2888,88,51,5,0.5,3,"1.0784470362677743",0.008955495218201229,3,3,0.0071735747822430865,true,false,0.24840062173311003,1.5849625007211563,3,0.008074512604659927,true,false,0.10910659957764793
2889,89,51,5,0.5,3,"1.7895015906680807",0.004143125015515017,3,3,0.0038905402177604135,true,false,0.06492280856050477,1.5849625007211563,2,0.0008636107937525596,true,true,3.7974446886106183
2891,91,51,5,0.5,3,"9.890109890109892",0.0010671790893335656,2,2,-0.009278198933820925,true,false,1.1150200698374209,1.5849625007211563,2,-0.010869970983188804,true,false,1.0981768112338144
2894,94,51,5,0.5,3,"1",0.007398753894080998,3,3,-0.0011891922169844752,true,false,7.221663569950516,1.5849625007211563,3,0.00022676598682268463,true,false,31.627264775234185
2895,95,51,5,0.5,3,"1.0025621031525007",0.007607821275218378,3,3,0.0020186988763359805,true,false,2.7686756377587525,1.5849625007211563,3,0.004265884385176925,true,false,0.7834100946697007
2897,97,51,5,0.5,3,"2.366345311130587",0.027497544262999274,3,3,0.02745340264238877,true,false,0.0016078743019762934,1.5849625007211563,3,0.027272510045236925,true,false,0.008251320373118735
2898,98,51,5,0.5,3,"1",0.0023391812865497068,3,3,0.0008450179478402261,true,false,1.7682030808084013,1.5849625007211563,3,0.0014677550936570223,true,false,0.5937136220195022
2900,100,51,5,0.5,3,"1.7182130584192439",0.00907381839192249,3,3,0.007347918852140389,true,false,0.23488277082419887,1.5849625007211563,2,0,false,,
2902,102,51,5,0.5,3,"5.369928400954653",0.013291145165368431,3,4,0,false,,,1.5849625007211563,4,0,false,,
2903,103,51,5,0.5,3,"1.236037355795642",0.03807097045746256,3,3,0.02802018025263326,true,false,0.3586982708251761,1.5849625007211563,3,0.033604500636244906,true,false,0.1329128460965802
2904,104,51,5,0.5,3,"1.8669616927119346",0.026978737396317405,3,3,0.02593365501133117,true,false,0.040298306757362574,1.5849625007211563,4,0,false,,
2905,105,51,5,0.5,3,"1",0.0031468531468531406,3,3,-0.004040493737882344,true,false,1.7788288637473382,1.5849625007211563,3,-0.002689805167983052,true,false,2.16991861875736
2908,108,51,5,0.5,3,"7.736389684813753",0.0022851080357252597,3,3,-0.0059261133783900174,true,false,1.3855997835036478,1.5849625007211563,3,-0.008844326298592244,true,false,1.258369937808489
2911,111,51,5,0.5,3,"9.202453987730062",0.0064571864473641424,3,2,-0.006187737214196673,true,true,2.0435456813759423,1.5849625007211563,2,0,false,,
2912,112,51,5,0.5,3,"3.9823008849557513",0.005303875993340063,3,4,0,false,,,1.5849625007211563,2,0,false,,
2914,114,51,5,0.5,3,"1.8765638031693075",0.009782732230152696,3,3,-0.0038328147498254833,true,false,3.5523623938772744,1.5849625007211563,3,0.00823559125931214,true,false,0.18786033960721088
2916,116,51,5,0.5,3,"2.6066808264143657",0.006129907446562967,3,4,0,false,,,1.5849625007211563,4,0,false,,
2917,117,51,5,0.5,3,"9.890109890109892",0.00472322640924555,3,3,-0.0026871232907193154,true,false,2.7577259761613657,1.5849625007211563,3,-0.0038122167397425097,true,false,2.238971110956449
2919,119,51,5,0.5,3,"2.055420219244823",0.001550956379730952,3,3,0.0015493030932286652,true,false,0.0010671162469839855,1.5849625007211563,3,0.0014096518053756707,true,false,0.10024076429116749
2920,120,51,5,0.5,3,"3.3308660251665434",0.01389158045102481,3,2,0,false,,,1.5849625007211563,2,0,false,,
2923,123,51,5,0.5,3,"2.1034590215020255",0.0019511810881824338,3,4,0,false,,,1.5849625007211563,1,0,false,,
2924,124,51,5,0.5,3,"2.458120903131828",0.009794861198802712,3,2,-0.0021633256729700445,true,true,5.527686848626578,1.5849625007211563,2,-0.002540689410432692,true,true,4.855198183053236
2925,125,51,5,0.5,3,"2.6844303042354345",0.018078767048743474,3,4,0,false,,,1.5849625007211563,4,0,false,,
2928,128,51,5,0.5,3,"1",0.015476190476190435,3,3,0.011419396570169812,true,false,0.3552546652612044,1.5849625007211563,3,0.013117708027895175,true,false,0.1797937904456999
2930,130,51,5,0.5,3,"3.1645569620253164",0.013917228546421143,3,4,0,false,,,1.5849625007211563,4,0,false,,
2931,131,51,5,0.5,3,"3.4151277510751323",0.017090711886096163,3,4,-0.0007490106974040694,true,true,23.817714013069992,1.5849625007211563,4,-0.0020600497907563168,true,true,9.296261557746893
2933,133,51,5,0.5,3,"6.097560975609756",0.001204930987215109,3,3,-0.010287628492044511,true,false,1.1171242709772122,1.5849625007211563,3,-0.012002248821295074,true,false,1.1003921019432001
2934,134,51,5,0.5,3,"4.612230953194397",0.008079461419058995,3,4,-0.009604994521065956,true,true,1.8411729336585132,1.5849625007211563,4,-0.010042981871349162,true,true,1.80448830064189
2938,138,51,5,0.5,3,"1.9477708844322608",0.0070900282129811795,4,4,0.006895739749846462,true,false,0.02817514439100505,1.5849625007211563,2,-0.012202356127725045,true,true,1.581037640498943
2939,139,51,5,0.5,3,"1.3833384568090992",0.006129566243235464,3,3,0.005627323095099404,true,false,0.08925081066936467,1.5849625007211563,3,0.006066452515842982,true,false,0.010403728905428032
2940,140,51,5,0.5,3,"2.1887159533073928",0.03291356345422078,3,3,0.03288366654109903,true,false,0.0009091721290988116,1.5849625007211563,3,0.032545489800676355,true,false,0.011309513416411211
2941,141,51,5,0.5,3,"1.6652275811027506",0.017655412376945043,3,3,0.01648194048575055,true,false,0.07119743529040262,1.5849625007211563,4,0,false,,
2942,142,51,5,0.5,3,"9.890109890109892",0.0016176705455994169,4,4,-0.005160727869364373,true,false,1.3134578273740016,1.5849625007211563,4,-0.0067194497359088995,true,false,1.2407444968230876
2946,146,51,5,0.5,3,"5.342303126236644",0.01808711260763431,3,3,0.009050619217325893,true,false,0.9984392419260736,1.5849625007211563,3,0.0050828329876100265,true,false,2.558470768511117
2948,148,51,5,0.5,3,"1.6755616234330397",0.006407512321530678,3,3,0.0043255734308961374,true,false,0.48130933941935666,1.5849625007211563,2,0,false,,
2949,149,51,5,0.5,3,"2.824858757062147",0.012960789432419944,2,2,0.012592312520799145,true,false,0.02926205262235777,1.5849625007211563,2,0.011985376529646218,true,false,0.0813835844339984
2950,150,51,5,0.5,3,"3.9244186046511618",0.03592533918446672,3,4,0.0015616445853032807,true,true,22.004811416478486,1.5849625007211563,4,0.0017314780382091377,true,true,19.748365495657215
2952,152,51,5,0.5,3,"5.478896103896105",0.006845843345932845,3,2,0,false,,,1.5849625007211563,2,0,false,,
2953,153,51,5,0.5,3,"6.540697674418604",0.004237910350625543,3,3,0.0009210432758629196,true,false,3.601206546625153,1.5849625007211563,3,-0.00027437795393090694,true,false,16.445520640090205
2954,154,51,5,0.5,3,"7.246376811594202",0.0013255923018034726,3,2,0,false,,,1.5849625007211563,2,0,false,,
2958,158,51,5,0.5,3,"2.071187480822338",0.003501031196928735,4,2,-0.0019589243055977974,true,true,2.787221275944268,1.5849625007211563,2,-0.0023291468287842333,true,true,2.5031388977551927
2961,161,51,5,0.5,3,"7.246376811594202",0.020113621393046375,4,2,0,false,,,1.5849625007211563,2,0,false,,
2962,162,51,5,0.5,3,"4.249291784702549",0.027691103920963935,3,4,0.008240231118004943,true,true,2.3604766085333146,1.5849625007211563,4,0.009239703017321233,true,true,1.9969690442487964
2963,163,51,5,0.5,3,"1.519756838905775",0.0077891488035907895,4,4,-0.0016123695606921982,true,false,5.830870659854722,1.5849625007211563,4,0.00752732611779515,true,false,0.034782960336562425
2968,168,51,5,0.5,3,"1.3995438523740409",0.013651562997595306,3,3,0.011344376366004733,true,false,0.20337712335641756,1.5849625007211563,3,0.012988193994027498,true,false,0.05107476866089713
2970,170,51,5,0.5,3,"5.592377796188898",0.0034582055243543323,3,3,0.00020118490780591543,true,false,16.18918959711674,1.5849625007211563,3,0,false,,
2974,174,51,5,0.5,3,"1",0.012834821428571432,4,4,-0.009478801002826397,true,false,2.3540553731156857,1.5849625007211563,4,-0.01018137916758456,true,false,2.2606171734999214
2977,177,51,5,0.5,3,"1.879961008216126",0.002431631734330193,3,3,0.0020197928521548327,true,false,0.2039015445252154,1.5849625007211563,4,0,false,,
2983,183,51,5,0.5,3,"3.4151277510751323",0.026652659018006602,4,2,0,false,,,1.5849625007211563,2,0,false,,
2984,184,51,5,0.5,3,"5.369928400954653",0.009483615353340549,3,4,0,false,,,1.5849625007211563,4,0,false,,
2986,186,51,5,0.5,3,"4.44078947368421",0.010894410755542315,3,3,0.009044772409715227,true,false,0.20449805280233951,1.5849625007211563,3,0.00784896045961888,true,false,0.3880068337191384
2988,188,51,5,0.5,3,"1.0395010395010396",0.002600459516178825,3,3,-0.0002710335423918619,true,false,10.594604022918555,1.5849625007211563,3,0.0007968840163898632,true,false,2.2632848227521607
2990,190,51,5,0.5,3,"1.9477708844322608",0.03367085130686044,3,3,0.033666614121420885,true,false,0.00012585718968575414,1.5849625007211563,3,0.033389549013518295,true,false,0.008424860522322617
2991,191,51,5,0.5,3,"1.4216512215669754",0.024827122013200947,3,3,0.02290430666091429,true,false,0.08394994796187825,1.5849625007211563,3,0.024334242984259416,true,false,0.02025454538529716
2992,192,51,5,0.5,3,"3.5037633013236436",0.007612654515557494,3,3,0.006361337943506118,true,false,0.19670650783908838,1.5849625007211563,3,0.005269202132631345,true,false,0.4447452050498339
2993,193,51,5,0.5,3,"2.6580035440047256",0.021076782807012775,3,2,0,false,,,1.5849625007211563,2,0,false,,
2994,194,51,5,0.5,3,"1.6652275811027504",0.001911817108131702,3,3,0.0016688639122878963,true,false,0.14557999250564047,1.5849625007211563,3,0.001895429505810183,true,false,0.008645851650660263
2995,195,51,5,0.5,3,"2.854726157750053",0.00429446230143873,4,4,0.0021498954043089238,true,false,0.9975215039911066,1.5849625007211563,4,0.0008380418106591555,true,false,4.124401010566469
2996,196,51,5,0.5,3,"1.4068361817423927",0.008784434532518101,3,3,0.008349044192486856,true,false,0.052148525027936085,1.5849625007211563,3,0.008719538231264683,true,false,0.007442630507740262
2998,198,51,5,0.5,3,"7.246376811594202",0.004445698233228695,3,3,-0.0033882846975233577,true,false,2.3120793056375235,1.5849625007211563,3,-0.0060511132216843405,true,false,1.7346909684812055
2999,199,51,5,0.5,3,"6.919528446950282",0.006740109488491024,3,4,-0.002955143071789205,true,true,3.280806487115426,1.5849625007211563,4,-0.0031922660443928826,true,true,3.111387144667914
3000,200,51,5,0.5,3,"1.2953367875647668",0.008849444342951665,3,3,0.0007160509967388737,true,false,11.358678897529476,1.5849625007211563,3,0.0009089728074130352,true,false,8.735653553968747
3001,1,51,5,0.6,1,"2.305721605465414",0.033653622029525015,3,2,0,false,,,1.5849625007211563,2,0,false,,
3002,2,51,5,0.6,1,"2.17566478646253",0.015727369702202218,3,2,0,false,,,1.5849625007211563,2,0,false,,
3004,4,51,5,0.6,1,"2.632092025736011",0.048531265891136995,3,2,0,false,,,1.5849625007211563,2,0,false,,
3007,7,51,5,0.6,1,"1.9338203695745597",0.015743554786048875,3,3,0.015110342243769188,true,false,0.0419059033914864,1.5849625007211563,2,0,false,,
3008,8,51,5,0.6,1,"3.5037633013236436",0.027216773100641245,3,2,0,false,,,1.5849625007211563,2,0,false,,
3009,9,51,5,0.6,1,"1.4142049025769956",0.001216386592699411,3,3,-0.004725193138078147,true,false,1.257425793434159,1.5849625007211563,3,-0.0005007278439105186,true,false,3.429236974720309
3010,10,51,5,0.6,1,"2.039891205802357",0.023705206585740726,3,2,0,false,,,1.5849625007211563,2,0,false,,
3011,11,51,5,0.6,1,"2.6254375729288215",0.020091251398145264,3,3,0.01898379041454261,true,false,0.05833718975080342,1.5849625007211563,2,0,false,,
3013,13,51,5,0.6,1,"2.7113878288813016",0.03011555617777235,3,2,0,false,,,1.5849625007211563,2,0,false,,
3016,16,51,5,0.6,1,"2.1933387489845653",0.026136365474621545,3,2,0,false,,,1.5849625007211563,2,0,false,,
3017,17,51,5,0.6,1,"2.5037091988130564",0.029269704475889065,3,2,0,false,,,1.5849625007211563,2,0,false,,
3018,18,51,5,0.6,1,"1.6860247283626826",0.00159656300237092,3,3,-0.0032657342080616054,true,false,1.4888833262761356,1.5849625007211563,2,0,false,,
3021,21,51,5,0.6,1,"1.5547621789704016",0.0006654359526731743,3,3,0.00012361202864242545,true,false,4.383262130565723,1.5849625007211563,3,0.0006623397569528425,true,false,0.004674633657167391
3022,22,51,5,0.6,1,"3.8681948424068757",0.02211190173430466,3,2,0,false,,,1.5849625007211563,2,0,false,,
3023,23,51,5,0.6,1,"3.2506621719239104",0.04403177248183523,3,2,0,false,,,1.5849625007211563,2,0,false,,
3024,24,51,5,0.6,1,"2.2481265611990007",0.005786828981746662,3,2,0,false,,,1.5849625007211563,1,0,false,,
3025,25,51,5,0.6,1,"3.597122302158273",0.0426956634679586,3,2,0,false,,,1.5849625007211563,2,0,false,,
3028,28,51,5,0.6,1,"1.777719252041085",0.004228106079934282,3,3,0.00046689761972318496,true,false,8.055745631003749,1.5849625007211563,2,0,false,,
3029,29,51,5,0.6,1,"1.825804706518799",0.01445970963381639,3,3,0.01438905579642745,true,false,0.004910248343500199,1.5849625007211563,2,0,false,,
3031,31,51,5,0.6,1,"1.9200682690940125",0.017118200522802107,3,3,0.016375510022802353,true,false,0.045353732431269764,1.5849625007211563,2,0,false,,
3032,32,51,5,0.6,1,"2.005645520725004",0.004929797102962562,3,3,0.004929447349117674,true,false,0.00007095193844606945,1.5849625007211563,3,0.004303576720821602,true,false,0.14551161110040745
3033,33,51,5,0.6,1,"1.6129032258064517",0.008529202858690032,3,3,0.003783337678390717,true,false,1.2544122633848585,1.5849625007211563,2,0,false,,
3034,34,51,5,0.6,1,"1.5570934256055362",0.005044484206627048,3,3,0.0003679240828754405,true,false,12.71066598088074,1.5849625007211563,3,0.0047516106331461925,true,false,0.06163669460578985
3035,35,51,5,0.6,1,"2.17566478646253",0.014320047823174729,3,2,0,false,,,1.5849625007211563,2,0,false,,
3036,36,51,5,0.6,1,"2.7388922702373706",0.023194274213917745,3,2,0,false,,,1.5849625007211563,2,0,false,,
3037,37,51,5,0.6,1,"1.6755616234330397",0.011952098032561491,3,3,0.0117181537276333,true,false,0.019964263173686946,1.5849625007211563,2,0,false,,
3039,39,51,5,0.6,1,"2.5510204081632653",0.04074017799583774,3,2,0,false,,,1.5849625007211563,2,0,false,,
3040,40,51,5,0.6,1,"2.5510204081632653",0.033918310606640474,3,2,0,false,,,1.5849625007211563,2,0,false,,
3041,41,51,5,0.6,1,"2.7669604427136707",0.012284437491143118,3,2,0,false,,,1.5849625007211563,2,0,false,,
3044,44,51,5,0.6,1,"2.6254375729288215",0.0019092736792382936,3,3,0.0006779495234116232,true,false,1.8162475424871132,1.5849625007211563,3,-0.0018798586508932806,true,false,2.0156474681386474
3046,46,51,5,0.6,1,"2.087198515769944",0.01693133471349113,3,2,0,false,,,1.5849625007211563,2,0,false,,
3047,47,51,5,0.6,1,"2.5271433919880195",0.03268243292671973,3,3,0.03190698945894652,true,false,0.024303247687185985,1.5849625007211563,2,0,false,,
3048,48,51,5,0.6,1,"2.5271433919880195",0.020161120764817676,3,2,0,false,,,1.5849625007211563,2,0,false,,
3049,49,51,5,0.6,1,"1.6652275811027506",0.011397002777780699,3,3,0.009623739532088733,true,false,0.18425927258102934,1.5849625007211563,2,0,false,,
3050,50,51,5,0.6,1,"1.7660910518053372",0.0028632014297863212,3,3,-0.015350628203896238,true,false,1.186520147042555,1.5849625007211563,2,0,false,,
3051,51,51,5,0.6,1,"3.813559322033898",0.052916741818592836,3,2,0,false,,,1.5849625007211563,2,0,false,,
3052,52,51,5,0.6,1,"2.7388922702373706",0.02103841084792792,3,2,0,false,,,1.5849625007211563,2,0,false,,
3054,54,51,5,0.6,1,"2.7669604427136707",0.023485447822473318,3,3,0.02194410851177041,true,false,0.07023932231633657,1.5849625007211563,2,0,false,,
3056,56,51,5,0.6,1,"2.9163966299416724",0.027940732637175388,3,3,0.02524487118148279,true,false,0.10678848136369275,1.5849625007211563,2,0,false,,
3058,58,51,5,0.6,1,"1.8135411069317569",0.011765642237915357,3,3,0.01168086349056347,true,false,0.007257917826056024,1.5849625007211563,2,0,false,,
3060,60,51,5,0.6,1,"1.5752625437572931",0.009271887779965344,3,3,0.005898692990164624,true,false,0.5718546117631692,1.5849625007211563,3,0.009196266599999147,true,false,0.00822303041608245
3061,61,51,5,0.6,1,"1.9946808510638294",0.01614916449446505,3,3,0.016082681217083304,true,false,0.004133842888779359,1.5849625007211563,2,0,false,,
3063,63,51,5,0.6,1,"3.597122302158273",0.02168392121633962,3,2,0,false,,,1.5849625007211563,2,0,false,,
3064,64,51,5,0.6,1,"1.6652275811027506",0.002559929713169011,3,3,-0.002450428533663107,true,false,2.044686542782871,1.5849625007211563,2,0,false,,
3067,67,51,5,0.6,1,"1.6966193288927987",0.014871222590853874,3,3,0.013608470282701362,true,false,0.09279164240507486,1.5849625007211563,2,0,false,,
3068,68,51,5,0.6,1,"2.9893711248892822",0.02088998267419513,3,2,0,false,,,1.5849625007211563,2,0,false,,
3069,69,51,5,0.6,1,"1.6966193288927987",0.00227872494059413,3,3,-0.0017318027468919692,true,false,2.315810905533965,1.5849625007211563,2,0,false,,
3070,70,51,5,0.6,1,"2.158273381294964",0.015412308111900754,3,2,0,false,,,1.5849625007211563,2,0,false,,
3071,71,51,5,0.6,1,"1.9065103798898462",0.01023740029772772,3,3,0.009845509091122195,true,false,0.03980405715727764,1.5849625007211563,2,0,false,,
3073,73,51,5,0.6,1,"2.458120903131828",0.019190751223353817,3,2,0,false,,,1.5849625007211563,2,0,false,,
3076,76,51,5,0.6,1,"4.861361181130716",0.039893832819579825,3,2,0,false,,,1.5849625007211563,2,0,false,,
3077,77,51,5,0.6,1,"2.458120903131828",0.019199831649984973,3,2,0,false,,,1.5849625007211563,2,0,false,,
3078,78,51,5,0.6,1,"1.6652275811027506",0.001192589248474619,3,3,-0.002500675704995728,true,false,1.476906800066927,1.5849625007211563,2,0,false,,
3079,79,51,5,0.6,1,"2.17566478646253",0.016097665678187583,3,2,0,false,,,1.5849625007211563,2,0,false,,
3083,83,51,5,0.6,1,"2.024595080983803",0.011937732450182877,3,2,0,false,,,1.5849625007211563,2,0,false,,
3084,84,51,5,0.6,1,"1.5661252900232019",0.0013519308133058583,3,3,-0.004410579484245271,true,false,1.3065199976862447,1.5849625007211563,3,0.0010859142996081826,true,false,0.2449700807823042
3085,85,51,5,0.6,1,"3.3202164289227745",0.08518331391185796,3,2,0,false,,,1.5849625007211563,2,0,false,,
3086,86,51,5,0.6,1,"1.6251354279523291",0.0071414580141572655,3,3,0.004841100881373068,true,false,0.47517231909692265,1.5849625007211563,2,0,false,,
3087,87,51,5,0.6,1,"3.057065217391304",0.03518532615208899,3,3,0.03187343240442817,true,false,0.10390765906971154,1.5849625007211563,3,0.028083743048696184,true,false,0.25287167351869444
3088,88,51,5,0.6,1,"1.530612244897959",0.002555686765182149,3,3,-0.0005505501453796607,true,false,5.642059922479435,1.5849625007211563,3,0.0022221564697943,true,false,0.1500930739673445
3089,89,51,5,0.6,1,"2.581755593803787",0.015914079901147148,3,2,0,false,,,1.5849625007211563,2,0,false,,
3090,90,51,5,0.6,1,"2.862595419847328",0.009128553397519444,3,2,0,false,,,1.5849625007211563,2,0,false,,
3091,91,51,5,0.6,1,"4.249291784702549",0.030785264497098657,3,2,0,false,,,1.5849625007211563,2,0,false,,
3095,95,51,5,0.6,1,"1.801441152922338",0.010424565291367078,3,3,0.008568418939278477,true,false,0.21662647044250405,1.5849625007211563,2,0,false,,
3097,97,51,5,0.6,1,"2.039891205802357",0.009153029043074214,3,2,0,false,,,1.5849625007211563,2,0,false,,
3099,99,51,5,0.6,1,"2.2481265611990007",0.005959540505517975,3,2,0,false,,,1.5849625007211563,2,0,false,,
3100,100,51,5,0.6,1,"2.325581395348837",0.01835014229537402,3,2,0,false,,,1.5849625007211563,2,0,false,,
3101,101,51,5,0.6,1,"2.862595419847328",0.029512007095587732,3,2,0,false,,,1.5849625007211563,2,0,false,,
3103,103,51,5,0.6,1,"3.9823008849557513",0.05909328971429122,3,2,0,false,,,1.5849625007211563,2,0,false,,
3104,104,51,5,0.6,1,"2.9246100519930676",0.0338086890642669,3,2,0,false,,,1.5849625007211563,2,0,false,,
3105,105,51,5,0.6,1,"2.4807056229327453",0.051300812238618376,3,2,0,false,,,1.5849625007211563,2,0,false,,
3107,107,51,5,0.6,1,"3.0920751259734307",0.02129132128218398,3,2,0,false,,,1.5849625007211563,2,0,false,,
3109,109,51,5,0.6,1,"2.2481265611990007",0.013922781631604512,3,2,0,false,,,1.5849625007211563,2,0,false,,
3110,110,51,5,0.6,1,"2.17566478646253",0.013328803341921939,3,2,0,false,,,1.5849625007211563,2,0,false,,
3111,111,51,5,0.6,1,"3.8681948424068757",0.027785777965257635,3,2,0,false,,,1.5849625007211563,2,0,false,,
3113,113,51,5,0.6,1,"2.055420219244823",0.01707060458795151,3,2,0,false,,,1.5849625007211563,2,0,false,,
3114,114,51,5,0.6,1,"2.039891205802357",0.011122630569205719,3,2,0,false,,,1.5849625007211563,2,0,false,,
3115,115,51,5,0.6,1,"1.6755616234330397",0.0026480553506331504,3,3,-0.0047047316938752335,true,false,1.562849387156439,1.5849625007211563,2,0,false,,
3116,116,51,5,0.6,1,"2.7388922702373706",0.02173712853249007,3,2,0,false,,,1.5849625007211563,2,0,false,,
3120,120,51,5,0.6,1,"2.119974874371859",0.00875966361052668,3,2,0,false,,,1.5849625007211563,2,0,false,,
3121,121,51,5,0.6,1,"1.7321016166281755",0.002602694435084832,3,3,-0.0014650687095763152,true,false,2.776499912988728,1.5849625007211563,2,0,false,,
3122,122,51,5,0.6,1,"4.3172369683402625",0.004011217628975142,3,2,-0.041028044853513856,true,true,1.0977677011735936,1.5849625007211563,2,0,false,,
3123,123,51,5,0.6,1,"2.6844303042354345",0.018000904774355585,3,2,0,false,,,1.5849625007211563,2,0,false,,
3124,124,51,5,0.6,1,"2.229562345169281",0.029276621069993482,3,2,0,false,,,1.5849625007211563,2,0,false,,
3125,125,51,5,0.6,1,"1.4387722476819782",0.002544306837421629,3,3,0.0012549367240021186,true,false,1.0274383470965616,1.5849625007211563,3,0.002323617513735147,true,false,0.09497661400035265
3126,126,51,5,0.6,1,"1.9200682690940125",0.024554469214108646,3,3,0.02416652066854712,true,false,0.01605314024647508,1.5849625007211563,2,0,false,,
3127,127,51,5,0.6,1,"2.6844303042354345",0.04672268967244239,3,2,0,false,,,1.5849625007211563,2,0,false,,
3128,128,51,5,0.6,1,"2.267002518891687",0.010555837135592341,3,2,0,false,,,1.5849625007211563,2,0,false,,
3129,129,51,5,0.6,1,"3.5498290823034444",0.02492724252936119,3,2,0,false,,,1.5849625007211563,2,0,false,,
3131,131,51,5,0.6,1,"1.5752625437572931",0.004304608756957396,3,3,0.00048641499938410575,true,false,7.849662864853782,1.5849625007211563,3,0.004217974980139787,true,false,0.020539186985584587
3133,133,51,5,0.6,1,"3.3724706470147385",0.026922282368292052,3,2,0,false,,,1.5849625007211563,2,0,false,,
3134,134,51,5,0.6,1,"2.862595419847328",0.01686645546000628,3,2,0,false,,,1.5849625007211563,2,0,false,,
3135,135,51,5,0.6,1,"2.8932704672096015",0.032284248609691465,3,2,0,false,,,1.5849625007211563,2,0,false,,
3136,136,51,5,0.6,1,"1.825804706518799",0.016955950440202174,3,3,0.015655535744687976,true,false,0.0830642091539689,1.5849625007211563,2,0,false,,
3138,138,51,5,0.6,1,"1.4142049025769956",0.008283962893716782,3,3,0.006111634192609181,true,false,0.3554415451982721,1.5849625007211563,3,0.00775792663241034,true,false,0.06780629493308385
3140,140,51,5,0.6,1,"1.4621466478934257",0.006616610518340795,3,3,0.00481997780706234,true,false,0.37274709203971607,1.5849625007211563,3,0.006292043971606032,true,false,0.05158364248556222
3145,145,51,5,0.6,1,"3.9823008849557513",0.022233582903044065,3,2,0,false,,,1.5849625007211563,2,0,false,,
3146,146,51,5,0.6,1,"2.956636005256242",0.031174955296040936,3,2,0,false,,,1.5849625007211563,2,0,false,,
3147,147,51,5,0.6,1,"2.087198515769944",0.018501731252031545,3,3,0.01848271514193984,true,false,0.0010288591230060442,1.5849625007211563,2,0,false,,
3148,148,51,5,0.6,1,"1.7895015906680807",0.01457857227990061,3,3,0.014305508061517556,true,false,0.01908804756942591,1.5849625007211563,2,0,false,,
3150,150,51,5,0.6,1,"3.2020872865275143",0.0368839001439318,3,3,0.033741299141605244,true,false,0.09313811507783716,1.5849625007211563,2,0,false,,
3151,151,51,5,0.6,1,"1.5028386953133697",0.002364103376871598,3,3,-0.002017853625689768,true,false,2.171593096136233,1.5849625007211563,3,0.001649933938825109,true,false,0.43284729239222597
3152,152,51,5,0.6,1,"5.0675675675675675",0.03595202624904536,3,2,0,false,,,1.5849625007211563,2,0,false,,
3153,153,51,5,0.6,1,"2.435943702634428",0.030660357208107038,3,2,0,false,,,1.5849625007211563,2,0,false,,
3157,157,51,5,0.6,1,"2.17566478646253",0.03852707258454342,3,2,0,false,,,1.5849625007211563,2,0,false,,
3159,159,51,5,0.6,1,"1.7073479195649424",0.006576427348074845,3,3,0.0042566172415969645,true,false,0.5449891251221716,1.5849625007211563,2,0,false,,
3160,160,51,5,0.6,1,"2.119974874371859",0.02374832048646576,3,2,0,false,,,1.5849625007211563,2,0,false,,
3162,162,51,5,0.6,1,"2.087198515769944",0.013087324833719294,3,2,0,false,,,1.5849625007211563,2,0,false,,
3163,163,51,5,0.6,1,"2.5037091988130564",0.007268090522089576,3,3,0.0065828515871848405,true,false,0.10409454410892746,1.5849625007211563,3,0.0047708220590421445,true,false,0.5234461550110333
3164,164,51,5,0.6,1,"2.3510971786833856",0.0337493911237176,3,2,0,false,,,1.5849625007211563,2,0,false,,
3165,165,51,5,0.6,1,"1.5938606847697756",0.004363422453070344,3,3,0.0005553978875537284,true,false,6.856390077911905,1.5849625007211563,2,0,false,,
3166,166,51,5,0.6,1,"3.6456926816095057",0.054147291243162546,3,3,0.04693575310256966,true,false,0.1536470103043487,1.5849625007211563,3,0.041520390218656056,true,false,0.30411325515030774
3167,167,51,5,0.6,1,"2.6066808264143657",0.008422440887165268,3,2,0,false,,,1.5849625007211563,2,0,false,,
3168,168,51,5,0.6,1,"1.7546139849233169",0.00828977425937336,3,3,0.006684707548389994,true,false,0.240110236590671,1.5849625007211563,2,0,false,,
3169,169,51,5,0.6,1,"1.348786092516735",0.008977136542053841,3,3,0.007652248861641347,true,false,0.17313703518632248,1.5849625007211563,3,0.008710401067723583,true,false,0.030622639790795284
3170,170,51,5,0.6,1,"1.7660910518053372",0.13703703078809512,3,3,0.1316397329899436,true,false,0.04100052222503239,1.5849625007211563,2,0,false,,
3171,171,51,5,0.6,1,"1.3995438523740409",0.0008455741921273193,3,3,-0.001199104655662963,true,false,1.7051713027165396,1.5849625007211563,3,0.0003064676424650866,true,false,1.7590977805222907
3172,172,51,5,0.6,1,"3.0228392297357813",0.012000737755064383,3,3,0.009416577171379895,true,false,0.2744267409116139,1.5849625007211563,3,0.006238366575884948,true,false,0.9236987132905076
3173,173,51,5,0.6,1,"3.5498290823034444",0.041239031722523224,3,2,0,false,,,1.5849625007211563,2,0,false,,
3174,174,51,5,0.6,1,"2.3927685218007797",0.04088469036713126,3,2,0,false,,,1.5849625007211563,2,0,false,,
3175,175,51,5,0.6,1,"1.3851836650933715",0.0008848578150803451,3,3,-0.006278806011511619,true,false,1.1409277199292411,1.5849625007211563,3,-0.0015391134062954146,true,false,1.5749139806469252
3176,176,51,5,0.6,1,"3.2119914346895073",0.02014267725432386,3,2,0,false,,,1.5849625007211563,2,0,false,,
3177,177,51,5,0.6,1,"4.249291784702549",0.07161151772391798,3,2,0,false,,,1.5849625007211563,2,0,false,,
3178,178,51,5,0.6,1,"2.7388922702373706",0.03691452658374829,3,2,0,false,,,1.5849625007211563,2,0,false,,
3181,181,51,5,0.6,1,"4.861361181130716",0.025557755969096464,3,2,0,false,,,1.5849625007211563,2,0,false,,
3182,182,51,5,0.6,1,"3.813559322033898",0.03448489999482642,3,2,0,false,,,1.5849625007211563,2,0,false,,
3183,183,51,5,0.6,1,"2.119974874371859",0.011560538169854676,3,2,0,false,,,1.5849625007211563,2,0,false,,
3184,184,51,5,0.6,1,"3.8681948424068757",0.033620001187113426,3,2,0,false,,,1.5849625007211563,2,0,false,,
3186,186,51,5,0.6,1,"2.286198137171888",0.019051042507834515,3,2,0,false,,,1.5849625007211563,2,0,false,,
3187,187,51,5,0.6,1,"1.9200682690940125",0.006365335627921935,3,3,0.004641385159729579,true,false,0.371430167690026,1.5849625007211563,2,0,false,,
3188,188,51,5,0.6,1,"3.1645569620253164",0.022961781898513407,3,2,0,false,,,1.5849625007211563,2,0,false,,
3189,189,51,5,0.6,1,"2.7388922702373706",0.03147828136958122,3,3,0.030135790080627625,true,false,0.04454807009744182,1.5849625007211563,2,0,false,,
3190,190,51,5,0.6,1,"2.119974874371859",0.010114653475861973,3,2,0,false,,,1.5849625007211563,2,0,false,,
3191,191,51,5,0.6,1,"5.592377796188898",0.024657191590107874,3,2,0,false,,,1.5849625007211563,2,0,false,,
3192,192,51,5,0.6,1,"3.9244186046511618",0.03378665537170641,3,2,0,false,,,1.5849625007211563,2,0,false,,
3193,193,51,5,0.6,1,"1.6652275811027506",0.004364326406453514,3,3,0.0034827182026851214,true,false,0.2531379665138243,1.5849625007211563,2,0,false,,
3195,195,51,5,0.6,1,"3.9244186046511618",0.03697080292304252,3,2,0,false,,,1.5849625007211563,2,0,false,,
3196,196,51,5,0.6,1,"2.158273381294964",0.01899864889671369,3,2,0,false,,,1.5849625007211563,2,0,false,,
3198,198,51,5,0.6,1,"1.5112504197917833",0.00045276658719007413,3,3,-0.00289306614687131,true,false,1.1565005997805187,1.5849625007211563,3,-0.00002113098275946517,true,false,22.4266696605612
3201,1,51,5,0.6,2,"2.956636005256242",0.020782316918043962,3,2,0,false,,,1.5849625007211563,2,0,false,,
3203,3,51,5,0.6,2,"4.231974921630094",0.038124778263799064,3,3,0.032120954668754746,true,false,0.18691298739275833,1.5849625007211563,2,0,false,,
3204,4,51,5,0.6,2,"3.2506621719239104",0.015508075216552534,3,2,0,false,,,1.5849625007211563,2,0,false,,
3207,7,51,5,0.6,2,"3.2506621719239104",0.008493080620567865,3,2,0,false,,,1.5849625007211563,1,0,false,,
3208,8,51,5,0.6,2,"3.2798833819241984",0.026603234253192276,3,3,0.024040772708495445,true,false,0.10658815237628853,1.5849625007211563,3,0.021494225774655068,true,false,0.2376921379769584
3211,11,51,5,0.6,2,"7.364975450081833",0.005643293130989867,3,2,0,false,,,1.5849625007211563,2,0,false,,
3215,15,51,5,0.6,2,"8.982035928143713",0.013627211378215896,3,2,0,false,,,1.5849625007211563,2,0,false,,
3218,18,51,5,0.6,2,"2.854726157750053",0.023114470734815415,3,3,0.02189234246302058,true,false,0.05582446345607796,1.5849625007211563,2,0,false,,
3223,23,51,5,0.6,2,"1.5283595607381408",0.0022437823180625487,3,3,0.0019562239889815837,true,false,0.14699662753377682,1.5849625007211563,3,0.0022396982951328774,true,false,0.001823470124769195
3225,25,51,5,0.6,2,"11.042944785276074",0.00404239821122106,3,3,-0.001849109391950826,true,false,3.1861325397067484,1.5849625007211563,3,-0.0027191413700547646,true,false,2.486645106333565
3227,27,51,5,0.6,2,"4.861361181130716",0.0019234954519023878,3,3,-0.005209570185798072,true,false,1.3692234451790424,1.5849625007211563,3,-0.008718230877394546,true,false,1.220629102274615
3228,28,51,5,0.6,2,"2.371749824314828",0.007758239444345566,3,2,0,false,,,1.5849625007211563,2,0,false,,
3229,29,51,5,0.6,2,"3.7087912087912085",0.01319840271500253,3,2,0,false,,,1.5849625007211563,1,0,false,,
3230,30,51,5,0.6,2,"3.4151277510751323",0.025779861531914337,3,2,0,false,,,1.5849625007211563,2,0,false,,
3238,38,51,5,0.6,2,"5.342303126236644",0.013161839724508406,3,2,0,false,,,1.5849625007211563,2,0,false,,
3239,39,51,5,0.6,2,"3.8681948424068757",0.05182813878167371,3,2,0.0006316634195630223,true,true,81.05024571080565,1.5849625007211563,2,0.0022525142822256775,true,true,22.00901671995751
3241,41,51,5,0.6,2,"2.9246100519930676",0.008224062830168894,3,2,0,false,,,1.5849625007211563,2,0,false,,
3242,42,51,5,0.6,2,"2.7881040892193307",0.006914151136624393,2,2,0.00031153969605643536,true,false,21.193483604644385,1.5849625007211563,2,-0.00435816092533651,true,false,2.5864836693910114
3243,43,51,5,0.6,2,"2.119974874371859",0.00025708970018955234,3,1,0,false,,,1.5849625007211563,1,0,false,,
3244,44,51,5,0.6,2,"4.612230953194397",0.014462490089535103,3,2,0,false,,,1.5849625007211563,2,0,false,,
3246,46,51,5,0.6,2,"3.760445682451253",0.031205808050266376,3,2,0,false,,,1.5849625007211563,2,0,false,,
3249,49,51,5,0.6,2,"1.801441152922338",0.0027000106047202804,3,3,0.0017338907056343921,true,false,0.5571976918420625,1.5849625007211563,2,0,false,,
3250,50,51,5,0.6,2,"4.231974921630094",0.012367940344561144,3,3,0.006504836187208563,true,false,0.9013453972725838,1.5849625007211563,3,0.003113217320973414,true,false,2.9727198808896653
3252,52,51,5,0.6,2,"5.9628975265017665",0.016156143243275592,3,2,0,false,,,1.5849625007211563,2,0,false,,
3254,54,51,5,0.6,2,"17.704918032786885",0.00005133031016038827,3,3,-0.012970851474546727,true,false,1.0039573585636312,1.5849625007211563,3,-0.01519446909004884,true,false,1.0033782233427297
3255,55,51,5,0.6,2,"2.286198137171888",0.004618516945028333,3,3,0.004484665517278774,true,false,0.029846468423084936,1.5849625007211563,2,0,false,,
3257,57,51,5,0.6,2,"3.853839566086212",0.023385402013909103,3,3,0.0184663286942294,true,false,0.2663806867694757,1.5849625007211563,2,0,false,,
3261,61,51,5,0.6,2,"2.1933387489845653",0.015432711389316235,3,2,0,false,,,1.5849625007211563,2,0,false,,
3264,64,51,5,0.6,2,"3.9244186046511618",0.01428496479578156,3,2,0,false,,,1.5849625007211563,2,0,false,,
3265,65,51,5,0.6,2,"4.183452122714595",0.031409690776010905,3,2,0,false,,,1.5849625007211563,2,0,false,,
3266,66,51,5,0.6,2,"5.9628975265017665",0.0026480633453032877,4,2,0,false,,,1.5849625007211563,2,0,false,,
3270,70,51,5,0.6,2,"1.3851836650933715",0.01820735218679066,3,3,0.01722493365659848,true,false,0.057034677159167955,1.5849625007211563,3,0.018030525825614232,true,false,0.009807055151171844
3272,72,51,5,0.6,2,"3.057065217391304",0.016272520899346655,3,2,0,false,,,1.5849625007211563,2,0,false,,
3273,73,51,5,0.6,2,"1.976284584980237",0.0033875518784187595,3,3,0.003387115343078833,true,false,0.00012888115570625674,1.5849625007211563,3,0.003237243594608096,true,false,0.046430946395573866
3276,76,51,5,0.6,2,"1.7073479195649424",0.004286210490851213,3,3,0.002950118846005957,true,false,0.4528941763326367,1.5849625007211563,2,0,false,,
3279,79,51,5,0.6,2,"2.267002518891687",0.010671871425502235,3,2,0,false,,,1.5849625007211563,2,0,false,,
3280,80,51,5,0.6,2,"2.8932704672096015",0.006224067239603621,3,2,0,false,,,1.5849625007211563,1,0,false,,
3284,84,51,5,0.6,2,"3.1278962001853565",0.009223786354055973,3,2,0,false,,,1.5849625007211563,2,0,false,,
3286,86,51,5,0.6,2,"4.775380261761585",0.004374625032959576,3,3,-0.0005920859927163364,true,false,8.388496074514336,1.5849625007211563,3,-0.003290441120803525,true,false,2.32949500457595
3288,88,51,5,0.6,2,"12.064343163538874",0.003778764947367184,3,1,0,false,,,1.5849625007211563,1,0,false,,
3289,89,51,5,0.6,2,"3.1742299553256523",0.020422905809505676,3,2,0,false,,,1.5849625007211563,2,0,false,,
3290,90,51,5,0.6,2,"3.3308660251665434",0.0008881213962908714,3,1,0,false,,,1.5849625007211563,1,0,false,,
3293,93,51,5,0.6,2,"5.164498852333589",0.0543930458102631,3,2,0,false,,,1.5849625007211563,2,0,false,,
3296,96,51,5,0.6,2,"3.3724706470147385",0.007927129051182808,3,2,0,false,,,1.5849625007211563,1,0,false,,
3297,97,51,5,0.6,2,"2.371749824314828",0.0036156411246402237,3,2,0,false,,,1.5849625007211563,1,0,false,,
3298,98,51,5,0.6,2,"1.8669616927119346",0.0014374096784696116,3,3,0.00015579400824956293,true,false,8.226347627997717,1.5849625007211563,2,0,false,,
3299,99,51,5,0.6,2,"4.3172369683402625",0.010736783704151768,3,2,0,false,,,1.5849625007211563,1,0,false,,
3301,101,51,5,0.6,2,"5.592377796188898",0.017002549799857505,3,2,0,false,,,1.5849625007211563,2,0,false,,
3303,103,51,5,0.6,2,"3.0920751259734307",0.01257300704397615,3,3,0.011696169843848012,true,false,0.0749678922104008,1.5849625007211563,3,0.010656256498637972,true,false,0.17987090922437599
3305,105,51,5,0.6,2,"9.486999297259311",0.009986471861682056,3,3,0.007187543416129734,true,false,0.38941377929922216,1.5849625007211563,2,0,false,,
3307,107,51,5,0.6,2,"3.3308660251665434",0.05081660337858482,3,2,0,false,,,1.5849625007211563,2,0,false,,
3314,114,51,5,0.6,2,"4.249291784702549",0.01689866293728397,3,2,0,false,,,1.5849625007211563,2,0,false,,
3316,116,51,5,0.6,2,"3.1645569620253164",0.011155665064073264,3,2,0,false,,,1.5849625007211563,2,0,false,,
3319,119,51,5,0.6,2,"4.103343465045592",0.012216151420023922,3,2,0,false,,,1.5849625007211563,2,0,false,,
3320,120,51,5,0.6,2,"2.6844303042354345",0.03412191374250659,3,2,0,false,,,1.5849625007211563,2,0,false,,
3323,123,51,5,0.6,2,"2.071187480822338",0.003552625907215347,3,2,0,false,,,1.5849625007211563,1,0,false,,
3331,131,51,5,0.6,2,"1.9477708844322608",0.0005990069029169736,3,3,0.0005742302526828135,true,false,0.04314758778103942,1.5849625007211563,1,0,false,,
3332,132,51,5,0.6,2,"3.458877786318216",0.017167141464903436,3,2,0,false,,,1.5849625007211563,2,0,false,,
3334,134,51,5,0.6,2,"2.4141630901287554",0.0015656091624930905,3,2,0,false,,,1.5849625007211563,1,0,false,,
3337,137,51,5,0.6,2,"3.609625668449198",0.03741814648499846,3,2,0,false,,,1.5849625007211563,2,0,false,,
3341,141,51,5,0.6,2,"4.51505016722408",0.000587729612084713,3,3,-0.0037229134829905885,true,false,1.1578681897309613,1.5849625007211563,1,0,false,,
3344,144,51,5,0.6,2,"4.775380261761585",0.021692190144309842,3,3,0.01592277056458521,true,false,0.3623376695860168,1.5849625007211563,2,0,false,,
3345,145,51,5,0.6,2,"2.6254375729288215",0.008006955733702638,3,3,0.007897387388112546,true,false,0.013873999109505335,1.5849625007211563,2,0,false,,
3346,146,51,5,0.6,2,"3.8681948424068757",0.03264510890124793,3,2,0,false,,,1.5849625007211563,2,0,false,,
3348,148,51,5,0.6,2,"2.7669604427136707",0.025197467603665008,3,3,0.02447585122614105,true,false,0.029482789826457467,1.5849625007211563,3,0.023212552452495948,true,false,0.08551042179575692
3353,153,51,5,0.6,2,"2.435943702634428",0.04336325113941837,3,2,0,false,,,1.5849625007211563,2,0,false,,
3355,155,51,5,0.6,2,"8.057296329453894",0.008971643351784395,3,2,0,false,,,1.5849625007211563,2,0,false,,
3359,159,51,5,0.6,2,"1.879961008216126",0.005116558830807419,3,3,0.004253980625830341,true,false,0.20276965996024254,1.5849625007211563,2,0,false,,
3360,160,51,5,0.6,2,"4.861361181130716",0.002548569721629824,3,3,-0.004337262300536382,true,false,1.5875987074414768,1.5849625007211563,1,0,false,,
3364,164,51,5,0.6,2,"3.9244186046511618",0.031073179454687017,3,2,0,false,,,1.5849625007211563,2,0,false,,
3367,167,51,5,0.6,2,"8.982035928143713",0.018745706891785754,3,2,0,false,,,1.5849625007211563,2,0,false,,
3374,174,51,5,0.6,2,"4.9504950495049505",0.02854085159453728,3,2,0,false,,,1.5849625007211563,2,0,false,,
3375,175,51,5,0.6,2,"3.7087912087912085",0.004873933350678483,3,2,0,false,,,1.5849625007211563,1,0,false,,
3378,178,51,5,0.6,2,"6.2183325656379544",0.021709415978368597,3,2,0,false,,,1.5849625007211563,2,0,false,,
3380,180,51,5,0.6,2,"2.632092025736011",0.009391996169456383,3,2,0,false,,,1.5849625007211563,2,0,false,,
3381,181,51,5,0.6,2,"2.17566478646253",0.020626586302327787,3,2,0,false,,,1.5849625007211563,2,0,false,,
3382,182,51,5,0.6,2,"9.64630225080386",0.003570480883855191,3,3,-0.022713104699758395,true,false,1.1571991557760561,1.5849625007211563,3,0,false,,
3387,187,51,5,0.6,2,"7.936507936507937",0.005252559570198991,3,3,-0.0007436240346876449,true,false,8.063461272342144,1.5849625007211563,3,0,false,,
3393,193,51,5,0.6,2,"1.2709470909433254",0.000739960296561687,3,3,-0.0018387188513770223,true,false,1.402432539377909,1.5849625007211563,3,-0.00041990486550125093,true,false,2.762209389211001
3395,195,51,5,0.6,2,"3.2902754082378745",0.01772102744976925,3,2,0,false,,,1.5849625007211563,2,0,false,,
3397,197,51,5,0.6,2,"2.8325639949643304",0.0186537546851731,3,2,0,false,,,1.5849625007211563,2,0,false,,
3403,3,51,5,0.6,3,"7.053291536050157",0.0017360918157331242,2,2,0,false,,,1.5849625007211563,2,0,false,,
3405,5,51,5,0.6,3,"6.346967559943582",0.019748784594558474,3,2,0,false,,,1.5849625007211563,2,0,false,,
3407,7,51,5,0.6,3,"5.834053586862576",0.012075509268577396,3,2,0,false,,,1.5849625007211563,2,0,false,,
3410,10,51,5,0.6,3,"1",0.01566416040100251,3,3,0.005443805768613129,true,false,1.8774282306903705,1.5849625007211563,3,0.009364020482332341,true,false,0.6728028767725379
3411,11,51,5,0.6,3,"11.363636363636365",0.002768679173641084,3,3,0,false,,,1.5849625007211563,1,0,false,,
3413,13,51,5,0.6,3,"6.097560975609756",0.01533334291464499,3,2,0,false,,,1.5849625007211563,2,0,false,,
3419,19,51,5,0.6,3,"8.934480476505627",0.006494401117375678,3,3,0,false,,,1.5849625007211563,1,0,false,,
3421,21,51,5,0.6,3,"1.838235294117647",0.01240538804273186,3,3,0.01145012352653122,true,false,0.08342831533539226,1.5849625007211563,2,0,false,,
3422,22,51,5,0.6,3,"5.710659898477157",0.003648868845668084,3,2,0,false,,,1.5849625007211563,1,0,false,,
3426,26,51,5,0.6,3,"2.8932704672096015",0.015215447144002378,3,2,0,false,,,1.5849625007211563,2,0,false,,
3429,29,51,5,0.6,3,"7.079181961195594",0.03526516076664389,3,2,0.01717216633639504,true,true,1.0536232922401987,1.5849625007211563,2,0.019631673317610128,true,true,0.7963400366391648
3432,32,51,5,0.6,3,"6.481036965914546",0.0014224953372771916,3,2,0,false,,,1.5849625007211563,1,0,false,,
3441,41,51,5,0.6,3,"7.421660252886201",0.008280553078268072,3,3,0,false,,,1.5849625007211563,3,0,false,,
3443,43,51,5,0.6,3,"5.592377796188898",0.0018406762289910718,3,2,0,false,,,1.5849625007211563,2,0,false,,
3449,49,51,5,0.6,3,"7.079181961195594",0.00450217533334945,4,2,0,false,,,1.5849625007211563,1,0,false,,
3454,54,51,5,0.6,3,"3.1645569620253164",0.008675694074723302,3,2,0,false,,,1.5849625007211563,2,0,false,,
3457,57,51,5,0.6,3,"4.534766543500169",0.003560039884397354,3,1,0,false,,,1.5849625007211563,1,0,false,,
3461,61,51,5,0.6,3,"2.5037091988130564",0.04524441823495491,3,2,0.0048025477748370494,true,true,8.42091996919074,1.5849625007211563,2,0.005358956624557224,true,true,7.442766270513183
3463,63,51,5,0.6,3,"2.039891205802357",0.022562567522579777,3,2,0,false,,,1.5849625007211563,2,0,false,,
3465,65,51,5,0.6,3,"7.736389684813753",0.003508742051754264,3,3,0,false,,,1.5849625007211563,1,0,false,,
3472,72,51,5,0.6,3,"3.0228392297357813",0.001972054224932162,3,1,0,false,,,1.5849625007211563,1,0,false,,
3475,75,51,5,0.6,3,"1",0.004645760743321719,3,3,0.0038202800866933913,true,false,0.2160785696063492,1.5849625007211563,3,0.00422680732402338,true,false,0.09911817293331192
3486,86,51,5,0.6,3,"2.7669604427136707",0.0025195235946339476,3,2,0,false,,,1.5849625007211563,1,0,false,,
3492,92,51,5,0.6,3,"3.0920751259734307",0.01224947874311072,3,4,0.0014143299513537265,true,true,7.660976691744473,1.5849625007211563,4,0.001799820265597383,true,true,5.805945558705532
3496,96,51,5,0.6,3,"3.2902754082378745",0.022373764864542907,3,2,0,false,,,1.5849625007211563,2,0,false,,
3497,97,51,5,0.6,3,"7.079181961195594",0.012604289265250089,3,3,0.0007394757209532282,true,false,16.0448993903443,1.5849625007211563,3,-0.002372108099333622,true,false,6.313539154809561
3498,98,51,5,0.6,3,"3.813559322033898",0.003312948830829289,2,4,0,false,,,1.5849625007211563,1,0,false,,
3501,101,51,5,0.6,3,"3.7468776019983348",0.005009604714990023,3,3,0.00397493489104696,true,false,0.2602985589206824,1.5849625007211563,3,0.0031776906786299018,true,false,0.5764922459822213
3502,102,51,5,0.6,3,"3.695592663564194",0.01207601542996392,3,2,0,false,,,1.5849625007211563,2,0,false,,
3504,104,51,5,0.6,3,"2.071187480822338",0.0069031074084470595,3,2,0,false,,,1.5849625007211563,2,0,false,,
3515,115,51,5,0.6,3,"14.594594594594591",0.0019333752089129477,3,3,0,false,,,1.5849625007211563,3,0,false,,
3516,116,51,5,0.6,3,"3.5037633013236436",0.0019015173303591755,3,1,0,false,,,1.5849625007211563,1,0,false,,
3519,119,51,5,0.6,3,"3.2902754082378745",0.018633596101550836,3,2,0,false,,,1.5849625007211563,2,0,false,,
3525,125,51,5,0.6,3,"3.597122302158273",0.0022839337248255075,3,1,0,false,,,1.5849625007211563,1,0,false,,
3533,133,51,5,0.6,3,"3.0228392297357813",0.0050767483789346535,3,3,0.004370159004128178,true,false,0.16168504947737847,1.5849625007211563,2,0,false,,
3539,139,51,5,0.6,3,"3.658536585365854",0.025222090449876482,3,2,0,false,,,1.5849625007211563,2,0,false,,
3541,141,51,5,0.6,3,"15.428571428571425",0.00009537553043921787,3,1,0,false,,,1.5849625007211563,1,0,false,,
3547,147,51,5,0.6,3,"8.057296329453894",0.0034559221498126854,3,2,0,false,,,1.5849625007211563,2,0,false,,
3553,153,51,5,0.6,3,"3.7996059667886293",0.0013416222661796354,3,3,-0.0006784568683269846,true,false,2.9774613963124272,1.5849625007211563,3,-0.002056152723660449,true,false,1.6524915443981336
3555,155,51,5,0.6,3,"5.138941758660068",0.00864673821997811,3,3,0.0013015215915128907,true,false,5.643561102914266,1.5849625007211563,3,-0.0017741290668069375,true,false,5.873793221561065
3568,168,51,5,0.6,3,"4.166666666666666",0.0035897329493318753,3,1,0,false,,,1.5849625007211563,1,0,false,,
3569,169,51,5,0.6,3,"4.44078947368421",0.0013778418254828074,3,3,-0.00029117497247038466,true,false,5.73200637332574,1.5849625007211563,3,-0.0012032120103888401,true,false,2.145136362990204
3570,170,51,5,0.6,3,"4.775380261761585",0.02460798187199936,3,2,0,false,,,1.5849625007211563,2,0,false,,
3571,171,51,5,0.6,3,"8.057296329453894",0.009750334316202012,3,2,0,false,,,1.5849625007211563,2,0,false,,
3574,174,51,5,0.6,3,"5.0675675675675675",0.026199043355054876,3,2,0,false,,,1.5849625007211563,2,0,false,,
3576,176,51,5,0.6,3,"2.862595419847328",0.004195086573410778,3,1,0,false,,,1.5849625007211563,1,0,false,,
3579,179,51,5,0.6,3,"4.368932038834951",0.004884635635723222,3,3,0.00035994792382324566,true,false,12.570395361196327,1.5849625007211563,3,-0.002141351539296568,true,false,3.2810993646226905
3580,180,51,5,0.6,3,"6.481036965914546",0.0088840519506584,3,2,0,false,,,1.5849625007211563,2,0,false,,
3581,181,51,5,0.6,3,"1.7321016166281755",0.018604917331377098,3,3,0.01654488742754002,true,false,0.12451156968333484,1.5849625007211563,2,0,false,,
3582,182,51,5,0.6,3,"2.2481265611990007",0.056717586742950125,3,2,0,false,,,1.5849625007211563,2,0,false,,
3583,183,51,5,0.6,3,"2.7669604427136707",0.010042926944893739,3,4,0,false,,,1.5849625007211563,4,0,false,,
3585,185,51,5,0.6,3,"8.681672025723472",0.0017301168282563043,4,1,0,false,,,1.5849625007211563,1,0,false,,
3586,186,51,5,0.6,3,"4.387390315242119",0.013715952817138447,3,2,0,false,,,1.5849625007211563,2,0,false,,
3599,199,51,5,0.6,3,"4.103343465045592",0.028241657062764075,3,2,0,false,,,1.5849625007211563,2,0,false,,
3600,200,51,5,0.6,3,"7.546115148127446",0.007233567722999775,3,1,0,false,,,1.5849625007211563,1,0,false,,
3601,1,51,5,0.7,1,"2.458120903131828",0.007647851609468292,3,2,0,false,,,1.5849625007211563,1,0,false,,
3602,2,51,5,0.7,1,"3.9823008849557513",0.024972878620974064,3,2,0,false,,,1.5849625007211563,2,0,false,,
3603,3,51,5,0.7,1,"5.834053586862576",0.011115787569116879,3,2,0,false,,,1.5849625007211563,2,0,false,,
3604,4,51,5,0.7,1,"2.795609857113274",0.021649857649293128,3,2,0,false,,,1.5849625007211563,2,0,false,,
3605,5,51,5,0.7,1,"3.609625668449198",0.037004166778694475,3,2,0,false,,,1.5849625007211563,2,0,false,,
3607,7,51,5,0.7,1,"2.862595419847328",0.0071823845613138695,3,2,0,false,,,1.5849625007211563,1,0,false,,
3608,8,51,5,0.7,1,"2.1933387489845653",0.0063558103712386856,3,2,0,false,,,1.5849625007211563,1,0,false,,
3609,9,51,5,0.7,1,"4.9504950495049505",0.018041338912772018,3,2,0,false,,,1.5849625007211563,2,0,false,,
3610,10,51,5,0.7,1,"3.597122302158273",0.014059857548339404,3,2,0,false,,,1.5849625007211563,2,0,false,,
3611,11,51,5,0.7,1,"2.956636005256242",0.0030505012034209604,3,2,0,false,,,1.5849625007211563,1,0,false,,
3612,12,51,5,0.7,1,"4.387390315242119",0.014607497091823712,3,2,0,false,,,1.5849625007211563,2,0,false,,
3613,13,51,5,0.7,1,"2.8852318871553755",0.027606825634927144,3,2,0,false,,,1.5849625007211563,2,0,false,,
3615,15,51,5,0.7,1,"5.369928400954653",0.04224398540103039,3,2,0,false,,,1.5849625007211563,2,0,false,,
3616,16,51,5,0.7,1,"2.956636005256242",0.005241098615530256,3,1,0,false,,,1.5849625007211563,1,0,false,,
3618,18,51,5,0.7,1,"5.0675675675675675",0.015404411326320377,3,2,0,false,,,1.5849625007211563,2,0,false,,
3619,19,51,5,0.7,1,"2.7388922702373706",0.006040883140465452,3,2,0,false,,,1.5849625007211563,1,0,false,,
3620,20,51,5,0.7,1,"4.04191616766467",0.024709001445901914,3,2,0,false,,,1.5849625007211563,2,0,false,,
3621,21,51,5,0.7,1,"2.824858757062147",0.01791077694021342,3,2,0,false,,,1.5849625007211563,2,0,false,,
3622,22,51,5,0.7,1,"3.0920751259734307",0.019962239109126628,3,2,0,false,,,1.5849625007211563,2,0,false,,
3624,24,51,5,0.7,1,"3.3308660251665434",0.006323330949739215,3,2,0,false,,,1.5849625007211563,1,0,false,,
3625,25,51,5,0.7,1,"2.4141630901287554",0.006358212248991803,3,2,0,false,,,1.5849625007211563,1,0,false,,
3626,26,51,5,0.7,1,"4.166666666666666",0.04617923858498527,3,2,0,false,,,1.5849625007211563,2,0,false,,
3627,27,51,5,0.7,1,"5.0675675675675675",0.03580032563791485,3,2,0,false,,,1.5849625007211563,2,0,false,,
3628,28,51,5,0.7,1,"2.5037091988130564",0.0031902327107006913,3,1,0,false,,,1.5849625007211563,1,0,false,,
3630,30,51,5,0.7,1,"1.7660910518053372",0.0013815616079813557,3,3,0.00003302009486856128,true,false,40.84002539910182,1.5849625007211563,1,0,false,,
3631,31,51,5,0.7,1,"3.3724706470147385",0.02596324869690561,3,2,0,false,,,1.5849625007211563,2,0,false,,
3632,32,51,5,0.7,1,"2.267002518891687",0.0013849363754386277,3,1,0,false,,,1.5849625007211563,1,0,false,,
3633,33,51,5,0.7,1,"1.8931426167437946",0.004069351253329497,3,3,0.003934838722418165,true,false,0.03418501758279615,1.5849625007211563,1,0,false,,
3634,34,51,5,0.7,1,"9.64630225080386",0.04468631755139451,3,2,0,false,,,1.5849625007211563,2,0,false,,
3635,35,51,5,0.7,1,"4.166666666666666",0.016155544254654618,3,2,0,false,,,1.5849625007211563,2,0,false,,
3636,36,51,5,0.7,1,"3.597122302158273",0.019334069356614747,3,2,0,false,,,1.5849625007211563,2,0,false,,
3637,37,51,5,0.7,1,"3.3308660251665434",0.024825792258258303,3,2,0,false,,,1.5849625007211563,2,0,false,,
3638,38,51,5,0.7,1,"4.3172369683402625",0.04937389012423612,3,2,0,false,,,1.5849625007211563,2,0,false,,
3639,39,51,5,0.7,1,"2.581755593803787",0.008671338867540493,3,2,0,false,,,1.5849625007211563,1,0,false,,
3640,40,51,5,0.7,1,"2.7669604427136707",0.02207480151478333,3,2,0,false,,,1.5849625007211563,2,0,false,,
3641,41,51,5,0.7,1,"4.103343465045592",0.04198896103402556,3,2,0,false,,,1.5849625007211563,2,0,false,,
3642,42,51,5,0.7,1,"2.956636005256242",0.006938059917590536,3,2,0,false,,,1.5849625007211563,1,0,false,,
3643,43,51,5,0.7,1,"3.7087912087912085",0.01465352804467528,3,2,0,false,,,1.5849625007211563,1,0,false,,
3645,45,51,5,0.7,1,"4.04191616766467",0.029127202225959818,3,2,0,false,,,1.5849625007211563,2,0,false,,
3646,46,51,5,0.7,1,"3.1278962001853565",0.009455733147519258,3,2,0,false,,,1.5849625007211563,1,0,false,,
3647,47,51,5,0.7,1,"3.813559322033898",0.03415993461303338,3,2,0,false,,,1.5849625007211563,2,0,false,,
3649,49,51,5,0.7,1,"2.6844303042354345",0.00339005527427545,3,1,0,false,,,1.5849625007211563,1,0,false,,
3652,52,51,5,0.7,1,"2.305721605465414",0.008134024666891337,3,2,0,false,,,1.5849625007211563,1,0,false,,
3654,54,51,5,0.7,1,"3.9244186046511618",0.02092013007553699,3,2,0,false,,,1.5849625007211563,2,0,false,,
3655,55,51,5,0.7,1,"6.481036965914546",0.029000041827034424,3,2,0,false,,,1.5849625007211563,2,0,false,,
3656,56,51,5,0.7,1,"4.166666666666666",0.02056952818703566,3,2,0,false,,,1.5849625007211563,2,0,false,,
3657,57,51,5,0.7,1,"3.7087912087912085",0.020726319809876326,3,2,0,false,,,1.5849625007211563,2,0,false,,
3658,58,51,5,0.7,1,"2.824858757062147",0.017296484538620566,3,2,0,false,,,1.5849625007211563,2,0,false,,
3659,59,51,5,0.7,1,"6.346967559943582",0.0209892845163493,3,2,0,false,,,1.5849625007211563,2,0,false,,
3661,61,51,5,0.7,1,"4.3172369683402625",0.03890325801618752,3,2,0,false,,,1.5849625007211563,2,0,false,,
3663,63,51,5,0.7,1,"3.8681948424068757",0.022861131042382184,3,2,0,false,,,1.5849625007211563,2,0,false,,
3664,64,51,5,0.7,1,"2.7113878288813016",0.01145392672394468,3,2,0,false,,,1.5849625007211563,1,0,false,,
3666,66,51,5,0.7,1,"4.9504950495049505",0.01825376702132094,3,2,0,false,,,1.5849625007211563,2,0,false,,
3667,67,51,5,0.7,1,"2.5271433919880195",0.013533052856429218,3,2,0,false,,,1.5849625007211563,1,0,false,,
3671,71,51,5,0.7,1,"2.9893711248892822",0.021335252424689755,3,2,0,false,,,1.5849625007211563,2,0,false,,
3672,72,51,5,0.7,1,"2.1933387489845653",0.009310553788633933,3,2,0,false,,,1.5849625007211563,1,0,false,,
3673,73,51,5,0.7,1,"3.2119914346895073",0.030472306276572752,3,2,0,false,,,1.5849625007211563,2,0,false,,
3674,74,51,5,0.7,1,"2.305721605465414",0.015889685287855233,3,2,0,false,,,1.5849625007211563,2,0,false,,
3675,75,51,5,0.7,1,"5.478896103896105",0.018095535736826086,3,2,0,false,,,1.5849625007211563,2,0,false,,
3677,77,51,5,0.7,1,"3.3308660251665434",0.012098399623889691,3,2,0,false,,,1.5849625007211563,1,0,false,,
3678,78,51,5,0.7,1,"2.3927685218007797",0.0024560864746844637,3,1,0,false,,,1.5849625007211563,1,0,false,,
3679,79,51,5,0.7,1,"4.974207811348563",0.02007330036307204,3,2,0,false,,,1.5849625007211563,2,0,false,,
3681,81,51,5,0.7,1,"4.3172369683402625",0.022038740444024464,3,2,0,false,,,1.5849625007211563,2,0,false,,
3682,82,51,5,0.7,1,"3.9244186046511618",0.024018875879679453,3,2,0,false,,,1.5849625007211563,2,0,false,,
3683,83,51,5,0.7,1,"3.5498290823034444",0.0163503183024417,3,2,0,false,,,1.5849625007211563,2,0,false,,
3684,84,51,5,0.7,1,"2.158273381294964",0.0034189729769141955,3,2,0,false,,,1.5849625007211563,1,0,false,,
3685,85,51,5,0.7,1,"3.9244186046511618",0.012885466582511548,3,2,0,false,,,1.5849625007211563,1,0,false,,
3686,86,51,5,0.7,1,"2.119974874371859",0.0017701784444605906,3,1,0,false,,,1.5849625007211563,1,0,false,,
3687,87,51,5,0.7,1,"6.620892594409023",0.03416105282625792,3,2,0,false,,,1.5849625007211563,2,0,false,,
3688,88,51,5,0.7,1,"2.7388922702373706",0.0155827827424361,3,2,0,false,,,1.5849625007211563,2,0,false,,
3689,89,51,5,0.7,1,"3.4151277510751323",0.009822228610296758,3,2,0,false,,,1.5849625007211563,1,0,false,,
3690,90,51,5,0.7,1,"4.4598612487611495",0.014335182194932827,3,2,0,false,,,1.5849625007211563,2,0,false,,
3692,92,51,5,0.7,1,"4.249291784702549",0.018985284603654357,3,2,0,false,,,1.5849625007211563,2,0,false,,
3693,93,51,5,0.7,1,"2.5510204081632653",0.006304910919950865,3,2,0,false,,,1.5849625007211563,1,0,false,,
3694,94,51,5,0.7,1,"3.057065217391304",0.016821204900718912,3,2,0,false,,,1.5849625007211563,1,0,false,,
3696,96,51,5,0.7,1,"2.7113878288813016",0.026027272751466275,3,2,0,false,,,1.5849625007211563,2,0,false,,
3697,97,51,5,0.7,1,"2.5510204081632653",0.006836462784209787,3,2,0,false,,,1.5849625007211563,1,0,false,,
3698,98,51,5,0.7,1,"2.6066808264143657",0.004639762838240414,3,1,0,false,,,1.5849625007211563,1,0,false,,
3699,99,51,5,0.7,1,"3.3724706470147385",0.024480017870157057,3,2,0,false,,,1.5849625007211563,2,0,false,,
3701,101,51,5,0.7,1,"2.3927685218007797",0.006455816529542421,3,2,0,false,,,1.5849625007211563,1,0,false,,
3702,102,51,5,0.7,1,"3.0228392297357813",0.03588557450054399,3,2,0,false,,,1.5849625007211563,2,0,false,,
3704,104,51,5,0.7,1,"2.956636005256242",0.0073449249615238025,3,2,0,false,,,1.5849625007211563,1,0,false,,
3707,107,51,5,0.7,1,"2.3457862728062553",0.003008912773842365,3,3,0.002797534893336711,true,false,0.07555862163118073,1.5849625007211563,1,0,false,,
3708,108,51,5,0.7,1,"2.5510204081632653",0.008230031198675285,3,2,0,false,,,1.5849625007211563,1,0,false,,
3709,109,51,5,0.7,1,"4.041916167664669",0.030457013105447087,3,2,0,false,,,1.5849625007211563,2,0,false,,
3710,110,51,5,0.7,1,"3.658536585365854",0.0316434709724634,3,2,0,false,,,1.5849625007211563,2,0,false,,
3711,111,51,5,0.7,1,"1.838235294117647",0.0009793669308738593,3,3,0.0001320002805694217,true,false,6.419430675821857,1.5849625007211563,1,0,false,,
3712,112,51,5,0.7,1,"4.3172369683402625",0.039591773565031595,3,2,0,false,,,1.5849625007211563,2,0,false,,
3714,114,51,5,0.7,1,"2.435943702634428",0.008365651710163152,3,2,0,false,,,1.5849625007211563,1,0,false,,
3715,115,51,5,0.7,1,"3.240518482957273",0.02205470185138755,3,2,0,false,,,1.5849625007211563,2,0,false,,
3716,116,51,5,0.7,1,"2.795609857113274",0.00892921247578147,3,3,0.007659757923738033,true,false,0.16573037486071518,1.5849625007211563,2,0,false,,
3718,118,51,5,0.7,1,"5.164498852333589",0.026056555717855034,3,2,0,false,,,1.5849625007211563,2,0,false,,
3719,119,51,5,0.7,1,"3.2902754082378745",0.02289160472455739,3,2,0,false,,,1.5849625007211563,2,0,false,,
3721,121,51,5,0.7,1,"2.267002518891687",0.002752300929406321,3,3,0.0025363131277724676,true,false,0.08515817675223171,1.5849625007211563,1,0,false,,
3723,123,51,5,0.7,1,"2.3510971786833856",0.005236063986894464,3,2,0,false,,,1.5849625007211563,1,0,false,,
3724,124,51,5,0.7,1,"2.6844303042354345",0.0242291430468622,3,2,0,false,,,1.5849625007211563,2,0,false,,
3725,125,51,5,0.7,1,"2.9246100519930676",0.013240151182357829,3,2,0,false,,,1.5849625007211563,1,0,false,,
3726,126,51,5,0.7,1,"2.5271433919880195",0.003706345184345217,3,1,0,false,,,1.5849625007211563,1,0,false,,
3727,127,51,5,0.7,1,"2.7113878288813016",0.010035818610269552,3,2,0,false,,,1.5849625007211563,1,0,false,,
3728,128,51,5,0.7,1,"2.7113878288813016",0.002963653881509736,3,1,0,false,,,1.5849625007211563,1,0,false,,
3729,129,51,5,0.7,1,"3.2020872865275143",0.019387960877843446,3,2,0,false,,,1.5849625007211563,2,0,false,,
3731,131,51,5,0.7,1,"3.458877786318216",0.017198011358526402,3,2,0,false,,,1.5849625007211563,2,0,false,,
3732,132,51,5,0.7,1,"2.5037091988130564",0.0017778111400069178,3,1,0,false,,,1.5849625007211563,1,0,false,,
3733,133,51,5,0.7,1,"5.0675675675675675",0.05067925002093796,3,2,0,false,,,1.5849625007211563,2,0,false,,
3734,134,51,5,0.7,1,"3.813559322033898",0.029439663135505514,3,2,0,false,,,1.5849625007211563,2,0,false,,
3736,136,51,5,0.7,1,"2.956636005256242",0.018960939427219773,3,2,0,false,,,1.5849625007211563,2,0,false,,
3737,137,51,5,0.7,1,"3.2119914346895073",0.040331738584558366,3,2,0,false,,,1.5849625007211563,2,0,false,,
3738,138,51,5,0.7,1,"8.403361344537814",0.04469398021006961,3,2,0,false,,,1.5849625007211563,2,0,false,,
3740,140,51,5,0.7,1,"3.0228392297357813",0.005031251703564564,3,1,0,false,,,1.5849625007211563,1,0,false,,
3742,142,51,5,0.7,1,"5.0675675675675675",0.01842395284568178,3,2,0,false,,,1.5849625007211563,2,0,false,,
3743,143,51,5,0.7,1,"2.286198137171888",0.0003000176153406687,3,3,0.00012697423783108162,true,false,1.3628227305431269,1.5849625007211563,1,0,false,,
3745,145,51,5,0.7,1,"3.4151277510751323",0.029614088662241085,3,2,0,false,,,1.5849625007211563,2,0,false,,
3746,146,51,5,0.7,1,"4.103343465045592",0.03032519271868074,3,2,0,false,,,1.5849625007211563,2,0,false,,
3747,147,51,5,0.7,1,"5.0675675675675675",0.022845856355959027,3,2,0,false,,,1.5849625007211563,2,0,false,,
3748,148,51,5,0.7,1,"2.17566478646253",0.007125851432954774,3,2,0,false,,,1.5849625007211563,1,0,false,,
3749,149,51,5,0.7,1,"2.458120903131828",0.011355803630303918,3,2,0,false,,,1.5849625007211563,1,0,false,,
3750,150,51,5,0.7,1,"4.103343465045592",0.044377619041697125,3,2,0,false,,,1.5849625007211563,2,0,false,,
3751,151,51,5,0.7,1,"1.8669616927119346",0.0018620990131568706,3,3,0.0017083507889714912,true,false,0.08999804090466879,1.5849625007211563,1,0,false,,
3752,152,51,5,0.7,1,"3.760445682451253",0.030739511073247953,3,2,0,false,,,1.5849625007211563,2,0,false,,
3753,153,51,5,0.7,1,"8.22669104204753",0.028277324027339817,3,2,0,false,,,1.5849625007211563,2,0,false,,
3754,154,51,5,0.7,1,"1.9200682690940125",0.00019027501893861148,3,3,0.00011567403712742786,true,false,0.6449241650397514,1.5849625007211563,1,0,false,,
3757,157,51,5,0.7,1,"3.0228392297357813",0.006763296808736234,3,3,0.004650381452356188,true,false,0.4543531273782936,1.5849625007211563,1,0,false,,
3758,158,51,5,0.7,1,"4.249291784702549",0.021543441209702762,3,2,0,false,,,1.5849625007211563,2,0,false,,
3760,160,51,5,0.7,1,"5.164498852333589",0.022915503984827553,3,2,0,false,,,1.5849625007211563,2,0,false,,
3761,161,51,5,0.7,1,"3.2798833819241984",0.018620097251697755,3,2,0,false,,,1.5849625007211563,2,0,false,,
3762,162,51,5,0.7,1,"3.695592663564194",0.03520234736279513,3,2,0,false,,,1.5849625007211563,2,0,false,,
3764,164,51,5,0.7,1,"2.9246100519930676",0.033555794311954136,3,2,0,false,,,1.5849625007211563,2,0,false,,
3765,165,51,5,0.7,1,"4.534766543500169",0.01968440657512973,3,2,0,false,,,1.5849625007211563,2,0,false,,
3767,167,51,5,0.7,1,"2.632092025736011",0.008915071656547697,3,2,0,false,,,1.5849625007211563,1,0,false,,
3768,168,51,5,0.7,1,"3.658536585365854",0.011655956109163436,3,2,0,false,,,1.5849625007211563,1,0,false,,
3769,169,51,5,0.7,1,"6.346967559943582",0.035167287482701606,3,2,0,false,,,1.5849625007211563,2,0,false,,
3770,170,51,5,0.7,1,"6.2183325656379544",0.0260583089241573,3,2,0,false,,,1.5849625007211563,2,0,false,,
3771,171,51,5,0.7,1,"2.371749824314828",0.006478183781932345,3,2,0,false,,,1.5849625007211563,1,0,false,,
3774,174,51,5,0.7,1,"1.9338203695745597",0.005530899432812949,3,3,0.005453646542776509,true,false,0.014165364299005341,1.5849625007211563,1,0,false,,
3776,176,51,5,0.7,1,"2.8932704672096015",0.014909817685727208,3,2,0,false,,,1.5849625007211563,2,0,false,,
3777,177,51,5,0.7,1,"2.6066808264143657",0.01941069345138724,3,2,0,false,,,1.5849625007211563,2,0,false,,
3778,178,51,5,0.7,1,"2.8325639949643304",0.005104138727800005,3,1,0,false,,,1.5849625007211563,1,0,false,,
3780,180,51,5,0.7,1,"2.039891205802357",0.0021754861191729535,3,2,0,false,,,1.5849625007211563,1,0,false,,
3781,181,51,5,0.7,1,"3.2119914346895073",0.033586458884250575,3,2,0,false,,,1.5849625007211563,2,0,false,,
3782,182,51,5,0.7,1,"4.04191616766467",0.013022697856952458,3,2,0,false,,,1.5849625007211563,1,0,false,,
3783,183,51,5,0.7,1,"3.597122302158273",0.02181887757953585,3,2,0,false,,,1.5849625007211563,2,0,false,,
3784,184,51,5,0.7,1,"6.7669172932330826",0.02747390941440452,3,2,0,false,,,1.5849625007211563,2,0,false,,
3786,186,51,5,0.7,1,"2.862595419847328",0.026261349601579942,3,2,0,false,,,1.5849625007211563,2,0,false,,
3787,187,51,5,0.7,1,"2.7669604427136707",0.006245355372167034,3,2,0,false,,,1.5849625007211563,1,0,false,,
3788,188,51,5,0.7,1,"3.9823008849557513",0.017909874128623174,3,2,0,false,,,1.5849625007211563,2,0,false,,
3789,189,51,5,0.7,1,"2.009526644834772",0.002202708952706356,3,2,0,false,,,1.5849625007211563,1,0,false,,
3790,190,51,5,0.7,1,"2.854726157750053",0.009232917688850963,3,3,0.007599273103315368,true,false,0.21497379595725777,1.5849625007211563,1,0,false,,
3791,191,51,5,0.7,1,"2.1933387489845653",0.018182964368562843,3,2,0,false,,,1.5849625007211563,2,0,false,,
3794,194,51,5,0.7,1,"3.2902754082378745",0.019515321272516803,3,2,0,false,,,1.5849625007211563,2,0,false,,
3795,195,51,5,0.7,1,"2.581755593803787",0.016793137702964256,3,2,0,false,,,1.5849625007211563,2,0,false,,
3796,196,51,5,0.7,1,"5.164498852333589",0.02014605763496444,3,2,0,false,,,1.5849625007211563,2,0,false,,
3797,197,51,5,0.7,1,"2.824858757062147",0.00884657551121399,3,2,0,false,,,1.5849625007211563,1,0,false,,
3798,198,51,5,0.7,1,"2.4085637823371986",0.012678939556441537,3,2,0,false,,,1.5849625007211563,2,0,false,,
3800,200,51,5,0.7,1,"2.956636005256242",0.0042232780958272875,3,1,0,false,,,1.5849625007211563,1,0,false,,
3801,1,51,5,0.7,2,"3.5037633013236436",0.006639601496416123,3,2,0,false,,,1.5849625007211563,1,0,false,,
3803,3,51,5,0.7,2,"5.478896103896105",0.013517113520189425,3,2,0,false,,,1.5849625007211563,2,0,false,,
3804,4,51,5,0.7,2,"5.164498852333589",0.004583049187852797,3,2,0,false,,,1.5849625007211563,2,0,false,,
3805,5,51,5,0.7,2,"5.834053586862576",0.005495846853889786,3,2,0,false,,,1.5849625007211563,1,0,false,,
3807,7,51,5,0.7,2,"6.481036965914546",0.015054611199017943,3,2,0,false,,,1.5849625007211563,1,0,false,,
3808,8,51,5,0.7,2,"4.692387904066736",0.02922233019758429,3,2,0,false,,,1.5849625007211563,2,0,false,,
3814,14,51,5,0.7,2,"7.936507936507937",0.030487680237004912,3,2,0,false,,,1.5849625007211563,2,0,false,,
3817,17,51,5,0.7,2,"4.2993630573248405",0.015687079449257856,3,2,0,false,,,1.5849625007211563,1,0,false,,
3819,19,51,5,0.7,2,"5.265210608424336",0.01775869975425977,3,2,0,false,,,1.5849625007211563,1,0,false,,
3821,21,51,5,0.7,2,"2.862595419847328",0.005768129213669544,3,2,0,false,,,1.5849625007211563,1,0,false,,
3822,22,51,5,0.7,2,"7.364975450081833",0.004174975878936119,3,1,0,false,,,1.5849625007211563,1,0,false,,
3825,25,51,5,0.7,2,"5.342303126236644",0.01588992175353454,3,1,0,false,,,1.5849625007211563,1,0,false,,
3829,29,51,5,0.7,2,"12.396694214876034",0.0012116285035927228,3,1,0,false,,,1.5849625007211563,1,0,false,,
3830,30,51,5,0.7,2,"5.710659898477157",0.018164814427076115,3,2,0,false,,,1.5849625007211563,2,0,false,,
3831,31,51,5,0.7,2,"2.6580035440047256",0.006841371147813238,3,2,0,false,,,1.5849625007211563,1,0,false,,
3834,34,51,5,0.7,2,"4.103343465045592",0.012022677104036402,3,2,0,false,,,1.5849625007211563,1,0,false,,
3837,37,51,5,0.7,2,"4.387390315242119",0.02178014589652823,3,2,0,false,,,1.5849625007211563,2,0,false,,
3840,40,51,5,0.7,2,"5.265210608424336",0.002215064460571304,3,1,0,false,,,1.5849625007211563,1,0,false,,
3842,42,51,5,0.7,2,"2.3927685218007797",0.004147358008623223,3,2,0,false,,,1.5849625007211563,1,0,false,,
3843,43,51,5,0.7,2,"3.9823008849557513",0.005614245594537196,3,1,0,false,,,1.5849625007211563,1,0,false,,
3844,44,51,5,0.7,2,"6.2183325656379544",0.008365772037749004,3,2,0,false,,,1.5849625007211563,1,0,false,,
3852,52,51,5,0.7,2,"2.6066808264143657",0.008770351222983924,3,2,0,false,,,1.5849625007211563,2,0,false,,
3854,54,51,5,0.7,2,"7.364975450081833",0.01882024373109753,3,2,0,false,,,1.5849625007211563,2,0,false,,
3856,56,51,5,0.7,2,"6.346967559943582",0.017460140125010973,3,2,0,false,,,1.5849625007211563,1,0,false,,
3857,57,51,5,0.7,2,"2.6844303042354345",0.0078771083064929,3,2,0,false,,,1.5849625007211563,1,0,false,,
3860,60,51,5,0.7,2,"3.0228392297357813",0.003148766311591558,3,1,0,false,,,1.5849625007211563,1,0,false,,
3863,63,51,5,0.7,2,"7.246376811594202",0.012677273043439343,3,2,0,false,,,1.5849625007211563,2,0,false,,
3867,67,51,5,0.7,2,"8.78048780487805",0.022485319388846455,3,2,0,false,,,1.5849625007211563,2,0,false,,
3868,68,51,5,0.7,2,"4.4598612487611495",0.005889332033751008,3,2,0,false,,,1.5849625007211563,2,0,false,,
3871,71,51,5,0.7,2,"5.450141299959628",0.030779756680895727,3,2,0,false,,,1.5849625007211563,2,0,false,,
3872,72,51,5,0.7,2,"9.890109890109892",0.011800180228034867,3,2,0,false,,,1.5849625007211563,1,0,false,,
3873,73,51,5,0.7,2,"3.0920751259734307",0.01618948932054922,3,2,0,false,,,1.5849625007211563,1,0,false,,
3875,75,51,5,0.7,2,"2.824858757062147",0.00935131066122191,3,2,0,false,,,1.5849625007211563,1,0,false,,
3876,76,51,5,0.7,2,"2.1034590215020255",0.0003625441993810063,3,1,0,false,,,1.5849625007211563,1,0,false,,
3878,78,51,5,0.7,2,"3.1278962001853565",0.0023759827161646775,3,1,0,false,,,1.5849625007211563,1,0,false,,
3879,79,51,5,0.7,2,"3.658536585365854",0.01326059063399323,3,2,0,false,,,1.5849625007211563,1,0,false,,
3883,83,51,5,0.7,2,"19.285714285714285",0.00020955705894655925,3,1,0,false,,,1.5849625007211563,1,0,false,,
3884,84,51,5,0.7,2,"4.861361181130716",0.029140483505951012,3,2,0,false,,,1.5849625007211563,2,0,false,,
3886,86,51,5,0.7,2,"6.7669172932330826",0.03196543295446109,3,2,0,false,,,1.5849625007211563,2,0,false,,
3887,87,51,5,0.7,2,"7.736389684813753",0.0007732848666259757,3,1,0,false,,,1.5849625007211563,1,0,false,,
3890,90,51,5,0.7,2,"6.385998107852411",0.019439561569300923,3,2,0,false,,,1.5849625007211563,1,0,false,,
3893,93,51,5,0.7,2,"4.9504950495049505",0.0024156975377436695,3,1,0,false,,,1.5849625007211563,1,0,false,,
3895,95,51,5,0.7,2,"4.612230953194397",0.017112340886994894,3,2,0,false,,,1.5849625007211563,2,0,false,,
3899,99,51,5,0.7,2,"5.710659898477157",0.007604784412031104,3,1,0,false,,,1.5849625007211563,1,0,false,,
3904,104,51,5,0.7,2,"6.238447319778189",0.00016524606151084603,3,1,0,false,,,1.5849625007211563,1,0,false,,
3908,108,51,5,0.7,2,"9.193054136874363",0.020111632813037555,3,2,0,false,,,1.5849625007211563,2,0,false,,
3910,110,51,5,0.7,2,"4.9504950495049505",0.009423679061103389,3,1,0,false,,,1.5849625007211563,1,0,false,,
3913,113,51,5,0.7,2,"4.534766543500169",0.011283581175513448,3,2,0,false,,,1.5849625007211563,1,0,false,,
3914,114,51,5,0.7,2,"4.4598612487611495",0.0059825511815870674,3,2,0,false,,,1.5849625007211563,1,0,false,,
3916,116,51,5,0.7,2,"6.2183325656379544",0.006195318060826207,3,1,0,false,,,1.5849625007211563,1,0,false,,
3917,117,51,5,0.7,2,"4.612230953194397",0.010234674828335046,3,1,0,false,,,1.5849625007211563,1,0,false,,
3918,118,51,5,0.7,2,"3.9244186046511618",0.0038543320273194404,3,1,0,false,,,1.5849625007211563,1,0,false,,
3921,121,51,5,0.7,2,"7.079181961195594",0.009739242461662462,3,2,0,false,,,1.5849625007211563,1,0,false,,
3925,125,51,5,0.7,2,"4.183452122714595",0.0155724768405162,3,2,0,false,,,1.5849625007211563,2,0,false,,
3927,127,51,5,0.7,2,"3.0228392297357813",0.0027665503862384817,3,3,0.0016952030520024975,true,false,0.6319876152714747,1.5849625007211563,1,0,false,,
3930,130,51,5,0.7,2,"8.403361344537814",0.01704857512964265,3,2,0,false,,,1.5849625007211563,2,0,false,,
3931,131,51,5,0.7,2,"6.620892594409023",0.016171078154721262,3,2,0,false,,,1.5849625007211563,1,0,false,,
3936,136,51,5,0.7,2,"4.2993630573248405",0.019176186731111454,3,2,0,false,,,1.5849625007211563,2,0,false,,
3938,138,51,5,0.7,2,"3.0920751259734307",0.0034347895446141087,3,2,0,false,,,1.5849625007211563,1,0,false,,
3940,140,51,5,0.7,2,"5.478896103896105",0.0069401008090871396,3,1,0,false,,,1.5849625007211563,1,0,false,,
3945,145,51,5,0.7,2,"3.9244186046511618",0.0151796606922569,3,2,0,false,,,1.5849625007211563,2,0,false,,
3949,149,51,5,0.7,2,"2.8932704672096015",0.010315302009041964,3,2,0,false,,,1.5849625007211563,1,0,false,,
3950,150,51,5,0.7,2,"7.079181961195594",0.015418902771127577,3,2,0,false,,,1.5849625007211563,1,0,false,,
3952,152,51,5,0.7,2,"6.620892594409023",0.0274573054533213,3,2,0,false,,,1.5849625007211563,2,0,false,,
3954,154,51,5,0.7,2,"5.9628975265017665",0.022340107841069125,3,2,0,false,,,1.5849625007211563,2,0,false,,
3955,155,51,5,0.7,2,"3.0920751259734307",0.0032421816776076863,3,1,0,false,,,1.5849625007211563,1,0,false,,
3957,157,51,5,0.7,2,"3.1645569620253164",0.015082535374025662,3,2,0,false,,,1.5849625007211563,2,0,false,,
3958,158,51,5,0.7,2,"4.861361181130716",0.019191926957844805,3,2,0,false,,,1.5849625007211563,2,0,false,,
3959,159,51,5,0.7,2,"3.9823008849557513",0.022712873844286285,3,2,0,false,,,1.5849625007211563,2,0,false,,
3962,162,51,5,0.7,2,"4.9504950495049505",0.014928847161344436,3,2,0,false,,,1.5849625007211563,1,0,false,,
3966,166,51,5,0.7,2,"3.597122302158273",0.0390532183762525,3,2,0,false,,,1.5849625007211563,2,0,false,,
3967,167,51,5,0.7,2,"3.7087912087912085",0.01723091583738718,3,2,0,false,,,1.5849625007211563,1,0,false,,
3969,169,51,5,0.7,2,"5.834053586862576",0.04799956953562057,3,2,0,false,,,1.5849625007211563,2,0,false,,
3971,171,51,5,0.7,2,"11.363636363636365",0.0027930147318912914,3,1,0,false,,,1.5849625007211563,1,0,false,,
3972,172,51,5,0.7,2,"4.103343465045592",0.016923712902231988,3,2,0,false,,,1.5849625007211563,1,0,false,,
3975,175,51,5,0.7,2,"6.7669172932330826",0.01956838870174003,3,1,0,false,,,1.5849625007211563,1,0,false,,
3978,178,51,5,0.7,2,"6.097560975609756",0.005621163207749724,3,2,0,false,,,1.5849625007211563,1,0,false,,
3979,179,51,5,0.7,2,"2.5510204081632653",0.0019353819682201392,3,1,0,false,,,1.5849625007211563,1,0,false,,
3981,181,51,5,0.7,2,"6.873727087576376",0.00258686387309133,3,1,0,false,,,1.5849625007211563,1,0,false,,
3984,184,51,5,0.7,2,"2.862595419847328",0.015648778442761437,3,2,0,false,,,1.5849625007211563,1,0,false,,
3985,185,51,5,0.7,2,"3.458877786318216",0.022867036531023066,3,2,0,false,,,1.5849625007211563,2,0,false,,
3986,186,51,5,0.7,2,"5.592377796188898",0.0035973406365560623,3,1,0,false,,,1.5849625007211563,1,0,false,,
3987,187,51,5,0.7,2,"5.9628975265017665",0.014965005952448504,3,1,0,false,,,1.5849625007211563,1,0,false,,
3988,188,51,5,0.7,2,"6.097560975609756",0.030462348460768465,3,2,0,false,,,1.5849625007211563,2,0,false,,
3989,189,51,5,0.7,2,"3.240518482957273",0.02180325328241626,3,2,0,false,,,1.5849625007211563,2,0,false,,
3991,191,51,5,0.7,2,"5.834053586862576",0.010487633326862894,3,2,0,false,,,1.5849625007211563,2,0,false,,
3992,192,51,5,0.7,2,"3.9244186046511618",0.025698999644853546,3,2,0,false,,,1.5849625007211563,2,0,false,,
3993,193,51,5,0.7,2,"6.481036965914546",0.0051414302345192415,3,1,0,false,,,1.5849625007211563,1,0,false,,
3994,194,51,5,0.7,2,"5.238649592549476",0.003010533839054387,3,1,0,false,,,1.5849625007211563,1,0,false,,
3995,195,51,5,0.7,2,"5.369928400954653",0.02511844074927394,3,2,0,false,,,1.5849625007211563,2,0,false,,
3996,196,51,5,0.7,2,"4.775380261761585",0.007813352626262458,3,1,0,false,,,1.5849625007211563,1,0,false,,
3998,198,51,5,0.7,2,"5.042958535674262",0.018376467269674634,3,2,0,false,,,1.5849625007211563,2,0,false,,
4007,7,51,5,0.7,3,"2.458120903131828",0.008325702719233954,3,2,0,false,,,1.5849625007211563,2,0,false,,
4023,23,51,5,0.7,3,"3.1278962001853565",0.013531397646587479,3,2,0,false,,,1.5849625007211563,2,0,false,,
4036,36,51,5,0.7,3,"4.692387904066736",0.0017727225672656544,3,1,0,false,,,1.5849625007211563,1,0,false,,
4045,45,51,5,0.7,3,"5.592377796188898",0.0016332910850667766,3,1,0,false,,,1.5849625007211563,1,0,false,,
4046,46,51,5,0.7,3,"4.103343465045592",0.0052298669070898465,3,1,0,false,,,1.5849625007211563,1,0,false,,
4048,48,51,5,0.7,3,"6.7669172932330826",0.0024114961753909673,3,2,0,false,,,1.5849625007211563,2,0,false,,
4049,49,51,5,0.7,3,"2.158273381294964",0.0034096861195297033,3,2,0,false,,,1.5849625007211563,2,0,false,,
4051,51,51,5,0.7,3,"9.890109890109892",0.002857571023670221,3,1,0,false,,,1.5849625007211563,1,0,false,,
4054,54,51,5,0.7,3,"4.041916167664669",0.0015286341730309941,3,1,0,false,,,1.5849625007211563,1,0,false,,
4056,56,51,5,0.7,3,"4.9504950495049505",0.0002477934367479847,3,1,0,false,,,1.5849625007211563,1,0,false,,
4059,59,51,5,0.7,3,"20",0.00003866986352403305,2,1,0,false,,,1.5849625007211563,1,0,false,,
4061,61,51,5,0.7,3,"13.6986301369863",0.0008628756349134403,3,1,0,false,,,1.5849625007211563,1,0,false,,
4062,62,51,5,0.7,3,"4.387390315242119",0.01582884909862952,3,2,0,false,,,1.5849625007211563,2,0,false,,
4068,68,51,5,0.7,3,"4.9504950495049505",0.005607250385347413,3,1,0,false,,,1.5849625007211563,1,0,false,,
4070,70,51,5,0.7,3,"6.919528446950282",0.002275035718733671,3,1,0,false,,,1.5849625007211563,1,0,false,,
4071,71,51,5,0.7,3,"3.9823008849557513",0.001038471859435311,3,1,0,false,,,1.5849625007211563,1,0,false,,
4074,74,51,5,0.7,3,"4.041916167664669",0.004108248959900275,3,2,0,false,,,1.5849625007211563,1,0,false,,
4077,77,51,5,0.7,3,"9.64630225080386",0.0017194236372867408,3,1,0,false,,,1.5849625007211563,1,0,false,,
4087,87,51,5,0.7,3,"4.9504950495049505",0.0007736177405339,2,1,0,false,,,1.5849625007211563,1,0,false,,
4092,92,51,5,0.7,3,"4.3172369683402625",0.007645256247721298,3,1,0,false,,,1.5849625007211563,1,0,false,,
4093,93,51,5,0.7,3,"12.064343163538874",0.0024769956952489874,3,1,0,false,,,1.5849625007211563,1,0,false,,
4099,99,51,5,0.7,3,"4.775380261761585",0.0044604996997745575,3,2,0,false,,,1.5849625007211563,1,0,false,,
4101,101,51,5,0.7,3,"6.873727087576374",0.01704562027885447,3,2,0,false,,,1.5849625007211563,2,0,false,,
4103,103,51,5,0.7,3,"4.249291784702549",0.014040636350634817,3,2,0,false,,,1.5849625007211563,2,0,false,,
4107,107,51,5,0.7,3,"6.346967559943582",0.003929256258470618,3,1,0,false,,,1.5849625007211563,1,0,false,,
4117,117,51,5,0.7,3,"6.919528446950282",0.005714619341664746,3,2,0,false,,,1.5849625007211563,2,0,false,,
4122,122,51,5,0.7,3,"5.679427850231384",0.005179067561720619,2,2,-0.013080513582035023,true,false,1.3959376311365659,1.5849625007211563,2,0,false,,
4123,123,51,5,0.7,3,"11.363636363636365",0.0031869679758661324,3,1,0,false,,,1.5849625007211563,1,0,false,,
4126,126,51,5,0.7,3,"4.387390315242119",0.012556337090509245,3,1,0,false,,,1.5849625007211563,1,0,false,,
4135,135,51,5,0.7,3,"3.658536585365854",0.0020007965867887634,3,1,0,false,,,1.5849625007211563,1,0,false,,
4139,139,51,5,0.7,3,"7.246376811594202",0.005792434486072478,3,1,0,false,,,1.5849625007211563,1,0,false,,
4143,143,51,5,0.7,3,"3.7087912087912085",0.002728110046691937,3,1,0,false,,,1.5849625007211563,1,0,false,,
4146,146,51,5,0.7,3,"5.9628975265017665",0.006340274236757696,3,2,0,false,,,1.5849625007211563,2,0,false,,
4148,148,51,5,0.7,3,"5.834053586862576",0.001922361460898823,3,2,0,false,,,1.5849625007211563,2,0,false,,
4157,157,51,5,0.7,3,"7.936507936507937",0.005770254072474445,3,1,0,false,,,1.5849625007211563,1,0,false,,
4176,176,51,5,0.7,3,"3.2902754082378745",0.0003315803473884526,3,1,0,false,,,1.5849625007211563,1,0,false,,
4177,177,51,5,0.7,3,"5.450141299959628",0.02086369082262612,3,2,0,false,,,1.5849625007211563,2,0,false,,
4179,179,51,5,0.7,3,"3.9823008849557513",0.00203008528190326,3,1,0,false,,,1.5849625007211563,1,0,false,,
4184,184,51,5,0.7,3,"4.103343465045592",0.010385951475395715,3,1,0,false,,,1.5849625007211563,1,0,false,,
4185,185,51,5,0.7,3,"3.1278962001853565",0.0017698977998367217,3,1,0,false,,,1.5849625007211563,1,0,false,,
4187,187,51,5,0.7,3,"6.481036965914546",0.0048747497446035605,3,1,0,false,,,1.5849625007211563,1,0,false,,
4188,188,51,5,0.7,3,"5.478896103896105",0.01069053977158225,3,2,0,false,,,1.5849625007211563,2,0,false,,
4199,199,51,5,0.7,3,"16.363636363636363",0.0028181751801450343,2,2,0,false,,,1.5849625007211563,2,0,false,,
4201,1,51,5,0.8,1,"5.0675675675675675",0.0460901538885162,3,2,0,false,,,1.5849625007211563,2,0,false,,
4202,2,51,5,0.8,1,"4.103343465045592",0.009431187586303824,3,1,0,false,,,1.5849625007211563,1,0,false,,
4203,3,51,5,0.8,1,"6.7669172932330826",0.021808041124224457,3,2,0,false,,,1.5849625007211563,1,0,false,,
4204,4,51,5,0.8,1,"3.3308660251665434",0.0023255892997828785,3,1,0,false,,,1.5849625007211563,1,0,false,,
4205,5,51,5,0.8,1,"3.760445682451253",0.010420846681291599,3,1,0,false,,,1.5849625007211563,1,0,false,,
4206,6,51,5,0.8,1,"7.936507936507937",0.013397350213384248,3,2,0,false,,,1.5849625007211563,1,0,false,,
4207,7,51,5,0.8,1,"5.164498852333589",0.011618257475092002,3,1,0,false,,,1.5849625007211563,1,0,false,,
4208,8,51,5,0.8,1,"4.4598612487611495",0.010449913849227062,3,1,0,false,,,1.5849625007211563,1,0,false,,
4209,9,51,5,0.8,1,"3.8681948424068757",0.014030920163850326,3,1,0,false,,,1.5849625007211563,1,0,false,,
4210,10,51,5,0.8,1,"4.317236968340262",0.027398881560897904,3,2,0,false,,,1.5849625007211563,1,0,false,,
4211,11,51,5,0.8,1,"5.369928400954653",0.05794782870306719,3,2,0,false,,,1.5849625007211563,2,0,false,,
4212,12,51,5,0.8,1,"5.265210608424336",0.02593584214650356,3,2,0,false,,,1.5849625007211563,1,0,false,,
4213,13,51,5,0.8,1,"4.612230953194397",0.020955780056102668,3,1,0,false,,,1.5849625007211563,1,0,false,,
4214,14,51,5,0.8,1,"4.4598612487611495",0.012001872107903735,3,1,0,false,,,1.5849625007211563,1,0,false,,
4215,15,51,5,0.8,1,"4.04191616766467",0.003599868264408656,3,1,0,false,,,1.5849625007211563,1,0,false,,
4216,16,51,5,0.8,1,"4.166666666666666",0.01344366299370831,3,2,0,false,,,1.5849625007211563,1,0,false,,
4220,20,51,5,0.8,1,"4.692387904066736",0.03756282383227927,3,2,0,false,,,1.5849625007211563,2,0,false,,
4222,22,51,5,0.8,1,"5.0675675675675675",0.01243416198335201,3,1,0,false,,,1.5849625007211563,1,0,false,,
4223,23,51,5,0.8,1,"3.813559322033898",0.008665362730648994,3,1,0,false,,,1.5849625007211563,1,0,false,,
4225,25,51,5,0.8,1,"5.478896103896105",0.02466886085977376,3,2,0,false,,,1.5849625007211563,1,0,false,,
4227,27,51,5,0.8,1,"5.834053586862576",0.03967007224061259,3,2,0,false,,,1.5849625007211563,2,0,false,,
4230,30,51,5,0.8,1,"5.9628975265017665",0.011342255176488398,3,2,0,false,,,1.5849625007211563,1,0,false,,
4231,31,51,5,0.8,1,"5.369928400954653",0.01343299728416489,3,2,0,false,,,1.5849625007211563,1,0,false,,
4232,32,51,5,0.8,1,"4.387390315242119",0.010027084502940249,3,1,0,false,,,1.5849625007211563,1,0,false,,
4234,34,51,5,0.8,1,"5.9628975265017665",0.02638975812627039,3,2,0,false,,,1.5849625007211563,1,0,false,,
4239,39,51,5,0.8,1,"6.7669172932330826",0.03390175388525439,3,2,0,false,,,1.5849625007211563,1,0,false,,
4240,40,51,5,0.8,1,"3.4151277510751323",0.010850412027615254,3,1,0,false,,,1.5849625007211563,1,0,false,,
4241,41,51,5,0.8,1,"4.3172369683402625",0.010120058794233278,3,1,0,false,,,1.5849625007211563,1,0,false,,
4242,42,51,5,0.8,1,"4.249291784702549",0.020399086130459376,3,2,0,false,,,1.5849625007211563,1,0,false,,
4243,43,51,5,0.8,1,"4.9504950495049505",0.026281943587769852,3,2,0,false,,,1.5849625007211563,1,0,false,,
4245,45,51,5,0.8,1,"4.612230953194397",0.008470868386699328,3,1,0,false,,,1.5849625007211563,1,0,false,,
4247,47,51,5,0.8,1,"4.368932038834951",0.03419454875052437,3,2,0,false,,,1.5849625007211563,1,0,false,,
4248,48,51,5,0.8,1,"5.0675675675675675",0.014238004585470374,3,1,0,false,,,1.5849625007211563,1,0,false,,
4249,49,51,5,0.8,1,"2.9893711248892822",0.015231082217085516,3,2,0,false,,,1.5849625007211563,1,0,false,,
4251,51,51,5,0.8,1,"4.775380261761585",0.006523290132433905,3,1,0,false,,,1.5849625007211563,1,0,false,,
4252,52,51,5,0.8,1,"5.369928400954653",0.020200621181150364,3,1,0,false,,,1.5849625007211563,1,0,false,,
4253,53,51,5,0.8,1,"7.079181961195594",0.019884325091326666,3,2,0,false,,,1.5849625007211563,1,0,false,,
4254,54,51,5,0.8,1,"6.7669172932330826",0.017842260702903227,3,2,0,false,,,1.5849625007211563,2,0,false,,
4255,55,51,5,0.8,1,"5.592377796188898",0.01708786359899967,3,2,0,false,,,1.5849625007211563,1,0,false,,
4256,56,51,5,0.8,1,"6.7669172932330826",0.010778713635784889,3,1,0,false,,,1.5849625007211563,1,0,false,,
4258,58,51,5,0.8,1,"6.7669172932330826",0.03998454740738835,3,2,0,false,,,1.5849625007211563,2,0,false,,
4260,60,51,5,0.8,1,"4.775380261761585",0.022987639870569683,3,2,0,false,,,1.5849625007211563,1,0,false,,
4261,61,51,5,0.8,1,"4.775380261761585",0.013180862484248119,3,1,0,false,,,1.5849625007211563,1,0,false,,
4262,62,51,5,0.8,1,"4.4598612487611495",0.023889588200017145,3,2,0,false,,,1.5849625007211563,1,0,false,,
4263,63,51,5,0.8,1,"5.164498852333589",0.025942494959274757,3,2,0,false,,,1.5849625007211563,1,0,false,,
4265,65,51,5,0.8,1,"5.834053586862576",0.012886208146066681,3,2,0,false,,,1.5849625007211563,1,0,false,,
4266,66,51,5,0.8,1,"4.861361181130716",0.008233871359342355,3,1,0,false,,,1.5849625007211563,1,0,false,,
4268,68,51,5,0.8,1,"4.974207811348563",0.01642786374457046,3,1,0,false,,,1.5849625007211563,1,0,false,,
4269,69,51,5,0.8,1,"6.919528446950282",0.03466208983660176,3,2,0,false,,,1.5849625007211563,2,0,false,,
4271,71,51,5,0.8,1,"4.3172369683402625",0.022028581493833275,3,2,0,false,,,1.5849625007211563,1,0,false,,
4272,72,51,5,0.8,1,"7.079181961195594",0.01657746004350294,3,2,0,false,,,1.5849625007211563,1,0,false,,
4273,73,51,5,0.8,1,"5.265210608424336",0.01063278836315371,3,1,0,false,,,1.5849625007211563,1,0,false,,
4274,74,51,5,0.8,1,"4.3172369683402625",0.011595803022620274,3,1,0,false,,,1.5849625007211563,1,0,false,,
4275,75,51,5,0.8,1,"3.4151277510751323",0.0019637954581095945,3,1,0,false,,,1.5849625007211563,1,0,false,,
4276,76,51,5,0.8,1,"4.612230953194397",0.021832094624862786,3,2,0,false,,,1.5849625007211563,1,0,false,,
4277,77,51,5,0.8,1,"5.164498852333589",0.028654802143496954,3,2,0,false,,,1.5849625007211563,1,0,false,,
4280,80,51,5,0.8,1,"4.692387904066736",0.013956474541395123,3,1,0,false,,,1.5849625007211563,1,0,false,,
4281,81,51,5,0.8,1,"4.612230953194397",0.0054954878840610425,3,1,0,false,,,1.5849625007211563,1,0,false,,
4282,82,51,5,0.8,1,"4.166666666666666",0.005783197625483997,3,1,0,false,,,1.5849625007211563,1,0,false,,
4283,83,51,5,0.8,1,"3.597122302158273",0.0023861151948517466,3,1,0,false,,,1.5849625007211563,1,0,false,,
4284,84,51,5,0.8,1,"4.387390315242119",0.019678792015792246,3,1,0,false,,,1.5849625007211563,1,0,false,,
4285,85,51,5,0.8,1,"4.534766543500169",0.006049121114481825,3,1,0,false,,,1.5849625007211563,1,0,false,,
4287,87,51,5,0.8,1,"3.458877786318216",0.006487055080020249,3,1,0,false,,,1.5849625007211563,1,0,false,,
4288,88,51,5,0.8,1,"4.775380261761585",0.011029669378608187,3,1,0,false,,,1.5849625007211563,1,0,false,,
4290,90,51,5,0.8,1,"4.9504950495049505",0.02322703284115364,3,2,0,false,,,1.5849625007211563,1,0,false,,
4291,91,51,5,0.8,1,"4.974207811348563",0.013302030431528085,3,1,0,false,,,1.5849625007211563,1,0,false,,
4292,92,51,5,0.8,1,"4.9504950495049505",0.018905597238552015,3,1,0,false,,,1.5849625007211563,1,0,false,,
4293,93,51,5,0.8,1,"6.7669172932330826",0.01477862246620332,3,2,0,false,,,1.5849625007211563,1,0,false,,
4295,95,51,5,0.8,1,"4.612230953194397",0.006830010983266278,3,1,0,false,,,1.5849625007211563,1,0,false,,
4296,96,51,5,0.8,1,"2.795609857113274",0.0001730700266946974,3,1,0,false,,,1.5849625007211563,1,0,false,,
4298,98,51,5,0.8,1,"4.3172369683402625",0.018568559507264576,3,2,0,false,,,1.5849625007211563,1,0,false,,
4299,99,51,5,0.8,1,"6.481036965914546",0.028084745983351495,3,2,0,false,,,1.5849625007211563,1,0,false,,
4300,100,51,5,0.8,1,"4.249291784702549",0.013894086073862616,3,1,0,false,,,1.5849625007211563,1,0,false,,
4301,101,51,5,0.8,1,"5.369928400954653",0.008029707321111863,3,1,0,false,,,1.5849625007211563,1,0,false,,
4302,102,51,5,0.8,1,"4.3172369683402625",0.012240654541164613,3,1,0,false,,,1.5849625007211563,1,0,false,,
4303,103,51,5,0.8,1,"4.103343465045592",0.005648707728782435,3,1,0,false,,,1.5849625007211563,1,0,false,,
4305,105,51,5,0.8,1,"6.919528446950282",0.01784862051228258,3,2,0,false,,,1.5849625007211563,1,0,false,,
4306,106,51,5,0.8,1,"6.097560975609756",0.018262183025167373,3,2,0,false,,,1.5849625007211563,1,0,false,,
4307,107,51,5,0.8,1,"4.166666666666666",0.00644051194900067,3,1,0,false,,,1.5849625007211563,1,0,false,,
4308,108,51,5,0.8,1,"10.452961672473869",0.01987280264418461,3,2,0,false,,,1.5849625007211563,2,0,false,,
4309,109,51,5,0.8,1,"6.346967559943582",0.03477859326766213,3,2,0,false,,,1.5849625007211563,1,0,false,,
4310,110,51,5,0.8,1,"4.04191616766467",0.02109575340113367,3,2,0,false,,,1.5849625007211563,1,0,false,,
4311,111,51,5,0.8,1,"7.546115148127446",0.0449504449719717,3,2,0,false,,,1.5849625007211563,2,0,false,,
4313,113,51,5,0.8,1,"4.534766543500169",0.01455173662585316,3,1,0,false,,,1.5849625007211563,1,0,false,,
4314,114,51,5,0.8,1,"4.9504950495049505",0.005273904026451033,3,1,0,false,,,1.5849625007211563,1,0,false,,
4316,116,51,5,0.8,1,"4.3172369683402625",0.00872594216653472,3,1,0,false,,,1.5849625007211563,1,0,false,,
4317,117,51,5,0.8,1,"5.710659898477157",0.012093340877274945,3,2,0,false,,,1.5849625007211563,1,0,false,,
4319,119,51,5,0.8,1,"5.9628975265017665",0.012181204726814757,3,2,0,false,,,1.5849625007211563,1,0,false,,
4321,121,51,5,0.8,1,"4.775380261761585",0.013427535733002621,3,1,0,false,,,1.5849625007211563,1,0,false,,
4322,122,51,5,0.8,1,"4.166666666666666",0.0035310162403963457,3,1,0,false,,,1.5849625007211563,1,0,false,,
4323,123,51,5,0.8,1,"9.414225941422595",0.024128966409937492,3,2,0,false,,,1.5849625007211563,1,0,false,,
4324,124,51,5,0.8,1,"6.481036965914546",0.033549444488202206,3,2,0,false,,,1.5849625007211563,2,0,false,,
4326,126,51,5,0.8,1,"4.692387904066736",0.018773279432673994,3,2,0,false,,,1.5849625007211563,1,0,false,,
4327,127,51,5,0.8,1,"8.057296329453894",0.02902396099078758,3,2,0,false,,,1.5849625007211563,1,0,false,,
4330,130,51,5,0.8,1,"2.7113878288813016",0.0015104778349542365,3,1,0,false,,,1.5849625007211563,1,0,false,,
4331,131,51,5,0.8,1,"4.775380261761585",0.007365420716442407,3,1,0,false,,,1.5849625007211563,1,0,false,,
4332,132,51,5,0.8,1,"3.5037633013236436",0.003162927932934262,3,1,0,false,,,1.5849625007211563,1,0,false,,
4333,133,51,5,0.8,1,"4.9504950495049505",0.022276656962810396,3,2,0,false,,,1.5849625007211563,1,0,false,,
4334,134,51,5,0.8,1,"8.22669104204753",0.041292563460756146,3,2,0,false,,,1.5849625007211563,2,0,false,,
4335,135,51,5,0.8,1,"4.534766543500169",0.009338902593947512,3,1,0,false,,,1.5849625007211563,1,0,false,,
4336,136,51,5,0.8,1,"3.9244186046511618",0.0034168725796008097,3,1,0,false,,,1.5849625007211563,1,0,false,,
4338,138,51,5,0.8,1,"7.079181961195594",0.01362430251198937,3,2,0,false,,,1.5849625007211563,1,0,false,,
4340,140,51,5,0.8,1,"6.481036965914546",0.017545633810037615,3,2,0,false,,,1.5849625007211563,1,0,false,,
4341,141,51,5,0.8,1,"9.414225941422595",0.015050426685878826,3,2,0,false,,,1.5849625007211563,1,0,false,,
4342,142,51,5,0.8,1,"5.265210608424336",0.026702172441932674,3,2,0,false,,,1.5849625007211563,1,0,false,,
4343,143,51,5,0.8,1,"5.369928400954653",0.03832265540161013,3,2,0,false,,,1.5849625007211563,2,0,false,,
4344,144,51,5,0.8,1,"4.183452122714595",0.014606058206327566,3,1,0,false,,,1.5849625007211563,1,0,false,,
4348,148,51,5,0.8,1,"5.0675675675675675",0.017008404832481564,3,1,0,false,,,1.5849625007211563,1,0,false,,
4349,149,51,5,0.8,1,"4.861361181130716",0.022701560771451912,3,2,0,false,,,1.5849625007211563,1,0,false,,
4351,151,51,5,0.8,1,"3.853839566086211",0.000873674554957895,3,1,0,false,,,1.5849625007211563,1,0,false,,
4352,152,51,5,0.8,1,"5.710659898477157",0.03514958099978617,3,2,0,false,,,1.5849625007211563,1,0,false,,
4353,153,51,5,0.8,1,"2.7669604427136707",0.0042639276362094435,3,1,0,false,,,1.5849625007211563,1,0,false,,
4354,154,51,5,0.8,1,"5.0675675675675675",0.03254803714915412,3,2,0,false,,,1.5849625007211563,1,0,false,,
4355,155,51,5,0.8,1,"7.936507936507937",0.028445722933703538,3,2,0,false,,,1.5849625007211563,2,0,false,,
4356,156,51,5,0.8,1,"4.692387904066736",0.021511980972594887,3,2,0,false,,,1.5849625007211563,1,0,false,,
4357,157,51,5,0.8,1,"5.710659898477157",0.01705545268586777,3,2,0,false,,,1.5849625007211563,1,0,false,,
4358,158,51,5,0.8,1,"6.346967559943582",0.043312456638791894,3,2,0,false,,,1.5849625007211563,2,0,false,,
4359,159,51,5,0.8,1,"5.834053586862576",0.04057836436239843,3,2,0,false,,,1.5849625007211563,2,0,false,,
4360,160,51,5,0.8,1,"4.9504950495049505",0.017556827325301668,3,2,0,false,,,1.5849625007211563,1,0,false,,
4361,161,51,5,0.8,1,"3.458877786318216",0.008107724838263072,3,1,0,false,,,1.5849625007211563,1,0,false,,
4362,162,51,5,0.8,1,"5.834053586862576",0.008203822452368415,3,1,0,false,,,1.5849625007211563,1,0,false,,
4365,165,51,5,0.8,1,"4.9504950495049505",0.02735112104898437,3,2,0,false,,,1.5849625007211563,1,0,false,,
4367,167,51,5,0.8,1,"3.0228392297357813",0.003652681513858832,3,1,0,false,,,1.5849625007211563,1,0,false,,
4368,168,51,5,0.8,1,"6.481036965914546",0.017681547289428556,3,1,0,false,,,1.5849625007211563,1,0,false,,
4369,169,51,5,0.8,1,"5.592377796188898",0.021209964891063315,3,2,0,false,,,1.5849625007211563,1,0,false,,
4370,170,51,5,0.8,1,"3.597122302158273",0.013420863260112659,3,1,0,false,,,1.5849625007211563,1,0,false,,
4371,171,51,5,0.8,1,"4.861361181130716",0.0088328037121412,3,1,0,false,,,1.5849625007211563,1,0,false,,
4373,173,51,5,0.8,1,"5.9628975265017665",0.01773029143955417,3,2,0,false,,,1.5849625007211563,1,0,false,,
4374,174,51,5,0.8,1,"4.612230953194397",0.03187999073516523,3,2,0,false,,,1.5849625007211563,1,0,false,,
4375,175,51,5,0.8,1,"3.2902754082378745",0.005511027266645255,3,1,0,false,,,1.5849625007211563,1,0,false,,
4377,177,51,5,0.8,1,"3.9823008849557513",0.004029245483986761,3,1,0,false,,,1.5849625007211563,1,0,false,,
4378,178,51,5,0.8,1,"3.5498290823034444",0.016764997166661574,3,1,0,false,,,1.5849625007211563,1,0,false,,
4379,179,51,5,0.8,1,"4.4598612487611495",0.020641949515432925,3,2,0,false,,,1.5849625007211563,1,0,false,,
4380,180,51,5,0.8,1,"3.1645569620253164",0.0036354745180567473,3,1,0,false,,,1.5849625007211563,1,0,false,,
4381,181,51,5,0.8,1,"4.249291784702549",0.020686897044475235,3,1,0,false,,,1.5849625007211563,1,0,false,,
4382,182,51,5,0.8,1,"3.1645569620253164",0.00009080405307863636,3,1,0,false,,,1.5849625007211563,1,0,false,,
4383,183,51,5,0.8,1,"9.414225941422595",0.013947954579282273,3,2,0,false,,,1.5849625007211563,1,0,false,,
4385,185,51,5,0.8,1,"5.478896103896105",0.029124465649203263,3,2,0,false,,,1.5849625007211563,1,0,false,,
4386,186,51,5,0.8,1,"6.346967559943582",0.02666291713715625,3,2,0,false,,,1.5849625007211563,1,0,false,,
4387,187,51,5,0.8,1,"3.9244186046511618",0.00922668459284948,3,1,0,false,,,1.5849625007211563,1,0,false,,
4388,188,51,5,0.8,1,"4.861361181130716",0.02901202319488372,3,2,0,false,,,1.5849625007211563,1,0,false,,
4390,190,51,5,0.8,1,"5.834053586862576",0.013749313323822452,3,2,0,false,,,1.5849625007211563,1,0,false,,
4392,192,51,5,0.8,1,"4.103343465045592",0.02039061887401989,3,2,0,false,,,1.5849625007211563,1,0,false,,
4393,193,51,5,0.8,1,"4.249291784702549",0.02885033623613212,3,2,0,false,,,1.5849625007211563,1,0,false,,
4394,194,51,5,0.8,1,"4.534766543500169",0.014232762312727364,3,2,0,false,,,1.5849625007211563,1,0,false,,
4395,195,51,5,0.8,1,"4.692387904066736",0.007837217591514161,3,1,0,false,,,1.5849625007211563,1,0,false,,
4396,196,51,5,0.8,1,"4.387390315242119",0.026595241479191675,3,2,0,false,,,1.5849625007211563,1,0,false,,
4397,197,51,5,0.8,1,"3.8681948424068757",0.007810648743031763,3,1,0,false,,,1.5849625007211563,1,0,false,,
4398,198,51,5,0.8,1,"4.4598612487611495",0.01044991384922702,3,1,0,false,,,1.5849625007211563,1,0,false,,
4399,199,51,5,0.8,1,"4.534766543500169",0.021166799337249374,3,2,0,false,,,1.5849625007211563,1,0,false,,
4400,200,51,5,0.8,1,"6.346967559943582",0.028863178705629752,3,2,0,false,,,1.5849625007211563,1,0,false,,
4401,1,51,5,0.8,2,"4.4598612487611495",0.0227051925103356,3,2,0,false,,,1.5849625007211563,2,0,false,,
4410,10,51,5,0.8,2,"4.861361181130716",0.008178763789543863,3,1,0,false,,,1.5849625007211563,1,0,false,,
4411,11,51,5,0.8,2,"5.9628975265017665",0.003973625607781505,3,1,0,false,,,1.5849625007211563,1,0,false,,
4417,17,51,5,0.8,2,"4.249291784702549",0.0036580540909745087,3,1,0,false,,,1.5849625007211563,1,0,false,,
4431,31,51,5,0.8,2,"8.982035928143713",0.012743313931908503,3,1,0,false,,,1.5849625007211563,1,0,false,,
4439,39,51,5,0.8,2,"8.147254073627037",0.028243843413669763,3,1,0,false,,,1.5849625007211563,1,0,false,,
4441,41,51,5,0.8,2,"7.936507936507937",0.004411089293492991,3,1,0,false,,,1.5849625007211563,1,0,false,,
4449,49,51,5,0.8,2,"5.592377796188898",0.028678228690212304,3,2,0,false,,,1.5849625007211563,2,0,false,,
4454,54,51,5,0.8,2,"5.164498852333589",0.019450530487862903,3,2,0,false,,,1.5849625007211563,1,0,false,,
4455,55,51,5,0.8,2,"6.097560975609756",0.020785698606796986,3,2,0,false,,,1.5849625007211563,1,0,false,,
4465,65,51,5,0.8,2,"6.238447319778189",0.009229163044823439,3,1,0,false,,,1.5849625007211563,1,0,false,,
4472,72,51,5,0.8,2,"6.346967559943582",0.010047545568689592,3,1,0,false,,,1.5849625007211563,1,0,false,,
4481,81,51,5,0.8,2,"3.813559322033898",0.0058782013599403705,3,1,0,false,,,1.5849625007211563,1,0,false,,
4482,82,51,5,0.8,2,"6.873727087576376",0.008649703213387929,3,1,0,false,,,1.5849625007211563,1,0,false,,
4485,85,51,5,0.8,2,"8.403361344537814",0.01619207832425185,3,1,0,false,,,1.5849625007211563,1,0,false,,
4486,86,51,5,0.8,2,"5.710659898477157",0.018128449592937065,3,1,0,false,,,1.5849625007211563,1,0,false,,
4496,96,51,5,0.8,2,"7.6056338028169",0.016725437363769042,3,1,0,false,,,1.5849625007211563,1,0,false,,
4499,99,51,5,0.8,2,"4.612230953194397",0.0009054090682147954,3,1,0,false,,,1.5849625007211563,1,0,false,,
4513,113,51,5,0.8,2,"5.834053586862576",0.0029147372828068653,3,1,0,false,,,1.5849625007211563,1,0,false,,
4515,115,51,5,0.8,2,"7.736389684813753",0.015127719177520671,3,1,0,false,,,1.5849625007211563,1,0,false,,
4521,121,51,5,0.8,2,"8.982035928143713",0.037293126884896104,3,2,0,false,,,1.5849625007211563,2,0,false,,
4526,126,51,5,0.8,2,"11.363636363636365",0.005786739171112671,3,1,0,false,,,1.5849625007211563,1,0,false,,
4535,135,51,5,0.8,2,"3.9823008849557513",0.0038216474993466336,3,1,0,false,,,1.5849625007211563,1,0,false,,
4538,138,51,5,0.8,2,"6.481036965914546",0.030044393341384663,3,2,0,false,,,1.5849625007211563,1,0,false,,
4545,145,51,5,0.8,2,"4.861361181130716",0.014929375954944864,3,2,0,false,,,1.5849625007211563,1,0,false,,
4549,149,51,5,0.8,2,"7.736389684813753",0.0010699887586091967,3,1,0,false,,,1.5849625007211563,1,0,false,,
4550,150,51,5,0.8,2,"4.9504950495049505",0.00011180107843367093,3,1,0,false,,,1.5849625007211563,1,0,false,,
4551,151,51,5,0.8,2,"11.703511053315996",0.00510646098878122,3,1,0,false,,,1.5849625007211563,1,0,false,,
4553,153,51,5,0.8,2,"13.6986301369863",0.002524069460477234,3,1,0,false,,,1.5849625007211563,1,0,false,,
4559,159,51,5,0.8,2,"7.246376811594202",0.005471111826677085,3,1,0,false,,,1.5849625007211563,1,0,false,,
4560,160,51,5,0.8,2,"4.387390315242119",0.010860676822571374,3,1,0,false,,,1.5849625007211563,1,0,false,,
4561,161,51,5,0.8,2,"6.620892594409023",0.007317971809732207,3,1,0,false,,,1.5849625007211563,1,0,false,,
4567,167,51,5,0.8,2,"5.834053586862576",0.0164842906535238,3,2,0,false,,,1.5849625007211563,2,0,false,,
4568,168,51,5,0.8,2,"4.775380261761585",0.011313677565388772,3,1,0,false,,,1.5849625007211563,1,0,false,,
4569,169,51,5,0.8,2,"6.097560975609756",0.03005364292810679,3,2,0,false,,,1.5849625007211563,1,0,false,,
4571,171,51,5,0.8,2,"6.481036965914546",0.013770420858423395,3,1,0,false,,,1.5849625007211563,1,0,false,,
4573,173,51,5,0.8,2,"8.403361344537814",0.006694231324838363,3,1,0,false,,,1.5849625007211563,1,0,false,,
4574,174,51,5,0.8,2,"4.692387904066736",0.0014993076345669468,3,1,0,false,,,1.5849625007211563,1,0,false,,
4577,177,51,5,0.8,2,"7.079181961195594",0.0038985002344045713,3,1,0,false,,,1.5849625007211563,1,0,false,,
4582,182,51,5,0.8,2,"4.861361181130716",0.0034190491427362585,3,1,0,false,,,1.5849625007211563,1,0,false,,
4587,187,51,5,0.8,2,"5.369928400954653",0.008591930249763806,3,1,0,false,,,1.5849625007211563,1,0,false,,
4596,196,51,5,0.8,2,"7.936507936507937",0.015088710504418054,3,1,0,false,,,1.5849625007211563,1,0,false,,
4597,197,51,5,0.8,2,"5.265210608424336",0.013360291123160232,3,1,0,false,,,1.5849625007211563,1,0,false,,
4598,198,51,5,0.8,2,"3.5498290823034444",0.004684698146577319,3,1,0,false,,,1.5849625007211563,1,0,false,,
4600,200,51,5,0.8,2,"6.7669172932330826",0.03437424590427576,3,2,0,false,,,1.5849625007211563,2,0,false,,
4608,8,51,5,0.8,3,"7.736389684813753",0.008964181849362348,3,1,0,false,,,1.5849625007211563,1,0,false,,
4620,20,51,5,0.8,3,"20",0.00012731458947812238,3,1,0,false,,,1.5849625007211563,1,0,false,,
4621,21,51,5,0.8,3,"5.710659898477157",0.010762784699712293,3,1,0,false,,,1.5849625007211563,1,0,false,,
4631,31,51,5,0.8,3,"14.19558359621451",0.00218692843494022,3,1,0,false,,,1.5849625007211563,1,0,false,,
4648,48,51,5,0.8,3,"8.22669104204753",0.004378338624001965,3,1,0,false,,,1.5849625007211563,1,0,false,,
4652,52,51,5,0.8,3,"7.364975450081833",0.008376373377738318,3,2,0,false,,,1.5849625007211563,2,0,false,,
4663,63,51,5,0.8,3,"8.681672025723472",0.014480627331359294,3,1,0,false,,,1.5849625007211563,1,0,false,,
4726,126,51,5,0.8,3,"20",0.00009940282389180835,3,1,0,false,,,1.5849625007211563,1,0,false,,
4730,130,51,5,0.8,3,"8.22669104204753",0.0019785766575725126,3,1,0,false,,,1.5849625007211563,1,0,false,,
4739,139,51,5,0.8,3,"14.19558359621451",0.0007958070550085618,3,1,0,false,,,1.5849625007211563,1,0,false,,
4750,150,51,5,0.8,3,"12.064343163538874",0.001547600419693539,3,1,0,false,,,1.5849625007211563,1,0,false,,
4790,190,51,5,0.8,3,"3.3202164289227745",0.0005691578283485158,3,1,0,false,,,1.5849625007211563,1,0,false,,
4805,5,51,7,0.5,1,"1.1540434262267054",0.01166859358757869,4,4,-0.024423238640939093,true,false,1.4777660227263791,1.5849625007211563,4,-0.009843579908135728,true,false,2.1854014186378055
4806,6,51,7,0.5,1,"1.1239696944467572",0.011597164920679944,4,4,-0.027765445115998575,true,false,1.4176833784666252,1.5849625007211563,4,-0.012614171822136571,true,false,1.919375848387297
4808,8,51,7,0.5,1,"1",0.00511006289308176,3,3,-0.04208442219408433,true,false,1.1214240953461412,1.5849625007211563,3,-0.02992055994380689,true,false,1.1707876758549591
4813,13,51,7,0.5,1,"1",0.010594386351128249,3,4,-0.042426329847098494,true,true,1.2497125343933748,1.5849625007211563,3,-0.025666268005466304,true,false,1.4127747107164896
4814,14,51,7,0.5,1,"1.105560560150684",0.003268901202847719,3,4,-0.03026511972701531,true,true,1.1080088640762862,1.5849625007211563,3,-0.013560342745605351,true,false,1.2410633170689662
4815,15,51,7,0.5,1,"1.0258748432691212",0.017618263510878487,3,3,-0.05570336651410558,true,false,1.3162872302595405,1.5849625007211563,3,-0.04066248652292287,true,false,1.43328052505954
4816,16,51,7,0.5,1,"1.015572105619499",0.03290807514036202,3,4,-0.023024968718539422,true,true,2.4292343039695354,1.5849625007211563,3,-0.008239494436107513,true,false,4.993943487133222
4817,17,51,7,0.5,1,"1.0235414534288638",0.00927305288376808,4,4,-0.040756792988961475,true,false,1.2275216523115444,1.5849625007211563,4,-0.024361036995408425,true,false,1.3806509913972818
4819,19,51,7,0.5,1,"1",0.0026818638954073035,3,3,-0.02042957469324997,true,false,1.131273603864764,1.5849625007211563,3,-0.012942475140144386,true,false,1.207214143072898
4821,21,51,7,0.5,1,"1.0258748432691212",0.002927850135122677,3,4,-0.05294539208864079,true,true,1.055299432483584,1.5849625007211563,3,-0.02383162605047326,true,false,1.1228556594888552
4823,23,51,7,0.5,1,"1.1286681715575622",0.011677242571434493,3,5,-0.0024786463673520053,true,true,5.711136983977895,1.5849625007211563,3,0.0035828996846443036,true,false,2.2591597865497492
4824,24,51,7,0.5,1,"1.0784470362677743",0.006365317705928187,5,5,-0.022696943599906323,true,false,1.2804482320674426,1.5849625007211563,5,-0.01253428598501136,true,false,1.507832493493439
4827,27,51,7,0.5,1,"1.0634945643611156",0.01174462208216035,3,4,-0.03184156018775154,true,true,1.3688456851017665,1.5849625007211563,4,-0.016182367408958565,true,true,1.725766619021301
4828,28,51,7,0.5,1,"1.2417218543046358",0.01695653924297351,4,4,-0.009679113155368218,true,false,2.751869099037146,1.5849625007211563,4,0.0028094388370624064,true,false,5.035560916750027
4830,30,51,7,0.5,1,"1.2289485662266728",0.019460524392360717,4,4,-0.0016280142711155095,true,false,12.953534276469478,1.5849625007211563,4,0.008091454911519871,true,false,1.4050711034247507
4836,36,51,7,0.5,1,"1.0746696385925807",0.003679122057317191,4,4,-0.043193585073974375,true,false,1.08517751075805,1.5849625007211563,4,-0.026608309577513138,true,false,1.1382696652186595
4838,38,51,7,0.5,1,"1.0025621031525007",0.01649141070974519,3,3,-0.013361223663738498,true,false,2.234273980047338,1.5849625007211563,3,-0.00406844281464916,true,false,5.0534945336738915
4840,40,51,7,0.5,1,"1.169033598891583",0.020611604983960204,3,4,0.004647350442399364,true,true,3.435130347802803,1.5849625007211563,4,0.011656854346087962,true,true,0.7681961506945872
4842,42,51,7,0.5,1,"1",0.005307855626326963,4,4,-0.030206851889960223,true,false,1.175716941496016,1.5849625007211563,4,-0.018503304158750605,true,false,1.2868598808508893
4843,43,51,7,0.5,1,"1.0312822275696116",0.0031296773116350775,5,4,-0.04338379265311885,true,true,1.0721393202447478,1.5849625007211563,5,-0.030503776621134272,true,false,1.1025996666087146
4844,44,51,7,0.5,1,"1.101052116466846",0.005070550064854757,5,4,-0.0336679692965247,true,true,1.1506045707775476,1.5849625007211563,4,-0.01858085729685237,true,true,1.2728910719159183
4846,46,51,7,0.5,1,"1.0709186101856258",0.012548911405040473,4,4,-0.029410108373680525,true,false,1.4266870167765398,1.5849625007211563,4,-0.01446630886558982,true,false,1.8674577268905028
4848,48,51,7,0.5,1,"1.0709186101856258",0.0035013440399842854,3,4,-0.037740069402736345,true,true,1.0927752411533833,1.5849625007211563,4,-0.02297957919167768,true,true,1.1523676308769109
4850,50,51,7,0.5,1,"1",0.001485282203618697,3,4,-0.04542276436105966,true,true,1.032699071148827,1.5849625007211563,3,-0.03051471690197975,true,false,1.0486742907820434
4851,51,51,7,0.5,1,"1.149131767109295",0.008373931035676692,4,4,-0.024314560296437873,true,false,1.3443998548023708,1.5849625007211563,4,-0.010958511372011964,true,false,1.7641485920308217
4855,55,51,7,0.5,1,"1",0.00460122699386505,3,4,-0.04417763179336482,true,true,1.104152866667609,1.5849625007211563,4,-0.03054807356628873,true,true,1.1506224929005908
4856,56,51,7,0.5,1,"1.2178619756427604",0.019478164217576522,4,4,0.0021707152216792975,true,false,7.97315503344005,1.5849625007211563,4,0.0103286891713734,true,false,0.8858311925545651
4858,58,51,7,0.5,1,"1.1298962169400737",0.006832442282690616,4,4,-0.033422548070348654,true,false,1.2044261337678237,1.5849625007211563,4,-0.017787625121254518,true,false,1.3841121136810162
4859,59,51,7,0.5,1,"1.0312822275696116",0.003943908097411207,3,3,-0.038662915363626156,true,false,1.1020075196171475,1.5849625007211563,3,-0.02521833919501916,true,false,1.1563904770616362
4866,66,51,7,0.5,1,"1.0550171928727727",0.024592511158507094,5,4,-0.03842577671518748,true,true,1.6400003659206996,1.5849625007211563,4,-0.018064714017885425,true,true,2.361356240356679
4868,68,51,7,0.5,1,"1.0340073529411764",0.000504805858821676,3,4,-0.0306011011534716,true,true,1.0164963298637508,1.5849625007211563,4,-0.017171928472172023,true,true,1.029397155924551
4869,69,51,7,0.5,1,"1",0.0005112474437627665,3,4,-0.04151784670476142,true,true,1.0123139200209084,1.5849625007211563,4,-0.02801065522133349,true,true,1.0182518916363437
4870,70,51,7,0.5,1,"1.253249164500557",0.009691523203552085,5,4,-0.015649436856205894,true,true,1.619288942637501,1.5849625007211563,4,-0.004331307074439019,true,true,3.237551629794641
4872,72,51,7,0.5,1,"1.0395010395010396",0.03228812500921139,5,5,-0.0320359355447252,true,false,2.0078720805307557,1.5849625007211563,5,-0.018147566730087515,true,false,2.7791985828976027
4873,73,51,7,0.5,1,"1.253249164500557",0.010698717004752705,4,4,-0.02013037420335507,true,false,1.531471342592806,1.5849625007211563,4,-0.005510072930574657,true,false,2.941665226495816
4874,74,51,7,0.5,1,"1",0.0070581592320722785,3,4,-0.03560728168122219,true,true,1.1982223550581919,1.5849625007211563,3,-0.020915189012758302,true,false,1.3374657158377479
4875,75,51,7,0.5,1,"1",0.0001488095238094851,3,4,-0.036900146242362285,true,true,1.0040327624403462,1.5849625007211563,4,-0.024743872305382338,true,true,1.0060139949791576
4877,77,51,7,0.5,1,"1.119310173285797",0.009915471777031858,5,4,-0.034552024739815425,true,true,1.2869722353956854,1.5849625007211563,4,-0.01593317191663951,true,true,1.6223162486985294
4881,81,51,7,0.5,1,"1",0.008402240597492668,5,4,-0.04171529794839162,true,true,1.2014186883643396,1.5849625007211563,5,-0.024515927851385826,true,false,1.34272578416883
4883,83,51,7,0.5,1,"1",0.008698092031425382,5,5,-0.026932203277898463,true,false,1.3229625122636495,1.5849625007211563,5,-0.015499417625609375,true,false,1.5611883131049842
4885,85,51,7,0.5,1,"1.1857707509881423",0.021010477271157197,4,4,-0.032853867764404764,true,false,1.6395130528260304,1.5849625007211563,4,-0.0030047474682997227,true,false,7.992426981907489
4888,88,51,7,0.5,1,"1.179245283018868",0.014984678568866356,5,4,-0.006807703510381331,true,true,3.201135602632464,1.5849625007211563,5,0.005455036066820799,true,false,1.7469439954774568
4889,89,51,7,0.5,1,"1",0.007563694267515922,3,4,-0.048628339152155,true,true,1.1555408718329778,1.5849625007211563,3,-0.021548917578253737,true,false,1.3510011229124976
4890,90,51,7,0.5,1,"1.1286681715575622",0.003946223590405688,3,4,-0.022952363332597675,true,true,1.1719310353021963,1.5849625007211563,3,-0.011349898736580401,true,false,1.3476879998662123
4892,92,51,7,0.5,1,"1",0.000846979107848665,5,5,-0.03323997293467591,true,false,1.0254807399967856,1.5849625007211563,5,-0.02638315803320966,true,false,1.0321030221925114
4894,94,51,7,0.5,1,"1",0.012820512820512817,3,3,-0.04877566879581521,true,false,1.2628464793416174,1.5849625007211563,3,-0.041127072952433334,true,false,1.3117292795269127
4895,95,51,7,0.5,1,"1.0951569724993915",0.00990262496229723,3,4,-0.040740397275506164,true,true,1.2430664800672149,1.5849625007211563,4,-0.020223331009354525,true,true,1.4896633970791786
4897,97,51,7,0.5,1,"1.1857707509881423",0.02658490654170458,4,4,-0.007221256848860015,true,false,4.681479152192379,1.5849625007211563,4,0.0071835805029985544,true,false,2.700787724256388
4898,98,51,7,0.5,1,"1.105560560150684",0.008431333799316907,4,4,-0.025628213164233853,true,false,1.3289864082714704,1.5849625007211563,4,-0.012792563343290934,true,false,1.65908087167993
4902,102,51,7,0.5,1,"1",0.02280608162176581,3,3,-0.03617222483824596,true,false,1.6304860075306251,1.5849625007211563,3,-0.027178143441116426,true,false,1.839133168576322
4904,104,51,7,0.5,1,"1.0340073529411764",0.017138589174435895,5,4,-0.021889436286066523,true,true,1.7829616510200073,1.5849625007211563,5,-0.0075457608812005365,true,false,3.271287076845342
4905,105,51,7,0.5,1,"1.047811238745731",0.013268153132297065,4,4,-0.044907425846356326,true,false,1.2954556597764468,1.5849625007211563,4,-0.019335715326344677,true,false,1.686199238474481
4906,106,51,7,0.5,1,"1.1857707509881423",0.008932188803713041,4,4,-0.02904523236746042,true,false,1.3075268495259083,1.5849625007211563,4,-0.012938469622180124,true,false,1.6903589887014763
4907,107,51,7,0.5,1,"1.0586574654956085",0.027678569860375903,4,4,-0.049600490119971634,true,false,1.5580301685210793,1.5849625007211563,4,-0.03120391880164252,true,false,1.8870222370569347
4912,112,51,7,0.5,1,"1.0208711433756805",0.024445775039302627,3,3,-0.024621401916104346,true,false,1.9928669018360468,1.5849625007211563,3,-0.0132142600479758,true,false,2.849954136709101
4914,114,51,7,0.5,1,"1.0442450495049505",0.004787900231480564,4,4,-0.04351478996254637,true,false,1.110029262133669,1.5849625007211563,4,-0.02728402812636178,true,false,1.1754836276119547
4916,116,51,7,0.5,1,"1.0235414534288638",0.012778432369123476,4,4,-0.03317793092937873,true,false,1.385148561443544,1.5849625007211563,4,-0.018019564769171884,true,false,1.7091421204015422
4919,119,51,7,0.5,1,"1.1540434262267054",0.002678929781256765,3,4,-0.041478678517598684,true,true,1.0645857070909368,1.5849625007211563,4,-0.016718370337006558,true,true,1.1602386911675764
4920,120,51,7,0.5,1,"1.0623229461756374",0.0018449704190678306,5,4,-0.024697498842506438,true,true,1.074702723171809,1.5849625007211563,4,-0.014271428656722198,true,true,1.1292772057686602
4923,123,51,7,0.5,1,"1.2474588800591386",0.010359123698437521,4,4,-0.024192073975961972,true,false,1.4282032085686693,1.5849625007211563,4,-0.007868701199760382,true,false,2.3164972764187532
4927,127,51,7,0.5,1,"1.1101060768028945",0.005877138516331914,4,4,-0.04158747284007928,true,false,1.1413199243659717,1.5849625007211563,4,-0.02375476059555969,true,false,1.2474088716949852
4928,128,51,7,0.5,1,"1.0129431626336522",0.02450635432239854,3,4,-0.028858422387936514,true,true,1.8491924469385674,1.5849625007211563,3,-0.016211971901605005,true,false,2.5116208238661195
4929,129,51,7,0.5,1,"1",0.010356731875719234,3,3,-0.05281950787833718,true,false,1.1960777805725606,1.5849625007211563,3,-0.0316516751256567,true,false,1.3272095974258284
4931,131,51,7,0.5,1,"1",0.013839285714285708,3,4,-0.039618505896828124,true,true,1.3493136704934066,1.5849625007211563,4,-0.022770085764624456,true,true,1.6077836446179041
4932,132,51,7,0.5,1,"1.0025621031525007",0.013401541792493765,3,4,-0.03238341063022405,true,true,1.4138397263191869,1.5849625007211563,3,-0.018127351894601344,true,false,1.7392994779609803
4933,133,51,7,0.5,1,"1.0025621031525007",0.004361940863090416,4,4,-0.04553998477306315,true,false,1.0957826596742848,1.5849625007211563,4,-0.029379759875098208,true,false,1.148467546420879
4941,141,51,7,0.5,1,"1.119310173285797",0.019971452921549213,3,4,-0.008812306206035616,true,true,3.266313999378575,1.5849625007211563,4,0.0050847123776070445,true,true,2.927744863112224
4945,145,51,7,0.5,1,"1.0025621031525007",0.006872453037451495,3,3,-0.03400135399490942,true,false,1.2021229224718644,1.5849625007211563,3,-0.022974746277450553,true,false,1.2991307479289436
4947,147,51,7,0.5,1,"1.0258748432691212",0.006874226098703564,3,3,-0.0220064580816521,true,false,1.3123731257977835,1.5849625007211563,3,-0.012849412983460737,true,false,1.5349836687132554
4949,149,51,7,0.5,1,"1.149131767109295",0.007290587486146459,4,4,-0.033258435175251656,true,false,1.2192101777407598,1.5849625007211563,4,-0.017048418730745127,true,false,1.427640099723654
4953,153,51,7,0.5,1,"1.3032145960034753",0.009589970976286348,5,4,-0.020071211751803413,true,true,1.4777973096429857,1.5849625007211563,4,-0.0036293526727795115,true,true,3.642336482814701
4958,158,51,7,0.5,1,"1.2830260406766774",0.007724026630833129,4,4,-0.022015029108256895,true,false,1.3508524377983302,1.5849625007211563,4,-0.0071326516220118815,true,false,2.0829109621723596
4961,161,51,7,0.5,1,"1.0129431626336522",0.0029560664221867363,4,4,-0.05999119306336,true,false,1.0492750064007672,1.5849625007211563,4,-0.043261202780726184,true,false,1.0683306573136642
4964,164,51,7,0.5,1,"1",0.002272727272727263,3,3,-0.04410079306645148,true,false,1.0515348390515946,1.5849625007211563,3,-0.03330633314108262,true,false,1.0682370906187781
4965,165,51,7,0.5,1,"1.179245283018868",0.016170646186695503,4,4,-0.015025001983376255,true,false,2.076249188158963,1.5849625007211563,4,-0.001966695706177054,true,false,9.222241059410603
4967,167,51,7,0.5,1,"1",0.01132075471698113,4,4,-0.035365569480024256,true,false,1.3201066710766667,1.5849625007211563,4,-0.02167518414700512,true,false,1.522291051379387
4968,168,51,7,0.5,1,"1.0784470362677743",0.027633369311738733,3,4,-0.03616923178537522,true,true,1.7640021075291983,1.5849625007211563,4,-0.015477723123103054,true,true,2.785363977114397
4970,170,51,7,0.5,1,"1.4068361817423927",0.018344278247465356,4,4,-0.0049606321921710555,true,false,4.697971858590236,1.5849625007211563,4,0.00709140091173955,true,false,1.5868341778698605
4971,171,51,7,0.5,1,"1.1286681715575622",0.006105747147985083,4,4,-0.03499724249528227,true,false,1.1744636637817438,1.5849625007211563,4,-0.020320968495549645,true,false,1.3004653616446609
4972,172,51,7,0.5,1,"1.2069736253911487",0.012355285918412328,4,4,-0.0221841185687187,true,false,1.5569428363872082,1.5849625007211563,4,-0.007221874689817908,true,false,2.7108142205557786
4976,176,51,7,0.5,1,"1.0833801460556938",0.0035229450810710682,4,4,-0.03416406769557555,true,false,1.1031184316944587,1.5849625007211563,4,-0.02050312003448915,true,false,1.171824828374656
4978,178,51,7,0.5,1,"1",0.0012345679012345544,4,4,-0.030072993068884515,true,false,1.0410523787375163,1.5849625007211563,4,-0.019934529679530102,true,false,1.0619311276002803
4982,182,51,7,0.5,1,"1.149131767109295",0.012308736648840888,4,4,-0.019662871930062296,true,false,1.6259887514204998,1.5849625007211563,4,-0.006734729259855517,true,false,2.827651294345417
4983,183,51,7,0.5,1,"1.0258748432691212",0.02332387032971505,5,5,-0.0024174041396187976,true,false,10.648312397360671,1.5849625007211563,5,0.006144518177590472,true,false,2.7958827129487536
4984,184,51,7,0.5,1,"1.0025621031525007",0.002684896014302326,5,4,-0.03310909721922945,true,true,1.0810923957401943,1.5849625007211563,4,-0.019626398279560205,true,true,1.1368002409845364
4987,187,51,7,0.5,1,"1.0586574654956085",0.0030593247414218345,3,4,-0.028223309168720345,true,true,1.1083970955756124,1.5849625007211563,4,-0.016283561370807643,true,true,1.1878781104302183
4990,190,51,7,0.5,1,"1.0550171928727727",0.003736648934137689,3,4,-0.033877986654032854,true,true,1.1102972550375239,1.5849625007211563,4,-0.020024770231250124,true,true,1.1866013387912124
4991,191,51,7,0.5,1,"1.0965802940459752",0.005071696050915146,3,4,-0.02472923521820676,true,true,1.205089078014881,1.5849625007211563,4,-0.013609855324875375,true,true,1.3726487850054783
4992,192,51,7,0.5,1,"1",0.0036392405063291364,4,4,-0.03555886077756438,true,false,1.1023441253951896,1.5849625007211563,4,-0.022820764284344573,true,false,1.15947057955573
4997,197,51,7,0.5,1,"1.1857707509881423",0.016584881488301787,5,4,-0.017481061159758123,true,true,1.9487342522707167,1.5849625007211563,4,-0.0004434918459152415,true,true,38.39613623352035
4999,199,51,7,0.5,1,"1.0550171928727727",0.024276125055561086,4,4,-0.029327004133410498,true,false,1.827773779589875,1.5849625007211563,4,-0.010771054245797237,true,false,3.2538299874437455
5003,3,51,7,0.5,2,"1.0025621031525007",0.003420231030296385,4,4,-0.022712440926867347,true,false,1.1505884392306982,1.5849625007211563,4,-0.01949253359739629,true,false,1.1754636467961888
5004,4,51,7,0.5,2,"1.149131767109295",0.00837949533426028,5,5,-0.008638920181449837,true,false,1.9699702229282525,1.5849625007211563,5,-0.0019048377941530926,true,false,5.399059783453046
5005,5,51,7,0.5,2,"1",0.00032894736842106574,3,4,-0.031645457512716,true,true,1.010394773666612,1.5849625007211563,4,-0.01745330436208488,true,true,1.0188472831044912
5007,7,51,7,0.5,2,"1.3995438523740409",0.023220571289657137,5,4,0.003907118941874637,true,true,4.943144202954799,1.5849625007211563,5,0.010804036005872009,true,false,1.1492497134438209
5008,8,51,7,0.5,2,"1.2474588800591386",0.028112861704930936,4,4,-0.008606882396725711,true,false,4.266323438510769,1.5849625007211563,4,0.015980126822656038,true,false,0.7592389607993318
5010,10,51,7,0.5,2,"1.0025621031525007",0.013289131381280274,3,3,-0.007560989420209263,true,false,2.7575915852706583,1.5849625007211563,3,-0.0007842524747462033,true,false,17.944965823130936
5013,13,51,7,0.5,2,"1.1540434262267054",0.04099274072651579,4,4,0.008319550145666401,true,false,3.927278519724848,1.5849625007211563,4,0.03790679958549138,true,false,0.08140864369371706
5015,15,51,7,0.5,2,"1.4291763709506669",0.0028365684669620027,4,4,-0.008558183187389243,true,false,1.331445168308827,1.5849625007211563,4,-0.0006271198685946933,true,false,5.523167912568997
5017,17,51,7,0.5,2,"1.2953367875647668",0.018591457454684678,5,4,0.004879396361132006,true,true,2.810196196148229,1.5849625007211563,5,0.010788180092544916,true,false,0.72331730608874
5019,19,51,7,0.5,2,"1.0129431626336522",0.014990234509442429,4,4,-0.04166657093060093,true,false,1.3597664548496178,1.5849625007211563,4,-0.02806938639570805,true,false,1.5340421161374056
5020,20,51,7,0.5,2,"1.13464447806354",0.003420556130897086,5,4,-0.025941078643579495,true,true,1.1318586700998143,1.5849625007211563,4,-0.011353097509911774,true,true,1.3012883601070795
5021,21,51,7,0.5,2,"1",0.005503144654088051,4,4,-0.021808480264716563,true,false,1.252339667289493,1.5849625007211563,4,-0.013012869474012954,true,false,1.4229001654921676
5023,23,51,7,0.5,2,"1.0025621031525007",0.01781336908941105,5,4,-0.02528784775763206,true,true,1.7044240878124886,1.5849625007211563,4,-0.003356746022374497,true,true,6.306737230244849
5025,25,51,7,0.5,2,"1.0921446484912223",0.028152327722594166,3,4,-0.030277573001367047,true,true,1.9298079380841748,1.5849625007211563,4,-0.014162525647759945,true,true,2.9878041828681137
5026,26,51,7,0.5,2,"1.169033598891583",0.027438427722914972,3,4,-0.008735641861606585,true,true,4.140974430683531,1.5849625007211563,4,0.005595012693026386,true,true,3.9040867694749255
5030,30,51,7,0.5,2,"1.067193675889328",0.006770730379511591,4,4,-0.030800549053613697,true,false,1.2198249897339803,1.5849625007211563,4,-0.022896403339150443,true,false,1.2957115263572578
5032,32,51,7,0.5,2,"2.055420219244823",0.04336641271638179,4,3,0.03706319121994218,true,true,0.1700668854722932,1.5849625007211563,3,0.03881063591904224,true,true,0.11738475006806774
5034,34,51,7,0.5,2,"1.2590934527140458",0.01293861361307619,5,4,-0.003990433282153547,true,true,4.242408204377624,1.5849625007211563,4,0.008417398686822404,true,true,0.5371273352338453
5035,35,51,7,0.5,2,"1.2069736253911487",0.0053820999235772,4,4,-0.01740997553374659,true,false,1.3091388562347386,1.5849625007211563,4,-0.007047513618388854,true,false,1.7636877649351195
5036,36,51,7,0.5,2,"1.0623229461756374",0.055713639357514534,3,3,0.028682057883597213,true,false,0.9424561369906526,1.5849625007211563,3,0.05081082090801246,true,false,0.09649162052268546
5043,43,51,7,0.5,2,"1",0.0009259259259259411,5,5,-0.031236704709982573,true,false,1.0296422408996952,1.5849625007211563,5,-0.025504479522901247,true,false,1.0363044431114357
5045,45,51,7,0.5,2,"1.0822510822510822",0.011193688338491947,4,4,-0.01769139553674496,true,false,1.6327193530461008,1.5849625007211563,4,-0.009333084879350615,true,false,2.1993556774842906
5046,46,51,7,0.5,2,"1.2417218543046358",0.01021807657132905,4,4,-0.016450854806626492,true,false,1.621127393770028,1.5849625007211563,4,-0.0030852506210838617,true,false,4.311911357055134
5047,47,51,7,0.5,2,"1",0.010632642211589558,5,5,-0.041959755513316016,true,false,1.2534009572151883,1.5849625007211563,5,-0.03485970601231492,true,false,1.3050123890268424
5051,51,51,7,0.5,2,"1.0833801460556938",0.012936978415367523,3,3,-0.0191549516446584,true,false,1.6753855950858096,1.5849625007211563,3,-0.011843687139508997,true,false,2.092310043568396
5055,55,51,7,0.5,2,"1.119310173285797",0.001645870096267395,3,3,-0.016649854801714385,true,false,1.0988519188826755,1.5849625007211563,3,-0.009602923525223924,true,false,1.171392606839386
5056,56,51,7,0.5,2,"1",0.012020792722547118,4,4,-0.009850148658737963,true,false,2.220366629886707,1.5849625007211563,4,-0.0023765960420770154,true,false,6.057987352382192
5057,57,51,7,0.5,2,"1.3288709518653412",0.0185927499985571,4,4,-0.000582908852004158,true,false,32.89649622686545,1.5849625007211563,4,0.00994853610605721,true,false,0.8688930512336203
5058,58,51,7,0.5,2,"1.2345679012345678",0.012655172941139908,4,4,-0.016286820591222953,true,false,1.777019238976565,1.5849625007211563,4,0.0007738360273780189,true,false,15.353817208562011
5059,59,51,7,0.5,2,"1.4701078079059129",0.05040959943316063,4,4,0.04022420371798045,true,false,0.25321559592806175,1.5849625007211563,4,0.047968607940524724,true,false,0.050887269767395424
5060,60,51,7,0.5,2,"1.1910013233348036",0.014073493245846757,5,5,-0.00493554615965514,true,false,3.8514561085231778,1.5849625007211563,5,0.0033952304219515674,true,false,3.145077504859702
5064,64,51,7,0.5,2,"1",0.009937888198757773,4,4,-0.032374030909480246,true,false,1.3069709862990095,1.5849625007211563,4,-0.020357066366876786,true,false,1.4881787984406154
5066,66,51,7,0.5,2,"1.0025621031525007",0.010209279999876295,4,4,-0.010630784037618546,true,false,1.9603506160739697,1.5849625007211563,4,-0.006930323232969354,true,false,2.473131866535184
5073,73,51,7,0.5,2,"1.0921446484912223",0.0010739298456509583,3,4,-0.02272328002544624,true,true,1.0472612160061547,1.5849625007211563,4,-0.009827425601599129,true,true,1.1092788578807666
5075,75,51,7,0.5,2,"1.0784470362677743",0.008577128892421917,3,3,-0.030178755043869788,true,false,1.2842108257929676,1.5849625007211563,3,-0.012271108670191197,true,false,1.6989693533769576
5076,76,51,7,0.5,2,"1.119310173285797",0.015836350340065405,3,3,0.0021458701242890676,true,false,6.379920229474293,1.5849625007211563,3,0.0076653908908268405,true,false,1.065954700238019
5077,77,51,7,0.5,2,"1.0395010395010396",0.007416598732092426,3,4,-0.010729977396808104,true,true,1.6912035746038643,1.5849625007211563,4,0.0016146763963344152,true,true,3.593241561547157
5084,84,51,7,0.5,2,"1.4216512215669754",0.021328273554893987,4,4,-0.009364866898530106,true,false,3.2774774896418055,1.5849625007211563,4,0.01491539727913217,true,false,0.429950081499602
5085,85,51,7,0.5,2,"1.0877447425670776",0.005129887355349166,4,4,-0.04464017763760593,true,false,1.114916374146048,1.5849625007211563,4,-0.03403014211144182,true,false,1.1507453991390875
5087,87,51,7,0.5,2,"1.0784470362677743",0.009261635799788394,4,4,-0.030512793929369317,true,false,1.3035328662864216,1.5849625007211563,4,-0.018376395876980284,true,false,1.5039963147175255
5088,88,51,7,0.5,2,"1.4781561370852951",0.003816057870275936,4,4,-0.0032360057530258133,true,false,2.179249408536356,1.5849625007211563,4,0.002141682088747228,true,false,0.7818040736887004
5089,89,51,7,0.5,2,"1.0285714285714287",0.0031235979382021025,4,4,-0.030668319572297414,true,false,1.1018509648315924,1.5849625007211563,4,-0.021142653167530324,true,false,1.1477391656312625
5091,91,51,7,0.5,2,"1.1101060768028945",0.028953710761126607,4,4,0.005778248308094931,true,false,4.01081110006374,1.5849625007211563,4,0.013147874822784913,true,false,1.2021589915771487
5092,92,51,7,0.5,2,"1.0550171928727727",0.00935797840435749,4,4,-0.04114859843761417,true,false,1.227419128710914,1.5849625007211563,4,-0.026336891333822006,true,false,1.3553182600689062
5094,94,51,7,0.5,2,"1.0442450495049505",0.0074889889155279775,4,4,-0.015507815971159538,true,false,1.4829170612712665,1.5849625007211563,4,-0.008601511069145784,true,false,1.8706596847141777
5096,96,51,7,0.5,2,"1.015572105619499",0.015716683301603706,4,4,-0.0665858548653934,true,false,1.2360363673842705,1.5849625007211563,4,-0.001983940898090359,true,false,8.921951362932125
5097,97,51,7,0.5,2,"1",0.0016447368421052264,5,3,-0.02550213594020779,true,true,1.0644940818275563,1.5849625007211563,3,-0.019099544648546615,true,true,1.0861139295396964
5098,98,51,7,0.5,2,"1.179245283018868",0.017916679465464456,5,3,0.011348494059465353,true,true,0.5787715419845354,1.5849625007211563,3,0.01581556717544503,true,true,0.13285089726542196
5100,100,51,7,0.5,2,"1",0.019198193111236585,4,4,-0.06427235019276681,true,false,1.298700655159754,1.5849625007211563,4,-0.054037897766852735,true,false,1.3552727604998156
5102,102,51,7,0.5,2,"1.1540434262267054",0.03537877715812126,3,4,0.004057844802753634,true,true,7.718612681814098,1.5849625007211563,3,0.01604676056210858,true,false,1.2047301710017173
5106,106,51,7,0.5,2,"1.1101060768028945",0.011249843388112966,5,5,-0.004321594237146174,true,false,3.603169749583422,1.5849625007211563,5,0.001634989307513856,true,false,5.880683155793437
5109,109,51,7,0.5,2,"1.5845070422535212",0.03741988988967128,4,4,0.036917293176806996,true,false,0.013614126866160247,1.5849625007211563,4,0.037419886040059955,true,false,1.0287608358927026e-7
5110,110,51,7,0.5,2,"1.0746696385925807",0.01293513647359169,4,4,-0.026274029804414175,true,false,1.4923164269007,1.5849625007211563,4,-0.013149320104241054,true,false,1.9837114292639146
5111,111,51,7,0.5,2,"1.0623229461756374",0.0033044262356719412,3,4,-0.00973103741012861,true,true,1.3395759461609416,1.5849625007211563,3,-0.0057151463204035005,true,false,1.5781875126932259
5113,113,51,7,0.5,2,"1",0.012808921036769108,4,4,-0.05114977208019685,true,false,1.2504199044462256,1.5849625007211563,4,-0.03995643934683418,true,false,1.3205721342080492
5115,115,51,7,0.5,2,"1.0340073529411764",0.007334195895393194,5,4,-0.012800339111982638,true,true,1.572968874592355,1.5849625007211563,4,-0.0010689233959076758,true,true,7.861292327842974
5116,116,51,7,0.5,2,"1",0.0006457862447529856,5,5,-0.022074681575436805,true,false,1.0292546120108736,1.5849625007211563,5,-0.007348016050279843,true,false,1.0878857967013273
5117,117,51,7,0.5,2,"1.264992503748126",0.02823073845422363,4,4,0.0011016693329170576,true,false,24.6254191804294,1.5849625007211563,4,0.014374350104935157,true,false,0.9639662487788682
5119,119,51,7,0.5,2,"1.1857707509881423",0.034154371162744036,4,4,0.003800575697532069,true,false,7.98663094249706,1.5849625007211563,4,0.013706605097229329,true,false,1.4918184277190596
5122,122,51,7,0.5,2,"1.0025621031525007",0.006979309857137103,5,4,0.0005352655409908468,true,true,12.038967246457682,1.5849625007211563,5,0.004857005613578353,true,false,0.4369573379996903
5123,123,51,7,0.5,2,"1.0965802940459752",0.022688686617354206,3,3,0.00724796152041575,true,false,2.1303541766116827,1.5849625007211563,3,0.013040098718674958,true,false,0.7399167833646331
5125,125,51,7,0.5,2,"1.0746696385925807",0.026240863413928034,4,4,-0.014383959060128109,true,false,2.8243143841160467,1.5849625007211563,4,0.00027546280704341015,true,false,94.26100345660365
5126,126,51,7,0.5,2,"1.1540434262267054",0.009021909541481117,4,4,-0.012283340734950063,true,false,1.734483373550884,1.5849625007211563,4,-0.004791245643580725,true,false,2.8829987465928832
5127,127,51,7,0.5,2,"1.0822510822510822",0.014655559403223271,4,4,-0.026821488830514977,true,false,1.5464111069982642,1.5849625007211563,4,-0.014801077519033862,true,false,1.990168410669868
5131,131,51,7,0.5,2,"1.4142049025769956",0.014564332086072962,4,4,-0.007707312004652652,true,false,2.889677241206915,1.5849625007211563,4,0.008417584536837164,true,false,0.730227005423742
5132,132,51,7,0.5,2,"1.179245283018868",0.013120689789164605,4,4,-0.01945222432270332,true,false,1.6745084557682706,1.5849625007211563,4,-0.006882647503624957,true,false,2.9063434212276875
5133,133,51,7,0.5,2,"1.139432815665091",0.014592394350598305,4,4,-0.05837537403796422,true,false,1.2499751751673265,1.5849625007211563,4,0.005713835960009668,true,false,1.5538700187979524
5134,134,51,7,0.5,2,"1.854140914709518",0.046550914072686266,4,4,0.0441916364088268,true,false,0.053387424761401854,1.5849625007211563,2,0,false,,
5136,136,51,7,0.5,2,"1.0025621031525007",0.00816313979188261,4,4,-0.012674636280514351,true,false,1.6440531792168587,1.5849625007211563,4,-0.00549023397416539,true,false,2.486847342079542
5139,139,51,7,0.5,2,"1",0.00931786216596339,3,3,-0.029596884533851436,true,false,1.3148257768585772,1.5849625007211563,3,-0.027972094944009315,true,false,1.3331127748784852
5140,140,51,7,0.5,2,"1.119310173285797",0.005879018556397468,5,4,-0.007721757861547362,true,true,1.7613575382457503,1.5849625007211563,4,0.002190831409224955,true,true,1.6834646114907006
5141,141,51,7,0.5,2,"1",0.007575757575757602,3,3,-0.05367411415794614,true,false,1.1411435977026936,1.5849625007211563,3,-0.047884514587054755,true,false,1.1582089249747904
5142,142,51,7,0.5,2,"1.067193675889328",0.0021546605396534028,5,5,-0.05037486785128737,true,false,1.04277252986577,1.5849625007211563,5,-0.03563302745877943,true,false,1.0604680739559929
5143,143,51,7,0.5,2,"1.6652275811027506",0.010154300577965205,4,4,0.005870243170840191,true,false,0.7297921538251795,1.5849625007211563,5,-0.0016128000610202227,true,true,7.2960690685625424
5144,144,51,7,0.5,2,"1.0235414534288638",0.01360991344813767,4,4,-0.023987319240840632,true,false,1.5673795104609076,1.5849625007211563,4,-0.01400906312691398,true,false,1.9715077535763637
5148,148,51,7,0.5,2,"1.2289485662266728",0.0157775223060367,5,4,0.008328953633992192,true,true,0.894298251540908,1.5849625007211563,5,0.012587963066435542,true,false,0.25338168079836354
5152,152,51,7,0.5,2,"1.0025621031525007",0.00805904307790176,4,4,-0.03697230292469646,true,false,1.2179751446458733,1.5849625007211563,4,-0.024497664922033847,true,false,1.3289718878738215
5153,153,51,7,0.5,2,"1.3288709518653412",0.05030241516342705,4,4,0.039892730285128006,true,false,0.2609419010405456,1.5849625007211563,4,0.045846306654037994,true,false,0.09719667372587752
5155,155,51,7,0.5,2,"1.1741172377804836",0.02701342957128891,4,4,-0.0013003588713714112,true,false,21.773826492066345,1.5849625007211563,4,0.010976464599882309,true,false,1.4610319038043045
5157,157,51,7,0.5,2,"1.0367469185577698",0.008577737498447176,3,4,-0.019596628265537822,true,true,1.4377149671983005,1.5849625007211563,4,-0.013072699530644109,true,true,1.6561565557549796
5158,158,51,7,0.5,2,"1.105560560150684",0.017732924743838842,5,5,-0.005454338062375086,true,false,4.251159818303792,1.5849625007211563,5,0.0017664708208391577,true,false,9.038617414249085
5161,161,51,7,0.5,2,"1.105560560150684",0.010676056959251579,3,4,-0.018389436059088757,true,true,1.5805537986563252,1.5849625007211563,4,-0.007722096105240146,true,true,2.382533552257515
5162,162,51,7,0.5,2,"1.2016021361815754",0.031284013273358495,4,4,0.0013063083771733893,true,false,22.948413575247322,1.5849625007211563,4,0.01448656305394354,true,false,1.1595193529939696
5164,164,51,7,0.5,2,"1.179245283018868",0.011582746418969465,3,4,-0.009519657549334483,true,true,2.2167188114638865,1.5849625007211563,3,-0.007556348217929339,true,false,2.5328497423512704
5165,165,51,7,0.5,2,"1.0709186101856258",0.011729248285490206,3,4,-0.027043254839075423,true,true,1.4337217674161893,1.5849625007211563,3,-0.01772831544543533,true,false,1.6616109873265055
5168,168,51,7,0.5,2,"1.1239696944467572",0.02311543900564192,4,4,-0.016987846894607514,true,false,2.3607044582547716,1.5849625007211563,4,-0.00463234234240164,true,false,5.9900109484692585
5169,169,51,7,0.5,2,"1.0784470362677743",0.017931207170316724,3,4,-0.0038405817144526464,true,true,5.6688779209772,1.5849625007211563,4,0.0028441694289226514,true,true,5.304549577100588
5173,173,51,7,0.5,2,"1",0.008138711960368009,4,4,-0.039990363769707535,true,false,1.203516827384627,1.5849625007211563,4,-0.02045930477176659,true,false,1.3978000255218477
5174,174,51,7,0.5,2,"1.047811238745731",0.0060709141827464215,3,3,0.0031330650389684686,true,false,0.9376917195262603,1.5849625007211563,3,0.004844713266508336,true,false,0.25310082326540423
5175,175,51,7,0.5,2,"1.1962782454585732",0.024803001180078155,4,4,-0.011005247856869557,true,false,3.2537430780894168,1.5849625007211563,4,0.006857445536350369,true,false,2.6169446842269304
5176,176,51,7,0.5,2,"1.047811238745731",0.012655829339225167,5,5,-0.02181806315161718,true,false,1.5800619996045389,1.5849625007211563,5,-0.011977765939594263,true,false,2.056610172802715
5177,177,51,7,0.5,2,"1.0025621031525007",0.017367667897815638,3,3,-0.006138998582136634,true,false,3.8290718209892383,1.5849625007211563,3,0.0014534218160321274,true,false,10.949502688235231
5179,179,51,7,0.5,2,"1.1239696944467572",0.0252190284776052,4,4,0.0038885653086511993,true,false,5.485432666258281,1.5849625007211563,4,0.012922714535890452,true,false,0.9515271661819974
5181,181,51,7,0.5,2,"1.0921446484912223",0.011964464298073563,4,4,-0.024354553645487415,true,false,1.4912619000221514,1.5849625007211563,4,-0.013427433475004372,true,false,1.891046253950602
5182,182,51,7,0.5,2,"1.119310173285797",0.0011082019797325367,5,5,-0.019104898628099158,true,false,1.0580061690619291,1.5849625007211563,5,-0.008580863327861598,true,false,1.1291480748952456
5185,185,51,7,0.5,2,"1",0.0021853146853146547,3,4,-0.04719223883163211,true,true,1.046306654217258,1.5849625007211563,4,-0.030537377090307728,true,true,1.0715619641743317
5186,186,51,7,0.5,2,"1.0025621031525007",0.005309524985636323,4,4,-0.05835294596557405,true,false,1.0909898360361914,1.5849625007211563,4,-0.02121922515451406,true,false,1.250222378384387
5187,187,51,7,0.5,2,"1.0025621031525007",0.01133650708079689,3,3,-0.0018429353031376326,true,false,7.151332095866995,1.5849625007211563,3,0.003010617285622729,true,false,2.765509198042088
5188,188,51,7,0.5,2,"1.31591773077298",0.010740118284513355,4,4,-0.01558260712803402,true,false,1.6892375708549603,1.5849625007211563,4,0.0036480876413659755,true,false,1.944040642754917
5194,194,51,7,0.5,2,"1.0367469185577698",0.005491772760825106,5,4,-0.023710005691870574,true,true,1.2316225829801495,1.5849625007211563,4,-0.014589977404812292,true,true,1.3764072149291833
5199,199,51,7,0.5,2,"1.158997252747253",0.004126320050591308,4,4,-0.048597336515384164,true,false,1.0849083580801813,1.5849625007211563,4,-0.032456338358997514,true,false,1.1271344908027008
5202,2,51,7,0.5,3,"1.2345679012345678",0.022638581358631244,3,4,0.011649257519911792,true,true,0.9433497216398272,1.5849625007211563,4,0.01769744222797988,true,true,0.2792007492946841
5203,3,51,7,0.5,3,"1.0182147301730964",0.014753655524010575,3,4,-0.008781296364959591,true,true,2.6801227188826884,1.5849625007211563,4,0.00047493450592194907,true,true,30.06461067799356
5204,4,51,7,0.5,3,"1.1639937920331092",0.00139650918971377,4,4,-0.01315602351068576,true,false,1.1061497943188896,1.5849625007211563,4,-0.006957286679738251,true,false,1.2007261241341158
5205,5,51,7,0.5,3,"3.2902754082378745",0.014737313519537214,4,3,-0.022010886098357756,true,true,1.6695465804367036,1.5849625007211563,3,-0.019233570716893744,true,true,1.7662286809070111
5206,6,51,7,0.5,3,"1",0.013809182209469162,5,5,-0.004591628181782266,true,false,4.007469608331625,1.5849625007211563,5,0.0020018299618683854,true,false,5.898279310686567
5208,8,51,7,0.5,3,"1.2123933542882803",0.01034153610264476,4,4,-0.007274222657831436,true,false,2.4216688970210516,1.5849625007211563,4,0.0006940141186482893,true,false,13.901045706082556
5210,10,51,7,0.5,3,"1.1286681715575622",0.045711317326806625,4,4,-0.0003206094162588067,true,false,143.5763405835433,1.5849625007211563,4,0.01647875971569184,true,false,1.7739537510992518
5212,12,51,7,0.5,3,"1.0965802940459752",0.001173148251918621,3,4,-0.019238595858946175,true,true,1.0609788916259755,1.5849625007211563,3,-0.014238026339083233,true,false,1.0823954264432243
5213,13,51,7,0.5,3,"1.253249164500557",0.01866227914492046,4,4,0.01113572368624239,true,false,0.675892799672889,1.5849625007211563,4,0.015157823900757792,true,false,0.23119778057241247
5214,14,51,7,0.5,3,"1",0.02674258109040714,3,3,-0.001537060618292123,true,false,18.398520768895683,1.5849625007211563,3,0.01985922899447651,true,false,0.3466072171203178
5215,15,51,7,0.5,3,"1.0623229461756374",0.03960250896717359,4,4,0.01563122721022369,true,false,1.5335508488592215,1.5849625007211563,4,0.02378574647428076,true,false,0.6649680938117838
5216,16,51,7,0.5,3,"1.0514018691588785",0.005677713377987607,5,4,-0.0030008134099992444,true,true,2.8920581196646404,1.5849625007211563,4,0.0005098864019138337,true,true,10.135251610312782
5218,18,51,7,0.5,3,"1.264992503748126",0.01270413657047337,5,5,0.0020752121487919548,true,false,5.121849555414776,1.5849625007211563,5,0.003830289080541277,true,false,2.3167565954781892
5222,22,51,7,0.5,3,"1.2345679012345678",0.018150545854807333,5,4,0.0077232737719803626,true,true,1.350110379442533,1.5849625007211563,4,0.013348719416611228,true,true,0.35972187955502927
5223,23,51,7,0.5,3,"1.0285714285714287",0.011351408768245407,3,3,0.0032538413780520544,true,false,2.488617744187962,1.5849625007211563,3,0.0062342185442345495,true,false,0.8208230410438967
5224,24,51,7,0.5,3,"1.6652275811027506",0.006561041513180655,4,4,-0.000997722442789549,true,false,7.5760187721512295,1.5849625007211563,5,-0.006902069935236246,true,true,1.9505904134186494
5226,26,51,7,0.5,3,"1.2123933542882803",0.0015320087914880891,4,4,-0.01003030093358098,true,false,1.1527380685417918,1.5849625007211563,4,-0.0046515624420469725,true,false,1.329353590449473
5227,27,51,7,0.5,3,"1.3206808843670514",0.02807009641638913,4,4,0.006092317254363894,true,false,3.6074580893308976,1.5849625007211563,4,0.01628290447817358,true,false,0.7238998394921305
5230,30,51,7,0.5,3,"1.1286681715575622",0.014830756166611683,4,4,-0.01691213421927429,true,false,1.876929899817699,1.5849625007211563,4,0.00759182906280949,true,false,0.9535155551991975
5231,31,51,7,0.5,3,"1.015572105619499",0.01590934851758649,4,4,-0.042455439301563716,true,false,1.3747305122573663,1.5849625007211563,4,-0.03219795818261648,true,false,1.4941104782903865
5232,32,51,7,0.5,3,"3.760445682451253",0.018978423925764834,4,3,0.00296648883774222,true,true,5.397605035388982,1.5849625007211563,3,0.005525924577572676,true,true,2.434434122172062
5234,34,51,7,0.5,3,"1.2289485662266728",0.01937745688487486,3,3,0.001247652659349003,true,false,14.531130992006684,1.5849625007211563,3,0.00827745164611347,true,false,1.3409930632422598
5235,35,51,7,0.5,3,"1.1442617392778438",0.00521834113489345,4,4,-0.03946489729618965,true,false,1.132227409480609,1.5849625007211563,4,-0.00820938750840945,true,false,1.635655355475416
5237,37,51,7,0.5,3,"2.153797064454371",0.0353227129049872,5,5,0.03526676090437103,true,false,0.0015865364207359623,1.5849625007211563,5,0.03435065427743862,true,false,0.028298110996593878
5241,41,51,7,0.5,3,"1.3641875505254648",0.008542566031643686,4,4,0.0013089536821468692,true,false,5.526255396319806,1.5849625007211563,4,0.0058885190463408305,true,false,0.4507155304103329
5244,44,51,7,0.5,3,"1.067193675889328",0.015019268937326172,4,4,-0.003437311786929923,true,false,5.369481114409123,1.5849625007211563,4,-0.0012913914304669158,true,false,12.630299367787968
5245,45,51,7,0.5,3,"1.1962782454585732",0.004914996074912519,4,4,-0.016646252070380847,true,false,1.2952614230597836,1.5849625007211563,4,-0.010388645698838538,true,false,1.4731123013909329
5246,46,51,7,0.5,3,"1.4068361817423927",0.0026097297712655487,4,4,-0.014941468966401568,true,false,1.1746635338957614,1.5849625007211563,4,-0.003463142854973671,true,false,1.7535726594464698
5247,47,51,7,0.5,3,"1.7432851239669418",0.014016177808103918,4,4,0.005316564705620368,true,false,1.6363222464473757,1.5849625007211563,2,-0.0056510202594069366,true,true,3.4802915517374005
5249,49,51,7,0.5,3,"7.079181961195594",0.028787773212372803,4,5,0.00922814506589226,true,true,2.1195622746302525,1.5849625007211563,5,0.006288035991205603,true,true,3.5781820035119316
5250,50,51,7,0.5,3,"1.548165137614679",0.03957290900213255,4,4,0.029884821291002037,true,false,0.32418088155164837,1.5849625007211563,4,0.03868984854381659,true,false,0.0228240867191787
5251,51,51,7,0.5,3,"1.2016021361815754",0.009703451730539216,3,3,-0.014621301528840641,true,false,1.663651707845507,1.5849625007211563,3,-0.003673135301946004,true,false,3.6417354474795385
5252,52,51,7,0.5,3,"1",0.013081395348837205,4,4,-0.034989556548482285,true,false,1.3738657084925139,1.5849625007211563,4,-0.026592705202268592,true,false,1.491916683516698
5253,53,51,7,0.5,3,"1.3555577869263984",0.007206407392552342,4,4,0.0007730829774202285,true,false,8.321648002909162,1.5849625007211563,4,0.004783239047558075,true,false,0.5065957023894373
5254,54,51,7,0.5,3,"1.3923267326732671",0.024295172729982474,4,4,0.0062063256842947966,true,false,2.9145823093786047,1.5849625007211563,4,0.01730842441304896,true,false,0.40366171698829795
5255,55,51,7,0.5,3,"1.015572105619499",0.005313903292053738,4,4,-0.03504352451097289,true,false,1.1516372387255123,1.5849625007211563,4,-0.026447941817386703,true,false,1.2009193505016111
5256,56,51,7,0.5,3,"1.1286681715575622",0.012909287630326453,4,4,-0.01585373630240339,true,false,1.8142741486351979,1.5849625007211563,4,-0.008110530038809348,true,false,2.591670034948983
5257,57,51,7,0.5,3,"1",0.004710851202079247,4,4,-0.047234768001691435,true,false,1.0997327054069694,1.5849625007211563,4,-0.01745244848485087,true,false,1.2699249452687613
5259,59,51,7,0.5,3,"1.1286681715575622",0.027783310624533472,4,4,0.019488404472975958,true,false,0.425632902019241,1.5849625007211563,4,0.023273859098174195,true,false,0.19375607231002948
5260,60,51,7,0.5,3,"1.240238860817639",0.009297265764587124,3,4,-0.006720584779153258,true,true,2.383401306598577,1.5849625007211563,3,-0.010207899001800462,true,false,1.9107913159159664
5266,66,51,7,0.5,3,"1.1540434262267054",0.01980100304599981,4,4,0.01758699748745407,true,false,0.1258887743701067,1.5849625007211563,4,0.018586561929080696,true,false,0.06533973962225839
5268,68,51,7,0.5,3,"1.1205179282868525",0.008940838416366783,3,4,-0.022046296598883262,true,true,1.405548314033826,1.5849625007211563,3,-0.024731551283024542,true,false,1.3615154712314255
5269,69,51,7,0.5,3,"2.2481265611990007",0.06055993809481844,4,5,0.042833003817949834,true,true,0.4138615716098776,1.5849625007211563,2,0,false,,
5270,70,51,7,0.5,3,"1.0550171928727727",0.012950064264399515,4,4,-0.036669261661553446,true,false,1.353158576900861,1.5849625007211563,4,-0.026058349558011052,true,false,1.4969641011058705
5271,71,51,7,0.5,3,"1.3032145960034753",0.022233805952331147,5,4,0.006165507152546772,true,true,2.6061601101455345,1.5849625007211563,5,0.013856264230488316,true,false,0.6046032020239263
5272,72,51,7,0.5,3,"1.0258748432691212",0.013509088767566789,4,4,-0.02246141606831736,true,false,1.6014353114014859,1.5849625007211563,4,-0.01650599759468969,true,false,1.8184351591031935
5273,73,51,7,0.5,3,"1",0.013642340565417476,3,3,-0.013440836606563256,true,false,2.0149919208716387,1.5849625007211563,3,-0.008131242764205833,true,false,2.677768203585286
5275,75,51,7,0.5,3,"1.3995438523740409",0.02025466064230521,4,4,0.0006977435225090835,true,false,28.028804981907264,1.5849625007211563,4,0.013270608215643501,true,false,0.5262797539625087
5276,76,51,7,0.5,3,"2.581755593803787",0.00712714555569888,4,5,-0.004784063466701001,true,true,2.4897681866694845,1.5849625007211563,5,-0.005324691309534172,true,true,2.338508683674734
5277,77,51,7,0.5,3,"1.0235414534288638",0.01553413005168054,4,4,-0.027988627189962985,true,false,1.5550157907441506,1.5849625007211563,4,0.005436551606204498,true,false,1.857349874864081
5282,82,51,7,0.5,3,"1",0.008768724881256839,5,5,0.00019731480866365695,true,false,43.44027764892201,1.5849625007211563,5,0.0027089768870663367,true,false,2.2369138781220292
5283,83,51,7,0.5,3,"1.0367469185577698",0.01116771425200179,3,3,-0.003174132185703642,true,false,4.51835197736925,1.5849625007211563,3,0.00209183072749967,true,false,4.338727510399644
5284,84,51,7,0.5,3,"1.3555577869263984",0.012966168208800642,4,4,-0.013227640604406938,true,false,1.980232877243491,1.5849625007211563,4,0.0015562565535170419,true,false,7.331639265709704
5285,85,51,7,0.5,3,"1.548165137614679",0.031697911177004386,4,4,0.024542612772726787,true,false,0.2915459112091355,1.5849625007211563,4,0.031045566944674224,true,false,0.021012476064382807
5287,87,51,7,0.5,3,"1",0.027036901717208586,5,4,-0.004626744370597303,true,true,6.84361260350292,1.5849625007211563,4,0.005443023657265053,true,true,3.9672578000136363
5288,88,51,7,0.5,3,"1.4367816091954022",0.08408143970576352,4,4,0.05988449056078576,true,false,0.4040603655201283,1.5849625007211563,4,0.08301638693244254,true,false,0.012829428172870389
5292,92,51,7,0.5,3,"1.101052116466846",0.02469691804615027,4,4,-0.011701434130482335,true,false,3.110588990268688,1.5849625007211563,4,0.0016676305081528482,true,false,13.809586371447367
5295,95,51,7,0.5,3,"1.0442450495049505",0.0012409804465787833,5,5,-0.029021722982842675,true,false,1.0427603987300285,1.5849625007211563,5,-0.02604735938465764,true,false,1.0476432343199344
5298,98,51,7,0.5,3,"1.4542712485187976",0.007494607985304339,4,4,-0.019020260411372274,true,false,1.3940328798454984,1.5849625007211563,4,0.006119442048443522,true,false,0.22472080395149596
5299,99,51,7,0.5,3,"1.4701078079059129",0.05316392775964057,5,5,0.0397321277351484,true,false,0.3380589157980065,1.5849625007211563,5,0.05188388850776151,true,false,0.024671228173030572
5301,101,51,7,0.5,3,"1.1101060768028945",0.024652018452286283,4,4,-0.01139823006221736,true,false,3.1627935493250243,1.5849625007211563,4,-0.0012835810128920978,true,false,20.20565839217397
5302,102,51,7,0.5,3,"2.229562345169281",0.018394206939880125,4,3,-0.002070455098273777,true,true,9.884137093924968,1.5849625007211563,3,-0.0012542495563540013,true,true,15.665508029638492
5303,103,51,7,0.5,3,"1.0340073529411764",0.016247629085890967,4,4,-0.0029593038597954518,true,false,6.490355115819034,1.5849625007211563,4,-0.00044379625269052713,true,false,37.610559434400955
5306,106,51,7,0.5,3,"1.1741172377804836",0.016500548887419225,4,4,-0.010798506421250962,true,false,2.52803991994179,1.5849625007211563,4,-0.0025947192609720796,true,false,7.3592809964487245
5307,107,51,7,0.5,3,"1.0340073529411764",0.009394817346054305,4,4,-0.007639169038758709,true,false,2.229821895338092,1.5849625007211563,4,-0.001666155556820707,true,false,6.638619580023565
5308,108,51,7,0.5,3,"1.5458605290278253",0.004035994404621858,3,3,-0.029191742283689724,true,false,1.1382580856394064,1.5849625007211563,3,-0.032057750392596264,true,false,1.125897617742821
5313,113,51,7,0.5,3,"1.0442450495049505",0.0028361021734222393,3,3,-0.006345553430252103,true,false,1.4469432342813895,1.5849625007211563,3,-0.0031499904779715947,true,false,1.9003526179699817
5314,114,51,7,0.5,3,"1.236037355795642",0.0154850717091385,5,5,0.005830829015809799,true,false,1.6557238545585953,1.5849625007211563,5,0.010915430459404643,true,false,0.41864049857939334
5316,116,51,7,0.5,3,"1.0746696385925807",0.015557592903207155,3,3,0.0060540986200829415,true,false,1.5697620536934718,1.5849625007211563,3,0.005967061486231787,true,false,1.6072452813003963
5317,117,51,7,0.5,3,"1.2345679012345678",0.02367264469828233,5,5,0.01788591758982311,true,false,0.3235353780088869,1.5849625007211563,5,0.02082436342634396,true,false,0.13677639088526186
5318,118,51,7,0.5,3,"1.3851836650933715",0.008481873652809658,4,4,-0.031194432365843176,true,false,1.2719034458885368,1.5849625007211563,4,-0.02530963942852909,true,false,1.335124238998398
5319,119,51,7,0.5,3,"1.0784470362677743",0.02334795605908905,4,4,0.0027517928502127764,true,false,7.484634320233704,1.5849625007211563,4,0.006829677779677692,true,false,2.4186028700450475
5320,120,51,7,0.5,3,"1.5393386545039909",0.031397237470630696,4,4,0.019415770036192354,true,false,0.6170997808536076,1.5849625007211563,4,0.029990436240466708,true,false,0.04690832833787733
5321,121,51,7,0.5,3,"1.105560560150684",0.01956401262649583,4,4,0.00043884355429583716,true,false,43.5808362341974,1.5849625007211563,4,0.00643976169455298,true,false,2.038002577493495
5322,122,51,7,0.5,3,"1.101052116466846",0.020629615892236403,4,4,-0.00008187335511748218,true,false,252.9698363727056,1.5849625007211563,4,0.007204573746402318,true,false,1.8634054724664353
5325,125,51,7,0.5,3,"3.597122302158273",0.004982828249793361,4,5,-0.011292204459682235,true,true,1.4412626664336523,1.5849625007211563,5,-0.006730754898344665,true,true,1.7403074878003384
5326,126,51,7,0.5,3,"1.3623978201634879",0.05011184013869873,4,4,0.03952456332115864,true,false,0.26786575050842915,1.5849625007211563,4,0.04592705423688613,true,false,0.0911180995895793
5327,127,51,7,0.5,3,"1.015572105619499",0.005880647786608643,4,4,-0.053124425656361975,true,false,1.110695743322439,1.5849625007211563,4,-0.042925894227746515,true,false,1.136995347270075
5328,128,51,7,0.5,3,"1.13464447806354",0.013571960606099151,4,4,-0.006062819330090553,true,false,3.238556002937406,1.5849625007211563,4,-0.000902369784386461,true,false,16.040353567830284
5332,132,51,7,0.5,3,"1.0921446484912223",0.005999417710472617,3,3,-0.022466896834879613,true,false,1.267033660881844,1.5849625007211563,3,-0.004242429444969564,true,false,2.4141467261374006
5334,134,51,7,0.5,3,"1.0407030527289547",0.020633705947452098,5,3,-0.02496623148575711,true,true,1.8264645771318488,1.5849625007211563,5,0.014612345780057365,true,false,0.41207347937335054
5335,135,51,7,0.5,3,"1.2590934527140458",0.010895646131136173,4,4,-0.00022718893724955522,true,false,48.95852413873425,1.5849625007211563,4,0.0033527308704487052,true,false,2.249782506305965
5336,136,51,7,0.5,3,"1.2233801540552787",0.0020341030819543736,4,4,-0.04603738590622394,true,false,1.0441837224662962,1.5849625007211563,4,-0.03889254717070951,true,false,1.0523005878999432
5337,137,51,7,0.5,3,"1",0.010835913312693492,4,4,-0.031654387831611175,true,false,1.3423194714848463,1.5849625007211563,4,-0.025724649624470686,true,false,1.4212268571536064
5338,138,51,7,0.5,3,"1.4760551060572926",0.05066620031893523,5,5,0.03964099028499473,true,false,0.27812650376985815,1.5849625007211563,5,0.04924560809624985,true,false,0.028847084595012975
5340,140,51,7,0.5,3,"1",0.0019531250000000447,3,3,-0.012610249879555014,true,false,1.1548839252715084,1.5849625007211563,3,-0.017582599255345242,true,false,1.1110828365951797
5344,144,51,7,0.5,3,"1",0.01703124999999999,4,4,-0.05024765246020319,true,false,1.3389461828786722,1.5849625007211563,4,-0.042757385845299506,true,false,1.3983229952743312
5345,145,51,7,0.5,3,"1",0.0010826416456152855,5,4,0.004153284669724728,true,true,-0.7393288128051572,1.5849625007211563,5,-0.003982136304549411,true,false,1.2718745825898568
5347,147,51,7,0.5,3,"1.7210606833248343",0.01724285714885905,4,4,0.01469921499339742,true,false,0.17304612230001268,1.5849625007211563,5,0.009636063703891267,true,true,0.7894087958235461
5348,148,51,7,0.5,3,"1.0367469185577698",0.030790543612966036,5,4,-0.011236539172951844,true,true,3.7402159276126428,1.5849625007211563,4,0.00019645121934330073,true,true,155.7337872266357
5350,150,51,7,0.5,3,"1.9908568057808584",0.008130433899362646,5,5,0.008129954381432122,true,false,0.000058981626221597394,1.5849625007211563,5,0.0076916829913101885,true,false,0.05704225051242286
5353,153,51,7,0.5,3,"1.1741172377804836",0.015343373656142875,4,4,-0.01167143491058019,true,false,2.314609023971342,1.5849625007211563,4,-0.0030673109755012936,true,false,6.002223047708846
5354,154,51,7,0.5,3,"1.0025621031525007",0.027045888037528817,4,4,-0.0011351921388787186,true,false,24.82494303056334,1.5849625007211563,4,0.006307876044297877,true,false,3.287637843165523
5355,155,51,7,0.5,3,"1",0.0008764241893076403,4,4,-0.047004872093053006,true,false,1.018645390366612,1.5849625007211563,4,-0.0006560731422892664,true,false,2.3358635383998387
5359,159,51,7,0.5,3,"1",0.004065040650406507,4,4,-0.026400352793956427,true,false,1.1539767548612865,1.5849625007211563,4,-0.02216794979124631,true,false,1.1833746777977505
5362,162,51,7,0.5,3,"1.342081717864599",0.02840764318786734,5,5,0.01870575994097157,true,false,0.5186575299539451,1.5849625007211563,5,0.024294051955890544,true,false,0.16932503640996696
5364,164,51,7,0.5,3,"1.0025621031525007",0.0075211606067930445,3,4,0.0035751427330663636,true,true,1.1037371563462648,1.5849625007211563,3,-0.003019054774609192,true,false,3.4912302585721178
5366,166,51,7,0.5,3,"1.1442617392778438",0.01666706310036884,4,4,-0.007084426342599546,true,false,3.3526341152208325,1.5849625007211563,4,0.0008308497226857149,true,false,19.060261976729915
5367,167,51,7,0.5,3,"1.1442617392778438",0.014869039792581912,4,4,-0.023699094934088328,true,false,1.6274096050475992,1.5849625007211563,4,-0.012383518481477198,true,false,2.2007120443856456
5368,168,51,7,0.5,3,"1.0746696385925807",0.020722315248976827,3,3,-0.038781342749263696,true,false,1.534337229707454,1.5849625007211563,3,0.002698042142336712,true,false,6.680500954306706
5369,169,51,7,0.5,3,"2.267002518891687",0.021518124197846135,4,4,0.021325168206126774,true,false,0.009048275251771485,1.5849625007211563,5,0.011027639831347856,true,true,0.9512900790137682
5371,171,51,7,0.5,3,"1",0.004485852311939226,3,3,-0.046540130726983445,true,false,1.0963867578768614,1.5849625007211563,3,0.003454841933736386,true,false,0.2984247609521777
5372,172,51,7,0.5,3,"1.3288709518653412",0.011258082060920927,4,4,-0.006452844417356708,true,false,2.744669688709556,1.5849625007211563,4,0.00377058416144074,true,false,1.9857660189765434
5373,173,51,7,0.5,3,"1.0746696385925807",0.009820182182399762,5,4,-0.013935361218893081,true,true,1.70469520151985,1.5849625007211563,4,-0.0025311444545081585,true,true,4.879739919588264
5374,174,51,7,0.5,3,"1.4272121788772598",0.030728687074245864,4,4,0.012085915700137236,true,false,1.5425203879170644,1.5849625007211563,4,0.014703771449609044,true,false,1.0898507011997187
5378,178,51,7,0.5,3,"1.2069736253911487",0.02053964793568678,4,4,-0.00678525430909942,true,false,4.027100680388931,1.5849625007211563,4,0.01551580188021305,true,false,0.32378900518706205
5381,181,51,7,0.5,3,"1.2016021361815754",0.009814558615215286,4,4,-0.0013221468792571286,true,false,8.423198412516593,1.5849625007211563,4,0.003980023742850975,true,false,1.4659547905573322
5382,182,51,7,0.5,3,"1.0442450495049505",0.010023677267403034,3,3,-0.020176264513209224,true,false,1.4968054052245705,1.5849625007211563,3,-0.0113776357978607,true,false,1.8809982535464667
5383,183,51,7,0.5,3,"1",0.010906612133605968,4,4,-0.018627305705840175,true,false,1.5855174283303057,1.5849625007211563,4,-0.013536120328490168,true,false,1.8057413696781537
5384,184,51,7,0.5,3,"1.0025621031525007",0.001296395099324052,3,3,-0.028531700420594153,true,false,1.0454370079670512,1.5849625007211563,3,-0.024927194340030562,true,false,1.0520072608910571
5385,185,51,7,0.5,3,"1.0395010395010396",0.04397366690262837,4,4,0.00925240531647293,true,false,3.752674077554504,1.5849625007211563,4,0.011998735914026067,true,false,2.6648582998834756
5386,186,51,7,0.5,3,"1.169033598891583",0.012955932578783034,4,4,-0.015039190123427491,true,false,1.861478076442478,1.5849625007211563,4,-0.00838661104238795,true,false,2.54483527533358
5389,189,51,7,0.5,3,"1.0746696385925807",0.00169309111617858,5,4,-0.0032332270286502002,true,true,1.5236536442309179,1.5849625007211563,5,-0.01934419095737078,true,false,1.087524524541227
5390,190,51,7,0.5,3,"1.0395010395010396",0.01778701777601988,3,3,-0.008907861868840563,true,false,2.996777457701532,1.5849625007211563,3,-0.008793789324909498,true,false,3.022679543349526
5392,192,51,7,0.5,3,"1.2123933542882803",0.0014357688083906333,5,5,-0.052207528371508355,true,false,1.027501183319266,1.5849625007211563,5,-0.013798434521989925,true,false,1.1040530218194329
5393,193,51,7,0.5,3,"1.1239696944467572",0.008043483697524612,4,4,-0.016399887430471903,true,false,1.490459689532952,1.5849625007211563,4,-0.010641624842911776,true,false,1.7558510863011918
5395,195,51,7,0.5,3,"1.4760551060572928",0.014739573452173846,5,4,0.012245035604358155,true,true,0.2037183009029271,1.5849625007211563,4,0.014411154408212268,true,true,0.022789225252796273
5397,197,51,7,0.5,3,"1.0235414534288638",0.01304126720524826,4,4,-0.03301594858070296,true,false,1.3949990161079475,1.5849625007211563,4,-0.010296214217552767,true,false,2.2666079910240975
5398,198,51,7,0.5,3,"1.105560560150684",0.015315296251076553,4,4,-0.013054449223483096,true,false,2.1731859375213256,1.5849625007211563,4,0.002167717588096173,true,false,6.0651713743428255
5399,199,51,7,0.5,3,"1.4216512215669754",0.00566166177345926,4,4,-0.00888270738206595,true,false,1.637380196142684,1.5849625007211563,4,-0.0019172585524200353,true,false,3.9529985751336976
5400,200,51,7,0.5,3,"1.119310173285797",0.0005004823978758473,4,4,-0.03996750508386213,true,false,1.0125222326694074,1.5849625007211563,4,-0.02960543481336231,true,false,1.016905085199085
5401,1,51,7,0.6,1,"1.6550202280250088",0.006547949826468659,3,4,-0.007457439904363131,true,true,1.8780425870596213,1.5849625007211563,2,0,false,,
5402,2,51,7,0.6,1,"1.6129032258064517",0.005085473881601406,3,4,-0.01207653380970492,true,true,1.4211037671682438,1.5849625007211563,2,0,false,,
5403,3,51,7,0.6,1,"1.5028386953133697",0.005793902054476274,3,3,-0.010132162742146488,true,false,1.571832707579354,1.5849625007211563,3,0.0027604893781816215,true,false,1.0988677226111299
5404,4,51,7,0.6,1,"1.6251354279523291",0.009870664175771144,4,4,-0.004798193725674428,true,false,3.0571624949102563,1.5849625007211563,2,0,false,,
5407,7,51,7,0.6,1,"1.5028386953133697",0.005756349937904914,3,3,-0.00724742012508051,true,false,1.7942619357727612,1.5849625007211563,3,0.0032896566855975793,true,false,0.7498330336739227
5410,10,51,7,0.6,1,"1.6349763836744577",0.008149549017160687,3,3,-0.00255615156376831,true,false,4.18821040687686,1.5849625007211563,2,0,false,,
5414,14,51,7,0.6,1,"1.1741172377804836",0.00027518652850971214,3,3,-0.024815806178850354,true,false,1.0110891633552588,1.5849625007211563,3,-0.013969032424367218,true,false,1.0196997558706846
5415,15,51,7,0.6,1,"1.6860247283626826",0.01491271093064841,3,3,0.008039606281227974,true,false,0.8549056270913099,1.5849625007211563,2,0,false,,
5416,16,51,7,0.6,1,"1.4701078079059129",0.005885640227086175,4,4,-0.014335785197538208,true,false,1.4105558325536907,1.5849625007211563,4,0.0009841341616940154,true,false,4.980526290191036
5417,17,51,7,0.6,1,"1.7321016166281755",0.010004948651052156,4,4,-0.0012534267097071001,true,false,8.98207711194387,1.5849625007211563,2,0,false,,
5423,23,51,7,0.6,1,"1.378113515720702",0.0027436277562047267,4,4,-0.021507212781004717,true,false,1.127567797098651,1.5849625007211563,4,-0.006328967471937897,true,false,1.4335032164993324
5424,24,51,7,0.6,1,"1.6449372486901424",0.00818571774131874,3,4,-0.005037720341897946,true,true,2.6248853024332024,1.5849625007211563,2,0,false,,
5426,26,51,7,0.6,1,"1.4701078079059129",0.00871579428316191,4,4,-0.011325355427464701,true,false,1.7695824063963201,1.5849625007211563,4,0.003801581316273289,true,false,1.2926760098100574
5427,27,51,7,0.6,1,"1.9477708844322608",0.010701956939640624,4,4,0.008715954263112757,true,false,0.2278583178129941,1.5849625007211563,2,0,false,,
5428,28,51,7,0.6,1,"1.530612244897959",0.006233570664710988,3,3,-0.0024077443525562705,true,false,3.588966996472399,1.5849625007211563,3,0.005083117302258117,true,false,0.22632831273474566
5432,32,51,7,0.6,1,"1.446480231436837",0.009626167562391506,3,3,-0.006196569049147031,true,false,2.5534673278136983,1.5849625007211563,3,0.005066579116758807,true,false,0.8999343226578409
5433,33,51,7,0.6,1,"1.4367816091954022",0.006240145852516904,3,3,-0.01160842042631217,true,false,1.5375533985978582,1.5849625007211563,3,0.0008495528925127483,true,false,6.345211707843446
5434,34,51,7,0.6,1,"1.5028386953133697",0.0043322404189590465,4,4,-0.01760346714407902,true,false,1.246101542582548,1.5849625007211563,4,0.0002524226958100255,true,false,16.16264223015632
5441,41,51,7,0.6,1,"1.169033598891583",0.0023854855600290584,3,3,-0.01325952787390246,true,false,1.1799072774472006,1.5849625007211563,3,-0.006391579038366671,true,false,1.373223196601298
5443,43,51,7,0.6,1,"1.6154122292688764",0.018586603289355474,4,4,0.006416011892468581,true,false,1.8969091081600564,1.5849625007211563,2,0,false,,
5444,44,51,7,0.6,1,"1.342081717864599",0.0015776030555460546,3,3,-0.014183562893185502,true,false,1.1112275573793953,1.5849625007211563,3,-0.005050152041189217,true,false,1.3123872395680503
5445,45,51,7,0.6,1,"1.3555577869263984",0.0009381094719321021,3,4,-0.025411415451460546,true,true,1.0369168523384313,1.5849625007211563,4,-0.007969387694477009,true,true,1.1177141215732591
5446,46,51,7,0.6,1,"1.3711151736745886",0.004984500049687599,3,3,-0.011591332697553329,true,false,1.4300195827128415,1.5849625007211563,3,-0.0014506853851823892,true,false,4.435962132520496
5448,48,51,7,0.6,1,"1.3923267326732671",0.0033076452856705685,3,3,-0.013829399187816747,true,false,1.2391749085227433,1.5849625007211563,3,-0.0028926831473986073,true,false,2.1434523302855126
5449,49,51,7,0.6,1,"1.3851836650933715",0.0031454983646444696,3,4,-0.011710714560325441,true,true,1.2686000370379666,1.5849625007211563,3,-0.001974239726460002,true,false,2.5932707272002093
5450,50,51,7,0.6,1,"1.5112504197917833",0.007361624518516371,4,4,-0.012645259723274689,true,false,1.582164754193753,1.5849625007211563,4,0.003961820062994567,true,false,0.8581420663895677
5451,51,51,7,0.6,1,"1.3851836650933715",0.00477593276266977,4,4,-0.018491782745707397,true,false,1.258273246465565,1.5849625007211563,4,-0.0037138087780424424,true,false,2.285993180614748
5453,53,51,7,0.6,1,"1.530612244897959",0.006231138934289161,4,4,-0.01214739262308314,true,false,1.512961021976717,1.5849625007211563,4,0.003828317673880904,true,false,0.6276441677768161
5456,56,51,7,0.6,1,"1.31591773077298",0.0025893170316133728,3,3,-0.015926542165036275,true,false,1.1625787320801957,1.5849625007211563,3,-0.005672211246889643,true,false,1.456491643013688
5457,57,51,7,0.6,1,"1.4068361817423927",0.007280456486187455,3,3,-0.006823184241651761,true,false,2.0670174259320597,1.5849625007211563,3,0.0024700219990418226,true,false,1.9475269811409408
5458,58,51,7,0.6,1,"1.801441152922338",0.008109538682894291,3,3,0.0021227929522786987,true,false,2.820221220439402,1.5849625007211563,2,0,false,,
5459,59,51,7,0.6,1,"1.5219842164599775",0.00887663799030918,3,3,-0.007163360401541085,true,false,2.2391723287298944,1.5849625007211563,3,0.006437198181659149,true,false,0.3789598735052894
5460,60,51,7,0.6,1,"1.2709470909433254",0.0011518251806956676,3,3,-0.019881350130597237,true,false,1.0579349577935866,1.5849625007211563,3,-0.009115282872618256,true,false,1.126361978755007
5461,61,51,7,0.6,1,"1.7321016166281755",0.0061043273707829405,4,4,-0.006056423244718137,true,false,2.0079096397542195,1.5849625007211563,2,0,false,,
5464,64,51,7,0.6,1,"1.777719252041085",0.015861911578613802,3,3,0.011886554030170521,true,false,0.3344415495317655,1.5849625007211563,2,0,false,,
5465,65,51,7,0.6,1,"1.3288709518653412",0.0019272560390513683,3,3,-0.01883177762755374,true,false,1.1023406327946175,1.5849625007211563,3,-0.007093114097307775,true,false,1.2717080273363806
5466,66,51,7,0.6,1,"1.7432851239669418",0.012292969188826644,4,4,0.0026493768689423653,true,false,3.639947352501048,1.5849625007211563,2,0,false,,
5467,67,51,7,0.6,1,"1.2289485662266728",0.0011384973094647453,3,3,-0.017855755296401585,true,false,1.063760803761361,1.5849625007211563,3,-0.008791493371887716,true,false,1.129499876904336
5472,72,51,7,0.6,1,"1.342081717864599",0.004197335856333186,3,4,-0.0073813401450400756,true,true,1.5686414355465796,1.5849625007211563,3,0.0003225450020267386,true,false,12.013179029155229
5476,76,51,7,0.6,1,"1.342081717864599",0.0013000743308732854,3,3,-0.015371928022054043,true,false,1.0845745783487974,1.5849625007211563,3,-0.005661056209756929,true,false,1.229652256169544
5477,77,51,7,0.6,1,"1.5938606847697756",0.005432123042845453,4,4,-0.012453805922303498,true,false,1.4361817645734363,1.5849625007211563,2,0,false,,
5478,78,51,7,0.6,1,"1.6860247283626826",0.005075317167340716,3,3,-0.004255604686122756,true,false,2.192619508078602,1.5849625007211563,2,0,false,,
5480,80,51,7,0.6,1,"1.4216512215669754",0.010404280632103056,4,4,-0.009663660458554782,true,false,2.0766397139804966,1.5849625007211563,4,0.004045331067701661,true,false,1.5719231523896526
5482,82,51,7,0.6,1,"1.2953367875647668",0.0019477269574969625,3,3,-0.012817355900645873,true,false,1.1519601213069863,1.5849625007211563,3,-0.0049210458644601135,true,false,1.3957953270794494
5483,83,51,7,0.6,1,"1.519756838905775",0.002643929049676862,3,4,-0.015160614117396746,true,true,1.1743945877919921,1.5849625007211563,3,0.0004066010905268919,true,false,5.502513424769079
5486,86,51,7,0.6,1,"1.378113515720702",0.007649118168487394,3,3,-0.005110921851662521,true,false,2.4966220166327195,1.5849625007211563,3,0.002864279904694254,true,false,1.670520487872464
5488,88,51,7,0.6,1,"1.264992503748126",0.0011658029120009562,3,3,-0.020282389514494126,true,false,1.0574785782103164,1.5849625007211563,3,-0.0095001677638851,true,false,1.1227139289511032
5489,89,51,7,0.6,1,"1.5028386953133697",0.0179210728109377,4,4,0.007284838386025632,true,false,1.4600508427634242,1.5849625007211563,4,0.015993695316661574,true,false,0.12050857891911082
5490,90,51,7,0.6,1,"1.2830260406766774",0.0026789953980848203,3,3,-0.013594204595396411,true,false,1.1970689332564586,1.5849625007211563,3,-0.005034699585475018,true,false,1.5321063059678188
5491,91,51,7,0.6,1,"1.342081717864599",0.0029279389313164586,4,4,-0.024774828112226144,true,false,1.1181820078853162,1.5849625007211563,4,-0.008628648308522177,true,false,1.3393276474630038
5502,102,51,7,0.6,1,"1.5661252900232019",0.004323481156233696,3,4,-0.013836539552423002,true,true,1.3124683841543736,1.5849625007211563,3,0.003657750431460148,true,false,0.18200550782459832
5504,104,51,7,0.6,1,"1.4945200929923614",0.0043073891347324145,3,4,-0.01461442533318166,true,true,1.2947354436819767,1.5849625007211563,3,0.0004723392651534558,true,false,8.119269670144847
5505,105,51,7,0.6,1,"1.3851836650933715",0.004631595283442529,3,3,-0.017225370368876183,true,false,1.268882188554341,1.5849625007211563,3,-0.0035031040864325676,true,false,2.322140355857703
5506,106,51,7,0.6,1,"1.378113515720702",0.0067577498486170355,3,4,-0.004251500831077372,true,true,2.5894974779775723,1.5849625007211563,3,0.004316193288381367,true,false,0.5656735917754245
5507,107,51,7,0.6,1,"1.446480231436837",0.004155412917843598,3,4,-0.01138478162655529,true,true,1.364997156216944,1.5849625007211563,3,-0.00010982807306994242,true,false,38.83561708487122
5508,108,51,7,0.6,1,"1.348786092516735",0.0038038308366161867,3,3,-0.017433629011867256,true,false,1.2181892728144483,1.5849625007211563,3,-0.004999504506416131,true,false,1.7608415657460708
5511,111,51,7,0.6,1,"1.342081717864599",0.0021245143422101926,3,3,-0.017627706249679465,true,false,1.1205213152589732,1.5849625007211563,3,-0.006118893117888828,true,false,1.3472056630633227
5512,112,51,7,0.6,1,"1.2830260406766774",0.004246124734165981,3,3,-0.007351227713136219,true,false,1.577607564322678,1.5849625007211563,3,-0.0011822539404491694,true,false,4.591550502722593
5514,114,51,7,0.6,1,"1.5028386953133697",0.005211753242521147,3,3,-0.01512132832233834,true,false,1.3446623954869072,1.5849625007211563,3,0.0013433200532223337,true,false,2.879755409010146
5517,117,51,7,0.6,1,"1.548165137614679",0.007678898289880698,4,4,-0.009607596872061204,true,false,1.799252757181232,1.5849625007211563,4,0.00608192792808202,true,false,0.2625763377472798
5521,121,51,7,0.6,1,"1.6755616234330397",0.007393035024524905,4,4,-0.006792688412185358,true,false,2.088381297052076,1.5849625007211563,2,0,false,,
5523,123,51,7,0.6,1,"1.6449372486901424",0.018214658055327224,3,4,0.008956569741349053,true,true,1.0336645145782901,1.5849625007211563,2,0,false,,
5528,128,51,7,0.6,1,"1.4862930749752286",0.016417922969055466,3,3,0.007041077117514448,true,false,1.3317345762648194,1.5849625007211563,3,0.01435418194698848,true,false,0.1437728063980658
5530,130,51,7,0.6,1,"1.5219842164599775",0.008525934555262918,4,4,-0.011392400764335009,true,false,1.7483878711460155,1.5849625007211563,4,0.005562482355130272,true,false,0.5327571416742485
5531,131,51,7,0.6,1,"1.5938606847697756",0.0031896926264379706,4,4,-0.01812331688668299,true,false,1.1759993850122301,1.5849625007211563,2,0,false,,
5532,132,51,7,0.6,1,"1.179245283018868",0.0076535653458064635,3,3,-0.007960279727176509,true,false,1.9614693965687011,1.5849625007211563,3,-0.001040730883993292,true,false,8.354029234185573
5533,133,51,7,0.6,1,"1.289152024446142",0.0003522774918867616,3,4,-0.0274157013764401,true,true,1.0128494794661536,1.5849625007211563,3,-0.012602187901216777,true,false,1.0279536771430577
5534,134,51,7,0.6,1,"1.801441152922338",0.009022009879931495,4,4,0.0007189994180616442,true,false,11.548007207368814,1.5849625007211563,2,0,false,,
5538,138,51,7,0.6,1,"1.777719252041085",0.011636440312210916,4,4,0.0032480186544145114,true,false,2.5826273030776368,1.5849625007211563,2,0,false,,
5539,139,51,7,0.6,1,"1.3995438523740409",0.006091005366538391,4,4,-0.011109989646760667,true,false,1.5482458184211128,1.5849625007211563,4,0.0001727418187846789,true,false,34.26074583092571
5540,140,51,7,0.6,1,"1.5393386545039909",0.005781247728928403,4,4,-0.016144829056494052,true,false,1.3580866485918581,1.5849625007211563,4,0.0033139997121791505,true,false,0.744492525959482
5542,142,51,7,0.6,1,"1.4291763709506669",0.004556879505752161,3,3,-0.015468864317342318,true,false,1.294583972828787,1.5849625007211563,3,-0.0017080454208410474,true,false,3.6678912926731995
5544,144,51,7,0.6,1,"1.4387722476819782",0.004948253396249494,3,4,-0.016158262714821552,true,true,1.3062367213345647,1.5849625007211563,3,0.0004805738802506257,true,false,9.296550852220502
5545,145,51,7,0.6,1,"1.348786092516735",0.0026497132273755886,3,3,-0.015903006433279254,true,false,1.166617126044211,1.5849625007211563,3,-0.00504702276838301,true,false,1.5250052058363344
5548,148,51,7,0.6,1,"1.6966193288927987",0.016374206692329325,3,3,0.012114167995938837,true,false,0.3516575548414572,1.5849625007211563,2,0,false,,
5551,151,51,7,0.6,1,"1.854140914709518",0.01446554115341812,4,4,0.009672471376133224,true,false,0.4955372407833404,1.5849625007211563,2,0,false,,
5552,152,51,7,0.6,1,"1.2289485662266728",0.001491330443713721,3,3,-0.012002879808259407,true,false,1.124247719508739,1.5849625007211563,3,-0.0055005618068620955,true,false,1.271123295415615
5553,153,51,7,0.6,1,"1.6129032258064517",0.017182716029299962,3,4,0.007018626970284548,true,true,1.4481591772932396,1.5849625007211563,2,0,false,,
5555,155,51,7,0.6,1,"1.6251354279523291",0.0097688619647952,3,4,0.002576585439866073,true,true,2.7913984196475825,1.5849625007211563,2,0,false,,
5556,156,51,7,0.6,1,"1.6652275811027506",0.02424286343079995,4,4,0.015462497818480393,true,false,0.5678491092057251,1.5849625007211563,2,0,false,,
5557,157,51,7,0.6,1,"1.5393386545039909",0.02168676108839289,4,4,0.009826957956869907,true,false,1.2068641367527106,1.5849625007211563,4,0.020385467732996,true,false,0.06383436340244521
5558,158,51,7,0.6,1,"1.4216512215669754",0.007296398244105957,3,3,-0.003956275460825915,true,false,2.8442594092229245,1.5849625007211563,3,0.0037045490392280597,true,false,0.9695779882634118
5559,159,51,7,0.6,1,"1.548165137614679",0.004857276894646058,3,3,-0.01142741753028358,true,false,1.4250546443913408,1.5849625007211563,3,0.0033272781460785723,true,false,0.45983494057167884
5562,162,51,7,0.6,1,"1.3995438523740409",0.0051280690081721625,3,3,-0.013024138708778811,true,false,1.3937357488918352,1.5849625007211563,3,-0.0012697865543263775,true,false,5.038528357935406
5563,163,51,7,0.6,1,"1.7660910518053372",0.010013045026231073,4,4,0.00029484300689707686,true,false,32.96059866438143,1.5849625007211563,2,0,false,,
5565,165,51,7,0.6,1,"1.777719252041085",0.008759885615218382,3,3,0.0021597275143870344,true,false,3.0560142688669587,1.5849625007211563,2,0,false,,
5566,166,51,7,0.6,1,"1.4781561370852951",0.012983957284673947,3,3,0.002570968812672982,true,false,4.05021967620634,1.5849625007211563,3,0.010544825231206163,true,false,0.23131080885527258
5568,168,51,7,0.6,1,"1.6652275811027506",0.008923918000851386,4,4,-0.004140662116347956,true,false,3.1551910660902314,1.5849625007211563,2,0,false,,
5569,169,51,7,0.6,1,"1.3555577869263984",0.0015506449816413276,3,3,-0.019727494698010058,true,false,1.0786032390518265,1.5849625007211563,3,-0.007111255631616485,true,false,1.2180550189684076
5570,170,51,7,0.6,1,"1.3288709518653412",0.0027416704026738637,3,3,-0.02137722712531069,true,false,1.128251919044623,1.5849625007211563,3,-0.00782676292497516,true,false,1.3502942952220014
5573,173,51,7,0.6,1,"1.264992503748126",0.004363728622534069,3,3,-0.017889558891639096,true,false,1.2439260044904468,1.5849625007211563,3,-0.006639099413043566,true,false,1.6572771924398106
5574,174,51,7,0.6,1,"1.3223626212165736",0.00535340971626827,3,3,-0.0056218087289505,true,false,1.952257533896509,1.5849625007211563,3,0.00047100032971105095,true,false,10.366042396514834
5575,175,51,7,0.6,1,"1.3995438523740409",0.012070371661943646,3,3,0.005398042126269902,true,false,1.23606473969561,1.5849625007211563,3,0.009798426676007551,true,false,0.23186834591508287
5577,177,51,7,0.6,1,"1.4367816091954022",0.0015140241052049308,4,4,-0.02678245924281446,true,false,1.0565304362634709,1.5849625007211563,4,-0.006897065108572842,true,false,1.219517154234639
5578,178,51,7,0.6,1,"1.5845070422535212",0.01746884845857742,3,3,0.010753605379237354,true,false,0.624464339402448,1.5849625007211563,3,0.01746046316326046,true,false,0.00048024472424107684
5579,179,51,7,0.6,1,"1.825804706518799",0.012222842511581941,4,4,0.005741240704178309,true,false,1.1289548969243721,1.5849625007211563,2,0,false,,
5583,183,51,7,0.6,1,"1.6449372486901424",0.002964168174783195,3,4,-0.010062442407683015,true,true,1.2945774052351298,1.5849625007211563,2,0,false,,
5584,184,51,7,0.6,1,"1.5028386953133697",0.00276386364286496,3,3,-0.009391471322649165,true,false,1.2942950628193286,1.5849625007211563,3,0.0004784081195822639,true,false,4.777208892855558
5588,188,51,7,0.6,1,"1.4945200929923614",0.0019319384649922734,3,3,-0.017748766411523696,true,false,1.108849168454768,1.5849625007211563,3,-0.002146995682729775,true,false,1.8998334186382388
5589,189,51,7,0.6,1,"1.4068361817423927",0.009799353525343325,3,3,-0.004906232475239448,true,false,2.997327598070059,1.5849625007211563,3,0.004715333538320419,true,false,1.0781888376943556
5591,191,51,7,0.6,1,"1.5570934256055362",0.014461565718654404,3,3,0.008800200095232706,true,false,0.643322374736525,1.5849625007211563,3,0.014056415744586647,true,false,0.02882313538739684
5592,192,51,7,0.6,1,"1.4945200929923614",0.006872208013388318,3,3,-0.007623913467307621,true,false,1.9014016282919894,1.5849625007211563,3,0.003910612516218763,true,false,0.7573226661774128
5595,195,51,7,0.6,1,"1.348786092516735",0.0023196473779840765,3,3,-0.016133381734250385,true,false,1.1437793648097705,1.5849625007211563,3,-0.005337395560042176,true,false,1.434602860494332
5596,196,51,7,0.6,1,"1.519756838905775",0.006389003273152241,3,3,-0.008562081897551307,true,false,1.746197402640992,1.5849625007211563,3,0.0040521792105739605,true,false,0.5766832958622496
5599,199,51,7,0.6,1,"1.519756838905775",0.013974349572234304,4,4,0.00009006207343483155,true,false,154.1635337636999,1.5849625007211563,4,0.011871486180808907,true,false,0.17713564750004293
5601,1,51,7,0.6,2,"1.342081717864599",0.003878462454591888,3,3,-0.009254005263203052,true,false,1.4191117623429417,1.5849625007211563,3,-0.0016333996127372986,true,false,3.374472495491932
5602,2,51,7,0.6,2,"1.4142049025769956",0.005575052189641839,4,4,-0.00703006983798811,true,false,1.7930294176476242,1.5849625007211563,4,0.0014965853380564393,true,false,2.725181617028238
5604,4,51,7,0.6,2,"2.7388922702373706",0.0010759384424381176,4,3,-0.015372159130580171,true,true,1.0699926687785666,1.5849625007211563,3,-0.012123521797309028,true,true,1.0887480107205263
5605,5,51,7,0.6,2,"1.2417218543046358",0.006737685744082865,3,3,-0.0027255384250286776,true,false,3.47205678049172,1.5849625007211563,3,0.0019963108050683335,true,false,2.375068514870977
5606,6,51,7,0.6,2,"1.4291763709506669",0.006890577750206774,4,4,-0.009479238249293444,true,false,1.7269126029953281,1.5849625007211563,4,0.0019507973676368335,true,false,2.5321852820387574
5607,7,51,7,0.6,2,"1.1741172377804836",0.008479372260748033,3,3,-0.002976769689053251,true,false,3.8485147144335716,1.5849625007211563,3,0.002276319280350338,true,false,2.7250364366474153
5608,8,51,7,0.6,2,"1.3851836650933715",0.0024025985562065055,3,4,-0.006040647559171079,true,true,1.3977385756530047,1.5849625007211563,3,-0.0018116594722435012,true,false,2.326186622274662
5609,9,51,7,0.6,2,"1.530612244897959",0.015775027645379063,4,4,0.0054796040102816435,true,false,1.8788627090168604,1.5849625007211563,4,0.014468894513273628,true,false,0.09027179864413282
5610,10,51,7,0.6,2,"1.4068361817423927",0.00971603270857594,3,3,0.006222984241125237,true,false,0.5613140467826563,1.5849625007211563,3,0.008600482700348166,true,false,0.1297078370011272
5611,11,51,7,0.6,2,"1.8669616927119346",0.017291551043477262,4,4,0.013307497120886627,true,false,0.29938416566234005,1.5849625007211563,2,0,false,,
5612,12,51,7,0.6,2,"1.1442617392778438",0.005196794939154671,3,3,-0.011795106302353187,true,false,1.4405890719372223,1.5849625007211563,3,-0.004515780673457346,true,false,2.1508076487638474
5613,13,51,7,0.6,2,"1.530612244897959",0.0037088407704883508,4,4,-0.016946657013907775,true,false,1.2188538286604007,1.5849625007211563,4,0.0014717521044143326,true,false,1.5200173041126668
5615,15,51,7,0.6,2,"3.5498290823034444",0.009931585990431598,4,3,0,false,,,1.5849625007211563,3,0,false,,
5620,20,51,7,0.6,2,"1.7895015906680807",0.001025011609602643,4,4,-0.0024184895918785906,true,false,1.4238230394063647,1.5849625007211563,2,0,false,,
5621,21,51,7,0.6,2,"1.2953367875647668",0.0016655161908282483,4,4,-0.021356624243577538,true,false,1.0779859294162142,1.5849625007211563,4,-0.0024353574954152097,true,false,1.6838898165726137
5622,22,51,7,0.6,2,"1.2590934527140458",0.0027559989226246437,4,4,-0.015978148363328518,true,false,1.1724855008199786,1.5849625007211563,4,-0.006229540281539902,true,false,1.4424080747646082
5625,25,51,7,0.6,2,"1.9477708844322608",0.02245844881154358,4,4,0.020753895498600954,true,false,0.08213172862210537,1.5849625007211563,2,0,false,,
5626,26,51,7,0.6,2,"1.548165137614679",0.01170570603647605,4,4,0.0008960030371135115,true,false,12.064359775147832,1.5849625007211563,4,0.00962520790221184,true,false,0.21615098140229447
5627,27,51,7,0.6,2,"1.4862930749752286",0.004462542560138596,4,4,-0.015758407951729874,true,false,1.2831848606666336,1.5849625007211563,4,0.00040998140635867774,true,false,9.884743773561478
5628,28,51,7,0.6,2,"1.5570934256055362",0.015377239312067458,3,3,0.011274007806042909,true,false,0.36395499955439115,1.5849625007211563,3,0.015097027944300928,true,false,0.018560697430006975
5630,30,51,7,0.6,2,"1.5938606847697756",0.013677510538193228,3,3,0.008168263417625918,true,false,0.6744698155398808,1.5849625007211563,2,0,false,,
5632,32,51,7,0.6,2,"1.5112504197917833",0.0034230597722216074,4,4,-0.0033578247940557826,true,false,2.019427749262352,1.5849625007211563,4,0.002389924748136437,true,false,0.4322876797232909
5633,33,51,7,0.6,2,"1.3711151736745886",0.003323088408233049,3,4,-0.008128052109673262,true,true,1.4088419172753843,1.5849625007211563,3,-0.0019309101531559392,true,false,2.7209958748218765
5634,34,51,7,0.6,2,"1.3354436640617273",0.005927790679995745,3,3,-0.00040417513679362927,true,false,15.666391225896852,1.5849625007211563,3,0.0034206322364172433,true,false,0.7329517674792452
5636,36,51,7,0.6,2,"1.6251354279523291",0.015319739146172281,4,4,0.008191506786897208,true,false,0.8701979433963353,1.5849625007211563,2,0,false,,
5637,37,51,7,0.6,2,"1.348786092516735",0.008803546829654708,3,3,0.0023297005215383157,true,false,2.778831977872277,1.5849625007211563,3,0.006270391564747975,true,false,0.40398677478900763
5638,38,51,7,0.6,2,"1.548165137614679",0.019531335629720124,3,3,0.013273382214076868,true,false,0.47146637644522027,1.5849625007211563,3,0.018969838107133118,true,false,0.029599489432430598
5640,40,51,7,0.6,2,"1.2953367875647668",0.010341833268995303,3,3,0.0030920718538676225,true,false,2.3446290247296617,1.5849625007211563,3,0.007047520754094816,true,false,0.46744275467176105
5643,43,51,7,0.6,2,"1.6033254156769599",0.023608118090189825,4,4,0.016454602825206225,true,false,0.4347425058492073,1.5849625007211563,2,0,false,,
5647,47,51,7,0.6,2,"2.305721605465414",0.006096790032006736,4,3,-0.006447376733953174,true,true,1.9456233571554493,1.5849625007211563,3,-0.005863211198078738,true,true,2.0398380385827712
5650,50,51,7,0.6,2,"1.2233801540552787",0.008063200347837507,3,3,0.005640447921052073,true,false,0.4295319202829435,1.5849625007211563,3,0.007100845410858094,true,false,0.13552681142837583
5652,52,51,7,0.6,2,"1.7660910518053372",0.012897598581618472,4,4,0.006327483811390345,true,false,1.0383455676964377,1.5849625007211563,2,0,false,,
5653,53,51,7,0.6,2,"1.8135411069317569",0.022985681609401912,4,4,0.019581317578128258,true,false,0.17385776098520694,1.5849625007211563,2,0,false,,
5657,57,51,7,0.6,2,"1.3555577869263984",0.006097810223708398,3,3,-0.004972622718244855,true,false,2.2262764680165983,1.5849625007211563,3,0.0016554812202707887,true,false,2.6834064615429303
5658,58,51,7,0.6,2,"1.2769580022701477",0.00041577900086426934,4,4,-0.006179722066772352,true,false,1.0672811813171768,1.5849625007211563,4,-0.002288142948803802,true,false,1.1817102384628682
5659,59,51,7,0.6,2,"2.6844303042354345",0.049725865321434866,4,2,0,false,,,1.5849625007211563,2,0,false,,
5660,60,51,7,0.6,2,"1.4945200929923614",0.009416966261568899,3,3,0.0009411064279975912,true,false,9.006271322155927,1.5849625007211563,3,0.007721158233770833,true,false,0.21963130095960656
5662,62,51,7,0.6,2,"1.2709470909433254",0.004147085841734006,3,3,-0.005225201088222005,true,false,1.7936700945503992,1.5849625007211563,3,-0.0004979956535780808,true,false,9.327554290760059
5663,63,51,7,0.6,2,"2.6844303042354345",0.04115392409975934,4,3,0.037196928050694265,true,true,0.10637964628886121,1.5849625007211563,2,0,false,,
5664,64,51,7,0.6,2,"2.1367521367521367",0.015609650262663304,4,2,0,false,,,1.5849625007211563,2,0,false,,
5665,65,51,7,0.6,2,"1.342081717864599",0.0019499692647271202,3,3,-0.006224514554343258,true,false,1.3132725046592586,1.5849625007211563,3,-0.001442779168079865,true,false,2.351536886495425
5667,67,51,7,0.6,2,"1.4701078079059129",0.0039685781447204175,3,3,-0.009290339760234637,true,false,1.4271725520424008,1.5849625007211563,3,0.0007629196718881539,true,false,4.201829617131987
5668,68,51,7,0.6,2,"1.5845070422535212",0.008302601862580805,3,3,0.0011318100551465267,true,false,6.335684839366383,1.5849625007211563,3,0.008293440567115371,true,false,0.001104643530184535
5670,70,51,7,0.6,2,"1.6349763836744577",0.007247022580627656,3,3,0.0001224863440769406,true,false,58.16596364469325,1.5849625007211563,2,0,false,,
5671,71,51,7,0.6,2,"4.861361181130716",0.005402434337682976,4,3,-0.0004028654263726354,true,true,14.410022265564004,1.5849625007211563,3,0.000685556611244247,true,true,6.8803621015015235
5675,75,51,7,0.6,2,"1.446480231436837",0.008804409876928997,3,3,-0.0022352826653551866,true,false,4.938835125145112,1.5849625007211563,3,0.005628304136686215,true,false,0.5643095438891443
5677,77,51,7,0.6,2,"1.801441152922338",0.006066017070394838,4,4,0.0013480791240396471,true,false,3.499748540143135,1.5849625007211563,3,-0.000006835303819141289,true,true,888.453905619795
5679,79,51,7,0.6,2,"2.087198515769944",0.027807706619367302,3,2,0,false,,,1.5849625007211563,2,0,false,,
5680,80,51,7,0.6,2,"2.211302211302211",0.019867309424003766,4,3,0.0105417735014105,true,true,0.884626853474465,1.5849625007211563,3,0.011204731892930312,true,true,0.7731177875428822
5681,81,51,7,0.6,2,"1.4142049025769956",0.00768511817222725,4,4,-0.012500988887231976,true,false,1.6147608194481744,1.5849625007211563,4,0.0011534375835381954,true,false,5.662795006777029
5682,82,51,7,0.6,2,"1.6449372486901424",0.011370304359756857,4,4,0.0025942030368087104,true,false,3.3829662514558505,1.5849625007211563,2,0,false,,
5683,83,51,7,0.6,2,"1.6449372486901424",0.012372643044532245,4,4,-0.0036671079394221054,true,false,4.373951148676041,1.5849625007211563,2,0,false,,
5686,86,51,7,0.6,2,"1.7210606833248343",0.015585431848526655,3,4,0.008818635437863188,true,true,0.7673291926333566,1.5849625007211563,2,0,false,,
5688,88,51,7,0.6,2,"1.264992503748126",0.0005157156288925265,3,3,-0.00900709702080239,true,false,1.0572565864119652,1.5849625007211563,3,-0.004035399990170031,true,false,1.1277978961562116
5689,89,51,7,0.6,2,"1.4781561370852951",0.008394450271965831,4,4,-0.007624257792665003,true,false,2.1010186827682826,1.5849625007211563,4,0.004683415104019174,true,false,0.7923780159401099
5690,90,51,7,0.6,2,"1.854140914709518",0.01473747845132767,3,3,0.011473068835012564,true,false,0.2845280249999939,1.5849625007211563,2,0,false,,
5691,91,51,7,0.6,2,"1.4621466478934257",0.00772194731773249,3,4,0.002083632696223882,true,true,2.7060021815393815,1.5849625007211563,3,0.006413996173450299,true,false,0.20392141013370785
5692,92,51,7,0.6,2,"1.2590934527140458",0.00234236653472212,3,3,-0.009112456718252207,true,false,1.2570510464022695,1.5849625007211563,3,-0.0031533144689050324,true,false,1.7428268121750294
5694,94,51,7,0.6,2,"1.6129032258064517",0.011000246326808061,4,4,-0.00006818481925815038,true,false,162.32984506654918,1.5849625007211563,2,0,false,,
5695,95,51,7,0.6,2,"1.3623978201634879",0.008609543056450881,3,3,0.0007266581252495521,true,false,10.848134297671487,1.5849625007211563,3,0.005666956465757455,true,false,0.5192534314449009
5698,98,51,7,0.6,2,"1.2233801540552787",0.0017149081136584056,3,4,-0.01342566955486815,true,true,1.1277335261865267,1.5849625007211563,3,-0.005828862651667315,true,false,1.2942097311501868
5700,100,51,7,0.6,2,"2.087198515769944",0.018926580818121232,3,2,0,false,,,1.5849625007211563,2,0,false,,
5701,101,51,7,0.6,2,"1.2953367875647668",0.0069931320669104815,3,3,-0.0008566499065918343,true,false,9.163348893286555,1.5849625007211563,3,0.0036091334561411423,true,false,0.9376208034123195
5703,103,51,7,0.6,2,"1.6033254156769599",0.02447391984660492,4,4,0.020650920532025736,true,false,0.18512488625630136,1.5849625007211563,2,0,false,,
5704,104,51,7,0.6,2,"1.5752625437572931",0.008492957379080644,4,4,-0.0029723938933703562,true,false,3.8572785720033216,1.5849625007211563,4,0.008272036042008303,true,false,0.02670700852249979
5705,105,51,7,0.6,2,"1.9946808510638294",0.011109386415814756,4,4,0.01097299408806379,true,false,0.012429818758339711,1.5849625007211563,2,0,false,,
5706,106,51,7,0.6,2,"1.2417218543046358",0.005426914037357703,3,3,0.0032903875460067755,true,false,0.64932366217585,1.5849625007211563,3,0.0045824969303921315,true,false,0.18427008676540754
5708,108,51,7,0.6,2,"1.5752625437572931",0.012791620716441068,4,4,0.0018350400578066466,true,false,5.970758301445694,1.5849625007211563,4,0.01251314546048747,true,false,0.022254616701526814
5709,109,51,7,0.6,2,"1.2953367875647668",0.0003930105183694249,3,3,-0.009800926266066191,true,false,1.0400993240537018,1.5849625007211563,3,-0.004165599713801331,true,false,1.0943466836401285
5710,110,51,7,0.6,2,"1.0709186101856258",0.0007667975016676628,3,3,-0.009320848703241718,true,false,1.0822669186123552,1.5849625007211563,3,-0.005262216532290867,true,false,1.1457175881992532
5711,111,51,7,0.6,2,"1.2417218543046358",0.004447020648145603,3,3,-0.0001497947881459305,true,false,30.6874190563513,1.5849625007211563,3,0.0023093316532336984,true,false,0.9256743144357601
5713,113,51,7,0.6,2,"1.9200682690940125",0.017889065685254994,4,4,0.015614813291258587,true,false,0.14564710775437636,1.5849625007211563,2,0,false,,
5714,114,51,7,0.6,2,"1.4621466478934257",0.0035423537347496112,3,4,-0.0071899354368976254,true,true,1.4926822731356957,1.5849625007211563,3,0.00026261095170935177,true,false,12.488979464459499
5720,120,51,7,0.6,2,"1.2016021361815754",0.0009371776735646952,3,3,-0.010250053162594568,true,false,1.091431493934561,1.5849625007211563,3,-0.004828850740552733,true,false,1.1940788241173554
5721,121,51,7,0.6,2,"1.6104020040558271",0.024023443807965273,4,4,0.01718504009674849,true,false,0.39792771344831773,1.5849625007211563,4,0.024009503126071814,true,false,0.0005806318364964712
5722,122,51,7,0.6,2,"1.3555577869263984",0.0012692722624478403,3,3,-0.007002065492132154,true,false,1.1812711211961746,1.5849625007211563,3,-0.0020186077058822684,true,false,1.6287859987600126
5723,123,51,7,0.6,2,"1.6349763836744577",0.018953429775402233,3,3,0.014598279034815094,true,false,0.298333161751508,1.5849625007211563,2,0,false,,
5724,124,51,7,0.6,2,"1.5752625437572931",0.005307632827171487,3,3,-0.000756544203911178,true,false,8.015628167834894,1.5849625007211563,3,0.0051496723339746215,true,false,0.03067389203672859
5725,125,51,7,0.6,2,"1.4542712485187976",0.010917656053498037,3,3,0.005561004026955441,true,false,0.9632526789366983,1.5849625007211563,3,0.009572940662032093,true,false,0.1404704613702782
5728,128,51,7,0.6,2,"1.5028386953133697",0.008159676376443652,3,3,0.0011754141991696548,true,false,5.941958317508734,1.5849625007211563,3,0.006873371248590281,true,false,0.1871432636666018
5729,129,51,7,0.6,2,"1.6251354279523291",0.007990759605019132,4,4,-0.003278334975617525,true,false,3.437444515112111,1.5849625007211563,2,0,false,,
5730,130,51,7,0.6,2,"1.6449372486901424",0.011623789782967756,4,4,0.001423586366255321,true,false,7.165145479401861,1.5849625007211563,2,0,false,,
5731,131,51,7,0.6,2,"1.6652275811027506",0.015751550504508566,3,4,0.00918251074315947,true,true,0.7153860142491766,1.5849625007211563,2,0,false,,
5733,133,51,7,0.6,2,"1.5112504197917833",0.010717498492942627,3,3,0.005411462633198961,true,false,0.9805178783258136,1.5849625007211563,3,0.009823403162855402,true,false,0.0910168620044028
5736,136,51,7,0.6,2,"1.838235294117647",0.0010862048182535223,4,4,-0.001439049196093312,true,false,1.7548072860902317,1.5849625007211563,3,0,false,,
5739,139,51,7,0.6,2,"1.2953367875647668",0.002615919079747624,3,3,-0.009485364283772245,true,false,1.2757847776308382,1.5849625007211563,3,-0.0028661446242881925,true,false,1.9126961206283468
5740,140,51,7,0.6,2,"1.6349763836744577",0.009014619826043915,4,4,-0.00004217457324504027,true,false,214.74537149831232,1.5849625007211563,3,0.0067768196881394785,true,true,0.33021391167024056
5741,141,51,7,0.6,2,"1.3851836650933715",0.0018828124107339165,3,3,-0.004812553535130621,true,false,1.3912293955775838,1.5849625007211563,3,-0.0005802327651070247,true,false,4.244926043407131
5742,142,51,7,0.6,2,"1.4621466478934257",0.005439382616195727,3,3,-0.01005771520880925,true,false,1.5408169254416286,1.5849625007211563,3,0.0014560135208101853,true,false,2.735805017228846
5743,143,51,7,0.6,2,"1.6449372486901424",0.015453045298113366,4,4,0.008648110291167898,true,false,0.7868695909088002,1.5849625007211563,2,0,false,,
5744,144,51,7,0.6,2,"1.348786092516735",0.0015267090623126071,3,4,-0.01946470361306963,true,true,1.0784347448931868,1.5849625007211563,3,-0.00626464894431005,true,false,1.2437022530527049
5746,146,51,7,0.6,2,"1.9338203695745597",0.006765173479055981,4,4,0.004258239756804473,true,false,0.5887253572900732,1.5849625007211563,2,0,false,,
5748,148,51,7,0.6,2,"2.956636005256242",0.023889908464352187,4,3,0.011143279886220266,true,true,1.143884808448036,1.5849625007211563,3,0.009202037367793153,true,true,1.5961542547051732
5749,149,51,7,0.6,2,"1.6550202280250088",0.022839806112429393,4,4,0.018072478037568673,true,false,0.26378939650392724,1.5849625007211563,2,0,false,,
5751,151,51,7,0.6,2,"2.1367521367521367",0.012077354620598293,4,2,0,false,,,1.5849625007211563,2,0,false,,
5753,153,51,7,0.6,2,"1.548165137614679",0.0048679138974273145,4,4,-0.009758779429737933,true,false,1.498824051970405,1.5849625007211563,4,0.0035356494918331086,true,false,0.3768089593359194
5755,155,51,7,0.6,2,"1.253249164500557",0.00426840792110959,3,3,-0.004694065480371677,true,false,1.9093200635905097,1.5849625007211563,3,-0.00008761323769917274,true,false,49.71875567212252
5756,156,51,7,0.6,2,"1.7182130584192439",0.005817383415637619,4,4,-0.00449651692754962,true,false,2.2937532559913674,1.5849625007211563,2,0,false,,
5757,157,51,7,0.6,2,"1.5112504197917833",0.017239612690471022,3,3,0.011511921523273601,true,false,0.49754432008746524,1.5849625007211563,3,0.01629252969075723,true,false,0.058129892514547574
5758,158,51,7,0.6,2,"1.5028386953133697",0.0049762693624339615,4,4,-0.01050114927126265,true,false,1.4738785473749978,1.5849625007211563,4,0.002101765788470336,true,false,1.3676612254953904
5760,160,51,7,0.6,2,"1.4542712485187976",0.004219651334592319,3,3,-0.00860577122252704,true,false,1.4903280862901256,1.5849625007211563,3,0.0006942744486790736,true,false,5.077785726697312
5762,162,51,7,0.6,2,"1.4862930749752286",0.004963683400890282,4,4,-0.011732392476744343,true,false,1.4230751239126354,1.5849625007211563,4,0.0013677245247951885,true,false,2.629154344244558
5764,164,51,7,0.6,2,"1.6129032258064517",0.0015139394088172424,4,4,-0.015632168812745005,true,false,1.096847688056114,1.5849625007211563,2,0,false,,
5765,165,51,7,0.6,2,"1.5752625437572931",0.018313850709050363,3,4,0.00926343863319164,true,true,0.977003511787769,1.5849625007211563,4,0.01814295565368806,true,true,0.009419361355687552
5766,166,51,7,0.6,2,"1.3641875505254648",0.0030555892052491155,3,3,-0.0024635884310379424,true,false,2.2403001924967456,1.5849625007211563,3,0.0009827258425373863,true,false,2.1092997385309626
5768,168,51,7,0.6,2,"1.2830260406766774",0.0017576899199752533,4,4,-0.020597695904820766,true,false,1.0853342979766913,1.5849625007211563,4,-0.009890725944453062,true,false,1.1777109111956545
5769,169,51,7,0.6,2,"1.342081717864599",0.00514947844649222,3,3,-0.005204351441315567,true,false,1.9894563241083743,1.5849625007211563,3,0.0008673738427213241,true,false,4.936861584776519
5770,170,51,7,0.6,2,"1.3623978201634879",0.007527092167518817,3,3,0.0023068989664812595,true,false,2.2628616497236465,1.5849625007211563,3,0.005569008782796678,true,false,0.3516035727526395
5773,173,51,7,0.6,2,"1.6349763836744577",0.009623152646734329,4,4,0.00010457506504747521,true,false,91.0214837290858,1.5849625007211563,2,0,false,,
5774,174,51,7,0.6,2,"1.6033254156769599",0.0063038064433776865,4,4,-0.0110400190133676,true,false,1.5709959770671447,1.5849625007211563,2,0,false,,
5777,177,51,7,0.6,2,"1.3223626212165736",0.005806032246081295,3,3,-0.002869556454560735,true,false,3.023320446215117,1.5849625007211563,3,0.002096565705184062,true,false,1.769306123688392
5778,178,51,7,0.6,2,"1.4862930749752286",0.013040641503678134,4,4,0.00003959964028051843,true,false,328.3121202945283,1.5849625007211563,4,0.010283123244721814,true,false,0.26815960417198315
5780,180,51,7,0.6,2,"1.4142049025769956",0.003083830882187247,4,4,-0.014805198567037818,true,false,1.2082937873628432,1.5849625007211563,4,-0.002979407270038117,true,false,2.0350484518176644
5781,181,51,7,0.6,2,"1.6550202280250088",0.013237616583708636,3,3,0.006802993341160962,true,false,0.9458517625786147,1.5849625007211563,2,0,false,,
5783,183,51,7,0.6,2,"1.3555577869263984",0.0034194175168504965,3,3,-0.00909430148469809,true,false,1.37599561908124,1.5849625007211563,3,-0.0016236353504052933,true,false,3.1060255407699384
5784,184,51,7,0.6,2,"1.1442617392778438",0.002440436942813606,3,3,-0.017719941055461163,true,false,1.1377226332285952,1.5849625007211563,3,-0.000013068820578557666,true,false,187.73735155700973
5785,185,51,7,0.6,2,"1.3923267326732671",0.0033571210205706648,4,4,-0.018570855587355554,true,false,1.180773632360614,1.5849625007211563,4,-0.004864280301659959,true,false,1.6901578059605307
5787,187,51,7,0.6,2,"6.346967559943582",0.016463661005638675,4,3,0.008831352633479537,true,true,0.8642286962050594,1.5849625007211563,3,0.010595373288951227,true,true,0.5538537960533068
5790,190,51,7,0.6,2,"1.3354436640617273",0.00752824726852675,3,3,-0.0030080834427336344,true,false,3.5026723532926196,1.5849625007211563,3,0.0032643842260008517,true,false,1.3061768307064436
5791,191,51,7,0.6,2,"2.039891205802357",0.011314061703736875,4,2,0,false,,,1.5849625007211563,2,0,false,,
5792,192,51,7,0.6,2,"1.530612244897959",0.0067813576038967425,3,4,-0.007273116670054607,true,true,1.9323867485609614,1.5849625007211563,3,0.005289348487020072,true,false,0.2820780518693415
5793,193,51,7,0.6,2,"1.4945200929923614",0.009750254931476837,4,4,-0.004681823862171131,true,false,3.0825761964815332,1.5849625007211563,4,0.006828208910745777,true,false,0.4279374077340457
5795,195,51,7,0.6,2,"1.7660910518053372",0.00774868859994207,3,3,0.0032199273567834552,true,false,1.4064793212237616,1.5849625007211563,2,0,false,,
5797,197,51,7,0.6,2,"1.4945200929923614",0.010597530978984818,4,4,-0.003058684728692306,true,false,4.46473465525021,1.5849625007211563,4,0.007847454640007958,true,false,0.35044182669835355
5798,198,51,7,0.6,2,"1.5393386545039909",0.011972360704939462,3,3,0.0019721051645083375,true,false,5.070853076399844,1.5849625007211563,3,0.010853820137866925,true,false,0.1030550122320676
5799,199,51,7,0.6,2,"1.446480231436837",0.01374148393664434,3,3,0.010493350543637312,true,false,0.3095420647103558,1.5849625007211563,3,0.012892608356227644,true,false,0.0658420357589359
5800,200,51,7,0.6,2,"1.4701078079059129",0.009751336570179467,4,4,-0.0011403495687329888,true,false,9.551181881020844,1.5849625007211563,4,0.007156403576476117,true,false,0.3626029423820058
5802,2,51,7,0.6,3,"1.5845070422535212",0.0035179127797203376,4,4,-0.008320581959505396,true,false,1.42279648188568,1.5849625007211563,4,0.0035115513094855313,true,false,0.0018115840191833216
5803,3,51,7,0.6,3,"20",0.0013008201516566923,3,3,-0.0038131893410761194,true,false,1.3411370470498558,1.5849625007211563,3,-0.0014909376985976714,true,false,1.8724845799259098
5806,6,51,7,0.6,3,"2.024595080983803",0.00968732849298891,4,3,0,false,,,1.5849625007211563,3,0,false,,
5807,7,51,7,0.6,3,"2.286198137171888",0.027175502319791968,4,3,0.01656864995369984,true,true,0.6401760189111594,1.5849625007211563,2,0,false,,
5808,8,51,7,0.6,3,"2.795609857113274",0.041187770185844054,4,2,0,false,,,1.5849625007211563,2,0,false,,
5809,9,51,7,0.6,3,"1.5028386953133697",0.010665360334345165,3,4,0.008545016112124585,true,true,0.2481381186879225,1.5849625007211563,3,0.009925760375594153,true,false,0.07451317891670735
5810,10,51,7,0.6,3,"1.4862930749752286",0.003966473552212719,3,3,-0.006693881127360207,true,false,1.5925521348146399,1.5849625007211563,3,0.00177597519183777,true,false,1.2334059453320585
5811,11,51,7,0.6,3,"2.824858757062147",0.08810626272080176,4,3,0.05933599924780703,true,true,0.48487029522904734,1.5849625007211563,3,0.06719178879901176,true,true,0.3112653241655861
5812,12,51,7,0.6,3,"1.3641875505254648",0.010280047228062552,4,4,0.0013202642043660506,true,false,6.786356089990873,1.5849625007211563,4,0.007091005943442326,true,false,0.449730448691756
5813,13,51,7,0.6,3,"2.4141630901287554",0.020886459487238006,4,2,0,false,,,1.5849625007211563,2,0,false,,
5814,14,51,7,0.6,3,"1.446480231436837",0.005863391935223782,4,4,-0.0011946522778450081,true,false,5.908032273458309,1.5849625007211563,4,0.003909924191310304,true,false,0.4996178054436465
5816,16,51,7,0.6,3,"2.087198515769944",0.005491485045450749,4,3,-0.006527750247326155,true,true,1.8412523208436364,1.5849625007211563,3,0.0000714198245725895,true,true,75.89020630216372
5818,18,51,7,0.6,3,"1.3537906137184115",0.007953365363751165,4,4,0.0025468931448762097,true,false,2.122771514679205,1.5849625007211563,4,0.0015239631641441112,true,false,4.218869819742617
5819,19,51,7,0.6,3,"1.5112504197917833",0.00742486572665916,3,3,0.002118418990337914,true,false,2.504908972457239,1.5849625007211563,3,0.006521674561818508,true,false,0.13849068307217177
5822,22,51,7,0.6,3,"1.8414950211430912",0.008949987539246713,4,4,0.004194813186317449,true,false,1.1335842960634313,1.5849625007211563,2,0,false,,
5824,24,51,7,0.6,3,"1.879961008216126",0.0049468040365830525,4,4,0.002751419375389765,true,false,0.7979098645702785,1.5849625007211563,3,-0.0023209771341218695,true,true,3.1313454423387292
5825,25,51,7,0.6,3,"1.7182130584192439",0.010085518400663749,3,3,0.0044194599913826545,true,false,1.28207030278114,1.5849625007211563,2,0,false,,
5826,26,51,7,0.6,3,"2.267002518891687",0.016455744871436685,4,3,0.012717147268255019,true,true,0.29398083739378267,1.5849625007211563,3,0.010197245454791644,true,true,0.6137441178984464
5827,27,51,7,0.6,3,"1.879961008216126",0.019312786604964573,3,3,0.01873144083735466,true,false,0.031035827551000816,1.5849625007211563,2,0,false,,
5829,29,51,7,0.6,3,"1.777719252041085",0.009044955554222708,4,4,0.005366080797349573,true,false,0.6855794565542533,1.5849625007211563,2,0,false,,
5831,31,51,7,0.6,3,"1.236037355795642",0.07820467105064768,3,3,0.049872772017940034,true,false,0.5680835030087402,1.5849625007211563,3,0.06411238300224956,true,false,0.21980602480340905
5832,32,51,7,0.6,3,"2.795609857113274",0.03499150926694405,4,3,-0.002337305646816325,true,true,15.970874397452661,1.5849625007211563,3,-0.001176511049056419,true,true,30.741760007275584
5833,33,51,7,0.6,3,"2.286198137171888",0.04429807049702334,3,2,0,false,,,1.5849625007211563,2,0,false,,
5834,34,51,7,0.6,3,"1.5938606847697756",0.010569316507351174,4,4,0.0005720271527767688,true,false,17.47694896307799,1.5849625007211563,2,0,false,,
5839,39,51,7,0.6,3,"4.387390315242119",0.01722898734500164,4,3,0,false,,,1.5849625007211563,3,0,false,,
5841,41,51,7,0.6,3,"1.158997252747253",0.005673094729529436,3,3,-0.01090201087087905,true,false,1.5203714064056886,1.5849625007211563,3,0.005078964332797002,true,false,0.1169786511190648
5842,42,51,7,0.6,3,"1.7210606833248343",0.020647648957641658,4,4,0.01734651759379597,true,false,0.19030513450298214,1.5849625007211563,3,0.01677285039252161,true,true,0.23101610486239568
5844,44,51,7,0.6,3,"2.1933387489845653",0.016391808538349498,4,3,0.01215829118346785,true,true,0.34820003000406363,1.5849625007211563,2,0,false,,
5845,45,51,7,0.6,3,"1.4142049025769956",0.0014745583975744323,4,4,-0.02132814504367799,true,false,1.0691367390157316,1.5849625007211563,4,-0.0026951554388887767,true,false,1.5471144173348303
5846,46,51,7,0.6,3,"1.4542712485187976",0.0017125079836393194,3,3,-0.011521963596795535,true,false,1.1486298727862323,1.5849625007211563,3,-0.0006146084400595346,true,false,3.7863398417916874
5847,47,51,7,0.6,3,"1.5393386545039909",0.004742253435677289,3,3,-0.003572394872362495,true,false,2.3274717955636137,1.5849625007211563,3,0.0038101449901475717,true,false,0.24463857620641757
5848,48,51,7,0.6,3,"1.7660910518053372",0.01560174811870393,4,4,0.009943768483490068,true,false,0.5689975228815889,1.5849625007211563,2,0,false,,
5849,49,51,7,0.6,3,"1.6860247283626826",0.014076308636137866,3,3,0.010002364210898989,true,false,0.40729814865166963,1.5849625007211563,2,0,false,,
5851,51,51,7,0.6,3,"2.5037091988130564",0.014714222400110595,3,3,0.014057689909160998,true,false,0.046702729622863065,1.5849625007211563,3,0.012134192191010905,true,false,0.2126248017573839
5852,52,51,7,0.6,3,"2.1933387489845653",0.015092200840951536,4,2,0,false,,,1.5849625007211563,2,0,false,,
5854,54,51,7,0.6,3,"1.4621466478934257",0.003415349583178871,3,3,-0.007006015852144883,true,false,1.487488132378871,1.5849625007211563,3,0.0008017969385281445,true,false,3.2596191367959255
5855,55,51,7,0.6,3,"1.6349763836744577",0.006709653417952563,4,4,-0.008537090452592423,true,false,1.78594146977968,1.5849625007211563,2,0,false,,
5856,56,51,7,0.6,3,"1.530612244897959",0.006263057645292614,3,3,0.0012044928832314003,true,false,4.199746492889316,1.5849625007211563,3,0.0056049764711650135,true,false,0.11741015818944489
5858,58,51,7,0.6,3,"2.5510204081632653",0.0246868920373921,4,3,0,false,,,1.5849625007211563,2,0,false,,
5859,59,51,7,0.6,3,"1.5938606847697756",0.002398841483025398,4,4,-0.01401340570981512,true,false,1.1711819048630863,1.5849625007211563,4,0.00264904792268377,true,false,-0.09445145839599836
5860,60,51,7,0.6,3,"2.4747937671860676",0.014275091593170301,3,3,0.013729215228764188,true,false,0.03976020153449439,1.5849625007211563,3,0.01289670480272962,true,false,0.10687899052701752
5863,63,51,7,0.6,3,"1.9338203695745597",0.016731469623799382,4,4,0.015438931007213379,true,false,0.08371943730962356,1.5849625007211563,2,0,false,,
5864,64,51,7,0.6,3,"2.1887159533073928",0.01645602391148071,3,3,0.016388209144529545,true,false,0.0041380218151415285,1.5849625007211563,3,0.015613526220621822,true,false,0.05395947583872154
5865,65,51,7,0.6,3,"1.3623978201634879",0.0006192820240638768,3,3,-0.010238178342603193,true,false,1.0604875206643858,1.5849625007211563,3,-0.0035892549007350257,true,false,1.1725377665255976
5866,66,51,7,0.6,3,"3.3308660251665434",0.01265315736266891,4,3,-0.0012959802206606306,true,true,10.763387712984475,1.5849625007211563,3,-0.0006462484272660723,true,true,20.57940140171416
5867,67,51,7,0.6,3,"1.548165137614679",0.012287762230859024,3,3,0.008906039767217579,true,false,0.37971113446958715,1.5849625007211563,3,0.011998612170661956,true,false,0.024098625414702087
5872,72,51,7,0.6,3,"1.289152024446142",0.004185895265531621,4,4,-0.013908244483889552,true,false,1.3009650333929852,1.5849625007211563,4,-0.0092131569006122,true,false,1.454338866762757
5873,73,51,7,0.6,3,"2.5271433919880195",0.011255015202495472,4,3,0.00817534639882651,true,true,0.37670193450286316,1.5849625007211563,2,0,false,,
5874,74,51,7,0.6,3,"2.158273381294964",0.023398511159368238,4,2,0,false,,,1.5849625007211563,2,0,false,,
5875,75,51,7,0.6,3,"2.1367521367521367",0.00847460428124731,4,3,0.00009474731221108474,true,true,88.44427111944864,1.5849625007211563,3,0.005318945652877117,true,true,0.5932864959173325
5876,76,51,7,0.6,3,"1.629844259326331",0.004809391839580074,4,4,-0.003130142902288185,true,false,2.5364767647075572,1.5849625007211563,3,0.0020626334157087204,true,true,1.3316755187579312
5877,77,51,7,0.6,3,"1.4621466478934257",0.009539159024469713,4,4,-0.0013512067896750831,true,false,8.059732897555628,1.5849625007211563,4,0.005941988755647059,true,false,0.6053815341545419
5881,81,51,7,0.6,3,"1.6449372486901424",0.004319365384467923,4,4,-0.00024163366677603846,true,false,18.87567702008755,1.5849625007211563,3,0.0029148326039212464,true,true,0.4818570982968958
5882,82,51,7,0.6,3,"3.5498290823034444",0.006331976187369859,4,3,0,false,,,1.5849625007211563,3,0,false,,
5883,83,51,7,0.6,3,"4.861361181130716",0.005156610679717975,4,3,-0.008718608582160722,true,true,1.5914488110257634,1.5849625007211563,3,-0.006500227043856964,true,true,1.7932970102315469
5885,85,51,7,0.6,3,"1.6755616234330397",0.026104583891282906,4,4,0.022894889120095737,true,false,0.14019263226611978,1.5849625007211563,2,0,false,,
5889,89,51,7,0.6,3,"1.6251354279523291",0.009896325292913467,3,3,0.008175631627112896,true,false,0.21046614430305605,1.5849625007211563,2,0,false,,
5893,93,51,7,0.6,3,"1.7660910518053372",0.007966835624634409,3,3,0.005527704867340414,true,false,0.4412556053245931,1.5849625007211563,2,0,false,,
5899,99,51,7,0.6,3,"1.5752625437572931",0.1341483196398207,4,4,0.12452571684146614,true,false,0.07727402051903158,1.5849625007211563,4,0.1339126201000021,true,false,0.0017600995308925977
5900,100,51,7,0.6,3,"1.838235294117647",0.022772332032581905,4,4,0.02206471111265049,true,false,0.03207025536471721,1.5849625007211563,2,0,false,,
5901,101,51,7,0.6,3,"1.9619241389332946",0.02520130247884465,4,4,0.024967506041868648,true,false,0.009364028452979753,1.5849625007211563,2,0,false,,
5902,102,51,7,0.6,3,"2.435943702634428",0.009559466952299115,4,3,-0.0022579711723190485,true,true,5.233653232375446,1.5849625007211563,3,0.001600605717542209,true,true,4.972405850816303
5904,104,51,7,0.6,3,"1.519756838905775",0.0004096243167563831,4,4,-0.009881474635704886,true,false,1.041453763922672,1.5849625007211563,4,0.00036744958197426316,true,false,0.11477692954641579
5905,105,51,7,0.6,3,"1.6129032258064517",0.027718119237676867,4,4,0.024587905437859006,true,false,0.12730705377604642,1.5849625007211563,2,0,false,,
5906,106,51,7,0.6,3,"1.7182130584192439",0.017234796087552455,4,4,0.011961163560960936,true,false,0.44089628067654696,1.5849625007211563,2,0,false,,
5907,107,51,7,0.6,3,"2.1367521367521367",0.002536522304086087,3,2,0,false,,,1.5849625007211563,2,0,false,,
5908,108,51,7,0.6,3,"2.229562345169281",0.02413068581489165,4,3,0.01791831774565808,true,true,0.34670487248943527,1.5849625007211563,3,0.02167110222047148,true,true,0.11349600815858547
5909,109,51,7,0.6,3,"2.1034590215020255",0.0077256276527271,5,3,0.005450656348479871,true,true,0.41737566245241176,1.5849625007211563,2,0,false,,
5910,110,51,7,0.6,3,"1.7073479195649424",0.0133180254091425,4,4,0.006469910378027712,true,false,1.0584559338521111,1.5849625007211563,2,0,false,,
5913,113,51,7,0.6,3,"1.4621466478934257",0.005976744829607808,4,4,-0.016556111280072703,true,false,1.3609993149056414,1.5849625007211563,4,0.0033394549930001356,true,false,0.7897366013722962
5916,116,51,7,0.6,3,"1.6251354279523291",0.01610055946243865,5,5,0.012298602001146828,true,false,0.30913736869745806,1.5849625007211563,2,0,false,,
5919,119,51,7,0.6,3,"2.071187480822338",0.01640326361063243,4,2,0,false,,,1.5849625007211563,2,0,false,,
5920,120,51,7,0.6,3,"3.0920751259734307",0.021856215378718027,4,3,0.01721805498380355,true,true,0.26937772003152743,1.5849625007211563,2,0,false,,
5921,121,51,7,0.6,3,"1.5570934256055362",0.0033982472889206093,3,3,-0.008595722756343772,true,false,1.395341658316359,1.5849625007211563,3,0.002551106560687293,true,false,0.33206795093854813
5922,122,51,7,0.6,3,"2.3927685218007797",0.0021270487721258605,4,3,-0.013574598087360428,true,true,1.1566933148544851,1.5849625007211563,3,-0.013593071511187969,true,true,1.15648036357163
5924,124,51,7,0.6,3,"1.548165137614679",0.004748575067228684,3,3,-0.0011710634243995788,true,false,5.054925607179088,1.5849625007211563,3,0.004231175119667249,true,false,0.12228280156887582
5925,125,51,7,0.6,3,"1.369307231970788",0.012491235809393403,3,3,0.011635848219211084,true,false,0.07351312719686838,1.5849625007211563,3,0.0123808742863059,true,false,0.008913871551831449
5927,127,51,7,0.6,3,"1.854140914709518",0.017152309007091898,3,3,0.016828365039577846,true,false,0.019249877617474008,1.5849625007211563,2,0,false,,
5928,128,51,7,0.6,3,"1.4781561370852951",0.0029696369099189053,4,4,-0.006914128166510993,true,false,1.4295027280955719,1.5849625007211563,4,0.0007233963768479236,true,false,3.105131024927982
5929,129,51,7,0.6,3,"1.6449372486901424",0.021936996950437444,3,3,0.0199055223464489,true,false,0.1020558299667507,1.5849625007211563,2,0,false,,
5930,130,51,7,0.6,3,"1.7432851239669418",0.022283461969236598,4,4,0.019625651695055056,true,false,0.1354253257664413,1.5849625007211563,2,0,false,,
5932,132,51,7,0.6,3,"1.5570934256055362",0.012500049168598603,3,3,0.009739635882369885,true,false,0.2834205836406528,1.5849625007211563,3,0.012324746043127492,true,false,0.014223670399185477
5933,133,51,7,0.6,3,"2.9893711248892822",0.008777167094221258,4,3,-0.009040483611634826,true,true,1.970873624827472,1.5849625007211563,3,0,false,,
5934,134,51,7,0.6,3,"2.435943702634428",0.04266734831102744,3,2,0,false,,,1.5849625007211563,2,0,false,,
5936,136,51,7,0.6,3,"1.3223626212165736",0.018338183734094324,3,3,0.010689633968789868,true,false,0.715510913435918,1.5849625007211563,3,0.015300400889344817,true,false,0.19854269615020453
5938,138,51,7,0.6,3,"1.530612244897959",0.0021752255480617434,4,4,-0.00817859018516252,true,false,1.2659658325964305,1.5849625007211563,4,0.00082772250014207,true,false,1.6279647438463836
5941,141,51,7,0.6,3,"1.3923267326732671",0.0023428405659054875,3,3,-0.0062110032476394616,true,false,1.3772080729141305,1.5849625007211563,3,-0.0007720312015525073,true,false,4.034644922632893
5943,143,51,7,0.6,3,"2.7113878288813016",0.019473077505915537,4,3,0.010336673019480836,true,true,0.8838825093157082,1.5849625007211563,2,0,false,,
5945,145,51,7,0.6,3,"2.7669604427136707",0.02430555933502742,4,3,0.018505314262915806,true,true,0.3134367236191802,1.5849625007211563,2,0,false,,
5946,146,51,7,0.6,3,"3.3202164289227745",0.032416960582219434,4,4,0.028659419453896322,true,false,0.1311101620312921,1.5849625007211563,4,0.024720953407712194,true,false,0.3113151441847836
5947,147,51,7,0.6,3,"1.6033254156769599",0.004545728457528053,4,4,-0.0046548096390464115,true,false,1.9765659199887915,1.5849625007211563,2,0,false,,
5951,151,51,7,0.6,3,"1.6251354279523291",0.13480268695797631,4,4,0.1246453835032671,true,false,0.08148960811246561,1.5849625007211563,2,0,false,,
5952,152,51,7,0.6,3,"1.7546139849233169",0.01450843555534669,4,4,0.004385679871331857,true,false,2.3081383003316933,1.5849625007211563,2,0,false,,
5954,154,51,7,0.6,3,"1.8669616927119346",0.0031160556982909498,4,4,0.0013916610780475565,true,false,1.2390909305753155,1.5849625007211563,3,0,false,,
5955,155,51,7,0.6,3,"1.5570934256055362",0.006813825380710501,4,4,-0.0007248950240831861,true,false,10.399740865000851,1.5849625007211563,4,0.0063131193767855375,true,false,0.07931198097823854
5956,156,51,7,0.6,3,"2.1933387489845653",0.0361095915155042,3,2,0,false,,,1.5849625007211563,2,0,false,,
5959,159,51,7,0.6,3,"2.9482419742301818",0.02387931948238405,4,4,0.01622831806525624,true,false,0.4714599126269345,1.5849625007211563,4,0.009415338947796835,true,false,1.536214534047311
5961,161,51,7,0.6,3,"1.976284584980237",0.020159914732091458,4,4,0.020077354246080592,true,false,0.004112119804181018,1.5849625007211563,2,0,false,,
5963,163,51,7,0.6,3,"2.435943702634428",0.030739803172589484,4,3,0.027771848746732074,true,true,0.10686917003343722,1.5849625007211563,2,0,false,,
5964,164,51,7,0.6,3,"1.2769580022701477",0.006744828963731657,4,4,-0.0004160155551243944,true,false,17.212924927085623,1.5849625007211563,4,0.0006703467117308286,true,false,9.061702169488644
5965,165,51,7,0.6,3,"4.861361181130716",0.02265456958743967,4,3,-0.012153894812888894,true,true,2.8639761110500213,1.5849625007211563,3,-0.011748695577073347,true,true,2.9282625410473884
5966,166,51,7,0.6,3,"2.704326923076923",0.042990644792451016,4,2,0,false,,,1.5849625007211563,2,0,false,,
5969,169,51,7,0.6,3,"1.6966193288927987",0.008003996581134815,3,3,0.0024227625921447917,true,false,2.3036652485413938,1.5849625007211563,2,0,false,,
5970,170,51,7,0.6,3,"2.7388922702373706",0.08145392261478655,4,2,0,false,,,1.5849625007211563,2,0,false,,
5971,171,51,7,0.6,3,"1.0235414534288638",0.07542465567668882,3,3,0.029677208546031716,true,false,1.5415010161652896,1.5849625007211563,3,0.06074950670627963,true,false,0.2415681997446119
5973,173,51,7,0.6,3,"1.2830260406766774",0.0002405980154430474,3,3,-0.005758569945483176,true,false,1.0417808618668885,1.5849625007211563,3,-0.00254531895482857,true,false,1.0945256840941775
5974,174,51,7,0.6,3,"1.9800528014080374",0.10942118464825534,3,3,0.10887569542570631,true,false,0.005010201959364359,1.5849625007211563,2,0.0019188028631943283,true,true,56.025756395889644
5977,177,51,7,0.6,3,"1.4291763709506669",0.003537916554537427,4,4,-0.009740273945841964,true,false,1.3632255698565574,1.5849625007211563,4,-0.0013257139269491893,true,false,3.668687778425236
5978,178,51,7,0.6,3,"1.9477708844322608",0.011002250684908937,4,4,0.009832075882724589,true,false,0.11901604667640932,1.5849625007211563,2,0,false,,
5980,180,51,7,0.6,3,"1.264992503748126",0.0061007626005956505,3,3,-0.0015937700061531739,true,false,4.827881423945758,1.5849625007211563,3,0.0024284753136708396,true,false,1.5121781416727056
5983,183,51,7,0.6,3,"1.801441152922338",0.005141258865861827,4,4,0.00443455915908783,true,false,0.15936188500851164,1.5849625007211563,3,0,false,,
5985,185,51,7,0.6,3,"1.2769580022701477",0.0014260499606849925,4,4,-0.04378433701627303,true,false,1.0325698653414572,1.5849625007211563,4,0.0003147130961834394,true,false,3.531269839033896
5987,187,51,7,0.6,3,"1.519756838905775",0.016417230858452984,4,4,0.009951330089175139,true,false,0.6497524161429761,1.5849625007211563,4,0.015467764403945683,true,false,0.061383560656322195
5989,189,51,7,0.6,3,"1.976284584980237",0.0001787688380881274,4,4,-0.0003308693489139875,true,false,1.5403003894887828,1.5849625007211563,2,0,false,,
5991,191,51,7,0.6,3,"1.8931426167437946",0.01768026558620739,4,4,0.01631065565530948,true,false,0.08397025599961518,1.5849625007211563,2,0,false,,
5992,192,51,7,0.6,3,"1.7660910518053372",0.02476587754307495,4,4,0.024626769050027905,true,false,0.005648670061608788,1.5849625007211563,2,0,false,,
5994,194,51,7,0.6,3,"4.166666666666666",0.000842300830514035,4,3,-0.011586092784538576,true,true,1.072699299598055,1.5849625007211563,3,-0.011644840978765569,true,true,1.0723325318095778
5995,195,51,7,0.6,3,"1.342081717864599",0.007841644915294349,4,4,-0.002984908020144529,true,false,3.6270976734869897,1.5849625007211563,4,0.003496847518256861,true,false,1.2424898067054753
5997,197,51,7,0.6,3,"1.879961008216126",0.0025374895683481576,3,3,0.0007725304420622581,true,false,2.284646701525921,1.5849625007211563,1,0,false,,
5998,198,51,7,0.6,3,"2.119974874371859",0.037034563599135616,3,2,0,false,,,1.5849625007211563,2,0,false,,
5999,199,51,7,0.6,3,"1.3555577869263984",0.013498725436844983,3,3,0.01098074921043796,true,false,0.22930823554494012,1.5849625007211563,3,0.01285384425927668,true,false,0.05017029649343152
6000,200,51,7,0.6,3,"1.879961008216126",0.0027307223724414667,3,3,0.0011988707086533121,true,false,1.2777455089455634,1.5849625007211563,2,0,false,,
6001,1,51,7,0.7,1,"1.854140914709518",0.008422930715870016,3,3,0.005481823889111061,true,false,0.5365197580683112,1.5849625007211563,2,0,false,,
6004,4,51,7,0.7,1,"1.6129032258064517",0.0037794746420007244,3,3,-0.005545503110114758,true,false,1.6815386389572349,1.5849625007211563,2,0,false,,
6006,6,51,7,0.7,1,"1.6755616234330397",0.005730297100991214,3,3,-0.002862338658911386,true,false,3.0019633536901535,1.5849625007211563,2,0,false,,
6009,9,51,7,0.7,1,"1.7432851239669418",0.004529290454741741,3,3,-0.0013471001868880458,true,false,4.362252116678058,1.5849625007211563,2,0,false,,
6010,10,51,7,0.7,1,"1.6652275811027506",0.0020762496757775703,3,3,-0.006287475638844873,true,false,1.3302199157560501,1.5849625007211563,2,0,false,,
6011,11,51,7,0.7,1,"2.862595419847328",0.019037060025083784,4,2,0,false,,,1.5849625007211563,2,0,false,,
6012,12,51,7,0.7,1,"2.039891205802357",0.010617534987887336,3,2,0,false,,,1.5849625007211563,2,0,false,,
6013,13,51,7,0.7,1,"2.3510971786833856",0.008712092257947545,3,2,0,false,,,1.5849625007211563,2,0,false,,
6014,14,51,7,0.7,1,"1.7660910518053372",0.00387591966141256,3,3,-0.002342149518019612,true,false,2.654855777392818,1.5849625007211563,2,0,false,,
6015,15,51,7,0.7,1,"2.039891205802357",0.0033482833240258514,3,2,0,false,,,1.5849625007211563,2,0,false,,
6016,16,51,7,0.7,1,"2.229562345169281",0.004261641182307587,3,2,0,false,,,1.5849625007211563,2,0,false,,
6017,17,51,7,0.7,1,"1.6349763836744577",0.005577720248296312,3,3,-0.0016089800744090335,true,false,4.466618597091681,1.5849625007211563,2,0,false,,
6020,20,51,7,0.7,1,"1.9065103798898462",0.0070954362062934815,3,3,0.004108592446421366,true,false,0.7269749430790323,1.5849625007211563,2,0,false,,
6021,21,51,7,0.7,1,"1.9065103798898462",0.0043945037482740375,3,3,0.0014487490002778939,true,false,2.0333092533151698,1.5849625007211563,2,0,false,,
6022,22,51,7,0.7,1,"1.6966193288927987",0.004824582777881473,3,3,-0.002911338138784507,true,false,2.6571701904388716,1.5849625007211563,2,0,false,,
6023,23,51,7,0.7,1,"2.267002518891687",0.016671064679133783,3,2,0,false,,,1.5849625007211563,2,0,false,,
6024,24,51,7,0.7,1,"1.7321016166281755",0.0038122167874993563,3,3,-0.004668286749852746,true,false,1.8166200989302141,1.5849625007211563,2,0,false,,
6025,25,51,7,0.7,1,"1.8931426167437946",0.0032751602948541993,3,3,0.00006033422965182262,true,false,53.283618333316376,1.5849625007211563,2,0,false,,
6026,26,51,7,0.7,1,"1.4701078079059129",0.0030958844619332297,3,3,-0.008215275348190741,true,false,1.376844881117106,1.5849625007211563,3,0.00043280139234533896,true,false,6.153129626401421
6031,31,51,7,0.7,1,"2.087198515769944",0.012102225771319601,3,2,0,false,,,1.5849625007211563,2,0,false,,
6033,33,51,7,0.7,1,"1.9065103798898462",0.002701287320200775,3,3,-0.0007758285746751895,true,false,4.481809523878008,1.5849625007211563,2,0,false,,
6035,35,51,7,0.7,1,"1.6129032258064517",0.006134039136320387,3,3,-0.0025830753170255493,true,false,3.3747039414181033,1.5849625007211563,2,0,false,,
6036,36,51,7,0.7,1,"1.8931426167437946",0.004978151397719281,3,3,0.0021862318628390605,true,false,1.277046402230461,1.5849625007211563,2,0,false,,
6038,38,51,7,0.7,1,"1.9065103798898462",0.005799340189536906,3,3,0.00370010656683113,true,false,0.5673440980116461,1.5849625007211563,2,0,false,,
6040,40,51,7,0.7,1,"1.7895015906680807",0.005578118150540619,3,3,0.0005884396436638217,true,false,8.479507729644782,1.5849625007211563,2,0,false,,
6041,41,51,7,0.7,1,"2.071187480822338",0.017789114287500508,3,2,0,false,,,1.5849625007211563,2,0,false,,
6045,45,51,7,0.7,1,"1.7895015906680807",0.0027841079343434755,3,3,-0.004131673591789746,true,false,1.6738450829891098,1.5849625007211563,2,0,false,,
6047,47,51,7,0.7,1,"2.1034590215020255",0.006290242431389889,3,2,0,false,,,1.5849625007211563,2,0,false,,
6050,50,51,7,0.7,1,"1.7660910518053372",0.00518358345773959,3,3,-0.0008282181095348244,true,false,7.258717840220848,1.5849625007211563,2,0,false,,
6051,51,51,7,0.7,1,"2.009526644834772",0.007977150568707393,3,2,0,false,,,1.5849625007211563,2,0,false,,
6052,52,51,7,0.7,1,"1.8669616927119346",0.007837775822057058,3,3,0.0049449047701103435,true,false,0.5850205790479077,1.5849625007211563,2,0,false,,
6053,53,51,7,0.7,1,"1.8931426167437946",0.019586871290641978,3,3,0.018814918182311766,true,false,0.04102877837948497,1.5849625007211563,2,0,false,,
6055,55,51,7,0.7,1,"2.17566478646253",0.024815521936120057,3,2,0,false,,,1.5849625007211563,2,0,false,,
6058,58,51,7,0.7,1,"1.838235294117647",0.01181363005835438,3,3,0.00881356008212834,true,false,0.34039252563892086,1.5849625007211563,2,0,false,,
6059,59,51,7,0.7,1,"1.854140914709518",0.006324309652353379,3,3,0.0027852532664853387,true,false,1.2706407810209348,1.5849625007211563,2,0,false,,
6060,60,51,7,0.7,1,"2.039891205802357",0.009548954886222752,3,2,0,false,,,1.5849625007211563,2,0,false,,
6062,62,51,7,0.7,1,"1.8669616927119346",0.008412956447365208,3,3,0.005828593650509195,true,false,0.4433938874140316,1.5849625007211563,2,0,false,,
6064,64,51,7,0.7,1,"1.4291763709506669",0.0017311267133076076,3,3,-0.011464497949987442,true,false,1.1509989116714443,1.5849625007211563,3,-0.002132061880561719,true,false,1.81194956351432
6065,65,51,7,0.7,1,"1.6449372486901424",0.002318280620307245,3,3,-0.006814601992460945,true,false,1.3401931063431114,1.5849625007211563,2,0,false,,
6066,66,51,7,0.7,1,"1.8135411069317569",0.006039219080850111,3,3,0.001272849901297303,true,false,3.744643555139432,1.5849625007211563,2,0,false,,
6067,67,51,7,0.7,1,"1.838235294117647",0.018851821892246618,3,3,0.01766509207877406,true,false,0.06717937320567398,1.5849625007211563,2,0,false,,
6069,69,51,7,0.7,1,"1.7432851239669418",0.004328556210684709,3,3,-0.00429566693924085,true,false,2.007656383027142,1.5849625007211563,2,0,false,,
6070,70,51,7,0.7,1,"1.8931426167437946",0.006093959047364199,3,3,0.003852210040372576,true,false,0.5819384154802749,1.5849625007211563,2,0,false,,
6071,71,51,7,0.7,1,"1.801441152922338",0.004143229378338653,3,3,-0.0015727383718476774,true,false,3.6344047125086183,1.5849625007211563,2,0,false,,
6075,75,51,7,0.7,1,"1.7895015906680807",0.006836056306248877,3,3,0.0028456617302694315,true,false,1.4022729875211237,1.5849625007211563,2,0,false,,
6076,76,51,7,0.7,1,"1.6860247283626826",0.005251836273660311,3,3,-0.0009346007868550367,true,false,6.619336456299076,1.5849625007211563,2,0,false,,
6077,77,51,7,0.7,1,"1.825804706518799",0.005025338155776604,3,3,-0.00046091977382124933,true,false,11.90284782992516,1.5849625007211563,2,0,false,,
6082,82,51,7,0.7,1,"1.6251354279523291",0.01017822632605918,3,3,0.003439169922685876,true,false,1.9595008548197372,1.5849625007211563,2,0,false,,
6084,84,51,7,0.7,1,"1.7182130584192439",0.0001415145139801818,3,3,-0.009459017379058255,true,false,1.014960804945077,1.5849625007211563,1,0,false,,
6085,85,51,7,0.7,1,"1.777719252041085",0.0073384758818855825,3,3,0.002258348480723582,true,false,2.2494878202031563,1.5849625007211563,2,0,false,,
6086,86,51,7,0.7,1,"1.5752625437572931",0.0020717738400594246,3,3,-0.013561463213397927,true,false,1.1527691966168248,1.5849625007211563,3,0.0016823874718898,true,false,0.2314486850833672
6087,87,51,7,0.7,1,"2.009526644834772",0.0035216777833774796,3,2,0,false,,,1.5849625007211563,2,0,false,,
6088,88,51,7,0.7,1,"1.7432851239669418",0.006129161523204825,3,3,0.0006883609897141096,true,false,7.903993129753609,1.5849625007211563,2,0,false,,
6089,89,51,7,0.7,1,"2.267002518891687",0.017116933429915514,3,2,0,false,,,1.5849625007211563,2,0,false,,
6092,92,51,7,0.7,1,"1.9200682690940125",0.00920215000903383,3,3,0.007542944495745459,true,false,0.21996788047747584,1.5849625007211563,2,0,false,,
6093,93,51,7,0.7,1,"1.8669616927119346",0.005722972220367956,3,3,0.002484045852859363,true,false,1.3038915379844114,1.5849625007211563,2,0,false,,
6095,95,51,7,0.7,1,"1.9619241389332946",0.011291198253774913,3,3,0.010568047869658702,true,false,0.0684280004249797,1.5849625007211563,2,0,false,,
6097,97,51,7,0.7,1,"1.7182130584192439",0.003910669408443727,3,3,-0.0018550090733839544,true,false,3.108167266971792,1.5849625007211563,2,0,false,,
6100,100,51,7,0.7,1,"1.4542712485187976",0.004832247092973502,3,3,-0.0009352819088682893,true,false,6.166620937659985,1.5849625007211563,3,0.0034032958785847334,true,false,0.419872754343945
6102,102,51,7,0.7,1,"2.211302211302211",0.007477904062076352,3,2,0,false,,,1.5849625007211563,2,0,false,,
6103,103,51,7,0.7,1,"1.7321016166281755",0.01780535878241729,3,3,0.015391187618336548,true,false,0.15685411834006754,1.5849625007211563,2,0,false,,
6104,104,51,7,0.7,1,"1.9619241389332946",0.0018357352536246165,3,3,0.0004301523710314382,true,false,3.267639509280886,1.5849625007211563,2,0,false,,
6105,105,51,7,0.7,1,"1.7895015906680807",0.0030437922345004503,3,3,-0.0033915384309872775,true,false,1.8974665322056816,1.5849625007211563,2,0,false,,
6106,106,51,7,0.7,1,"1.7895015906680807",0.017981452318126104,3,3,0.016169619181130596,true,false,0.11205168883073363,1.5849625007211563,2,0,false,,
6108,108,51,7,0.7,1,"1.4862930749752286",0.0007939376954511819,3,3,-0.009860739625822476,true,false,1.080515024793078,1.5849625007211563,3,-0.0014064370120088765,true,false,1.564502845610672
6111,111,51,7,0.7,1,"2.071187480822338",0.009133633607217195,3,2,0,false,,,1.5849625007211563,2,0,false,,
6113,113,51,7,0.7,1,"1.6129032258064517",0.0012650810065393129,3,3,-0.008995618084049108,true,false,1.140633027627366,1.5849625007211563,2,0,false,,
6114,114,51,7,0.7,1,"2.267002518891687",0.0089226795226013,3,2,0,false,,,1.5849625007211563,2,0,false,,
6118,118,51,7,0.7,1,"2.581755593803787",0.024944621683248833,3,2,0,false,,,1.5849625007211563,2,0,false,,
6119,119,51,7,0.7,1,"1.548165137614679",0.002776188708289009,3,3,-0.007559751577064333,true,false,1.367232795944213,1.5849625007211563,3,0.0018637461878359466,true,false,0.4895744530066766
6122,122,51,7,0.7,1,"1.9619241389332946",0.005491878731720757,3,3,0.004396234159673299,true,false,0.24922343356908003,1.5849625007211563,2,0,false,,
6123,123,51,7,0.7,1,"1.7073479195649424",0.0016314505872560337,3,3,-0.008238619562041739,true,false,1.1980247509877393,1.5849625007211563,2,0,false,,
6124,124,51,7,0.7,1,"2.229562345169281",0.014158928462805852,3,2,0,false,,,1.5849625007211563,2,0,false,,
6125,125,51,7,0.7,1,"2.158273381294964",0.007664044002233436,3,2,0,false,,,1.5849625007211563,2,0,false,,
6126,126,51,7,0.7,1,"1.6129032258064517",0.0013148343790687635,3,3,-0.01143741028616184,true,false,1.1149590987970053,1.5849625007211563,2,0,false,,
6127,127,51,7,0.7,1,"2.009526644834772",0.006530880680442108,3,2,0,false,,,1.5849625007211563,2,0,false,,
6128,128,51,7,0.7,1,"1.879961008216126",0.00849818610417715,3,3,0.0062391397056647206,true,false,0.3620765850877431,1.5849625007211563,2,0,false,,
6130,130,51,7,0.7,1,"1.854140914709518",0.004003389124194088,3,3,-0.00023802004057630087,true,false,17.819546431892746,1.5849625007211563,2,0,false,,
6131,131,51,7,0.7,1,"1.6033254156769599",0.005597123322005475,3,3,-0.0029472170458220495,true,false,2.8991215220948554,1.5849625007211563,2,0,false,,
6133,133,51,7,0.7,1,"1.801441152922338",0.0020558721979021047,3,3,-0.004089486154815925,true,false,1.502721398257098,1.5849625007211563,2,0,false,,
6135,135,51,7,0.7,1,"2.267002518891687",0.01465768275427934,4,2,0,false,,,1.5849625007211563,2,0,false,,
6136,136,51,7,0.7,1,"1.6550202280250088",0.003485873885077429,3,3,-0.006872003682134841,true,false,1.5072572784178886,1.5849625007211563,2,0,false,,
6137,137,51,7,0.7,1,"1.8135411069317569",0.0056033603917305195,3,3,0.0014754494623015534,true,false,2.797731155759031,1.5849625007211563,2,0,false,,
6138,138,51,7,0.7,1,"1.8669616927119346",0.003359660937697025,3,3,-0.0005970639531945759,true,false,6.626969974859883,1.5849625007211563,2,0,false,,
6139,139,51,7,0.7,1,"2.8932704672096015",0.016800875468328934,4,2,0,false,,,1.5849625007211563,2,0,false,,
6140,140,51,7,0.7,1,"1.854140914709518",0.005588619629824043,3,3,0.0007049868704645596,true,false,6.927267675412671,1.5849625007211563,2,0,false,,
6141,141,51,7,0.7,1,"1.8931426167437946",0.00876471837813408,3,3,0.00680177950399137,true,false,0.28859195935281834,1.5849625007211563,2,0,false,,
6142,142,51,7,0.7,1,"2.039891205802357",0.003499069518231399,3,2,0,false,,,1.5849625007211563,2,0,false,,
6143,143,51,7,0.7,1,"1.777719252041085",0.007150506233122109,3,3,0.002399781657379858,true,false,1.9796486739252819,1.5849625007211563,2,0,false,,
6145,145,51,7,0.7,1,"2.055420219244823",0.008271934270931341,3,2,0,false,,,1.5849625007211563,2,0,false,,
6146,146,51,7,0.7,1,"1.6129032258064517",0.005537270637842868,3,3,-0.0013004918673070092,true,false,5.257827962668586,1.5849625007211563,2,0,false,,
6150,150,51,7,0.7,1,"2.371749824314828",0.009869745813910147,3,2,0,false,,,1.5849625007211563,2,0,false,,
6152,152,51,7,0.7,1,"2.305721605465414",0.01122008211118134,3,2,0,false,,,1.5849625007211563,2,0,false,,
6154,154,51,7,0.7,1,"1.976284584980237",0.005781711246294695,3,3,0.005034388623764202,true,false,0.14844357048696047,1.5849625007211563,2,0,false,,
6155,155,51,7,0.7,1,"2.055420219244823",0.004671000020738999,3,2,0,false,,,1.5849625007211563,2,0,false,,
6157,157,51,7,0.7,1,"1.976284584980237",0.005535671812675512,3,3,0.004825518818383594,true,false,0.14716614337643336,1.5849625007211563,2,0,false,,
6158,158,51,7,0.7,1,"2.7669604427136707",0.010089501618297025,3,2,0,false,,,1.5849625007211563,2,0,false,,
6159,159,51,7,0.7,1,"2.325581395348837",0.01983796089627717,3,2,0,false,,,1.5849625007211563,2,0,false,,
6162,162,51,7,0.7,1,"2.119974874371859",0.008567373628187014,3,2,0,false,,,1.5849625007211563,2,0,false,,
6164,164,51,7,0.7,1,"1.976284584980237",0.005584852509792804,3,3,0.004774166282213211,true,false,0.16980686881391455,1.5849625007211563,2,0,false,,
6166,166,51,7,0.7,1,"1.9477708844322608",0.009580657329609674,3,3,0.008526987096574892,true,false,0.1235688785618098,1.5849625007211563,2,0,false,,
6167,167,51,7,0.7,1,"2.5037091988130564",0.014352371318563298,3,2,0,false,,,1.5849625007211563,2,0,false,,
6168,168,51,7,0.7,1,"1.7432851239669418",0.0033394299171465194,3,3,-0.005348905134755189,true,false,1.6243202735917208,1.5849625007211563,2,0,false,,
6169,169,51,7,0.7,1,"1.7073479195649424",0.006320561210310507,3,3,0.00021453076523774925,true,false,28.46226012528262,1.5849625007211563,2,0,false,,
6170,170,51,7,0.7,1,"1.8135411069317569",0.0010219695903771614,3,3,-0.005584096270348754,true,false,1.1830143215481015,1.5849625007211563,1,0,false,,
6171,171,51,7,0.7,1,"2.158273381294964",0.017872266886148513,3,2,0,false,,,1.5849625007211563,2,0,false,,
6172,172,51,7,0.7,1,"2.1367521367521367",0.005537515898956076,3,2,0,false,,,1.5849625007211563,2,0,false,,
6173,173,51,7,0.7,1,"1.7073479195649424",0.0029651814008566646,3,3,-0.004197699742135382,true,false,1.706382443482789,1.5849625007211563,2,0,false,,
6174,174,51,7,0.7,1,"1.777719252041085",0.004438440425163702,3,3,-0.001900567114024372,true,false,3.335324226338679,1.5849625007211563,2,0,false,,
6175,175,51,7,0.7,1,"2.071187480822338",0.011262688942779564,3,2,0,false,,,1.5849625007211563,2,0,false,,
6177,177,51,7,0.7,1,"1.6033254156769599",0.003081708079849637,3,3,-0.0074160275472634676,true,false,1.4155470108773796,1.5849625007211563,2,0,false,,
6178,178,51,7,0.7,1,"2.009526644834772",0.011465234205070023,3,2,0,false,,,1.5849625007211563,2,0,false,,
6180,180,51,7,0.7,1,"1.6966193288927987",0.0015635462937936516,3,3,-0.009395621861762689,true,false,1.1664122201593496,1.5849625007211563,2,0,false,,
6182,182,51,7,0.7,1,"1.8135411069317569",0.005973301684293781,3,3,0.0020977751645149,true,false,1.8474460873289424,1.5849625007211563,2,0,false,,
6183,183,51,7,0.7,1,"1.8135411069317569",0.0016604963376417594,3,3,-0.0032955381275440176,true,false,1.5038619713616348,1.5849625007211563,2,0,false,,
6187,187,51,7,0.7,1,"1.9338203695745597",0.006824744101887716,3,3,0.004964471621596453,true,false,0.37471711434479804,1.5849625007211563,2,0,false,,
6189,189,51,7,0.7,1,"1.6860247283626826",0.0024426811185272457,3,3,-0.007298781295570244,true,false,1.334669723561898,1.5849625007211563,2,0,false,,
6190,190,51,7,0.7,1,"2.024595080983803",0.002660877426048465,3,2,0,false,,,1.5849625007211563,2,0,false,,
6191,191,51,7,0.7,1,"2.071187480822338",0.01092605960246754,3,2,0,false,,,1.5849625007211563,2,0,false,,
6194,194,51,7,0.7,1,"1.8135411069317569",0.004766669211107567,3,3,0.0006639691618107962,true,false,6.179052108546376,1.5849625007211563,2,0,false,,
6196,196,51,7,0.7,1,"1.976284584980237",0.01046506748585352,3,3,0.00988685835237647,true,false,0.05848259506398897,1.5849625007211563,2,0,false,,
6198,198,51,7,0.7,1,"1.9338203695745597",0.0022972356310835373,3,3,-0.000036233352727530476,true,false,64.40113343521959,1.5849625007211563,2,0,false,,
6203,3,51,7,0.7,2,"1.6652275811027506",0.0019210911200185498,3,3,-0.0018490423452370698,true,false,2.0389654541806843,1.5849625007211563,2,0,false,,
6204,4,51,7,0.7,2,"1.6860247283626826",0.0037704743971877556,3,3,0.0016441123427981255,true,false,1.2933191966497621,1.5849625007211563,2,0,false,,
6205,5,51,7,0.7,2,"2.325581395348837",0.018734691788069455,4,2,0,false,,,1.5849625007211563,2,0,false,,
6206,6,51,7,0.7,2,"2.824858757062147",0.01798414350447895,4,2,0,false,,,1.5849625007211563,2,0,false,,
6208,8,51,7,0.7,2,"1.9619241389332946",0.010319669552248414,3,3,0.009686700844912846,true,false,0.0653440957318284,1.5849625007211563,2,0,false,,
6209,9,51,7,0.7,2,"1.8931426167437946",0.010720666003212278,3,3,0.009933829242155827,true,false,0.07920780012176785,1.5849625007211563,2,0,false,,
6212,12,51,7,0.7,2,"3.1645569620253164",0.007296640107736013,3,2,0,false,,,1.5849625007211563,2,0,false,,
6213,13,51,7,0.7,2,"1.4216512215669754",0.0005971679606990486,3,3,-0.00941382296508031,true,false,1.0634352231727946,1.5849625007211563,3,-0.0024423466865649193,true,false,1.2445058123746329
6215,15,51,7,0.7,2,"1.9065103798898462",0.005732935443335835,4,4,0.002752397085971678,true,false,1.082888211354118,1.5849625007211563,2,0,false,,
6216,16,51,7,0.7,2,"2.286198137171888",0.009256298538582829,4,2,0,false,,,1.5849625007211563,2,0,false,,
6217,17,51,7,0.7,2,"1.854140914709518",0.0020443308076322614,3,3,0.0005162111368244189,true,false,2.960260950990696,1.5849625007211563,2,0,false,,
6219,19,51,7,0.7,2,"2.325581395348837",0.00748453556484899,3,2,0,false,,,1.5849625007211563,2,0,false,,
6221,21,51,7,0.7,2,"1.9200682690940125",0.013793239824834205,3,3,0.012937508554610665,true,false,0.06614343608828568,1.5849625007211563,2,0,false,,
6222,22,51,7,0.7,2,"1.838235294117647",0.00847930059941519,3,3,0.005578169064640477,true,false,0.5200866989071253,1.5849625007211563,2,0,false,,
6224,24,51,7,0.7,2,"2.6844303042354345",0.013074256921971063,3,2,0,false,,,1.5849625007211563,2,0,false,,
6225,25,51,7,0.7,2,"1.8669616927119346",0.01039609864546184,3,3,0.009703588948418768,true,false,0.07136634710355476,1.5849625007211563,2,0,false,,
6226,26,51,7,0.7,2,"5.710659898477157",0.05356016446201098,4,2,0,false,,,1.5849625007211563,2,0,false,,
6227,27,51,7,0.7,2,"1.9619241389332946",0.0014505923729343636,3,3,0.00040530903216848784,true,false,2.578978650373005,1.5849625007211563,1,0,false,,
6228,28,51,7,0.7,2,"1.9065103798898462",0.00883643185095163,3,3,0.007730038998913989,true,false,0.14312901295751315,1.5849625007211563,2,0,false,,
6229,29,51,7,0.7,2,"2.158273381294964",0.02037444199977731,3,2,0,false,,,1.5849625007211563,2,0,false,,
6230,30,51,7,0.7,2,"2.9893711248892822",0.04520122511765104,4,2,0,false,,,1.5849625007211563,2,0,false,,
6231,31,51,7,0.7,2,"2.581755593803787",0.018114951527877145,4,2,0,false,,,1.5849625007211563,2,0,false,,
6233,33,51,7,0.7,2,"1.5570934256055362",0.008089922555501347,3,3,0.004303327841806428,true,false,0.8799224351230005,1.5849625007211563,3,0.007850498533286848,true,false,0.030497938595787175
6234,34,51,7,0.7,2,"1.9477708844322608",0.000804008333827611,3,3,-0.00013766022567769973,true,false,6.840527500732234,1.5849625007211563,1,0,false,,
6235,35,51,7,0.7,2,"2.5271433919880195",0.012863750085545,4,2,0,false,,,1.5849625007211563,2,0,false,,
6236,36,51,7,0.7,2,"2.17566478646253",0.010616294285556686,4,2,0,false,,,1.5849625007211563,2,0,false,,
6237,37,51,7,0.7,2,"1.8669616927119346",0.016230137496128477,4,4,0.013203795085113063,true,false,0.22920246728363247,1.5849625007211563,2,0,false,,
6242,42,51,7,0.7,2,"2.3927685218007797",0.017863904974474674,3,2,0,false,,,1.5849625007211563,2,0,false,,
6244,44,51,7,0.7,2,"1.825804706518799",0.00549878775952461,3,3,0.0026958624074636603,true,false,1.0397138015281784,1.5849625007211563,2,0,false,,
6247,47,51,7,0.7,2,"2.371749824314828",0.00989825818371023,4,2,0,false,,,1.5849625007211563,2,0,false,,
6252,52,51,7,0.7,2,"2.1034590215020255",0.006756719224816971,3,2,0,false,,,1.5849625007211563,2,0,false,,
6253,53,51,7,0.7,2,"1.7210606833248343",0.004800984996455664,3,3,0.0015145415587013412,true,false,2.1699262188436195,1.5849625007211563,2,0,false,,
6257,57,51,7,0.7,2,"1.8931426167437946",0.01215031664518171,3,3,0.010215279306051862,true,false,0.18942578867946072,1.5849625007211563,2,0,false,,
6259,59,51,7,0.7,2,"2.325581395348837",0.03346948766228219,3,2,0,false,,,1.5849625007211563,2,0,false,,
6260,60,51,7,0.7,2,"1.9477708844322608",0.007993809205438487,3,3,0.007443644036946913,true,false,0.07391073051865465,1.5849625007211563,2,0,false,,
6261,61,51,7,0.7,2,"2.039891205802357",0.009314471904586024,3,2,0,false,,,1.5849625007211563,2,0,false,,
6262,62,51,7,0.7,2,"2.039891205802357",0.009554324693194022,3,2,0,false,,,1.5849625007211563,2,0,false,,
6264,64,51,7,0.7,2,"2.632092025736011",0.01765311642488452,3,2,0,false,,,1.5849625007211563,2,0,false,,
6265,65,51,7,0.7,2,"5.265210608424336",0.005937256172781624,4,3,0,false,,,1.5849625007211563,1,0,false,,
6267,67,51,7,0.7,2,"1.5393386545039909",0.0027539341117092,3,3,-0.0004710226600314884,true,false,6.846712579656138,1.5849625007211563,3,0.0024218871161957424,true,false,0.13710258966777575
6268,68,51,7,0.7,2,"2.119974874371859",0.007241875811550932,3,2,0,false,,,1.5849625007211563,2,0,false,,
6269,69,51,7,0.7,2,"3.760445682451253",0.031396008296620884,4,2,0,false,,,1.5849625007211563,2,0,false,,
6271,71,51,7,0.7,2,"1.8135411069317569",0.011004893511848031,3,3,0.008658222092761441,true,false,0.2710338674551308,1.5849625007211563,2,0,false,,
6275,75,51,7,0.7,2,"3.5037633013236436",0.016848988632187825,4,2,0,false,,,1.5849625007211563,2,0,false,,
6276,76,51,7,0.7,2,"1.6860247283626826",0.007711395661543459,3,3,0.004876000387642868,true,false,0.5815002150299796,1.5849625007211563,2,0,false,,
6277,77,51,7,0.7,2,"1.8135411069317569",0.008729031622654452,3,3,0.006547234016158619,true,false,0.3332395941723088,1.5849625007211563,2,0,false,,
6278,78,51,7,0.7,2,"1.9619241389332946",0.004718673877547464,3,3,0.004247208514955881,true,false,0.1110059374131013,1.5849625007211563,2,0,false,,
6279,79,51,7,0.7,2,"4.3172369683402625",0.006175034214850011,4,3,0,false,,,1.5849625007211563,1,0,false,,
6280,80,51,7,0.7,2,"4.299363057324841",0.04557543919302983,4,2,0,false,,,1.5849625007211563,2,0,false,,
6283,83,51,7,0.7,2,"1.777719252041085",0.002431259855033287,3,3,-0.0029513929680985845,true,false,1.8237669064447255,1.5849625007211563,2,0,false,,
6284,84,51,7,0.7,2,"1.879961008216126",0.003979537177315215,4,4,0.0011537826895873925,true,false,2.449121930177639,1.5849625007211563,1,0,false,,
6285,85,51,7,0.7,2,"2.6844303042354345",0.026318623255097828,4,2,0,false,,,1.5849625007211563,2,0,false,,
6286,86,51,7,0.7,2,"1.825804706518799",0.0014538203984584609,3,3,-0.0025289772050388964,true,false,1.5748649673717012,1.5849625007211563,1,0,false,,
6287,87,51,7,0.7,2,"2.435943702634428",0.01905946872757262,3,2,0,false,,,1.5849625007211563,2,0,false,,
6288,88,51,7,0.7,2,"1.777719252041085",0.004617206189855965,3,3,-0.0009817995956839217,true,false,5.702799033686318,1.5849625007211563,2,0,false,,
6289,89,51,7,0.7,2,"2.824858757062147",0.026421630397771324,3,3,0.02518516084088724,true,false,0.04909516221459737,1.5849625007211563,2,0,false,,
6290,90,51,7,0.7,2,"2.5271433919880195",0.00956122649571662,3,2,0,false,,,1.5849625007211563,2,0,false,,
6291,91,51,7,0.7,2,"1.7660910518053372",0.002037664823648996,3,3,-0.0017712822851100622,true,false,2.150389658824133,1.5849625007211563,2,0,false,,
6292,92,51,7,0.7,2,"2.7113878288813016",0.01451069547770144,4,2,0,false,,,1.5849625007211563,2,0,false,,
6293,93,51,7,0.7,2,"1.9338203695745597",0.014914848738298188,3,3,0.014303101727478541,true,false,0.042770234210414856,1.5849625007211563,2,0,false,,
6297,97,51,7,0.7,2,"2.3510971786833856",0.01319368290959326,3,2,0,false,,,1.5849625007211563,2,0,false,,
6299,99,51,7,0.7,2,"2.286198137171888",0.00940206600522149,3,2,0,false,,,1.5849625007211563,2,0,false,,
6300,100,51,7,0.7,2,"1.9338203695745597",0.0010308098208115758,3,3,0.00021855663851795174,true,false,3.7164425102873615,1.5849625007211563,1,0,false,,
6301,101,51,7,0.7,2,"1.838235294117647",0.007187146499531202,3,3,0.004718942658188188,true,false,0.523041710850258,1.5849625007211563,2,0,false,,
6303,103,51,7,0.7,2,"3.057065217391304",0.0036848559111005473,4,3,-0.001753253514279472,true,true,3.1017245259108455,1.5849625007211563,3,-0.0026447893212444874,true,true,2.3932512058717266
6304,104,51,7,0.7,2,"3.7087912087912085",0.011477058028704782,3,2,0,false,,,1.5849625007211563,2,0,false,,
6305,105,51,7,0.7,2,"1.6860247283626826",0.004636331259342426,3,3,-0.0008047020188922754,true,false,6.76155042549121,1.5849625007211563,2,0,false,,
6306,106,51,7,0.7,2,"1.9946808510638294",0.0029342019511307076,3,3,0.0028301741612988397,true,false,0.03675667429036483,1.5849625007211563,1,0,false,,
6307,107,51,7,0.7,2,"1.8931426167437946",0.006848761189151731,4,4,0.0040570110604939355,true,false,0.6881297800351335,1.5849625007211563,2,0,false,,
6308,108,51,7,0.7,2,"1.6449372486901424",0.001887159337983557,3,3,-0.0057399799882651625,true,false,1.328774550057957,1.5849625007211563,2,0,false,,
6309,109,51,7,0.7,2,"2.119974874371859",0.02074325462653686,3,2,0,false,,,1.5849625007211563,2,0,false,,
6311,111,51,7,0.7,2,"2.17566478646253",0.015601526568216345,3,2,0,false,,,1.5849625007211563,2,0,false,,
6314,114,51,7,0.7,2,"1.9338203695745597",0.003914181841855971,3,3,0.0025970797646459407,true,false,0.507147333377953,1.5849625007211563,2,0,false,,
6315,115,51,7,0.7,2,"3.6456926816095057",0.021908192337805027,3,3,0.018258514182025502,true,false,0.19988911032927484,1.5849625007211563,3,0.015059813908405693,true,false,0.45474522268677475
6318,118,51,7,0.7,2,"1.777719252041085",0.005203330562959084,3,3,0.002936796627432946,true,false,0.7717708180247111,1.5849625007211563,2,0,false,,
6319,119,51,7,0.7,2,"2.286198137171888",0.001325713804345369,4,1,0,false,,,1.5849625007211563,1,0,false,,
6320,120,51,7,0.7,2,"2.7669604427136707",0.024964202798419946,3,2,0,false,,,1.5849625007211563,2,0,false,,
6321,121,51,7,0.7,2,"1.8135411069317569",0.0013394408713427966,3,3,-0.0014796748611627343,true,false,1.9052264835331856,1.5849625007211563,1,0,false,,
6322,122,51,7,0.7,2,"2.039891205802357",0.008564002381091987,3,2,0,false,,,1.5849625007211563,2,0,false,,
6324,124,51,7,0.7,2,"1.5393386545039909",0.004322988253208266,3,3,-0.003555086311599622,true,false,2.2160009277701964,1.5849625007211563,3,0.003498693188382165,true,false,0.23560084306999893
6329,129,51,7,0.7,2,"1.6860247283626826",0.0018453443642135311,3,3,-0.0031796257797193283,true,false,1.5803652668762875,1.5849625007211563,2,0,false,,
6331,131,51,7,0.7,2,"1.9619241389332946",0.006223974482053324,3,3,0.00564299074600446,true,false,0.10295670544209756,1.5849625007211563,2,0,false,,
6332,132,51,7,0.7,2,"1.3995438523740409",0.00039026453204739657,3,3,-0.005156504373443449,true,false,1.0756839331034609,1.5849625007211563,3,-0.001348569234544272,true,false,1.2893915433116643
6334,134,51,7,0.7,2,"1.9477708844322608",0.0018332863269183777,4,4,0.0011879642301799885,true,false,0.5432167739937898,1.5849625007211563,1,0,false,,
6336,136,51,7,0.7,2,"1.5752625437572931",0.0023287413555656616,3,3,-0.007052722218906766,true,false,1.3301904262332676,1.5849625007211563,3,0.0020968037465702635,true,false,0.11061483907341252
6338,138,51,7,0.7,2,"2.5271433919880195",0.03232413184561549,3,2,0,false,,,1.5849625007211563,2,0,false,,
6339,139,51,7,0.7,2,"2.158273381294964",0.021611629015636635,3,2,0,false,,,1.5849625007211563,2,0,false,,
6340,140,51,7,0.7,2,"2.055420219244823",0.026211994730643277,3,2,0,false,,,1.5849625007211563,2,0,false,,
6341,141,51,7,0.7,2,"2.330801104972376",0.0073874349765584236,3,2,0,false,,,1.5849625007211563,2,0,false,,
6343,143,51,7,0.7,2,"1.879961008216126",0.008404877739517652,3,3,0.006789671086187486,true,false,0.2378917377332238,1.5849625007211563,2,0,false,,
6344,144,51,7,0.7,2,"2.7669604427136707",0.007541492408421384,4,2,0,false,,,1.5849625007211563,2,0,false,,
6345,145,51,7,0.7,2,"2.4807056229327453",0.013872591527530953,4,2,0,false,,,1.5849625007211563,2,0,false,,
6346,146,51,7,0.7,2,"1.9946808510638294",0.01871570775985571,3,3,0.018669080438011455,true,false,0.002497569283022657,1.5849625007211563,2,0,false,,
6348,148,51,7,0.7,2,"1.6755616234330397",0.0030252789183455586,3,3,-0.0014512307803311606,true,false,3.084629791035173,1.5849625007211563,2,0,false,,
6349,149,51,7,0.7,2,"2.2481265611990007",0.01336535841993008,3,2,0,false,,,1.5849625007211563,2,0,false,,
6350,150,51,7,0.7,2,"1.9619241389332946",0.007391054485104826,3,3,0.007294816209568206,true,false,0.013192693656954682,1.5849625007211563,2,0,false,,
6352,152,51,7,0.7,2,"2.6066808264143657",0.011193402666680143,4,2,0,false,,,1.5849625007211563,2,0,false,,
6354,154,51,7,0.7,2,"2.055420219244823",0.007706591292361918,3,2,0,false,,,1.5849625007211563,2,0,false,,
6356,156,51,7,0.7,2,"1.6755616234330397",0.0066800605412672505,3,3,0.005164276757603867,true,false,0.2935132749095112,1.5849625007211563,2,0,false,,
6357,157,51,7,0.7,2,"1.9477708844322608",0.003087864209938587,3,3,0.0019134138383944902,true,false,0.6137984099297391,1.5849625007211563,2,0,false,,
6358,158,51,7,0.7,2,"2.1034590215020255",0.0025902096292828485,3,2,0,false,,,1.5849625007211563,1,0,false,,
6361,161,51,7,0.7,2,"2.862595419847328",0.0365192872041448,4,2,0,false,,,1.5849625007211563,2,0,false,,
6362,162,51,7,0.7,2,"2.286198137171888",0.007286524382156048,3,2,0,false,,,1.5849625007211563,2,0,false,,
6363,163,51,7,0.7,2,"1.8669616927119346",0.01153252844750548,3,3,0.009193837527385137,true,false,0.25437592443353757,1.5849625007211563,2,0,false,,
6365,165,51,7,0.7,2,"2.305721605465414",0.006654789424734697,3,2,0,false,,,1.5849625007211563,2,0,false,,
6366,166,51,7,0.7,2,"2.3510971786833856",0.013017208634004894,3,2,0,false,,,1.5849625007211563,2,0,false,,
6367,167,51,7,0.7,2,"1.8669616927119346",0.00257072447798173,3,3,-0.0002593283291064069,true,false,10.913010610294402,1.5849625007211563,2,0,false,,
6370,170,51,7,0.7,2,"1.825804706518799",0.0019388452465766038,3,3,-0.002758648678845576,true,false,1.7028242709716706,1.5849625007211563,1,0,false,,
6372,172,51,7,0.7,2,"1.548165137614679",0.001533206558234097,3,3,-0.0018982915448313492,true,false,1.8076770727914255,1.5849625007211563,3,0.0012557922800202734,true,false,0.22090777481873444
6373,173,51,7,0.7,2,"1.9619241389332946",0.008927081834457463,3,3,0.008224064698969868,true,false,0.08548292860289074,1.5849625007211563,2,0,false,,
6376,176,51,7,0.7,2,"1.6860247283626826",0.00236941043263592,3,3,-0.0027857020780357837,true,false,1.8505613185695027,1.5849625007211563,2,0,false,,
6377,177,51,7,0.7,2,"1.9065103798898462",0.021488825730531756,3,3,0.021054953950426718,true,false,0.020606636382419885,1.5849625007211563,2,0,false,,
6378,178,51,7,0.7,2,"2.5510204081632653",0.018922351527648498,4,2,0,false,,,1.5849625007211563,2,0,false,,
6380,180,51,7,0.7,2,"2.5510204081632653",0.013612772044690191,4,2,0,false,,,1.5849625007211563,2,0,false,,
6382,182,51,7,0.7,2,"2.3510971786833856",0.03299269420976488,3,2,0,false,,,1.5849625007211563,2,0,false,,
6384,184,51,7,0.7,2,"1.6860247283626826",0.0021341624080840962,3,3,-0.003575482414386731,true,false,1.5968879610473903,1.5849625007211563,2,0,false,,
6385,185,51,7,0.7,2,"2.3927685218007797",0.00535261601204844,3,2,0,false,,,1.5849625007211563,2,0,false,,
6386,186,51,7,0.7,2,"1.9908568057808584",0.01278825703227716,3,3,0.012788221076778603,true,false,0.000002811610648585545,1.5849625007211563,2,0,false,,
6389,189,51,7,0.7,2,"2.1034590215020255",0.005450552075121553,3,2,0,false,,,1.5849625007211563,2,0,false,,
6391,191,51,7,0.7,2,"1.777719252041085",0.008687755169549472,3,3,0.005782281172037193,true,false,0.5024788506589749,1.5849625007211563,2,0,false,,
6393,193,51,7,0.7,2,"3.057065217391304",0.03270826793167472,4,2,0,false,,,1.5849625007211563,2,0,false,,
6394,194,51,7,0.7,2,"2.024595080983803",0.0031423185832779267,3,2,0,false,,,1.5849625007211563,1,0,false,,
6397,197,51,7,0.7,2,"2.2481265611990007",0.010833518587219834,3,2,0,false,,,1.5849625007211563,2,0,false,,
6400,200,51,7,0.7,2,"2.071187480822338",0.005180417410959704,4,2,0,false,,,1.5849625007211563,2,0,false,,
6401,1,51,7,0.7,3,"2.2481265611990007",0.02769937288926137,4,2,0,false,,,1.5849625007211563,2,0,false,,
6403,3,51,7,0.7,3,"3.1278962001853565",0.037262174095258775,4,2,0,false,,,1.5849625007211563,2,0,false,,
6404,4,51,7,0.7,3,"1.9800528014080374",0.0051166362575808455,4,4,0.004251857697753178,true,false,0.20338840603358982,1.5849625007211563,2,0,false,,
6406,6,51,7,0.7,3,"1.976284584980237",0.009923071934390147,4,4,0.0096496739363621,true,false,0.028332356080740022,1.5849625007211563,2,0,false,,
6407,7,51,7,0.7,3,"2.371749824314828",0.007003876045883465,4,3,0.001145675097536226,true,true,5.113317869040968,1.5849625007211563,1,0,false,,
6409,9,51,7,0.7,3,"2.684430304235435",0.028512571448580604,3,2,0,false,,,1.5849625007211563,2,0,false,,
6410,10,51,7,0.7,3,"2.7669604427136707",0.022600563755690462,3,2,0,false,,,1.5849625007211563,2,0,false,,
6411,11,51,7,0.7,3,"5.834053586862576",0.0025598177010791494,4,3,0,false,,,1.5849625007211563,2,0,false,,
6413,13,51,7,0.7,3,"2.6844303042354345",0.0033171175325731883,4,2,0,false,,,1.5849625007211563,1,0,false,,
6414,14,51,7,0.7,3,"3.7996059667886293",0.042315930776222276,3,2,0,false,,,1.5849625007211563,2,0,false,,
6417,17,51,7,0.7,3,"2.2481265611990007",0.006137110039453866,4,3,0.0012507972354965017,true,true,3.9065586853633802,1.5849625007211563,2,0,false,,
6418,18,51,7,0.7,3,"7.546115148127446",0.012655203679310943,4,3,0,false,,,1.5849625007211563,3,0,false,,
6419,19,51,7,0.7,3,"2.8932704672096015",0.029187140503562303,4,2,0,false,,,1.5849625007211563,2,0,false,,
6420,20,51,7,0.7,3,"5.238649592549476",0.0159837253796319,4,2,0,false,,,1.5849625007211563,2,0,false,,
6422,22,51,7,0.7,3,"1.825804706518799",0.002530930064193888,3,3,-0.0007416161203180663,true,false,4.4127225593591675,1.5849625007211563,2,0,false,,
6423,23,51,7,0.7,3,"3.658536585365854",0.005424724152400763,4,1,0,false,,,1.5849625007211563,1,0,false,,
6425,25,51,7,0.7,3,"1.838235294117647",0.009966166397494949,3,3,0.00990718955325229,true,false,0.0059529338694542565,1.5849625007211563,2,0,false,,
6427,27,51,7,0.7,3,"20",0.0051307755550672966,4,2,0,false,,,1.5849625007211563,2,0,false,,
6429,29,51,7,0.7,3,"2.158273381294964",0.0015179898035877354,4,3,-0.00011444963216239459,true,true,14.263387351335766,1.5849625007211563,1,0,false,,
6432,32,51,7,0.7,3,"1.6755616234330397",0.011231549007850818,3,3,0.008189543885755901,true,false,0.37144988347713537,1.5849625007211563,2,0,false,,
6433,33,51,7,0.7,3,"2.158273381294964",0.015888839986288112,3,2,0,false,,,1.5849625007211563,2,0,false,,
6435,35,51,7,0.7,3,"2.286198137171888",0.027203169283864348,4,2,0,false,,,1.5849625007211563,2,0,false,,
6436,36,51,7,0.7,3,"1.7182130584192439",0.0030365617833437502,3,3,-0.000569421261183131,true,false,6.332715847375367,1.5849625007211563,2,0,false,,
6437,37,51,7,0.7,3,"3.9823008849557513",0.018974044958633234,4,2,0,false,,,1.5849625007211563,2,0,false,,
6439,39,51,7,0.7,3,"1.9800528014080374",0.0044002648304667024,3,3,0.004175889987223235,true,false,0.053731023549465184,1.5849625007211563,2,0,false,,
6440,40,51,7,0.7,3,"2.305721605465414",0.003456448743379275,3,3,0.0032944784503681434,true,false,0.04916416830501106,1.5849625007211563,3,0.0024488417948567306,true,false,0.41146265579050784
6441,41,51,7,0.7,3,"2.1933387489845653",0.0030964407608200907,4,3,0,false,,,1.5849625007211563,1,0,false,,
6442,42,51,7,0.7,3,"2.330801104972376",0.013263560492306413,3,2,0,false,,,1.5849625007211563,2,0,false,,
6443,43,51,7,0.7,3,"3.458877786318216",0.027290277346570805,4,2,0,false,,,1.5849625007211563,2,0,false,,
6444,44,51,7,0.7,3,"1.9619241389332946",0.004164277981227641,4,4,0.0034703007206248536,true,false,0.1999761163285675,1.5849625007211563,2,0,false,,
6446,46,51,7,0.7,3,"3.597122302158273",0.02410680199812327,3,2,0,false,,,1.5849625007211563,2,0,false,,
6447,47,51,7,0.7,3,"2.5037091988130564",0.0365498533024593,4,2,0,false,,,1.5849625007211563,2,0,false,,
6448,48,51,7,0.7,3,"2.119974874371859",0.004915723411597281,4,2,0,false,,,1.5849625007211563,1,0,false,,
6449,49,51,7,0.7,3,"2.071187480822338",0.014313096203187133,3,2,0,false,,,1.5849625007211563,2,0,false,,
6454,54,51,7,0.7,3,"3.2119914346895073",0.013636048571279993,4,2,0,false,,,1.5849625007211563,2,0,false,,
6455,55,51,7,0.7,3,"2.211302211302211",0.020482522908834896,4,2,0,false,,,1.5849625007211563,2,0,false,,
6457,57,51,7,0.7,3,"2.2481265611990007",0.006405156010695992,3,2,0,false,,,1.5849625007211563,2,0,false,,
6458,58,51,7,0.7,3,"2.1034590215020255",0.002454856964253571,3,2,0,false,,,1.5849625007211563,1,0,false,,
6459,59,51,7,0.7,3,"2.435943702634428",0.024939781163180456,3,2,0,false,,,1.5849625007211563,2,0,false,,
6461,61,51,7,0.7,3,"1.9065103798898462",0.0023331493119037303,4,4,0.0014143400544714576,true,false,0.6496381506890393,1.5849625007211563,1,0,false,,
6462,62,51,7,0.7,3,"2.5510204081632653",0.0197883401432428,4,2,0,false,,,1.5849625007211563,2,0,false,,
6463,63,51,7,0.7,3,"7.736389684813753",0.028628818091370405,4,2,0,false,,,1.5849625007211563,2,0,false,,
6465,65,51,7,0.7,3,"2.1034590215020255",0.004974514825983883,3,2,0,false,,,1.5849625007211563,1,0,false,,
6467,67,51,7,0.7,3,"2.7388922702373706",0.014567613462881641,3,2,0,false,,,1.5849625007211563,2,0,false,,
6469,69,51,7,0.7,3,"1.2417218543046358",0.002947127625995366,3,3,0.0018764990954585523,true,false,0.5705457216195401,1.5849625007211563,3,0.0025846670724035507,true,false,0.14023490973433328
6470,70,51,7,0.7,3,"1.976284584980237",0.006431949187262609,4,4,0.005985848773959551,true,false,0.07452584088721793,1.5849625007211563,2,0,false,,
6472,72,51,7,0.7,3,"4.4598612487611495",0.01390791888904013,4,3,0.005825036289463124,true,true,1.3876106856532529,1.5849625007211563,2,0,false,,
6473,73,51,7,0.7,3,"2.17566478646253",0.01941646589331909,4,2,0,false,,,1.5849625007211563,2,0,false,,
6474,74,51,7,0.7,3,"3.3724706470147385",0.02908146621579242,4,2,0,false,,,1.5849625007211563,2,0,false,,
6476,76,51,7,0.7,3,"2.055420219244823",0.011750639270633325,4,2,0,false,,,1.5849625007211563,2,0,false,,
6477,77,51,7,0.7,3,"1.7895015906680807",0.002110007545127324,3,3,-0.0008777454262689328,true,false,3.403894662369722,1.5849625007211563,1,0,false,,
6478,78,51,7,0.7,3,"1.8135411069317569",0.004168709611577678,3,3,-0.0007161294164548952,true,false,6.821167956225466,1.5849625007211563,2,0,false,,
6479,79,51,7,0.7,3,"3.9244186046511618",0.02099284832930207,4,2,0,false,,,1.5849625007211563,2,0,false,,
6480,80,51,7,0.7,3,"10.146561443066515",0.030848120145219454,4,3,0.007041283248291912,true,true,3.381036674345213,1.5849625007211563,3,0.004242120247828,true,true,6.271863677370754
6481,81,51,7,0.7,3,"3.8681948424068757",0.0063521859053644915,4,3,0.0020373410937756554,true,true,2.1178804201079795,1.5849625007211563,1,0,false,,
6482,82,51,7,0.7,3,"1.7630925950111005",0.001914741126482803,3,3,0.0018083694185160272,true,false,0.05882189052614364,1.5849625007211563,3,0.0018433814186182532,true,false,0.03871130908872835
6483,83,51,7,0.7,3,"4.44078947368421",0.04092116764850144,3,2,0,false,,,1.5849625007211563,2,0,false,,
6484,84,51,7,0.7,3,"2.632092025736011",0.017284108273130094,3,2,0,false,,,1.5849625007211563,2,0,false,,
6485,85,51,7,0.7,3,"2.824858757062147",0.02265106536391552,4,2,0,false,,,1.5849625007211563,2,0,false,,
6486,86,51,7,0.7,3,"1.879961008216126",0.014853952483780356,3,3,0.013851608569685325,true,false,0.0723629973408787,1.5849625007211563,2,0,false,,
6487,87,51,7,0.7,3,"7.546115148127446",0.04363439752650386,4,3,0.029259986588497978,true,true,0.49126512394426125,1.5849625007211563,2,0,false,,
6488,88,51,7,0.7,3,"1.976284584980237",0.006807459596900167,3,3,0.006746545257225883,true,false,0.009028967768213303,1.5849625007211563,2,0,false,,
6489,89,51,7,0.7,3,"2.055420219244823",0.008943850664466905,3,2,0,false,,,1.5849625007211563,2,0,false,,
6490,90,51,7,0.7,3,"1.5845070422535212",0.0020788220681654704,3,3,-0.0018877255973778829,true,false,2.1012310640132377,1.5849625007211563,3,0.0020744902867780328,true,false,0.002088118423617907
6491,91,51,7,0.7,3,"2.1367521367521367",0.0065888882200186814,3,2,0,false,,,1.5849625007211563,2,0,false,,
6492,92,51,7,0.7,3,"3.597122302158273",0.027046585565270526,4,2,0,false,,,1.5849625007211563,2,0,false,,
6494,94,51,7,0.7,3,"1.6860247283626826",0.004618487978692296,3,3,0.0027246616447504416,true,false,0.6950684455042909,1.5849625007211563,2,0,false,,
6495,95,51,7,0.7,3,"2.7113878288813016",0.01624148402230322,4,2,0,false,,,1.5849625007211563,2,0,false,,
6497,97,51,7,0.7,3,"2.3927685218007797",0.005748973513792886,3,2,0,false,,,1.5849625007211563,2,0,false,,
6498,98,51,7,0.7,3,"2.5271433919880195",0.0333510726912574,4,2,0,false,,,1.5849625007211563,2,0,false,,
6500,100,51,7,0.7,3,"3.3724706470147385",0.005110571664195564,4,3,-0.0015610821792745393,true,true,4.273736470792673,1.5849625007211563,3,0.0010285930858340822,true,true,3.9685067249420807
6501,101,51,7,0.7,3,"2.286198137171888",0.01502374097223693,4,2,0,false,,,1.5849625007211563,2,0,false,,
6502,102,51,7,0.7,3,"3.5498290823034444",0.03044069083104799,4,2,0,false,,,1.5849625007211563,2,0,false,,
6503,103,51,7,0.7,3,"3.1742299553256523",0.028398894787339955,4,2,0,false,,,1.5849625007211563,2,0,false,,
6504,104,51,7,0.7,3,"2.4141630901287554",0.006959011288451954,4,2,0,false,,,1.5849625007211563,1,0,false,,
6506,106,51,7,0.7,3,"2.4141630901287554",0.0056329925260324145,3,2,0,false,,,1.5849625007211563,2,0,false,,
6507,107,51,7,0.7,3,"5.265210608424336",0.07054011441961022,4,2,0,false,,,1.5849625007211563,2,0,false,,
6508,108,51,7,0.7,3,"7.079181961195594",0.014493084115044266,4,3,-0.002331767606542234,true,true,7.2154925192292145,1.5849625007211563,3,0,false,,
6509,109,51,7,0.7,3,"1.6860247283626826",0.006893550341330823,3,3,0.004323557241628667,true,false,0.5944163465577362,1.5849625007211563,2,0,false,,
6511,111,51,7,0.7,3,"2.458120903131828",0.008123183475785185,4,2,0,false,,,1.5849625007211563,1,0,false,,
6512,112,51,7,0.7,3,"2.4141630901287554",0.009656956955141134,4,2,0,false,,,1.5849625007211563,2,0,false,,
6513,113,51,7,0.7,3,"2.071187480822338",0.0039725073543820716,4,2,0,false,,,1.5849625007211563,1,0,false,,
6515,115,51,7,0.7,3,"4.861361181130716",0.0035507296333721298,4,3,-0.0013747513738042601,true,true,3.582815846582082,1.5849625007211563,1,0,false,,
6517,117,51,7,0.7,3,"2.6066808264143657",0.009612286253267812,4,2,0,false,,,1.5849625007211563,2,0,false,,
6518,118,51,7,0.7,3,"2.9893711248892822",0.01837045736660661,4,2,0,false,,,1.5849625007211563,2,0,false,,
6519,119,51,7,0.7,3,"2.5037091988130564",0.022106719062733475,4,2,0,false,,,1.5849625007211563,2,0,false,,
6521,121,51,7,0.7,3,"2.119974874371859",0.0034515590994271656,3,2,0,false,,,1.5849625007211563,1,0,false,,
6525,125,51,7,0.7,3,"3.057065217391304",0.0487935597628277,4,2,0,false,,,1.5849625007211563,2,0,false,,
6526,126,51,7,0.7,3,"4.692387904066736",0.00996182878777075,4,3,0,false,,,1.5849625007211563,1,0,false,,
6527,127,51,7,0.7,3,"1.9619241389332946",0.016689275579510617,3,3,0.016686234239075653,true,false,0.00018226643539748038,1.5849625007211563,2,0,false,,
6528,128,51,7,0.7,3,"3.2119914346895073",0.019054659410299102,4,2,0,false,,,1.5849625007211563,2,0,false,,
6529,129,51,7,0.7,3,"2.119974874371859",0.018833595165436284,3,2,0,false,,,1.5849625007211563,2,0,false,,
6530,130,51,7,0.7,3,"2.211302211302211",0.020958614663794797,4,2,0,false,,,1.5849625007211563,2,0,false,,
6531,131,51,7,0.7,3,"2.9893711248892822",0.03309453305215007,4,2,0,false,,,1.5849625007211563,2,0,false,,
6534,134,51,7,0.7,3,"2.862595419847328",0.023884970658696533,4,2,0,false,,,1.5849625007211563,2,0,false,,
6536,136,51,7,0.7,3,"3.3724706470147385",0.02780025012862113,4,2,0,false,,,1.5849625007211563,2,0,false,,
6538,138,51,7,0.7,3,"2.7113878288813016",0.024226571151956127,4,2,0,false,,,1.5849625007211563,2,0,false,,
6540,140,51,7,0.7,3,"2.055420219244823",0.016893570890881275,3,2,0,false,,,1.5849625007211563,2,0,false,,
6541,141,51,7,0.7,3,"2.039891205802357",0.016244004121532887,3,2,0,false,,,1.5849625007211563,2,0,false,,
6542,142,51,7,0.7,3,"3.2119914346895073",0.03391950167205109,4,2,0,false,,,1.5849625007211563,2,0,false,,
6543,143,51,7,0.7,3,"4.387390315242119",0.05302020814837205,4,2,0,false,,,1.5849625007211563,2,0,false,,
6544,144,51,7,0.7,3,"4.9504950495049505",0.05245398809057468,4,2,0,false,,,1.5849625007211563,2,0,false,,
6545,145,51,7,0.7,3,"2.1034590215020255",0.004357780233408081,3,2,0,false,,,1.5849625007211563,1,0,false,,
6547,147,51,7,0.7,3,"2.9163966299416724",0.014322954120594072,4,2,0,false,,,1.5849625007211563,2,0,false,,
6548,148,51,7,0.7,3,"1.8135411069317569",0.01555850890839156,3,3,0.015170054438248379,true,false,0.025606662897910762,1.5849625007211563,2,0,false,,
6549,149,51,7,0.7,3,"2.4523160762942773",0.02098869344035835,4,2,0,false,,,1.5849625007211563,2,0,false,,
6550,150,51,7,0.7,3,"4.9504950495049505",0.021754324727868903,4,3,0.01700718574111018,true,true,0.2791254860752077,1.5849625007211563,2,0,false,,
6551,151,51,7,0.7,3,"2.158273381294964",0.012060012685314649,3,2,0,false,,,1.5849625007211563,2,0,false,,
6552,152,51,7,0.7,3,"2.1933387489845653",0.014966157863256249,3,2,0,false,,,1.5849625007211563,2,0,false,,
6553,153,51,7,0.7,3,"1.7432851239669418",0.007256949557420384,3,3,0.005892910251159613,true,false,0.23147125072749125,1.5849625007211563,2,0,false,,
6554,154,51,7,0.7,3,"2.1367521367521367",0.02216418074304878,3,2,0,false,,,1.5849625007211563,2,0,false,,
6555,155,51,7,0.7,3,"11.042944785276074",0.04824654836145553,4,3,0.012238000537684948,true,true,2.9423554699877705,1.5849625007211563,3,0.010907605538535897,true,true,3.423202525155815
6556,156,51,7,0.7,3,"1.8931426167437946",0.006074156805301299,3,3,0.004387322119997839,true,false,0.38447933367251624,1.5849625007211563,2,0,false,,
6558,158,51,7,0.7,3,"3.057065217391304",0.02203664927683268,3,2,0,false,,,1.5849625007211563,2,0,false,,
6560,160,51,7,0.7,3,"3.658536585365854",0.02596400850613216,4,2,0,false,,,1.5849625007211563,2,0,false,,
6561,161,51,7,0.7,3,"1.6966193288927987",0.005014808491310874,3,3,0.00437151063101982,true,false,0.14715687884327075,1.5849625007211563,2,0,false,,
6562,162,51,7,0.7,3,"2.458120903131828",0.024096677110890686,3,2,0,false,,,1.5849625007211563,2,0,false,,
6563,163,51,7,0.7,3,"2.371749824314828",0.002105986738692222,4,1,0,false,,,1.5849625007211563,1,0,false,,
6564,164,51,7,0.7,3,"1.5570934256055362",0.0027262203127332804,3,3,-0.0017066310776210022,true,false,2.5974280255891964,1.5849625007211563,3,0.002435607881191913,true,false,0.1193182341810909
6565,165,51,7,0.7,3,"3.2020872865275143",0.024537631851026493,4,2,0,false,,,1.5849625007211563,2,0,false,,
6566,166,51,7,0.7,3,"2.6066808264143657",0.01479369053913751,4,2,0,false,,,1.5849625007211563,2,0,false,,
6567,167,51,7,0.7,3,"2.9893711248892822",0.030604689163725204,3,2,0,false,,,1.5849625007211563,2,0,false,,
6569,169,51,7,0.7,3,"1.6860247283626826",0.0007640514881282313,3,3,-0.0035912264179660557,true,false,1.2127550310684567,1.5849625007211563,2,0,false,,
6571,171,51,7,0.7,3,"2.087198515769944",0.020148683524472088,3,2,0,false,,,1.5849625007211563,2,0,false,,
6573,173,51,7,0.7,3,"3.2020872865275143",0.011170871539989575,3,3,0.008821768412010683,true,false,0.26628483295714594,1.5849625007211563,3,0.006249487964586365,true,false,0.7874858873704449
6575,175,51,7,0.7,3,"1.838235294117647",0.013416653630185571,3,3,0.01182325211252746,true,false,0.13476846323608407,1.5849625007211563,2,0,false,,
6576,176,51,7,0.7,3,"5.478896103896105",0.02497630746783534,4,3,0.009272494450319232,true,true,1.6935909858620037,1.5849625007211563,2,0,false,,
6577,177,51,7,0.7,3,"1.825804706518799",0.0015150278739355068,4,4,-0.0033006211486490624,true,false,1.4590129571688666,1.5849625007211563,1,0,false,,
6579,179,51,7,0.7,3,"1.3711151736745886",0.007664974403108183,3,3,0.0067706633990039615,true,false,0.13208617108860918,1.5849625007211563,3,0.007489507374186237,true,false,0.023428380553669064
6581,181,51,7,0.7,3,"1.9946808510638294",0.010084546366746145,3,3,0.010023160914926237,true,false,0.006124360602501634,1.5849625007211563,2,0,false,,
6583,183,51,7,0.7,3,"2.325581395348837",0.0013100428291124312,4,1,0,false,,,1.5849625007211563,1,0,false,,
6584,184,51,7,0.7,3,"1.7546139849233169",0.00575949055442495,3,3,0.004953071253716398,true,false,0.16281197249150792,1.5849625007211563,2,0,false,,
6586,186,51,7,0.7,3,"1.8931426167437946",0.0015833966435938572,3,3,-0.00023277808778577932,true,false,7.8021722261548225,1.5849625007211563,1,0,false,,
6587,187,51,7,0.7,3,"3.2119914346895073",0.04557584296516918,4,2,0,false,,,1.5849625007211563,2,0,false,,
6588,188,51,7,0.7,3,"3.1645569620253164",0.0314906561186696,3,2,0,false,,,1.5849625007211563,2,0,false,,
6589,189,51,7,0.7,3,"1.8931426167437946",0.0017689883073464532,3,3,0.0007964545378251252,true,false,1.221078822875467,1.5849625007211563,1,0,false,,
6590,190,51,7,0.7,3,"1.6033254156769599",0.0003272059971864972,3,3,-0.005402731049162588,true,false,1.0605630734176956,1.5849625007211563,2,0,false,,
6591,191,51,7,0.7,3,"4.04191616766467",0.007921605845707344,4,3,0.000654804669533601,true,true,11.097662424047284,1.5849625007211563,3,0.00012948249472983175,true,true,60.178971429581736
6592,192,51,7,0.7,3,"2.6066808264143657",0.024790569954191894,3,2,0,false,,,1.5849625007211563,2,0,false,,
6593,193,51,7,0.7,3,"4.612230953194397",0.032676007686527515,4,2,0,false,,,1.5849625007211563,2,0,false,,
6595,195,51,7,0.7,3,"3.1278962001853565",0.0273060649671825,3,3,0.025158252958104036,true,false,0.08537206508954368,1.5849625007211563,2,0,false,,
6596,196,51,7,0.7,3,"3.695592663564194",0.020613513681475057,3,3,0.01709626801046285,true,false,0.2057317812787952,1.5849625007211563,2,0,false,,
6597,197,51,7,0.7,3,"4.775380261761585",0.006317275499726513,4,3,-0.005450168488676034,true,true,2.1590972853136727,1.5849625007211563,3,0,false,,
6598,198,51,7,0.7,3,"2.8932704672096015",0.017361060049831713,4,2,0,false,,,1.5849625007211563,2,0,false,,
6601,1,51,7,0.8,1,"2.458120903131828",0.012407455290404358,3,2,0,false,,,1.5849625007211563,2,0,false,,
6602,2,51,7,0.8,1,"2.5037091988130564",0.004538325507581747,3,2,0,false,,,1.5849625007211563,1,0,false,,
6603,3,51,7,0.8,1,"2.435943702634428",0.005602263178671052,3,2,0,false,,,1.5849625007211563,1,0,false,,
6604,4,51,7,0.8,1,"2.3927685218007797",0.005773571638925148,3,2,0,false,,,1.5849625007211563,1,0,false,,
6607,7,51,7,0.8,1,"2.325581395348837",0.0028470932602422203,3,2,0,false,,,1.5849625007211563,1,0,false,,
6608,8,51,7,0.8,1,"2.4807056229327453",0.002593048334131936,3,2,0,false,,,1.5849625007211563,1,0,false,,
6609,9,51,7,0.8,1,"2.1034590215020255",0.0027123807442559484,3,2,0,false,,,1.5849625007211563,1,0,false,,
6610,10,51,7,0.8,1,"1.838235294117647",0.0008097362995770325,3,3,-0.002602353207594621,true,false,1.3111554178018283,1.5849625007211563,1,0,false,,
6614,14,51,7,0.8,1,"2.8932704672096015",0.015938112316631604,3,2,0,false,,,1.5849625007211563,2,0,false,,
6615,15,51,7,0.8,1,"2.795609857113274",0.0022504284618728152,4,2,0,false,,,1.5849625007211563,1,0,false,,
6616,16,51,7,0.8,1,"1.976284584980237",0.0019045637610496428,3,3,0.0013337926566274602,true,false,0.4279309093404342,1.5849625007211563,1,0,false,,
6617,17,51,7,0.8,1,"2.8932704672096015",0.018455783968158543,3,2,0,false,,,1.5849625007211563,2,0,false,,
6619,19,51,7,0.8,1,"2.325581395348837",0.0019337734741552888,3,2,0,false,,,1.5849625007211563,1,0,false,,
6622,22,51,7,0.8,1,"2.6844303042354345",0.00954313339044697,3,2,0,false,,,1.5849625007211563,2,0,false,,
6623,23,51,7,0.8,1,"2.956636005256242",0.012042941746209939,3,2,0,false,,,1.5849625007211563,2,0,false,,
6625,25,51,7,0.8,1,"2.795609857113274",0.014514170444061237,3,2,0,false,,,1.5849625007211563,2,0,false,,
6626,26,51,7,0.8,1,"2.8932704672096015",0.015242052871845291,3,2,0,false,,,1.5849625007211563,2,0,false,,
6628,28,51,7,0.8,1,"2.6580035440047256",0.01459050985397493,3,2,0,false,,,1.5849625007211563,2,0,false,,
6629,29,51,7,0.8,1,"2.4807056229327453",0.0065643010152741325,3,2,0,false,,,1.5849625007211563,1,0,false,,
6631,31,51,7,0.8,1,"2.7669604427136707",0.011889138467165676,3,2,0,false,,,1.5849625007211563,2,0,false,,
6632,32,51,7,0.8,1,"2.632092025736011",0.006722529410906234,3,2,0,false,,,1.5849625007211563,1,0,false,,
6633,33,51,7,0.8,1,"2.824858757062147",0.007387777631104808,3,2,0,false,,,1.5849625007211563,2,0,false,,
6636,36,51,7,0.8,1,"2.3510971786833856",0.009214737866207282,3,2,0,false,,,1.5849625007211563,2,0,false,,
6637,37,51,7,0.8,1,"2.795609857113274",0.012353232128128888,3,2,0,false,,,1.5849625007211563,2,0,false,,
6639,39,51,7,0.8,1,"2.824858757062147",0.003289143211528342,3,2,0,false,,,1.5849625007211563,1,0,false,,
6640,40,51,7,0.8,1,"2.158273381294964",0.004123340600038891,3,2,0,false,,,1.5849625007211563,1,0,false,,
6641,41,51,7,0.8,1,"3.0920751259734307",0.011403364965734034,3,2,0,false,,,1.5849625007211563,2,0,false,,
6643,43,51,7,0.8,1,"2.267002518891687",0.004803846538212074,3,2,0,false,,,1.5849625007211563,2,0,false,,
6647,47,51,7,0.8,1,"3.0920751259734307",0.00513990003407886,4,2,0,false,,,1.5849625007211563,1,0,false,,
6649,49,51,7,0.8,1,"2.141157811260904",0.003683064594896197,3,2,0,false,,,1.5849625007211563,1,0,false,,
6651,51,51,7,0.8,1,"3.0920751259734307",0.00439866026552728,3,2,0,false,,,1.5849625007211563,2,0,false,,
6653,53,51,7,0.8,1,"2.371749824314828",0.006563653217485969,3,2,0,false,,,1.5849625007211563,2,0,false,,
6656,56,51,7,0.8,1,"2.6066808264143657",0.008436694691672991,3,2,0,false,,,1.5849625007211563,2,0,false,,
6658,58,51,7,0.8,1,"2.6580035440047256",0.0070879653993336685,3,2,0,false,,,1.5849625007211563,1,0,false,,
6660,60,51,7,0.8,1,"3.7087912087912085",0.010020614529050887,3,2,0,false,,,1.5849625007211563,2,0,false,,
6662,62,51,7,0.8,1,"2.286198137171888",0.007173944608010839,3,2,0,false,,,1.5849625007211563,2,0,false,,
6665,65,51,7,0.8,1,"2.7669604427136707",0.01396860157268138,3,2,0,false,,,1.5849625007211563,2,0,false,,
6666,66,51,7,0.8,1,"2.6844303042354345",0.01307536472740935,3,2,0,false,,,1.5849625007211563,2,0,false,,
6668,68,51,7,0.8,1,"2.325581395348837",0.0026999218338558694,3,2,0,false,,,1.5849625007211563,1,0,false,,
6669,69,51,7,0.8,1,"2.305721605465414",0.0037973647906202213,3,2,0,false,,,1.5849625007211563,1,0,false,,
6670,70,51,7,0.8,1,"2.581755593803787",0.006029986877687653,3,2,0,false,,,1.5849625007211563,1,0,false,,
6673,73,51,7,0.8,1,"1.9338203695745597",0.0011968336598200346,3,3,-0.0006543971547464129,true,false,2.828910243785859,1.5849625007211563,1,0,false,,
6674,74,51,7,0.8,1,"2.2481265611990007",0.004643441626513154,3,2,0,false,,,1.5849625007211563,1,0,false,,
6675,75,51,7,0.8,1,"2.7113878288813016",0.011214270721474356,3,2,0,false,,,1.5849625007211563,2,0,false,,
6679,79,51,7,0.8,1,"3.2506621719239104",0.01529863607621834,3,2,0,false,,,1.5849625007211563,2,0,false,,
6680,80,51,7,0.8,1,"2.286198137171888",0.0033835208163548675,3,2,0,false,,,1.5849625007211563,1,0,false,,
6681,81,51,7,0.8,1,"2.1367521367521367",0.004621999649373903,3,2,0,false,,,1.5849625007211563,1,0,false,,
6682,82,51,7,0.8,1,"2.458120903131828",0.020468061920176053,3,2,0,false,,,1.5849625007211563,2,0,false,,
6683,83,51,7,0.8,1,"1.9200682690940125",0.004640555212450817,3,3,0.002431570338212426,true,false,0.908460199371543,1.5849625007211563,2,0,false,,
6684,84,51,7,0.8,1,"2.2481265611990007",0.008675204826361964,3,2,0,false,,,1.5849625007211563,2,0,false,,
6686,86,51,7,0.8,1,"2.5037091988130564",0.00408357809562906,3,2,0,false,,,1.5849625007211563,1,0,false,,
6687,87,51,7,0.8,1,"2.1034590215020255",0.0017393020271182958,3,2,0,false,,,1.5849625007211563,1,0,false,,
6688,88,51,7,0.8,1,"2.9246100519930676",0.006489929872215269,3,2,0,false,,,1.5849625007211563,2,0,false,,
6689,89,51,7,0.8,1,"2.435943702634428",0.004277831874468134,3,2,0,false,,,1.5849625007211563,1,0,false,,
6691,91,51,7,0.8,1,"1.9338203695745597",0.005187761072643534,3,3,0.004467886289791494,true,false,0.1611220018058328,1.5849625007211563,1,0,false,,
6692,92,51,7,0.8,1,"2.795609857113274",0.012671478388204442,3,2,0,false,,,1.5849625007211563,2,0,false,,
6694,94,51,7,0.8,1,"2.325581395348837",0.0017985134004216282,3,2,0,false,,,1.5849625007211563,1,0,false,,
6695,95,51,7,0.8,1,"2.2481265611990007",0.0068460202694346425,3,2,0,false,,,1.5849625007211563,1,0,false,,
6696,96,51,7,0.8,1,"2.7388922702373706",0.015251513351953757,3,2,0,false,,,1.5849625007211563,2,0,false,,
6697,97,51,7,0.8,1,"2.7388922702373706",0.0038693865340439786,3,2,0,false,,,1.5849625007211563,1,0,false,,
6698,98,51,7,0.8,1,"2.6844303042354345",0.012135452244854175,3,2,0,false,,,1.5849625007211563,2,0,false,,
6701,101,51,7,0.8,1,"3.0920751259734307",0.006902341093241769,3,2,0,false,,,1.5849625007211563,2,0,false,,
6702,102,51,7,0.8,1,"2.1034590215020255",0.0064423246512019736,3,2,0,false,,,1.5849625007211563,2,0,false,,
6705,105,51,7,0.8,1,"2.7388922702373706",0.012494685308673197,3,2,0,false,,,1.5849625007211563,2,0,false,,
6707,107,51,7,0.8,1,"2.17566478646253",0.004757103849025649,3,2,0,false,,,1.5849625007211563,1,0,false,,
6709,109,51,7,0.8,1,"1.9619241389332946",0.004028790850715024,3,3,0.003149046844295955,true,false,0.27936834538126926,1.5849625007211563,1,0,false,,
6710,110,51,7,0.8,1,"2.305721605465414",0.0052229453665435886,3,2,0,false,,,1.5849625007211563,1,0,false,,
6711,111,51,7,0.8,1,"2.1367521367521367",0.00527263959988996,3,2,0,false,,,1.5849625007211563,2,0,false,,
6712,112,51,7,0.8,1,"1.9477708844322608",0.0039577112302624055,3,3,0.002649816434552879,true,false,0.49357939616304636,1.5849625007211563,1,0,false,,
6715,115,51,7,0.8,1,"2.039891205802357",0.003013755598365683,3,2,0,false,,,1.5849625007211563,1,0,false,,
6716,116,51,7,0.8,1,"2.1034590215020255",0.0016573803750444054,3,2,0,false,,,1.5849625007211563,1,0,false,,
6719,119,51,7,0.8,1,"3.458877786318216",0.012000321506777399,3,2,0,false,,,1.5849625007211563,2,0,false,,
6721,121,51,7,0.8,1,"2.6066808264143657",0.005436070852242269,3,2,0,false,,,1.5849625007211563,2,0,false,,
6722,122,51,7,0.8,1,"2.6844303042354345",0.004898674204704157,3,2,0,false,,,1.5849625007211563,2,0,false,,
6723,123,51,7,0.8,1,"2.1367521367521367",0.005558725151755289,3,2,0,false,,,1.5849625007211563,1,0,false,,
6725,125,51,7,0.8,1,"2.1367521367521367",0.002705231314746666,3,2,0,false,,,1.5849625007211563,1,0,false,,
6726,126,51,7,0.8,1,"2.4807056229327453",0.0076861137701797295,3,2,0,false,,,1.5849625007211563,2,0,false,,
6727,127,51,7,0.8,1,"2.8325639949643304",0.009326015884023268,3,2,0,false,,,1.5849625007211563,2,0,false,,
6729,129,51,7,0.8,1,"2.071187480822338",0.0021170575490399085,3,2,0,false,,,1.5849625007211563,1,0,false,,
6730,130,51,7,0.8,1,"2.305721605465414",0.003600592601007959,3,2,0,false,,,1.5849625007211563,1,0,false,,
6731,131,51,7,0.8,1,"2.286198137171888",0.0027518372506612045,3,2,0,false,,,1.5849625007211563,1,0,false,,
6734,134,51,7,0.8,1,"2.7669604427136707",0.013983135177382295,3,2,0,false,,,1.5849625007211563,2,0,false,,
6735,135,51,7,0.8,1,"2.458120903131828",0.004130567593035788,3,2,0,false,,,1.5849625007211563,1,0,false,,
6736,136,51,7,0.8,1,"2.267002518891687",0.0019429795557326663,3,2,0,false,,,1.5849625007211563,1,0,false,,
6740,140,51,7,0.8,1,"3.4151277510751323",0.010383290778640187,3,2,0,false,,,1.5849625007211563,2,0,false,,
6741,141,51,7,0.8,1,"2.632092025736011",0.010439508143426778,3,2,0,false,,,1.5849625007211563,2,0,false,,
6742,142,51,7,0.8,1,"2.009526644834772",0.0036888634151812636,3,2,0,false,,,1.5849625007211563,1,0,false,,
6744,144,51,7,0.8,1,"1.9477708844322608",0.002510418017214525,3,3,0.0014931135565499818,true,false,0.6813309384285193,1.5849625007211563,1,0,false,,
6746,146,51,7,0.8,1,"2.071187480822338",0.004022946548665288,3,2,0,false,,,1.5849625007211563,1,0,false,,
6747,147,51,7,0.8,1,"2.5037091988130564",0.0036512257887767433,3,2,0,false,,,1.5849625007211563,1,0,false,,
6748,148,51,7,0.8,1,"1.9619241389332946",0.003377963332492856,3,3,0.0025706381468257487,true,false,0.31405633136814726,1.5849625007211563,1,0,false,,
6750,150,51,7,0.8,1,"2.229562345169281",0.004826435017457796,3,2,0,false,,,1.5849625007211563,1,0,false,,
6752,152,51,7,0.8,1,"2.7669604427136707",0.009061509403919634,3,2,0,false,,,1.5849625007211563,2,0,false,,
6753,153,51,7,0.8,1,"2.5037091988130564",0.004716667681585667,3,2,0,false,,,1.5849625007211563,1,0,false,,
6755,155,51,7,0.8,1,"2.435943702634428",0.01127732014843948,3,2,0,false,,,1.5849625007211563,2,0,false,,
6757,157,51,7,0.8,1,"2.435943702634428",0.0041272325217385775,3,2,0,false,,,1.5849625007211563,1,0,false,,
6760,160,51,7,0.8,1,"3.3724706470147385",0.004637830389680681,3,2,0,false,,,1.5849625007211563,2,0,false,,
6761,161,51,7,0.8,1,"2.1367521367521367",0.0010992805950461794,3,1,0,false,,,1.5849625007211563,1,0,false,,
6763,163,51,7,0.8,1,"2.5510204081632653",0.011351954413426105,3,2,0,false,,,1.5849625007211563,2,0,false,,
6765,165,51,7,0.8,1,"2.6580035440047256",0.012398609040619197,3,2,0,false,,,1.5849625007211563,2,0,false,,
6767,167,51,7,0.8,1,"2.119974874371859",0.0025464136573053477,3,2,0,false,,,1.5849625007211563,1,0,false,,
6771,171,51,7,0.8,1,"2.7113878288813016",0.011385646538134045,3,2,0,false,,,1.5849625007211563,2,0,false,,
6773,173,51,7,0.8,1,"2.7669604427136707",0.008742993726844976,3,2,0,false,,,1.5849625007211563,2,0,false,,
6774,174,51,7,0.8,1,"2.009526644834772",0.004846925750540365,3,2,0,false,,,1.5849625007211563,1,0,false,,
6775,175,51,7,0.8,1,"2.862595419847328",0.013711786935085592,3,2,0,false,,,1.5849625007211563,2,0,false,,
6776,176,51,7,0.8,1,"2.5037091988130564",0.012876971416611028,3,2,0,false,,,1.5849625007211563,2,0,false,,
6777,177,51,7,0.8,1,"2.1933387489845653",0.004517208896712716,3,2,0,false,,,1.5849625007211563,1,0,false,,
6779,179,51,7,0.8,1,"2.286198137171888",0.00555218952772665,3,2,0,false,,,1.5849625007211563,1,0,false,,
6781,181,51,7,0.8,1,"2.4807056229327453",0.004125343669180898,3,2,0,false,,,1.5849625007211563,1,0,false,,
6783,183,51,7,0.8,1,"2.2481265611990007",0.005026562216485311,3,2,0,false,,,1.5849625007211563,1,0,false,,
6785,185,51,7,0.8,1,"2.7113878288813016",0.0031341069257158193,3,2,0,false,,,1.5849625007211563,1,0,false,,
6786,186,51,7,0.8,1,"3.0920751259734307",0.01489144807107153,4,2,0,false,,,1.5849625007211563,2,0,false,,
6787,187,51,7,0.8,1,"2.286198137171888",0.004312832516211893,3,2,0,false,,,1.5849625007211563,1,0,false,,
6788,188,51,7,0.8,1,"2.5510204081632653",0.001860062314531161,3,2,0,false,,,1.5849625007211563,1,0,false,,
6789,189,51,7,0.8,1,"2.3927685218007797",0.008555822350464036,3,2,0,false,,,1.5849625007211563,2,0,false,,
6790,190,51,7,0.8,1,"2.4807056229327453",0.004229934002921546,3,2,0,false,,,1.5849625007211563,1,0,false,,
6791,191,51,7,0.8,1,"2.435943702634428",0.008638962051877096,3,2,0,false,,,1.5849625007211563,2,0,false,,
6793,193,51,7,0.8,1,"2.7388922702373706",0.005787193633630239,3,2,0,false,,,1.5849625007211563,1,0,false,,
6794,194,51,7,0.8,1,"2.1933387489845653",0.008864979130414787,3,2,0,false,,,1.5849625007211563,2,0,false,,
6796,196,51,7,0.8,1,"2.7669604427136707",0.006807614668486161,3,2,0,false,,,1.5849625007211563,2,0,false,,
6797,197,51,7,0.8,1,"2.458120903131828",0.014157431233792312,3,2,0,false,,,1.5849625007211563,2,0,false,,
6800,200,51,7,0.8,1,"3.0228392297357813",0.008752333018452983,3,2,0,false,,,1.5849625007211563,2,0,false,,
6801,1,51,7,0.8,2,"3.813559322033898",0.005016445829161398,4,2,0,false,,,1.5849625007211563,1,0,false,,
6802,2,51,7,0.8,2,"2.055420219244823",0.016300463762139204,3,2,0,false,,,1.5849625007211563,2,0,false,,
6803,3,51,7,0.8,2,"2.267002518891687",0.008842915565232522,3,2,0,false,,,1.5849625007211563,1,0,false,,
6804,4,51,7,0.8,2,"2.956636005256242",0.02051611862692591,3,2,0,false,,,1.5849625007211563,2,0,false,,
6806,6,51,7,0.8,2,"3.5037633013236436",0.0207282451761463,3,2,0,false,,,1.5849625007211563,2,0,false,,
6807,7,51,7,0.8,2,"2.824858757062147",0.013700904596500973,3,2,0,false,,,1.5849625007211563,1,0,false,,
6808,8,51,7,0.8,2,"2.4141630901287554",0.013424288426780104,3,2,0,false,,,1.5849625007211563,2,0,false,,
6809,9,51,7,0.8,2,"2.632092025736011",0.019353791303819718,3,2,0,false,,,1.5849625007211563,2,0,false,,
6810,10,51,7,0.8,2,"2.1034590215020255",0.009881300801518774,3,2,0,false,,,1.5849625007211563,2,0,false,,
6811,11,51,7,0.8,2,"2.1034590215020255",0.0023684283132412473,3,2,0,false,,,1.5849625007211563,1,0,false,,
6812,12,51,7,0.8,2,"2.286198137171888",0.0058197413123447506,3,2,0,false,,,1.5849625007211563,1,0,false,,
6813,13,51,7,0.8,2,"2.7113878288813016",0.012130991494251609,3,2,0,false,,,1.5849625007211563,2,0,false,,
6814,14,51,7,0.8,2,"2.119974874371859",0.0036678989069937797,3,2,0,false,,,1.5849625007211563,1,0,false,,
6816,16,51,7,0.8,2,"2.3927685218007797",0.004415714071387072,3,2,0,false,,,1.5849625007211563,1,0,false,,
6817,17,51,7,0.8,2,"3.5498290823034444",0.021863705870336564,3,2,0,false,,,1.5849625007211563,2,0,false,,
6818,18,51,7,0.8,2,"6.620892594409023",0.023435460434441422,4,2,0,false,,,1.5849625007211563,2,0,false,,
6819,19,51,7,0.8,2,"5.478896103896105",0.017427596333396803,4,2,0,false,,,1.5849625007211563,2,0,false,,
6820,20,51,7,0.8,2,"2.435943702634428",0.009986754127596524,3,2,0,false,,,1.5849625007211563,2,0,false,,
6821,21,51,7,0.8,2,"2.305721605465414",0.001448527647039872,3,2,0,false,,,1.5849625007211563,1,0,false,,
6822,22,51,7,0.8,2,"3.695592663564194",0.02531954466494538,4,2,0,false,,,1.5849625007211563,2,0,false,,
6823,23,51,7,0.8,2,"2.9246100519930676",0.005434054044789067,3,2,0,false,,,1.5849625007211563,1,0,false,,
6824,24,51,7,0.8,2,"2.055420219244823",0.0032745885063858366,3,2,0,false,,,1.5849625007211563,1,0,false,,
6825,25,51,7,0.8,2,"2.632092025736011",0.005930585028489886,4,2,0,false,,,1.5849625007211563,1,0,false,,
6826,26,51,7,0.8,2,"4.861361181130716",0.019636571891138,4,2,0,false,,,1.5849625007211563,1,0,false,,
6827,27,51,7,0.8,2,"4.04191616766467",0.014839356442845487,3,2,0,false,,,1.5849625007211563,2,0,false,,
6829,29,51,7,0.8,2,"2.1034590215020255",0.00678777787507829,3,2,0,false,,,1.5849625007211563,2,0,false,,
6830,30,51,7,0.8,2,"2.5510204081632653",0.0035392418757228786,3,2,0,false,,,1.5849625007211563,1,0,false,,
6833,33,51,7,0.8,2,"4.103343465045592",0.014512926740860965,4,2,0,false,,,1.5849625007211563,1,0,false,,
6834,34,51,7,0.8,2,"2.9893711248892822",0.013556877629277294,3,2,0,false,,,1.5849625007211563,2,0,false,,
6835,35,51,7,0.8,2,"3.2902754082378745",0.009265395230341807,4,2,0,false,,,1.5849625007211563,1,0,false,,
6836,36,51,7,0.8,2,"3.1645569620253164",0.016302072905328004,3,2,0,false,,,1.5849625007211563,2,0,false,,
6837,37,51,7,0.8,2,"2.8932704672096015",0.015788437915449136,3,2,0,false,,,1.5849625007211563,2,0,false,,
6838,38,51,7,0.8,2,"2.1034590215020255",0.004611227835607587,3,2,0,false,,,1.5849625007211563,1,0,false,,
6839,39,51,7,0.8,2,"2.9246100519930676",0.011081166767150317,3,2,0,false,,,1.5849625007211563,1,0,false,,
6841,41,51,7,0.8,2,"2.305721605465414",0.0008293067166217091,3,2,0,false,,,1.5849625007211563,1,0,false,,
6842,42,51,7,0.8,2,"2.3510971786833856",0.004599449634982417,3,2,0,false,,,1.5849625007211563,1,0,false,,
6843,43,51,7,0.8,2,"2.9246100519930676",0.030022193528161926,4,2,0,false,,,1.5849625007211563,2,0,false,,
6845,45,51,7,0.8,2,"2.305721605465414",0.012938346295584916,3,2,0,false,,,1.5849625007211563,2,0,false,,
6846,46,51,7,0.8,2,"2.039891205802357",0.0028553541829111372,3,2,0,false,,,1.5849625007211563,1,0,false,,
6849,49,51,7,0.8,2,"1.838235294117647",0.003161912750466525,3,3,0.0025276319778567164,true,false,0.2509387356096205,1.5849625007211563,1,0,false,,
6850,50,51,7,0.8,2,"2.824858757062147",0.0012861272809080108,3,1,0,false,,,1.5849625007211563,1,0,false,,
6851,51,51,7,0.8,2,"2.956636005256242",0.008980803045842468,3,2,0,false,,,1.5849625007211563,2,0,false,,
6852,52,51,7,0.8,2,"3.3308660251665434",0.00909242068879319,3,2,0,false,,,1.5849625007211563,1,0,false,,
6853,53,51,7,0.8,2,"2.325581395348837",0.008984026000004372,3,2,0,false,,,1.5849625007211563,2,0,false,,
6855,55,51,7,0.8,2,"2.5037091988130564",0.00743544612353184,3,2,0,false,,,1.5849625007211563,1,0,false,,
6858,58,51,7,0.8,2,"3.597122302158273",0.021238176203660728,3,2,0,false,,,1.5849625007211563,2,0,false,,
6859,59,51,7,0.8,2,"2.211302211302211",0.00990214014825665,3,2,0,false,,,1.5849625007211563,2,0,false,,
6860,60,51,7,0.8,2,"2.1933387489845653",0.00849438784171194,3,2,0,false,,,1.5849625007211563,2,0,false,,
6862,62,51,7,0.8,2,"3.1645569620253164",0.025510549888779176,3,2,0,false,,,1.5849625007211563,2,0,false,,
6863,63,51,7,0.8,2,"2.581755593803787",0.008397977944143467,3,2,0,false,,,1.5849625007211563,1,0,false,,
6864,64,51,7,0.8,2,"2.158273381294964",0.0027154169468409017,3,2,0,false,,,1.5849625007211563,1,0,false,,
6866,66,51,7,0.8,2,"2.119974874371859",0.0073906259183740275,3,2,0,false,,,1.5849625007211563,1,0,false,,
6867,67,51,7,0.8,2,"4.231974921630093",0.018799341059104958,4,2,0,false,,,1.5849625007211563,2,0,false,,
6871,71,51,7,0.8,2,"4.103343465045592",0.0021804245351826346,4,1,0,false,,,1.5849625007211563,1,0,false,,
6872,72,51,7,0.8,2,"2.795609857113274",0.012107244020903359,3,2,0,false,,,1.5849625007211563,1,0,false,,
6873,73,51,7,0.8,2,"2.7669604427136707",0.015977410000733126,3,2,0,false,,,1.5849625007211563,1,0,false,,
6874,74,51,7,0.8,2,"3.3724706470147385",0.019656941846981774,4,2,0,false,,,1.5849625007211563,2,0,false,,
6875,75,51,7,0.8,2,"2.458120903131828",0.005715746014568106,3,2,0,false,,,1.5849625007211563,1,0,false,,
6876,76,51,7,0.8,2,"2.824858757062147",0.010382137408563977,4,2,0,false,,,1.5849625007211563,1,0,false,,
6877,77,51,7,0.8,2,"2.8932704672096015",0.005041930907332309,3,2,0,false,,,1.5849625007211563,1,0,false,,
6878,78,51,7,0.8,2,"2.024595080983803",0.0014754247344927478,3,2,0,false,,,1.5849625007211563,1,0,false,,
6879,79,51,7,0.8,2,"2.286198137171888",0.007003448606455627,3,2,0,false,,,1.5849625007211563,1,0,false,,
6880,80,51,7,0.8,2,"2.9246100519930676",0.009929026475168688,3,2,0,false,,,1.5849625007211563,1,0,false,,
6881,81,51,7,0.8,2,"4.026245153593797",0.0137695634666087,4,2,0,false,,,1.5849625007211563,1,0,false,,
6883,83,51,7,0.8,2,"4.692387904066736",0.00592504859151277,4,1,0,false,,,1.5849625007211563,1,0,false,,
6885,85,51,7,0.8,2,"2.119974874371859",0.0010508985798031096,3,2,0,false,,,1.5849625007211563,1,0,false,,
6888,88,51,7,0.8,2,"2.9893711248892822",0.017826008438139675,3,2,0,false,,,1.5849625007211563,2,0,false,,
6889,89,51,7,0.8,2,"1.9477708844322608",0.004110358267882775,3,3,0.003463313976339082,true,false,0.1868280773745079,1.5849625007211563,1,0,false,,
6890,90,51,7,0.8,2,"6.7669172932330826",0.051117561064293604,4,2,0,false,,,1.5849625007211563,2,0,false,,
6891,91,51,7,0.8,2,"2.7113878288813016",0.012505500293487704,3,2,0,false,,,1.5849625007211563,2,0,false,,
6893,93,51,7,0.8,2,"4.974207811348563",0.022232058205124056,4,2,0,false,,,1.5849625007211563,2,0,false,,
6896,96,51,7,0.8,2,"2.3510971786833856",0.010888414096253378,3,2,0,false,,,1.5849625007211563,2,0,false,,
6897,97,51,7,0.8,2,"2.795609857113274",0.008907328434368802,3,2,0,false,,,1.5849625007211563,1,0,false,,
6898,98,51,7,0.8,2,"3.0228392297357813",0.016454263049993968,4,2,0,false,,,1.5849625007211563,1,0,false,,
6900,100,51,7,0.8,2,"3.2119914346895073",0.010379869596763354,3,2,0,false,,,1.5849625007211563,1,0,false,,
6901,101,51,7,0.8,2,"2.9893711248892822",0.016776261565324097,3,2,0,false,,,1.5849625007211563,1,0,false,,
6902,102,51,7,0.8,2,"3.0920751259734307",0.0018326622002814517,3,2,0,false,,,1.5849625007211563,1,0,false,,
6903,103,51,7,0.8,2,"2.9163966299416724",0.012761219240707129,3,2,0,false,,,1.5849625007211563,2,0,false,,
6905,105,51,7,0.8,2,"2.3927685218007797",0.0034406192299142376,3,2,0,false,,,1.5849625007211563,1,0,false,,
6907,107,51,7,0.8,2,"5.834053586862576",0.021006375632655713,4,2,0,false,,,1.5849625007211563,2,0,false,,
6908,108,51,7,0.8,2,"3.5498290823034444",0.011363355827184044,3,2,0,false,,,1.5849625007211563,2,0,false,,
6910,110,51,7,0.8,2,"3.1278962001853565",0.013022514383761561,3,2,0,false,,,1.5849625007211563,1,0,false,,
6911,111,51,7,0.8,2,"3.813559322033898",0.018634839922025574,3,2,0,false,,,1.5849625007211563,2,0,false,,
6912,112,51,7,0.8,2,"4.087193460490463",0.019633168322319608,4,2,0,false,,,1.5849625007211563,2,0,false,,
6913,113,51,7,0.8,2,"3.1278962001853565",0.010350078870717936,3,2,0,false,,,1.5849625007211563,1,0,false,,
6915,115,51,7,0.8,2,"2.1933387489845653",0.007391346288223278,3,2,0,false,,,1.5849625007211563,2,0,false,,
6919,119,51,7,0.8,2,"2.325581395348837",0.008596263467330506,3,2,0,false,,,1.5849625007211563,2,0,false,,
6920,120,51,7,0.8,2,"1.9800528014080374",0.00943502573011953,3,3,0.00935134484728193,true,false,0.008948539937752758,1.5849625007211563,2,0,false,,
6921,121,51,7,0.8,2,"2.4141630901287554",0.007965267892714708,3,2,0,false,,,1.5849625007211563,1,0,false,,
6925,125,51,7,0.8,2,"2.9246100519930676",0.00945066139459187,3,2,0,false,,,1.5849625007211563,2,0,false,,
6928,128,51,7,0.8,2,"2.009526644834772",0.003732671422883397,3,2,0,false,,,1.5849625007211563,1,0,false,,
6929,129,51,7,0.8,2,"5.503465144720749",0.026234421256867424,4,2,0,false,,,1.5849625007211563,2,0,false,,
6930,130,51,7,0.8,2,"2.862595419847328",0.008785432001971584,3,2,0,false,,,1.5849625007211563,1,0,false,,
6932,132,51,7,0.8,2,"3.7087912087912085",0.01610524002636076,4,2,0,false,,,1.5849625007211563,1,0,false,,
6933,133,51,7,0.8,2,"2.286198137171888",0.0016772748290561487,3,2,0,false,,,1.5849625007211563,1,0,false,,
6934,134,51,7,0.8,2,"2.632092025736011",0.012357091044670348,3,2,0,false,,,1.5849625007211563,2,0,false,,
6935,135,51,7,0.8,2,"2.4141630901287554",0.007453911080410223,3,2,0,false,,,1.5849625007211563,2,0,false,,
6936,136,51,7,0.8,2,"2.824858757062147",0.011105360218904382,3,2,0,false,,,1.5849625007211563,1,0,false,,
6937,137,51,7,0.8,2,"2.4807056229327453",0.008106719795143952,3,2,0,false,,,1.5849625007211563,1,0,false,,
6939,139,51,7,0.8,2,"2.371749824314828",0.005906299199870331,3,2,0,false,,,1.5849625007211563,1,0,false,,
6940,140,51,7,0.8,2,"2.267002518891687",0.0025825988987504323,3,2,0,false,,,1.5849625007211563,1,0,false,,
6942,142,51,7,0.8,2,"3.5498290823034444",0.010617536054543738,3,2,0,false,,,1.5849625007211563,1,0,false,,
6943,143,51,7,0.8,2,"2.458120903131828",0.009206755614592674,3,2,0,false,,,1.5849625007211563,2,0,false,,
6944,144,51,7,0.8,2,"2.039891205802357",0.0013093363488370022,3,2,0,false,,,1.5849625007211563,1,0,false,,
6946,146,51,7,0.8,2,"3.813559322033898",0.020780103026814965,3,2,0,false,,,1.5849625007211563,2,0,false,,
6947,147,51,7,0.8,2,"3.057065217391304",0.01073106915183644,3,2,0,false,,,1.5849625007211563,1,0,false,,
6948,148,51,7,0.8,2,"3.1645569620253164",0.02553113435000509,3,2,0,false,,,1.5849625007211563,2,0,false,,
6949,149,51,7,0.8,2,"2.581755593803787",0.0060065848518522725,3,2,0,false,,,1.5849625007211563,1,0,false,,
6951,151,51,7,0.8,2,"2.1034590215020255",0.00576011219751563,3,2,0,false,,,1.5849625007211563,1,0,false,,
6952,152,51,7,0.8,2,"2.325581395348837",0.0008048252206455059,3,1,0,false,,,1.5849625007211563,1,0,false,,
6953,153,51,7,0.8,2,"2.6844303042354345",0.011373909130115819,3,2,0,false,,,1.5849625007211563,1,0,false,,
6956,156,51,7,0.8,2,"6.385998107852411",0.039164731361673866,3,2,0,false,,,1.5849625007211563,2,0,false,,
6957,157,51,7,0.8,2,"2.7113878288813016",0.008163484411196933,3,2,0,false,,,1.5849625007211563,1,0,false,,
6960,160,51,7,0.8,2,"2.305721605465414",0.0020441672339813624,3,2,0,false,,,1.5849625007211563,1,0,false,,
6962,162,51,7,0.8,2,"4.166666666666666",0.01811455160992573,4,2,0,false,,,1.5849625007211563,1,0,false,,
6964,164,51,7,0.8,2,"4.387390315242119",0.0267633348348373,4,2,0,false,,,1.5849625007211563,2,0,false,,
6965,165,51,7,0.8,2,"2.795609857113274",0.006470566515201396,3,2,0,false,,,1.5849625007211563,1,0,false,,
6969,169,51,7,0.8,2,"2.267002518891687",0.001289871482848483,3,1,0,false,,,1.5849625007211563,1,0,false,,
6970,170,51,7,0.8,2,"3.597122302158273",0.010227038437572947,4,2,0,false,,,1.5849625007211563,1,0,false,,
6972,172,51,7,0.8,2,"4.103343465045592",0.014146271512870488,4,2,0,false,,,1.5849625007211563,1,0,false,,
6973,173,51,7,0.8,2,"2.158273381294964",0.0038847349897022454,3,2,0,false,,,1.5849625007211563,1,0,false,,
6974,174,51,7,0.8,2,"2.7388922702373706",0.003969770337767762,3,2,0,false,,,1.5849625007211563,1,0,false,,
6975,175,51,7,0.8,2,"2.371749824314828",0.005907188743923552,3,2,0,false,,,1.5849625007211563,1,0,false,,
6978,178,51,7,0.8,2,"2.581755593803787",0.006656789109322404,4,2,0,false,,,1.5849625007211563,1,0,false,,
6979,179,51,7,0.8,2,"3.2506621719239104",0.016630085279407594,3,2,0,false,,,1.5849625007211563,2,0,false,,
6980,180,51,7,0.8,2,"2.7113878288813016",0.006028517082156594,3,2,0,false,,,1.5849625007211563,1,0,false,,
6981,181,51,7,0.8,2,"2.371749824314828",0.014069160863083272,3,2,0,false,,,1.5849625007211563,2,0,false,,
6982,182,51,7,0.8,2,"5.478896103896105",0.020316963846031526,4,2,0,false,,,1.5849625007211563,2,0,false,,
6983,183,51,7,0.8,2,"2.581755593803787",0.006224787376407767,3,2,0,false,,,1.5849625007211563,2,0,false,,
6985,185,51,7,0.8,2,"2.458120903131828",0.003998735818436252,3,2,0,false,,,1.5849625007211563,1,0,false,,
6986,186,51,7,0.8,2,"3.1645569620253164",0.007023101472384177,3,2,0,false,,,1.5849625007211563,1,0,false,,
6988,188,51,7,0.8,2,"1.976284584980237",0.00002434042053081916,3,3,-0.0002881417605810661,true,false,1.0844737690286002,1.5849625007211563,1,0,false,,
6989,189,51,7,0.8,2,"2.6844303042354345",0.0019015295288059809,3,1,0,false,,,1.5849625007211563,1,0,false,,
6993,193,51,7,0.8,2,"1.9338203695745597",0.003974808192174749,3,3,0.0027856767632801235,true,false,0.42687344223470775,1.5849625007211563,1,0,false,,
6994,194,51,7,0.8,2,"1.9946808510638294",0.002715506580067777,3,3,0.002652879855950742,true,false,0.02360707137813101,1.5849625007211563,1,0,false,,
6996,196,51,7,0.8,2,"2.581755593803787",0.007236261217405644,3,2,0,false,,,1.5849625007211563,2,0,false,,
6998,198,51,7,0.8,2,"2.6844303042354345",0.00364820323507376,3,1,0,false,,,1.5849625007211563,1,0,false,,
7000,200,51,7,0.8,2,"2.305721605465414",0.004702111097023304,3,2,0,false,,,1.5849625007211563,1,0,false,,
7001,1,51,7,0.8,3,"1.9065103798898462",0.0012847427899739527,3,3,0.00031430813414988235,true,false,3.0875263805972795,1.5849625007211563,1,0,false,,
7003,3,51,7,0.8,3,"2.4807056229327453",0.020347704964753712,3,2,0,false,,,1.5849625007211563,2,0,false,,
7004,4,51,7,0.8,3,"2.2481265611990007",0.007050106016821701,3,2,0,false,,,1.5849625007211563,2,0,false,,
7005,5,51,7,0.8,3,"2.17566478646253",0.010276076964468901,3,2,0,false,,,1.5849625007211563,2,0,false,,
7006,6,51,7,0.8,3,"5.238649592549476",0.012378800998127843,4,2,0,false,,,1.5849625007211563,1,0,false,,
7008,8,51,7,0.8,3,"2.5037091988130564",0.004570020523430075,3,2,0,false,,,1.5849625007211563,1,0,false,,
7009,9,51,7,0.8,3,"2.6580035440047256",0.013558235266015689,3,2,0,false,,,1.5849625007211563,1,0,false,,
7011,11,51,7,0.8,3,"2.824858757062147",0.011744539256424349,3,2,0,false,,,1.5849625007211563,1,0,false,,
7012,12,51,7,0.8,3,"3.458877786318216",0.027907016415372812,3,2,0,false,,,1.5849625007211563,2,0,false,,
7014,14,51,7,0.8,3,"3.9244186046511618",0.018630051574632368,4,2,0,false,,,1.5849625007211563,1,0,false,,
7015,15,51,7,0.8,3,"3.3724706470147385",0.015625192094058084,4,2,0,false,,,1.5849625007211563,1,0,false,,
7016,16,51,7,0.8,3,"2.305721605465414",0.0004949856013165699,3,1,0,false,,,1.5849625007211563,1,0,false,,
7019,19,51,7,0.8,3,"1.8135411069317569",0.00013901417215153702,3,3,-0.0008241189018543032,true,false,1.168682179038424,1.5849625007211563,1,0,false,,
7020,20,51,7,0.8,3,"2.211302211302211",0.004971052537614097,3,2,0,false,,,1.5849625007211563,1,0,false,,
7021,21,51,7,0.8,3,"3.9823008849557513",0.008798750288295009,4,1,0,false,,,1.5849625007211563,1,0,false,,
7022,22,51,7,0.8,3,"3.3308660251665434",0.004998449177937914,3,1,0,false,,,1.5849625007211563,1,0,false,,
7023,23,51,7,0.8,3,"4.692387904066736",0.02533180156699888,4,2,0,false,,,1.5849625007211563,2,0,false,,
7024,24,51,7,0.8,3,"7.736389684813753",0.013599840609356892,4,1,0,false,,,1.5849625007211563,1,0,false,,
7026,26,51,7,0.8,3,"2.267002518891687",0.0026571672132518665,3,1,0,false,,,1.5849625007211563,1,0,false,,
7027,27,51,7,0.8,3,"2.4807056229327453",0.016051193670635407,3,2,0,false,,,1.5849625007211563,2,0,false,,
7029,29,51,7,0.8,3,"20",0.01109179578548852,4,2,0,false,,,1.5849625007211563,1,0,false,,
7030,30,51,7,0.8,3,"3.2902754082378745",0.007312540229874377,4,1,0,false,,,1.5849625007211563,1,0,false,,
7031,31,51,7,0.8,3,"16.875",0.011618579885243096,3,1,0,false,,,1.5849625007211563,1,0,false,,
7033,33,51,7,0.8,3,"2.3510971786833856",0.00520463645756671,3,2,0,false,,,1.5849625007211563,1,0,false,,
7034,34,51,7,0.8,3,"5.9628975265017665",0.0065600136113593485,4,1,0,false,,,1.5849625007211563,1,0,false,,
7035,35,51,7,0.8,3,"3.458877786318216",0.017261607172282763,4,2,0,false,,,1.5849625007211563,2,0,false,,
7036,36,51,7,0.8,3,"4.671280276816609",0.019368155297915402,4,2,0,false,,,1.5849625007211563,2,0,false,,
7037,37,51,7,0.8,3,"2.862595419847328",0.010642406748006332,3,2,0,false,,,1.5849625007211563,1,0,false,,
7038,38,51,7,0.8,3,"2.8932704672096015",0.010093216312893841,4,2,0,false,,,1.5849625007211563,1,0,false,,
7039,39,51,7,0.8,3,"1.801441152922338",0.003298759067740295,3,3,0.0008387933095121752,true,false,2.9327436572649637,1.5849625007211563,1,0,false,,
7040,40,51,7,0.8,3,"2.286198137171888",0.0042639670963036825,3,2,0,false,,,1.5849625007211563,1,0,false,,
7042,42,51,7,0.8,3,"2.6844303042354345",0.012155459517675066,3,2,0,false,,,1.5849625007211563,2,0,false,,
7043,43,51,7,0.8,3,"3.760445682451253",0.011106788098081102,3,2,0,false,,,1.5849625007211563,1,0,false,,
7044,44,51,7,0.8,3,"2.1933387489845653",0.007686125873305968,3,2,0,false,,,1.5849625007211563,2,0,false,,
7047,47,51,7,0.8,3,"17.419354838709676",0.06296254446650557,3,2,0,false,,,1.5849625007211563,2,0,false,,
7048,48,51,7,0.8,3,"6.919528446950282",0.02791352725846971,4,2,0,false,,,1.5849625007211563,2,0,false,,
7050,50,51,7,0.8,3,"1.8669616927119346",0.00195617082387684,3,3,0.0009685379918429632,true,false,1.0197151173745693,1.5849625007211563,1,0,false,,
7051,51,51,7,0.8,3,"2.286198137171888",0.00677783409402414,3,2,0,false,,,1.5849625007211563,1,0,false,,
7053,53,51,7,0.8,3,"2.4141630901287554",0.010082044261757737,3,2,0,false,,,1.5849625007211563,1,0,false,,
7054,54,51,7,0.8,3,"3.813559322033898",0.009870499681420347,3,2,0,false,,,1.5849625007211563,1,0,false,,
7056,56,51,7,0.8,3,"2.305721605465414",0.00800934336039967,4,2,0,false,,,1.5849625007211563,1,0,false,,
7057,57,51,7,0.8,3,"3.2902754082378745",0.009900828451970897,4,1,0,false,,,1.5849625007211563,1,0,false,,
7061,61,51,7,0.8,3,"2.2481265611990007",0.0015193708798875803,3,1,0,false,,,1.5849625007211563,1,0,false,,
7062,62,51,7,0.8,3,"4.9504950495049505",0.019017415767580703,4,2,0,false,,,1.5849625007211563,1,0,false,,
7065,65,51,7,0.8,3,"2.824858757062147",0.00673326543447702,3,1,0,false,,,1.5849625007211563,1,0,false,,
7067,67,51,7,0.8,3,"3.3724706470147385",0.007803210525030674,3,2,0,false,,,1.5849625007211563,1,0,false,,
7069,69,51,7,0.8,3,"2.5271433919880195",0.002072257002765911,3,1,0,false,,,1.5849625007211563,1,0,false,,
7075,75,51,7,0.8,3,"4.534766543500169",0.025529854274096812,4,2,0,false,,,1.5849625007211563,1,0,false,,
7076,76,51,7,0.8,3,"2.7388922702373706",0.011950624465203832,3,2,0,false,,,1.5849625007211563,2,0,false,,
7077,77,51,7,0.8,3,"3.8681948424068757",0.018232829817062573,4,2,0,false,,,1.5849625007211563,2,0,false,,
7078,78,51,7,0.8,3,"4.387390315242119",0.023375184128871112,4,2,0,false,,,1.5849625007211563,1,0,false,,
7080,80,51,7,0.8,3,"3.5498290823034444",0.009518304571871194,3,1,0,false,,,1.5849625007211563,1,0,false,,
7081,81,51,7,0.8,3,"2.3927685218007797",0.008346729720593471,3,2,0,false,,,1.5849625007211563,1,0,false,,
7084,84,51,7,0.8,3,"5.342303126236644",0.017630471992744454,3,2,0,false,,,1.5849625007211563,1,0,false,,
7085,85,51,7,0.8,3,"4.534766543500169",0.03358971859796836,4,2,0,false,,,1.5849625007211563,2,0,false,,
7086,86,51,7,0.8,3,"2.824858757062147",0.0004114427304489111,4,1,0,false,,,1.5849625007211563,1,0,false,,
7087,87,51,7,0.8,3,"20",0.016264825079890737,3,3,0.004057233911818666,true,false,3.0088457883859068,1.5849625007211563,2,0,false,,
7088,88,51,7,0.8,3,"1.838235294117647",0.0003231396142926643,3,3,-0.000774770105657893,true,false,1.4170780621669337,1.5849625007211563,1,0,false,,
7089,89,51,7,0.8,3,"7.736389684813753",0.006641138766371911,4,1,0,false,,,1.5849625007211563,1,0,false,,
7091,91,51,7,0.8,3,"4.387390315242119",0.04989394738621764,4,2,0,false,,,1.5849625007211563,2,0,false,,
7092,92,51,7,0.8,3,"2.6066808264143657",0.005789597098654599,3,2,0,false,,,1.5849625007211563,1,0,false,,
7095,95,51,7,0.8,3,"4.103343465045592",0.017655542812962447,4,2,0,false,,,1.5849625007211563,2,0,false,,
7096,96,51,7,0.8,3,"2.1034590215020255",0.005343236712003615,3,2,0,false,,,1.5849625007211563,1,0,false,,
7097,97,51,7,0.8,3,"2.6066808264143657",0.014225932542414913,3,2,0,false,,,1.5849625007211563,1,0,false,,
7099,99,51,7,0.8,3,"6.919528446950282",0.03236266936139109,4,2,0,false,,,1.5849625007211563,2,0,false,,
7101,101,51,7,0.8,3,"3.5498290823034444",0.005002232260609807,4,1,0,false,,,1.5849625007211563,1,0,false,,
7104,104,51,7,0.8,3,"2.5037091988130564",0.01423949389208782,3,2,0,false,,,1.5849625007211563,2,0,false,,
7105,105,51,7,0.8,3,"3.4151277510751323",0.014539678944149337,3,2,0,false,,,1.5849625007211563,2,0,false,,
7106,106,51,7,0.8,3,"3.1278962001853565",0.005753178080251133,4,2,0,false,,,1.5849625007211563,1,0,false,,
7109,109,51,7,0.8,3,"4.692387904066736",0.020214583870681434,4,2,0,false,,,1.5849625007211563,1,0,false,,
7110,110,51,7,0.8,3,"2.956636005256242",0.006854656164738696,3,2,0,false,,,1.5849625007211563,1,0,false,,
7111,111,51,7,0.8,3,"3.4151277510751323",0.011417234337201468,4,2,0,false,,,1.5849625007211563,1,0,false,,
7112,112,51,7,0.8,3,"3.5037633013236436",0.012029177130113455,3,2,0,false,,,1.5849625007211563,1,0,false,,
7113,113,51,7,0.8,3,"3.057065217391304",0.004845114554656994,3,2,0,false,,,1.5849625007211563,1,0,false,,
7115,115,51,7,0.8,3,"3.9244186046511618",0.01057340447968383,4,2,0,false,,,1.5849625007211563,1,0,false,,
7116,116,51,7,0.8,3,"3.813559322033898",0.009679039530773523,3,2,0,false,,,1.5849625007211563,1,0,false,,
7120,120,51,7,0.8,3,"4.103343465045592",0.01049912763756864,4,2,0,false,,,1.5849625007211563,1,0,false,,
7121,121,51,7,0.8,3,"4.04191616766467",0.019691894879961654,3,2,0,false,,,1.5849625007211563,2,0,false,,
7122,122,51,7,0.8,3,"1.7182130584192439",0.003061998619318572,3,3,0.0029880267059858613,true,false,0.024756108499473576,1.5849625007211563,2,0,false,,
7123,123,51,7,0.8,3,"3.0228392297357813",0.014573400663529672,3,2,0,false,,,1.5849625007211563,2,0,false,,
7124,124,51,7,0.8,3,"3.760445682451253",0.011227696631388633,3,2,0,false,,,1.5849625007211563,2,0,false,,
7125,125,51,7,0.8,3,"6.7669172932330826",0.02622420353872809,4,2,0,false,,,1.5849625007211563,2,0,false,,
7126,126,51,7,0.8,3,"1.9619241389332946",0.0006971712748487945,3,3,0.00018694102846915063,true,false,2.729364712272582,1.5849625007211563,1,0,false,,
7127,127,51,7,0.8,3,"4.103343465045592",0.008070420869121466,4,1,0,false,,,1.5849625007211563,1,0,false,,
7128,128,51,7,0.8,3,"3.8681948424068757",0.0021321922249718773,3,1,0,false,,,1.5849625007211563,1,0,false,,
7129,129,51,7,0.8,3,"2.5510204081632653",0.005860227260646045,3,2,0,false,,,1.5849625007211563,1,0,false,,
7130,130,51,7,0.8,3,"20",0.03082620638477378,3,2,0,false,,,1.5849625007211563,2,0,false,,
7132,132,51,7,0.8,3,"2.1367521367521367",0.000759594161931379,3,2,0,false,,,1.5849625007211563,1,0,false,,
7134,134,51,7,0.8,3,"3.1645569620253164",0.02904142582962579,3,2,0,false,,,1.5849625007211563,2,0,false,,
7136,136,51,7,0.8,3,"2.1367521367521367",0.010034782949023555,3,2,0,false,,,1.5849625007211563,2,0,false,,
7138,138,51,7,0.8,3,"2.862595419847328",0.00678694697092783,3,2,0,false,,,1.5849625007211563,1,0,false,,
7141,141,51,7,0.8,3,"3.3202164289227745",0.02266437115369953,3,2,0,false,,,1.5849625007211563,2,0,false,,
7143,143,51,7,0.8,3,"4.166666666666666",0.0023417415540487913,4,1,0,false,,,1.5849625007211563,1,0,false,,
7144,144,51,7,0.8,3,"2.8852318871553755",0.019019523229957494,3,2,0,false,,,1.5849625007211563,1,0,false,,
7145,145,51,7,0.8,3,"5.9628975265017665",0.027762173352763847,4,2,0,false,,,1.5849625007211563,2,0,false,,
7148,148,51,7,0.8,3,"2.7388922702373706",0.006290783063030822,3,2,0,false,,,1.5849625007211563,1,0,false,,
7149,149,51,7,0.8,3,"3.2119914346895073",0.008912328005897812,3,2,0,false,,,1.5849625007211563,1,0,false,,
7150,150,51,7,0.8,3,"3.1278962001853565",0.01184015687120215,3,2,0,false,,,1.5849625007211563,2,0,false,,
7152,152,51,7,0.8,3,"2.17566478646253",0.004801771708262127,3,2,0,false,,,1.5849625007211563,1,0,false,,
7154,154,51,7,0.8,3,"2.7113878288813016",0.008635144207080692,3,2,0,false,,,1.5849625007211563,1,0,false,,
7158,158,51,7,0.8,3,"2.795609857113274",0.0003901133253401412,3,1,0,false,,,1.5849625007211563,1,0,false,,
7159,159,51,7,0.8,3,"3.9823008849557513",0.02199316608351343,3,2,0,false,,,1.5849625007211563,2,0,false,,
7160,160,51,7,0.8,3,"2.1933387489845653",0.0038046274867012484,3,2,0,false,,,1.5849625007211563,1,0,false,,
7162,162,51,7,0.8,3,"3.5498290823034444",0.005700783387766757,3,2,0,false,,,1.5849625007211563,1,0,false,,
7164,164,51,7,0.8,3,"5.562422744128553",0.031810985850822406,4,2,0,false,,,1.5849625007211563,2,0,false,,
7168,168,51,7,0.8,3,"2.862595419847328",0.008180865773209542,3,2,0,false,,,1.5849625007211563,1,0,false,,
7169,169,51,7,0.8,3,"2.055420219244823",0.008162782986692147,3,2,0,false,,,1.5849625007211563,2,0,false,,
7170,170,51,7,0.8,3,"2.211302211302211",0.0012502896315960091,3,1,0,false,,,1.5849625007211563,1,0,false,,
7171,171,51,7,0.8,3,"4.753521126760563",0.021789878561267025,4,2,0,false,,,1.5849625007211563,2,0,false,,
7172,172,51,7,0.8,3,"6.7669172932330826",0.042159496726125026,4,2,0,false,,,1.5849625007211563,2,0,false,,
7174,174,51,7,0.8,3,"1.7895015906680807",0.0014023334816229273,3,3,-0.0002660389399976386,true,false,6.271158732008835,1.5849625007211563,1,0,false,,
7175,175,51,7,0.8,3,"4.103343465045592",0.0037573147679386388,4,2,0,false,,,1.5849625007211563,1,0,false,,
7177,177,51,7,0.8,3,"2.956636005256242",0.017527041640524432,3,2,0,false,,,1.5849625007211563,1,0,false,,
7178,178,51,7,0.8,3,"3.5037633013236436",0.007298131547086146,4,2,0,false,,,1.5849625007211563,1,0,false,,
7179,179,51,7,0.8,3,"2.7669604427136707",0.0135567212933543,3,2,0,false,,,1.5849625007211563,2,0,false,,
7180,180,51,7,0.8,3,"3.2119914346895073",0.01902167725215377,3,2,0,false,,,1.5849625007211563,2,0,false,,
7181,181,51,7,0.8,3,"1.7660910518053372",0.003388221606318551,3,3,0.002542523141120006,true,false,0.33262173764365693,1.5849625007211563,2,0,false,,
7185,185,51,7,0.8,3,"2.6580035440047256",0.007006613704817878,4,2,0,false,,,1.5849625007211563,1,0,false,,
7186,186,51,7,0.8,3,"2.435943702634428",0.00759232702983718,3,2,0,false,,,1.5849625007211563,1,0,false,,
7189,189,51,7,0.8,3,"4.692387904066736",0.01601716224340616,3,2,0,false,,,1.5849625007211563,2,0,false,,
7191,191,51,7,0.8,3,"5.592377796188898",0.031056224986950768,4,2,0,false,,,1.5849625007211563,2,0,false,,
7192,192,51,7,0.8,3,"5.164498852333589",0.02917896577963514,3,2,0,false,,,1.5849625007211563,2,0,false,,
7195,195,51,7,0.8,3,"2.211302211302211",0.011688214963314092,3,2,0,false,,,1.5849625007211563,2,0,false,,
7196,196,51,7,0.8,3,"3.057065217391304",0.002345618876811244,3,1,0,false,,,1.5849625007211563,1,0,false,,
7197,197,51,7,0.8,3,"4.166666666666666",0.015574896674616064,4,2,0,false,,,1.5849625007211563,2,0,false,,
7199,199,51,7,0.8,3,"3.7087912087912085",0.0036883550004311837,3,1,0,false,,,1.5849625007211563,1,0,false,,
