"experimentSeed","model","rep","n","m","lambda","eta","legitimacySignal","geometricRegime","regimeNumber","maxFrontSize","regimeAtP1","frontSizeAtP1","calibrationStatus","pStar","areaStar","frontSizeAtPStar","selectedCandidate","winnerAtPMin","winnerAtInfinity","firstWinnerSwitchP","firstWinnerSwitchStatus","firstWinnerSwitchWinner"
123456,"TwoPole",1,51,3,0.5,1,"TopSupport","multi-point",3,3,"two-point",2,"calibrated",1.139432815665091,0.03368640276981107,3,3,,,,"",
123456,"TwoPole",2,51,3,0.5,1,"TopSupport","multi-point",3,3,"one-point",1,"degenerate",,,,,2,3,1.7549055469003967,"SwitchDetected",3
123456,"TwoPole",3,51,3,0.5,1,"TopSupport","multi-point",3,3,"one-point",1,"calibrated",1.5938606847697756,0.0019738434413961274,3,3,,,,"",
123456,"TwoPole",4,51,3,0.5,1,"TopSupport","multi-point",3,3,"one-point",1,"degenerate",,,,,2,3,1.5849633566706869,"SwitchDetected",3
123456,"TwoPole",5,51,3,0.5,1,"TopSupport","multi-point",3,3,"two-point",2,"calibrated",1.2233801540552787,0.006531586359012803,3,3,,,,"",
123456,"TwoPole",6,51,3,0.5,1,"TopSupport","multi-point",3,3,"one-point",1,"degenerate",,,,,2,3,1.2730185375943144,"SwitchDetected",3
123456,"TwoPole",7,51,3,0.5,1,"TopSupport","two-point",2,2,"two-point",2,"degenerate",,,,,1,1,,"NoSwitchDetected",
123456,"TwoPole",8,51,3,0.5,1,"TopSupport","two-point",2,2,"one-point",1,"degenerate",,,,,2,1,1.0588995077933394,"SwitchDetected",1
123456,"TwoPole",9,51,3,0.5,1,"TopSupport","two-point",2,2,"one-point",1,"degenerate",,,,,2,1,1.0588995077933394,"SwitchDetected",1
123456,"TwoPole",10,51,3,0.5,1,"TopSupport","multi-point",3,3,"one-point",1,"degenerate",,,,,2,3,1.9068912400437852,"SwitchDetected",3
123456,"TwoPole",11,51,3,0.5,1,"TopSupport","multi-point",3,3,"two-point",2,"calibrated",1.2233801540552787,0.022912558295759257,3,3,,,,"",
123456,"TwoPole",12,51,3,0.5,1,"TopSupport","two-point",2,2,"one-point",1,"degenerate",,,,,2,1,1.7004410155630727,"SwitchDetected",1
123456,"TwoPole",13,51,3,0.5,1,"TopSupport","multi-point",3,3,"multi-point",3,"degenerate",,,,,1,1,,"NoSwitchDetected",
123456,"TwoPole",14,51,3,0.5,1,"TopSupport","two-point",2,2,"two-point",2,"degenerate",,,,,1,1,,"NoSwitchDetected",
123456,"TwoPole",15,51,3,0.5,1,"TopSupport","multi-point",3,3,"one-point",1,"degenerate",,,,,2,3,1.2537659274722734,"SwitchDetected",3
123456,"TwoPole",16,51,3,0.5,1,"TopSupport","multi-point",3,3,"multi-point",3,"degenerate",,,,,1,1,,"NoSwitchDetected",
123456,"TwoPole",17,51,3,0.5,1,"TopSupport","multi-point",3,3,"two-point",2,"calibrated",1.3223626212165736,0.014385679226013394,3,3,,,,"",
123456,"TwoPole",18,51,3,0.5,1,"TopSupport","multi-point",3,3,"one-point",1,"degenerate",,,,,2,1,1.2224008081692845,"SwitchDetected",1
123456,"TwoPole",19,51,3,0.5,1,"TopSupport","multi-point",3,3,"one-point",1,"calibrated",1.3223626212165736,0.0031702981597412265,3,3,,,,"",
123456,"TwoPole",20,51,3,0.5,1,"TopSupport","multi-point",3,3,"one-point",1,"calibrated",1.5938606847697756,0.001973843441396161,3,3,,,,"",
123456,"TwoPole",21,51,3,0.5,1,"TopSupport","multi-point",3,3,"one-point",1,"degenerate",,,,,2,1,1.8579971473438577,"SwitchDetected",1
123456,"TwoPole",22,51,3,0.5,1,"TopSupport","multi-point",3,3,"one-point",1,"degenerate",,,,,2,1,1.1805771850792885,"SwitchDetected",1
123456,"TwoPole",23,51,3,0.5,1,"TopSupport","multi-point",3,3,"two-point",2,"calibrated",1.1741172377804836,0.034157996467923356,3,3,,,,"",
123456,"TwoPole",24,51,3,0.5,1,"TopSupport","two-point",2,2,"one-point",1,"degenerate",,,,,2,1,2.3692435057833823,"SwitchDetected",1
123456,"TwoPole",25,51,3,0.5,1,"TopSupport","multi-point",3,3,"multi-point",3,"degenerate",,,,,1,1,,"NoSwitchDetected",
123456,"TwoPole",26,51,3,0.5,1,"TopSupport","multi-point",3,3,"one-point",1,"degenerate",,,,,2,3,1.2537659274722734,"SwitchDetected",3
123456,"TwoPole",27,51,3,0.5,1,"TopSupport","multi-point",3,3,"multi-point",3,"calibrated",1,0.0023291925465838462,3,1,,,,"",
123456,"TwoPole",28,51,3,0.5,1,"TopSupport","multi-point",3,3,"one-point",1,"degenerate",,,,,2,3,1.485432062947722,"SwitchDetected",3
123456,"TwoPole",29,51,3,0.5,1,"TopSupport","multi-point",3,3,"one-point",1,"degenerate",,,,,2,3,1.2537659274722734,"SwitchDetected",3
123456,"TwoPole",30,51,3,0.5,1,"TopSupport","two-point",2,2,"one-point",1,"degenerate",,,,,2,1,1.473940318641535,"SwitchDetected",1
123456,"TwoPole",31,51,3,0.5,1,"TopSupport","multi-point",3,3,"one-point",1,"calibrated",1.3223626212165736,0.003170298159741278,3,3,,,,"",
123456,"TwoPole",32,51,3,0.5,1,"TopSupport","multi-point",3,3,"two-point",2,"calibrated",1.2233801540552787,0.03234248521397316,3,3,,,,"",
123456,"TwoPole",33,51,3,0.5,1,"TopSupport","two-point",2,2,"two-point",2,"degenerate",,,,,1,1,,"NoSwitchDetected",
123456,"TwoPole",34,51,3,0.5,1,"TopSupport","multi-point",3,3,"two-point",2,"calibrated",1.5938606847697756,0.011905088579565464,3,3,,,,"",
123456,"TwoPole",35,51,3,0.5,1,"TopSupport","two-point",2,2,"one-point",1,"degenerate",,,,,2,3,3.2730360085901227,"SwitchDetected",3
123456,"TwoPole",36,51,3,0.5,1,"TopSupport","multi-point",3,3,"one-point",1,"degenerate",,,,,2,3,1.485432062947722,"SwitchDetected",3
123456,"TwoPole",37,51,3,0.5,1,"TopSupport","multi-point",3,3,"one-point",1,"degenerate",,,,,2,1,1.054454287405083,"SwitchDetected",1
123456,"TwoPole",38,51,3,0.5,1,"TopSupport","multi-point",3,3,"two-point",2,"calibrated",1.0877447425670776,0.019245617306842072,3,3,,,,"",
123456,"TwoPole",39,51,3,0.5,1,"TopSupport","multi-point",3,3,"one-point",1,"degenerate",,,,,2,1,1.6374433237381063,"SwitchDetected",1
123456,"TwoPole",40,51,3,0.5,1,"TopSupport","multi-point",3,3,"one-point",1,"calibrated",1.3223626212165736,0.0031702981597412265,3,3,,,,"",
123456,"TwoPole",41,51,3,0.5,1,"TopSupport","two-point",2,2,"one-point",1,"degenerate",,,,,2,1,1.0588995077933394,"SwitchDetected",1
123456,"TwoPole",42,51,3,0.5,1,"TopSupport","one-point",1,1,"one-point",1,"degenerate",,,,,1,1,,"NoSwitchDetected",
123456,"TwoPole",43,51,3,0.5,1,"TopSupport","multi-point",3,3,"one-point",1,"calibrated",1.3223626212165736,0.0031702981597412265,3,3,,,,"",
123456,"TwoPole",44,51,3,0.5,1,"TopSupport","multi-point",3,3,"multi-point",3,"calibrated",1,0.018145161290322592,3,1,,,,"",
123456,"TwoPole",45,51,3,0.5,1,"TopSupport","multi-point",3,3,"multi-point",3,"calibrated",1,0.0011755485893416892,3,1,,,,"",
123456,"TwoPole",46,51,3,0.5,1,"TopSupport","two-point",2,2,"one-point",1,"degenerate",,,,,2,1,1.0588995077933394,"SwitchDetected",1
123456,"TwoPole",47,51,3,0.5,1,"TopSupport","multi-point",3,3,"multi-point",3,"degenerate",,,,,1,1,,"NoSwitchDetected",
123456,"TwoPole",48,51,3,0.5,1,"TopSupport","multi-point",3,3,"two-point",2,"calibrated",1.5938606847697756,0.008301555661679135,3,3,,,,"",
123456,"TwoPole",49,51,3,0.5,1,"TopSupport","multi-point",3,3,"two-point",2,"calibrated",1.119310173285797,0.03099015041243611,3,3,,,,"",
123456,"TwoPole",50,51,3,0.5,1,"TopSupport","multi-point",3,3,"two-point",2,"calibrated",1.3223626212165736,0.014385679226013418,3,3,,,,"",
123456,"TwoPole",51,51,3,0.5,1,"TopSupport","two-point",2,2,"one-point",1,"degenerate",,,,,2,1,1.0588995077933394,"SwitchDetected",1
123456,"TwoPole",52,51,3,0.5,1,"TopSupport","multi-point",3,3,"one-point",1,"degenerate",,,,,2,3,1.4150462671072566,"SwitchDetected",3
123456,"TwoPole",53,51,3,0.5,1,"TopSupport","multi-point",3,3,"one-point",1,"degenerate",,,,,2,1,1.3985584195197238,"SwitchDetected",1
123456,"TwoPole",54,51,3,0.5,1,"TopSupport","multi-point",3,3,"one-point",1,"calibrated",1.1741172377804836,0.002193298713597476,3,3,,,,"",
123456,"TwoPole",55,51,3,0.5,1,"TopSupport","one-point",1,1,"one-point",1,"degenerate",,,,,2,2,,"NoSwitchDetected",
123456,"TwoPole",56,51,3,0.5,1,"TopSupport","two-point",2,2,"one-point",1,"degenerate",,,,,2,1,1.0588995077933394,"SwitchDetected",1
123456,"TwoPole",57,51,3,0.5,1,"TopSupport","two-point",2,2,"one-point",1,"degenerate",,,,,2,1,1.0588995077933394,"SwitchDetected",1
123456,"TwoPole",58,51,3,0.5,1,"TopSupport","multi-point",3,3,"multi-point",3,"calibrated",1,0.0314516129032258,3,1,,,,"",
123456,"TwoPole",59,51,3,0.5,1,"TopSupport","multi-point",3,3,"one-point",1,"degenerate",,,,,2,1,1.047310681127489,"SwitchDetected",1
123456,"TwoPole",60,51,3,0.5,1,"TopSupport","multi-point",3,3,"one-point",1,"degenerate",,,,,2,1,1.4329654202196895,"SwitchDetected",1
123456,"TwoPole",61,51,3,0.5,1,"TopSupport","multi-point",3,3,"two-point",2,"calibrated",1.119310173285797,0.015730132486214087,3,3,,,,"",
123456,"TwoPole",62,51,3,0.5,1,"TopSupport","multi-point",3,3,"one-point",1,"degenerate",,,,,2,3,1.087468032727584,"SwitchDetected",3
123456,"TwoPole",63,51,3,0.5,1,"TopSupport","multi-point",3,3,"one-point",1,"degenerate",,,,,2,1,1.2064543540675492,"SwitchDetected",1
123456,"TwoPole",64,51,3,0.5,1,"TopSupport","multi-point",3,3,"two-point",2,"calibrated",1.5938606847697756,0.011905088579565464,3,3,,,,"",
123456,"TwoPole",65,51,3,0.5,1,"TopSupport","multi-point",3,3,"one-point",1,"degenerate",,,,,2,1,1.9475334442569967,"SwitchDetected",1
123456,"TwoPole",66,51,3,0.5,1,"TopSupport","multi-point",3,3,"one-point",1,"degenerate",,,,,2,1,1.4329654202196895,"SwitchDetected",1
123456,"TwoPole",67,51,3,0.5,1,"TopSupport","multi-point",3,3,"one-point",1,"degenerate",,,,,2,3,1.7549055469003967,"SwitchDetected",3
123456,"TwoPole",68,51,3,0.5,1,"TopSupport","multi-point",3,3,"one-point",1,"calibrated",1.3223626212165736,0.003170298159741278,3,3,,,,"",
123456,"TwoPole",69,51,3,0.5,1,"TopSupport","two-point",2,2,"one-point",1,"degenerate",,,,,2,1,1.0588995077933394,"SwitchDetected",1
123456,"TwoPole",70,51,3,0.5,1,"TopSupport","multi-point",3,3,"multi-point",3,"calibrated",1,0.008333333333333331,3,1,,,,"",
123456,"TwoPole",71,51,3,0.5,1,"TopSupport","multi-point",3,3,"one-point",1,"degenerate",,,,,2,3,1.2537659274722734,"SwitchDetected",3
123456,"TwoPole",72,51,3,0.5,1,"TopSupport","two-point",2,2,"one-point",1,"degenerate",,,,,2,3,3.906929052181016,"SwitchDetected",3
123456,"TwoPole",73,51,3,0.5,1,"TopSupport","two-point",2,2,"two-point",2,"degenerate",,,,,1,1,,"NoSwitchDetected",
123456,"TwoPole",74,51,3,0.5,1,"TopSupport","multi-point",3,3,"two-point",2,"calibrated",1.1741172377804836,0.022720453665364165,3,3,,,,"",
123456,"TwoPole",75,51,3,0.5,1,"TopSupport","multi-point",3,3,"one-point",1,"degenerate",,,,,2,1,1.054454287405083,"SwitchDetected",1
123456,"TwoPole",76,51,3,0.5,1,"TopSupport","two-point",2,2,"two-point",2,"degenerate",,,,,1,1,,"NoSwitchDetected",
123456,"TwoPole",77,51,3,0.5,1,"TopSupport","two-point",2,2,"one-point",1,"degenerate",,,,,2,1,1.473940318641535,"SwitchDetected",1
123456,"TwoPole",78,51,3,0.5,1,"TopSupport","multi-point",3,3,"one-point",1,"calibrated",1.3223626212165736,0.003170298159741278,3,3,,,,"",
123456,"TwoPole",79,51,3,0.5,1,"TopSupport","multi-point",3,3,"one-point",1,"degenerate",,,,,2,1,1.3692370853151121,"SwitchDetected",1
123456,"TwoPole",80,51,3,0.5,1,"TopSupport","multi-point",3,3,"two-point",2,"calibrated",1.2233801540552787,0.006531586359012803,3,3,,,,"",
123456,"TwoPole",81,51,3,0.5,1,"TopSupport","multi-point",3,3,"multi-point",3,"calibrated",1,0.00883838383838384,3,1,,,,"",
123456,"TwoPole",82,51,3,0.5,1,"TopSupport","multi-point",3,3,"two-point",2,"calibrated",1.5938606847697756,0.005032382715411432,3,3,,,,"",
123456,"TwoPole",83,51,3,0.5,1,"TopSupport","multi-point",3,3,"multi-point",3,"degenerate",,,,,1,1,,"NoSwitchDetected",
123456,"TwoPole",84,51,3,0.5,1,"TopSupport","multi-point",3,3,"one-point",1,"degenerate",,,,,2,3,2.273035485310904,"SwitchDetected",3
123456,"TwoPole",85,51,3,0.5,1,"TopSupport","multi-point",3,3,"two-point",2,"calibrated",1.5938606847697756,0.01600308154375709,3,3,,,,"",
123456,"TwoPole",86,51,3,0.5,1,"TopSupport","multi-point",3,3,"multi-point",3,"calibrated",1,0.0011755485893416892,3,1,,,,"",
123456,"TwoPole",87,51,3,0.5,1,"TopSupport","multi-point",3,3,"one-point",1,"degenerate",,,,,2,3,1.2730185375943144,"SwitchDetected",3
123456,"TwoPole",88,51,3,0.5,1,"TopSupport","multi-point",3,3,"one-point",1,"degenerate",,,,,2,1,1.054454287405083,"SwitchDetected",1
123456,"TwoPole",89,51,3,0.5,1,"TopSupport","multi-point",3,3,"one-point",1,"degenerate",,,,,2,1,1.047310681127489,"SwitchDetected",1
123456,"TwoPole",90,51,3,0.5,1,"TopSupport","multi-point",3,3,"one-point",1,"degenerate",,,,,2,1,1.054454287405083,"SwitchDetected",1
123456,"TwoPole",91,51,3,0.5,1,"TopSupport","two-point",2,2,"one-point",1,"degenerate",,,,,2,1,1.2410158620748422,"SwitchDetected",1
123456,"TwoPole",92,51,3,0.5,1,"TopSupport","two-point",2,2,"two-point",2,"degenerate",,,,,1,1,,"NoSwitchDetected",
123456,"TwoPole",93,51,3,0.5,1,"TopSupport","multi-point",3,3,"one-point",1,"degenerate",,,,,2,1,2.2224113719531116,"SwitchDetected",1
123456,"TwoPole",94,51,3,0.5,1,"TopSupport","multi-point",3,3,"multi-point",3,"calibrated",1,0.02976190476190475,3,1,,,,"",
123456,"TwoPole",95,51,3,0.5,1,"TopSupport","two-point",2,2,"one-point",1,"degenerate",,,,,2,1,1.473940318641535,"SwitchDetected",1
123456,"TwoPole",96,51,3,0.5,1,"TopSupport","two-point",2,2,"one-point",1,"degenerate",,,,,1,3,1.1375103838437979,"SwitchDetected",3
123456,"TwoPole",97,51,3,0.5,1,"TopSupport","multi-point",3,3,"multi-point",3,"calibrated",1,0.0023291925465838462,3,1,,,,"",
123456,"TwoPole",98,51,3,0.5,1,"TopSupport","two-point",2,2,"two-point",2,"degenerate",,,,,1,1,,"NoSwitchDetected",
123456,"TwoPole",99,51,3,0.5,1,"TopSupport","multi-point",3,3,"two-point",2,"calibrated",1.5938606847697756,0.008301555661679151,3,3,,,,"",
123456,"TwoPole",100,51,3,0.5,1,"TopSupport","multi-point",3,3,"one-point",1,"degenerate",,,,,2,1,1.1926513343805916,"SwitchDetected",1
123456,"TwoPole",101,51,3,0.5,1,"TopSupport","two-point",2,2,"two-point",2,"degenerate",,,,,1,1,,"NoSwitchDetected",
123456,"TwoPole",102,51,3,0.5,1,"TopSupport","multi-point",3,3,"two-point",2,"calibrated",1.3223626212165736,0.008601247583154595,3,3,,,,"",
123456,"TwoPole",103,51,3,0.5,1,"TopSupport","multi-point",3,3,"two-point",2,"calibrated",1.101052116466846,0.008976600480219246,3,3,,,,"",
123456,"TwoPole",104,51,3,0.5,1,"TopSupport","multi-point",3,3,"one-point",1,"degenerate",,,,,2,3,1.2730185375943144,"SwitchDetected",3
123456,"TwoPole",105,51,3,0.5,1,"TopSupport","multi-point",3,3,"two-point",2,"calibrated",1.3223626212165736,0.008601247583154564,3,3,,,,"",
123456,"TwoPole",106,51,3,0.5,1,"TopSupport","multi-point",3,3,"one-point",1,"degenerate",,,,,2,3,2.432978561084149,"SwitchDetected",3
123456,"TwoPole",107,51,3,0.5,1,"TopSupport","two-point",2,2,"one-point",1,"degenerate",,,,,2,1,1.2410158620748422,"SwitchDetected",1
123456,"TwoPole",108,51,3,0.5,1,"TopSupport","multi-point",3,3,"one-point",1,"degenerate",,,,,2,1,1.2224008081692845,"SwitchDetected",1
123456,"TwoPole",109,51,3,0.5,1,"TopSupport","multi-point",3,3,"one-point",1,"degenerate",,,,,2,3,1.082466376912229,"SwitchDetected",3
123456,"TwoPole",110,51,3,0.5,1,"TopSupport","multi-point",3,3,"multi-point",3,"calibrated",1,0.0023291925465838462,3,1,,,,"",
123456,"TwoPole",111,51,3,0.5,1,"TopSupport","multi-point",3,3,"multi-point",3,"calibrated",1,0.018145161290322592,3,1,,,,"",
123456,"TwoPole",112,51,3,0.5,1,"TopSupport","multi-point",3,3,"one-point",1,"calibrated",1.5938606847697756,0.0019738434413961946,3,3,,,,"",
123456,"TwoPole",113,51,3,0.5,1,"TopSupport","multi-point",3,3,"one-point",1,"degenerate",,,,,2,1,1.2064543540675492,"SwitchDetected",1
123456,"TwoPole",114,51,3,0.5,1,"TopSupport","two-point",2,2,"two-point",2,"degenerate",,,,,1,1,,"NoSwitchDetected",
123456,"TwoPole",115,51,3,0.5,1,"TopSupport","multi-point",3,3,"multi-point",3,"calibrated",1,0.0011574074074074197,3,1,,,,"",
123456,"TwoPole",116,51,3,0.5,1,"TopSupport","multi-point",3,3,"one-point",1,"degenerate",,,,,2,1,2.754905241281206,"SwitchDetected",1
123456,"TwoPole",117,51,3,0.5,1,"TopSupport","multi-point",3,3,"two-point",2,"calibrated",1.5938606847697756,0.011905088579565464,3,3,,,,"",
123456,"TwoPole",118,51,3,0.5,1,"TopSupport","multi-point",3,3,"one-point",1,"degenerate",,,,,2,1,1.3692370853151121,"SwitchDetected",1
123456,"TwoPole",119,51,3,0.5,1,"TopSupport","two-point",2,2,"two-point",2,"degenerate",,,,,1,1,,"NoSwitchDetected",
123456,"TwoPole",120,51,3,0.5,1,"TopSupport","multi-point",3,3,"two-point",2,"calibrated",1.2233801540552787,0.022912558295759257,3,3,,,,"",
123456,"TwoPole",121,51,3,0.5,1,"TopSupport","multi-point",3,3,"one-point",1,"degenerate",,,,,2,1,1.054454287405083,"SwitchDetected",1
123456,"TwoPole",122,51,3,0.5,1,"TopSupport","two-point",2,2,"two-point",2,"degenerate",,,,,1,1,,"NoSwitchDetected",
123456,"TwoPole",123,51,3,0.5,1,"TopSupport","multi-point",3,3,"one-point",1,"degenerate",,,,,2,1,1.0506305290120936,"SwitchDetected",1
123456,"TwoPole",124,51,3,0.5,1,"TopSupport","multi-point",3,3,"two-point",2,"calibrated",1.3223626212165736,0.008601247583154564,3,3,,,,"",
123456,"TwoPole",125,51,3,0.5,1,"TopSupport","multi-point",3,3,"one-point",1,"calibrated",1.3223626212165736,0.0031702981597412265,3,3,,,,"",
123456,"TwoPole",126,51,3,0.5,1,"TopSupport","multi-point",3,3,"two-point",2,"calibrated",1.3223626212165736,0.008601247583154564,3,3,,,,"",
123456,"TwoPole",127,51,3,0.5,1,"TopSupport","multi-point",3,3,"two-point",2,"calibrated",1.5938606847697756,0.005032382715411432,3,3,,,,"",
123456,"TwoPole",128,51,3,0.5,1,"TopSupport","multi-point",3,3,"multi-point",3,"calibrated",1,0.013975155279503094,3,1,,,,"",
123456,"TwoPole",129,51,3,0.5,1,"TopSupport","two-point",2,2,"two-point",2,"degenerate",,,,,1,1,,"NoSwitchDetected",
123456,"TwoPole",130,51,3,0.5,1,"TopSupport","multi-point",3,3,"multi-point",3,"degenerate",,,,,1,1,,"NoSwitchDetected",
123456,"TwoPole",131,51,3,0.5,1,"TopSupport","two-point",2,2,"one-point",1,"degenerate",,,,,2,1,1.7004410155630727,"SwitchDetected",1
123456,"TwoPole",132,51,3,0.5,1,"TopSupport","multi-point",3,3,"one-point",1,"degenerate",,,,,2,1,1.2064543540675492,"SwitchDetected",1
123456,"TwoPole",133,51,3,0.5,1,"TopSupport","multi-point",3,3,"one-point",1,"degenerate",,,,,2,3,2.432978561084149,"SwitchDetected",3
123456,"TwoPole",134,51,3,0.5,1,"TopSupport","multi-point",3,3,"two-point",2,"calibrated",1.5938606847697756,0.01600308154375709,3,3,,,,"",
123456,"TwoPole",135,51,3,0.5,1,"TopSupport","multi-point",3,3,"multi-point",3,"degenerate",,,,,1,1,,"NoSwitchDetected",
123456,"TwoPole",136,51,3,0.5,1,"TopSupport","multi-point",3,3,"two-point",2,"calibrated",1.5938606847697756,0.008301555661679135,3,3,,,,"",
123456,"TwoPole",137,51,3,0.5,1,"TopSupport","multi-point",3,3,"two-point",2,"calibrated",1.5938606847697756,0.011905088579565464,3,3,,,,"",
123456,"TwoPole",138,51,3,0.5,1,"TopSupport","multi-point",3,3,"multi-point",3,"degenerate",,,,,1,1,,"NoSwitchDetected",
123456,"TwoPole",139,51,3,0.5,1,"TopSupport","multi-point",3,3,"two-point",2,"calibrated",1.5938606847697756,0.008301555661679151,3,3,,,,"",
123456,"TwoPole",140,51,3,0.5,1,"TopSupport","multi-point",3,3,"one-point",1,"degenerate",,,,,2,3,1.485432062947722,"SwitchDetected",3
123456,"TwoPole",141,51,3,0.5,1,"TopSupport","multi-point",3,3,"one-point",1,"degenerate",,,,,2,3,1.2730185375943144,"SwitchDetected",3
123456,"TwoPole",142,51,3,0.5,1,"TopSupport","multi-point",3,3,"multi-point",3,"calibrated",1,0.0011574074074074197,3,1,,,,"",
123456,"TwoPole",143,51,3,0.5,1,"TopSupport","multi-point",3,3,"two-point",2,"calibrated",1.3223626212165736,0.008601247583154564,3,3,,,,"",
123456,"TwoPole",144,51,3,0.5,1,"TopSupport","multi-point",3,3,"two-point",2,"calibrated",1.3223626212165736,0.008601247583154564,3,3,,,,"",
123456,"TwoPole",145,51,3,0.5,1,"TopSupport","multi-point",3,3,"multi-point",3,"degenerate",,,,,1,1,,"NoSwitchDetected",
123456,"TwoPole",146,51,3,0.5,1,"TopSupport","multi-point",3,3,"two-point",2,"calibrated",1.1741172377804836,0.022720453665364165,3,3,,,,"",
123456,"TwoPole",147,51,3,0.5,1,"TopSupport","two-point",2,2,"two-point",2,"degenerate",,,,,1,1,,"NoSwitchDetected",
123456,"TwoPole",148,51,3,0.5,1,"TopSupport","multi-point",3,3,"two-point",2,"calibrated",1.1741172377804836,0.012204981860524357,3,3,,,,"",
123456,"TwoPole",149,51,3,0.5,1,"TopSupport","multi-point",3,3,"one-point",1,"degenerate",,,,,2,1,1.3985584195197238,"SwitchDetected",1
123456,"TwoPole",150,51,3,0.5,1,"TopSupport","two-point",2,2,"two-point",2,"degenerate",,,,,1,1,,"NoSwitchDetected",
123456,"TwoPole",151,51,3,0.5,1,"TopSupport","two-point",2,2,"one-point",1,"degenerate",,,,,1,3,1.2224008081692845,"SwitchDetected",3
123456,"TwoPole",152,51,3,0.5,1,"TopSupport","multi-point",3,3,"one-point",1,"calibrated",1.5938606847697756,0.001973843441396161,3,3,,,,"",
123456,"TwoPole",153,51,3,0.5,1,"TopSupport","multi-point",3,3,"one-point",1,"degenerate",,,,,2,3,1.4474687408064444,"SwitchDetected",3
123456,"TwoPole",154,51,3,0.5,1,"TopSupport","multi-point",3,3,"multi-point",3,"degenerate",,,,,1,1,,"NoSwitchDetected",
123456,"TwoPole",155,51,3,0.5,1,"TopSupport","two-point",2,2,"one-point",1,"degenerate",,,,,2,1,2.058896710842132,"SwitchDetected",1
123456,"TwoPole",156,51,3,0.5,1,"TopSupport","multi-point",3,3,"one-point",1,"calibrated",1.5938606847697756,0.001973843441396161,3,3,,,,"",
123456,"TwoPole",157,51,3,0.5,1,"TopSupport","multi-point",3,3,"one-point",1,"degenerate",,,,,2,3,1.485432062947722,"SwitchDetected",3
123456,"TwoPole",158,51,3,0.5,1,"TopSupport","multi-point",3,3,"two-point",2,"calibrated",1.5938606847697756,0.005032382715411432,3,3,,,,"",
123456,"TwoPole",159,51,3,0.5,1,"TopSupport","two-point",2,2,"two-point",2,"degenerate",,,,,1,1,,"NoSwitchDetected",
123456,"TwoPole",160,51,3,0.5,1,"TopSupport","two-point",2,2,"one-point",1,"degenerate",,,,,2,1,2.378532812255019,"SwitchDetected",1
123456,"TwoPole",161,51,3,0.5,1,"TopSupport","two-point",2,2,"one-point",1,"degenerate",,,,,2,1,1.2410158620748422,"SwitchDetected",1
123456,"TwoPole",162,51,3,0.5,1,"TopSupport","two-point",2,2,"two-point",2,"degenerate",,,,,1,1,,"NoSwitchDetected",
123456,"TwoPole",163,51,3,0.5,1,"TopSupport","two-point",2,2,"two-point",2,"degenerate",,,,,1,1,,"NoSwitchDetected",
123456,"TwoPole",164,51,3,0.5,1,"TopSupport","two-point",2,2,"one-point",1,"degenerate",,,,,2,3,3.906929052181016,"SwitchDetected",3
123456,"TwoPole",165,51,3,0.5,1,"TopSupport","multi-point",3,3,"multi-point",3,"calibrated",1,0.0023291925465838462,3,1,,,,"",
123456,"TwoPole",166,51,3,0.5,1,"TopSupport","two-point",2,2,"two-point",2,"degenerate",,,,,1,1,,"NoSwitchDetected",
123456,"TwoPole",167,51,3,0.5,1,"TopSupport","multi-point",3,3,"multi-point",3,"degenerate",,,,,1,1,,"NoSwitchDetected",
123456,"TwoPole",168,51,3,0.5,1,"TopSupport","two-point",2,2,"one-point",1,"degenerate",,,,,2,1,1.7004410155630727,"SwitchDetected",1
123456,"TwoPole",169,51,3,0.5,1,"TopSupport","two-point",2,2,"one-point",1,"degenerate",,,,,2,1,1.0588995077933394,"SwitchDetected",1
123456,"TwoPole",170,51,3,0.5,1,"TopSupport","multi-point",3,3,"two-point",2,"calibrated",1.139432815665091,0.02032379686132206,3,3,,,,"",
123456,"TwoPole",171,51,3,0.5,1,"TopSupport","multi-point",3,3,"one-point",1,"degenerate",,,,,2,3,1.6322740753950427,"SwitchDetected",3
123456,"TwoPole",172,51,3,0.5,1,"TopSupport","multi-point",3,3,"two-point",2,"calibrated",1.101052116466846,0.02618190006096329,3,3,,,,"",
123456,"TwoPole",173,51,3,0.5,1,"TopSupport","multi-point",3,3,"one-point",1,"degenerate",,,,,2,1,1.044394578314693,"SwitchDetected",1
123456,"TwoPole",174,51,3,0.5,1,"TopSupport","multi-point",3,3,"one-point",1,"degenerate",,,,,2,1,1.0418239804556264,"SwitchDetected",1
123456,"TwoPole",175,51,3,0.5,1,"TopSupport","multi-point",3,3,"multi-point",3,"calibrated",1,0.019798136645962725,3,1,,,,"",
123456,"TwoPole",176,51,3,0.5,1,"TopSupport","multi-point",3,3,"one-point",1,"degenerate",,,,,2,1,1.2064543540675492,"SwitchDetected",1
123456,"TwoPole",177,51,3,0.5,1,"TopSupport","multi-point",3,3,"one-point",1,"calibrated",1.3223626212165736,0.0031702981597412265,3,3,,,,"",
123456,"TwoPole",178,51,3,0.5,1,"TopSupport","multi-point",3,3,"multi-point",3,"calibrated",1,0.009404388714733534,3,1,,,,"",
123456,"TwoPole",179,51,3,0.5,1,"TopSupport","multi-point",3,3,"one-point",1,"degenerate",,,,,2,3,1.7549055469003967,"SwitchDetected",3
123456,"TwoPole",180,51,3,0.5,1,"TopSupport","multi-point",3,3,"one-point",1,"degenerate",,,,,2,3,1.485432062947722,"SwitchDetected",3
123456,"TwoPole",181,51,3,0.5,1,"TopSupport","multi-point",3,3,"two-point",2,"calibrated",1.5938606847697756,0.011905088579565464,3,3,,,,"",
123456,"TwoPole",182,51,3,0.5,1,"TopSupport","multi-point",3,3,"one-point",1,"degenerate",,,,,2,1,1.044394578314693,"SwitchDetected",1
123456,"TwoPole",183,51,3,0.5,1,"TopSupport","multi-point",3,3,"multi-point",3,"calibrated",1,0.009404388714733534,3,1,,,,"",
123456,"TwoPole",184,51,3,0.5,1,"TopSupport","multi-point",3,3,"two-point",2,"calibrated",1.1741172377804836,0.034157996467923356,3,3,,,,"",
123456,"TwoPole",185,51,3,0.5,1,"TopSupport","multi-point",3,3,"one-point",1,"degenerate",,,,,2,1,1.5849633566706869,"SwitchDetected",1
123456,"TwoPole",186,51,3,0.5,1,"TopSupport","multi-point",3,3,"multi-point",3,"calibrated",1,0.004629629629629642,3,1,,,,"",
123456,"TwoPole",187,51,3,0.5,1,"TopSupport","multi-point",3,3,"two-point",2,"calibrated",1.119310173285797,0.015730132486214087,3,3,,,,"",
123456,"TwoPole",188,51,3,0.5,1,"TopSupport","multi-point",3,3,"one-point",1,"degenerate",,,,,2,1,1.0506305290120936,"SwitchDetected",1
123456,"TwoPole",189,51,3,0.5,1,"TopSupport","multi-point",3,3,"multi-point",3,"degenerate",,,,,1,1,,"NoSwitchDetected",
123456,"TwoPole",190,51,3,0.5,1,"TopSupport","multi-point",3,3,"one-point",1,"degenerate",,,,,2,3,1.2730185375943144,"SwitchDetected",3
123456,"TwoPole",191,51,3,0.5,1,"TopSupport","multi-point",3,3,"two-point",2,"calibrated",1.139432815665091,0.007777385877807403,3,3,,,,"",
123456,"TwoPole",192,51,3,0.5,1,"TopSupport","multi-point",3,3,"one-point",1,"degenerate",,,,,2,3,1.7549055469003967,"SwitchDetected",3
123456,"TwoPole",193,51,3,0.5,1,"TopSupport","multi-point",3,3,"one-point",1,"calibrated",1.1741172377804836,0.0021932987135974994,3,3,,,,"",
123456,"TwoPole",194,51,3,0.5,1,"TopSupport","multi-point",3,3,"multi-point",3,"calibrated",1,0.014802631578947345,3,1,,,,"",
123456,"TwoPole",195,51,3,0.5,1,"TopSupport","two-point",2,2,"two-point",2,"degenerate",,,,,1,1,,"NoSwitchDetected",
123456,"TwoPole",196,51,3,0.5,1,"TopSupport","multi-point",3,3,"multi-point",3,"calibrated",1,0.0011755485893416892,3,1,,,,"",
123456,"TwoPole",197,51,3,0.5,1,"TopSupport","multi-point",3,3,"one-point",1,"degenerate",,,,,2,1,1.054454287405083,"SwitchDetected",1
123456,"TwoPole",198,51,3,0.5,1,"TopSupport","two-point",2,2,"two-point",2,"degenerate",,,,,1,1,,"NoSwitchDetected",
123456,"TwoPole",199,51,3,0.5,1,"TopSupport","two-point",2,2,"one-point",1,"degenerate",,,,,2,1,3.058905018796098,"SwitchDetected",1
123456,"TwoPole",200,51,3,0.5,1,"TopSupport","multi-point",3,3,"one-point",1,"degenerate",,,,,2,1,1.8579971473438577,"SwitchDetected",1
123456,"TwoPole",1,51,3,0.5,2,"TopSupport","two-point",2,2,"one-point",1,"degenerate",,,,,3,2,1.5849633566706869,"SwitchDetected",2
123456,"TwoPole",2,51,3,0.5,2,"TopSupport","multi-point",3,3,"multi-point",3,"calibrated",1,0.0028248587570621504,3,2,,,,"",
123456,"TwoPole",3,51,3,0.5,2,"TopSupport","one-point",1,1,"one-point",1,"degenerate",,,,,1,1,,"NoSwitchDetected",
123456,"TwoPole",4,51,3,0.5,2,"TopSupport","two-point",2,2,"two-point",2,"degenerate",,,,,2,2,,"NoSwitchDetected",
123456,"TwoPole",5,51,3,0.5,2,"TopSupport","multi-point",3,3,"two-point",2,"calibrated",2.009526644834772,0.01321132175489085,3,2,,,,"",
123456,"TwoPole",6,51,3,0.5,2,"TopSupport","two-point",2,2,"one-point",1,"degenerate",,,,,3,1,1.2224008081692845,"SwitchDetected",1
123456,"TwoPole",7,51,3,0.5,2,"TopSupport","two-point",2,2,"two-point",2,"degenerate",,,,,2,2,,"NoSwitchDetected",
123456,"TwoPole",8,51,3,0.5,2,"TopSupport","one-point",1,1,"one-point",1,"degenerate",,,,,1,1,,"NoSwitchDetected",
123456,"TwoPole",9,51,3,0.5,2,"TopSupport","two-point",2,2,"two-point",2,"degenerate",,,,,2,2,,"NoSwitchDetected",
123456,"TwoPole",10,51,3,0.5,2,"TopSupport","two-point",2,2,"one-point",1,"degenerate",,,,,3,2,1.7004410155630727,"SwitchDetected",2
123456,"TwoPole",11,51,3,0.5,2,"TopSupport","two-point",2,2,"one-point",1,"degenerate",,,,,1,2,1.3219291661716357,"SwitchDetected",2
123456,"TwoPole",12,51,3,0.5,2,"TopSupport","two-point",2,2,"two-point",2,"degenerate",,,,,2,2,,"NoSwitchDetected",
123456,"TwoPole",13,51,3,0.5,2,"TopSupport","two-point",2,2,"two-point",2,"degenerate",,,,,2,2,,"NoSwitchDetected",
123456,"TwoPole",14,51,3,0.5,2,"TopSupport","two-point",2,2,"one-point",1,"degenerate",,,,,3,2,2.00001159674693,"SwitchDetected",2
123456,"TwoPole",15,51,3,0.5,2,"TopSupport","two-point",2,2,"two-point",2,"degenerate",,,,,2,2,,"NoSwitchDetected",
123456,"TwoPole",16,51,3,0.5,2,"TopSupport","two-point",2,2,"two-point",2,"degenerate",,,,,2,2,,"NoSwitchDetected",
123456,"TwoPole",17,51,3,0.5,2,"TopSupport","two-point",2,2,"two-point",2,"degenerate",,,,,2,2,,"NoSwitchDetected",
123456,"TwoPole",18,51,3,0.5,2,"TopSupport","one-point",1,1,"one-point",1,"degenerate",,,,,1,1,,"NoSwitchDetected",
123456,"TwoPole",19,51,3,0.5,2,"TopSupport","two-point",2,2,"one-point",1,"degenerate",,,,,3,2,1.4405818248322313,"SwitchDetected",2
123456,"TwoPole",20,51,3,0.5,2,"TopSupport","two-point",2,2,"one-point",1,"degenerate",,,,,3,2,2.00001159674693,"SwitchDetected",2
123456,"TwoPole",21,51,3,0.5,2,"TopSupport","one-point",1,1,"one-point",1,"degenerate",,,,,1,1,,"NoSwitchDetected",
123456,"TwoPole",22,51,3,0.5,2,"TopSupport","two-point",2,2,"one-point",1,"degenerate",,,,,3,2,1.7369833590336334,"SwitchDetected",2
123456,"TwoPole",23,51,3,0.5,2,"TopSupport","two-point",2,2,"two-point",2,"degenerate",,,,,2,2,,"NoSwitchDetected",
123456,"TwoPole",24,51,3,0.5,2,"TopSupport","two-point",2,2,"one-point",1,"degenerate",,,,,1,2,1.4150462671072566,"SwitchDetected",2
123456,"TwoPole",25,51,3,0.5,2,"TopSupport","two-point",2,2,"one-point",1,"degenerate",,,,,3,2,2.4594359689508223,"SwitchDetected",2
123456,"TwoPole",26,51,3,0.5,2,"TopSupport","multi-point",3,3,"one-point",1,"degenerate",,,,,1,2,1.087468032727584,"SwitchDetected",2
123456,"TwoPole",27,51,3,0.5,2,"TopSupport","multi-point",3,3,"one-point",1,"degenerate",,,,,3,2,1.1926513343805916,"SwitchDetected",2
123456,"TwoPole",28,51,3,0.5,2,"TopSupport","two-point",2,2,"one-point",1,"degenerate",,,,,1,2,2.115479157514041,"SwitchDetected",2
123456,"TwoPole",29,51,3,0.5,2,"TopSupport","two-point",2,2,"one-point",1,"degenerate",,,,,3,2,2.8073734677162334,"SwitchDetected",2
123456,"TwoPole",30,51,3,0.5,2,"TopSupport","two-point",2,2,"two-point",2,"degenerate",,,,,2,2,,"NoSwitchDetected",
123456,"TwoPole",31,51,3,0.5,2,"TopSupport","two-point",2,2,"one-point",1,"degenerate",,,,,3,2,1.7369833590336334,"SwitchDetected",2
123456,"TwoPole",32,51,3,0.5,2,"TopSupport","one-point",1,1,"one-point",1,"degenerate",,,,,1,1,,"NoSwitchDetected",
123456,"TwoPole",33,51,3,0.5,2,"TopSupport","two-point",2,2,"one-point",1,"degenerate",,,,,1,2,1.1154841682301817,"SwitchDetected",2
123456,"TwoPole",34,51,3,0.5,2,"TopSupport","two-point",2,2,"one-point",1,"degenerate",,,,,1,2,1.485432062947722,"SwitchDetected",2
123456,"TwoPole",35,51,3,0.5,2,"TopSupport","two-point",2,2,"two-point",2,"degenerate",,,,,2,2,,"NoSwitchDetected",
123456,"TwoPole",36,51,3,0.5,2,"TopSupport","two-point",2,2,"one-point",1,"degenerate",,,,,3,2,1.6520767171025332,"SwitchDetected",2
123456,"TwoPole",37,51,3,0.5,2,"TopSupport","two-point",2,2,"one-point",1,"degenerate",,,,,1,2,2.00001159674693,"SwitchDetected",2
123456,"TwoPole",38,51,3,0.5,2,"TopSupport","two-point",2,2,"one-point",1,"degenerate",,,,,1,2,1.7369833590336334,"SwitchDetected",2
123456,"TwoPole",39,51,3,0.5,2,"TopSupport","one-point",1,1,"one-point",1,"degenerate",,,,,1,1,,"NoSwitchDetected",
123456,"TwoPole",40,51,3,0.5,2,"TopSupport","two-point",2,2,"one-point",1,"degenerate",,,,,1,2,1.2224008081692845,"SwitchDetected",2
123456,"TwoPole",41,51,3,0.5,2,"TopSupport","two-point",2,2,"one-point",1,"degenerate",,,,,3,2,1.8480053915196364,"SwitchDetected",2
123456,"TwoPole",42,51,3,0.5,2,"TopSupport","two-point",2,2,"one-point",1,"degenerate",,,,,1,2,2.00001159674693,"SwitchDetected",2
123456,"TwoPole",43,51,3,0.5,2,"TopSupport","one-point",1,1,"one-point",1,"degenerate",,,,,2,2,,"NoSwitchDetected",
123456,"TwoPole",44,51,3,0.5,2,"TopSupport","two-point",2,2,"one-point",1,"degenerate",,,,,3,2,2.584967147535138,"SwitchDetected",2
123456,"TwoPole",45,51,3,0.5,2,"TopSupport","two-point",2,2,"one-point",1,"degenerate",,,,,3,2,3.3219519711924486,"SwitchDetected",2
123456,"TwoPole",46,51,3,0.5,2,"TopSupport","two-point",2,2,"two-point",2,"degenerate",,,,,2,2,,"NoSwitchDetected",
123456,"TwoPole",47,51,3,0.5,2,"TopSupport","two-point",2,2,"one-point",1,"degenerate",,,,,1,2,1.1154841682301817,"SwitchDetected",2
123456,"TwoPole",48,51,3,0.5,2,"TopSupport","two-point",2,2,"two-point",2,"degenerate",,,,,2,2,,"NoSwitchDetected",
123456,"TwoPole",49,51,3,0.5,2,"TopSupport","two-point",2,2,"one-point",1,"degenerate",,,,,1,2,1.1154841682301817,"SwitchDetected",2
123456,"TwoPole",50,51,3,0.5,2,"TopSupport","two-point",2,2,"one-point",1,"degenerate",,,,,1,2,2.115479157514041,"SwitchDetected",2
123456,"TwoPole",51,51,3,0.5,2,"TopSupport","one-point",1,1,"one-point",1,"degenerate",,,,,3,3,,"NoSwitchDetected",
123456,"TwoPole",52,51,3,0.5,2,"TopSupport","one-point",1,1,"one-point",1,"degenerate",,,,,2,2,,"NoSwitchDetected",
123456,"TwoPole",53,51,3,0.5,2,"TopSupport","two-point",2,2,"one-point",1,"degenerate",,,,,1,2,1.3219291661716357,"SwitchDetected",2
123456,"TwoPole",54,51,3,0.5,2,"TopSupport","two-point",2,2,"one-point",1,"degenerate",,,,,3,1,1.5849633566706869,"SwitchDetected",1
123456,"TwoPole",55,51,3,0.5,2,"TopSupport","two-point",2,2,"one-point",1,"degenerate",,,,,3,2,1.5025124026740577,"SwitchDetected",2
123456,"TwoPole",56,51,3,0.5,2,"TopSupport","two-point",2,2,"one-point",1,"degenerate",,,,,1,2,1.7369833590336334,"SwitchDetected",2
123456,"TwoPole",57,51,3,0.5,2,"TopSupport","one-point",1,1,"one-point",1,"degenerate",,,,,2,2,,"NoSwitchDetected",
123456,"TwoPole",58,51,3,0.5,2,"TopSupport","two-point",2,2,"one-point",1,"degenerate",,,,,1,2,1.4150462671072566,"SwitchDetected",2
123456,"TwoPole",59,51,3,0.5,2,"TopSupport","two-point",2,2,"two-point",2,"degenerate",,,,,2,2,,"NoSwitchDetected",
123456,"TwoPole",60,51,3,0.5,2,"TopSupport","multi-point",3,3,"two-point",2,"calibrated",2.17566478646253,0.005043183169360102,3,2,,,,"",
123456,"TwoPole",61,51,3,0.5,2,"TopSupport","multi-point",3,3,"one-point",1,"calibrated",1.4862930749752286,0.0012728065595081447,3,2,,,,"",
123456,"TwoPole",62,51,3,0.5,2,"TopSupport","two-point",2,2,"one-point",1,"degenerate",,,,,3,2,1.8744740769639563,"SwitchDetected",2
123456,"TwoPole",63,51,3,0.5,2,"TopSupport","two-point",2,2,"one-point",1,"degenerate",,,,,1,3,2.00001159674693,"SwitchDetected",3
123456,"TwoPole",64,51,3,0.5,2,"TopSupport","two-point",2,2,"one-point",1,"degenerate",,,,,1,2,3.1699259467067815,"SwitchDetected",2
123456,"TwoPole",65,51,3,0.5,2,"TopSupport","two-point",2,2,"one-point",1,"degenerate",,,,,3,2,3.3219519711924486,"SwitchDetected",2
123456,"TwoPole",66,51,3,0.5,2,"TopSupport","two-point",2,2,"one-point",1,"degenerate",,,,,1,3,1.5849633566706869,"SwitchDetected",3
123456,"TwoPole",67,51,3,0.5,2,"TopSupport","two-point",2,2,"two-point",2,"degenerate",,,,,2,2,,"NoSwitchDetected",
123456,"TwoPole",68,51,3,0.5,2,"TopSupport","two-point",2,2,"two-point",2,"degenerate",,,,,2,2,,"NoSwitchDetected",
123456,"TwoPole",69,51,3,0.5,2,"TopSupport","multi-point",3,3,"two-point",2,"degenerate",,,,,2,2,,"NoSwitchDetected",
123456,"TwoPole",70,51,3,0.5,2,"TopSupport","two-point",2,2,"two-point",2,"degenerate",,,,,2,2,,"NoSwitchDetected",
123456,"TwoPole",71,51,3,0.5,2,"TopSupport","two-point",2,2,"two-point",2,"degenerate",,,,,2,2,,"NoSwitchDetected",
123456,"TwoPole",72,51,3,0.5,2,"TopSupport","two-point",2,2,"two-point",2,"degenerate",,,,,2,2,,"NoSwitchDetected",
123456,"TwoPole",73,51,3,0.5,2,"TopSupport","two-point",2,2,"one-point",1,"degenerate",,,,,3,2,1.392324116466077,"SwitchDetected",2
123456,"TwoPole",74,51,3,0.5,2,"TopSupport","multi-point",3,3,"multi-point",3,"calibrated",1,0.0028708133971291805,3,2,,,,"",
123456,"TwoPole",75,51,3,0.5,2,"TopSupport","two-point",2,2,"two-point",2,"degenerate",,,,,2,2,,"NoSwitchDetected",
123456,"TwoPole",76,51,3,0.5,2,"TopSupport","two-point",2,2,"one-point",1,"degenerate",,,,,1,2,2.115479157514041,"SwitchDetected",2
123456,"TwoPole",77,51,3,0.5,2,"TopSupport","two-point",2,2,"one-point",1,"degenerate",,,,,3,2,1.1926513343805916,"SwitchDetected",2
123456,"TwoPole",78,51,3,0.5,2,"TopSupport","multi-point",3,3,"multi-point",3,"calibrated",1,0.013850415512465367,3,2,,,,"",
123456,"TwoPole",79,51,3,0.5,2,"TopSupport","one-point",1,1,"one-point",1,"degenerate",,,,,3,3,,"NoSwitchDetected",
123456,"TwoPole",80,51,3,0.5,2,"TopSupport","two-point",2,2,"one-point",1,"degenerate",,,,,3,2,3.700445503464086,"SwitchDetected",2
123456,"TwoPole",81,51,3,0.5,2,"TopSupport","multi-point",3,3,"one-point",1,"degenerate",,,,,3,2,1.169933063033857,"SwitchDetected",2
123456,"TwoPole",82,51,3,0.5,2,"TopSupport","two-point",2,2,"one-point",1,"degenerate",,,,,3,2,1.8744740769639563,"SwitchDetected",2
123456,"TwoPole",83,51,3,0.5,2,"TopSupport","multi-point",3,3,"two-point",2,"degenerate",,,,,2,2,,"NoSwitchDetected",
123456,"TwoPole",84,51,3,0.5,2,"TopSupport","one-point",1,1,"one-point",1,"degenerate",,,,,3,3,,"NoSwitchDetected",
123456,"TwoPole",85,51,3,0.5,2,"TopSupport","two-point",2,2,"one-point",1,"degenerate",,,,,1,2,1.1154841682301817,"SwitchDetected",2
123456,"TwoPole",86,51,3,0.5,2,"TopSupport","one-point",1,1,"one-point",1,"degenerate",,,,,3,3,,"NoSwitchDetected",
123456,"TwoPole",87,51,3,0.5,2,"TopSupport","two-point",2,2,"one-point",1,"degenerate",,,,,1,2,1.5849633566706869,"SwitchDetected",2
123456,"TwoPole",88,51,3,0.5,2,"TopSupport","two-point",2,2,"one-point",1,"degenerate",,,,,1,2,1.7369833590336334,"SwitchDetected",2
123456,"TwoPole",89,51,3,0.5,2,"TopSupport","two-point",2,2,"one-point",1,"degenerate",,,,,3,2,2.9069308406306753,"SwitchDetected",2
123456,"TwoPole",90,51,3,0.5,2,"TopSupport","two-point",2,2,"one-point",1,"degenerate",,,,,1,2,3.5850262137536877,"SwitchDetected",2
123456,"TwoPole",91,51,3,0.5,2,"TopSupport","multi-point",3,3,"two-point",2,"degenerate",,,,,2,2,,"NoSwitchDetected",
123456,"TwoPole",92,51,3,0.5,2,"TopSupport","one-point",1,1,"one-point",1,"degenerate",,,,,2,2,,"NoSwitchDetected",
123456,"TwoPole",93,51,3,0.5,2,"TopSupport","two-point",2,2,"one-point",1,"degenerate",,,,,1,2,1.3219291661716357,"SwitchDetected",2
123456,"TwoPole",94,51,3,0.5,2,"TopSupport","two-point",2,2,"one-point",1,"degenerate",,,,,1,2,1.070393007166387,"SwitchDetected",2
123456,"TwoPole",95,51,3,0.5,2,"TopSupport","two-point",2,2,"two-point",2,"degenerate",,,,,2,2,,"NoSwitchDetected",
123456,"TwoPole",96,51,3,0.5,2,"TopSupport","two-point",2,2,"one-point",1,"degenerate",,,,,1,2,3.1699259467067815,"SwitchDetected",2
123456,"TwoPole",97,51,3,0.5,2,"TopSupport","two-point",2,2,"one-point",1,"degenerate",,,,,1,2,2.584967147535138,"SwitchDetected",2
123456,"TwoPole",98,51,3,0.5,2,"TopSupport","two-point",2,2,"two-point",2,"degenerate",,,,,2,2,,"NoSwitchDetected",
123456,"TwoPole",99,51,3,0.5,2,"TopSupport","two-point",2,2,"one-point",1,"degenerate",,,,,3,2,1.7369833590336334,"SwitchDetected",2
123456,"TwoPole",100,51,3,0.5,2,"TopSupport","multi-point",3,3,"two-point",2,"calibrated",2.17566478646253,0.010013869126514722,3,2,,,,"",
123456,"TwoPole",101,51,3,0.5,2,"TopSupport","multi-point",3,3,"two-point",2,"calibrated",2.435943702634428,0.03828073360032382,3,2,,,,"",
123456,"TwoPole",102,51,3,0.5,2,"TopSupport","one-point",1,1,"one-point",1,"degenerate",,,,,1,1,,"NoSwitchDetected",
123456,"TwoPole",103,51,3,0.5,2,"TopSupport","two-point",2,2,"one-point",1,"degenerate",,,,,3,2,1.1926513343805916,"SwitchDetected",2
123456,"TwoPole",104,51,3,0.5,2,"TopSupport","two-point",2,2,"two-point",2,"degenerate",,,,,2,2,,"NoSwitchDetected",
123456,"TwoPole",105,51,3,0.5,2,"TopSupport","two-point",2,2,"two-point",2,"degenerate",,,,,2,2,,"NoSwitchDetected",
123456,"TwoPole",106,51,3,0.5,2,"TopSupport","two-point",2,2,"two-point",2,"degenerate",,,,,2,2,,"NoSwitchDetected",
123456,"TwoPole",107,51,3,0.5,2,"TopSupport","two-point",2,2,"one-point",1,"degenerate",,,,,1,2,2.4150409410169296,"SwitchDetected",2
123456,"TwoPole",108,51,3,0.5,2,"TopSupport","two-point",2,2,"one-point",1,"degenerate",,,,,3,2,1.7004410155630727,"SwitchDetected",2
123456,"TwoPole",109,51,3,0.5,2,"TopSupport","two-point",2,2,"one-point",1,"degenerate",,,,,3,2,3.3219519711924486,"SwitchDetected",2
123456,"TwoPole",110,51,3,0.5,2,"TopSupport","one-point",1,1,"one-point",1,"degenerate",,,,,3,3,,"NoSwitchDetected",
123456,"TwoPole",111,51,3,0.5,2,"TopSupport","two-point",2,2,"two-point",2,"degenerate",,,,,2,2,,"NoSwitchDetected",
123456,"TwoPole",112,51,3,0.5,2,"TopSupport","multi-point",3,3,"one-point",1,"degenerate",,,,,3,2,1.2630387707573838,"SwitchDetected",2
123456,"TwoPole",113,51,3,0.5,2,"TopSupport","two-point",2,2,"one-point",1,"degenerate",,,,,3,2,1.4150462671072566,"SwitchDetected",2
123456,"TwoPole",114,51,3,0.5,2,"TopSupport","two-point",2,2,"two-point",2,"degenerate",,,,,2,2,,"NoSwitchDetected",
123456,"TwoPole",115,51,3,0.5,2,"TopSupport","two-point",2,2,"two-point",2,"degenerate",,,,,2,2,,"NoSwitchDetected",
123456,"TwoPole",116,51,3,0.5,2,"TopSupport","one-point",1,1,"one-point",1,"degenerate",,,,,3,3,,"NoSwitchDetected",
123456,"TwoPole",117,51,3,0.5,2,"TopSupport","one-point",1,1,"one-point",1,"degenerate",,,,,3,3,,"NoSwitchDetected",
123456,"TwoPole",118,51,3,0.5,2,"TopSupport","one-point",1,1,"one-point",1,"degenerate",,,,,1,1,,"NoSwitchDetected",
123456,"TwoPole",119,51,3,0.5,2,"TopSupport","one-point",1,1,"one-point",1,"degenerate",,,,,3,3,,"NoSwitchDetected",
123456,"TwoPole",120,51,3,0.5,2,"TopSupport","multi-point",3,3,"one-point",1,"degenerate",,,,,3,2,1.3219291661716357,"SwitchDetected",2
123456,"TwoPole",121,51,3,0.5,2,"TopSupport","two-point",2,2,"one-point",1,"degenerate",,,,,1,2,1.1375103838437979,"SwitchDetected",2
123456,"TwoPole",122,51,3,0.5,2,"TopSupport","two-point",2,2,"one-point",1,"degenerate",,,,,3,2,2.5025087711527214,"SwitchDetected",2
123456,"TwoPole",123,51,3,0.5,2,"TopSupport","two-point",2,2,"two-point",2,"degenerate",,,,,2,2,,"NoSwitchDetected",
123456,"TwoPole",124,51,3,0.5,2,"TopSupport","multi-point",3,3,"two-point",2,"degenerate",,,,,2,2,,"NoSwitchDetected",
123456,"TwoPole",125,51,3,0.5,2,"TopSupport","one-point",1,1,"one-point",1,"degenerate",,,,,2,2,,"NoSwitchDetected",
123456,"TwoPole",126,51,3,0.5,2,"TopSupport","one-point",1,1,"one-point",1,"degenerate",,,,,1,1,,"NoSwitchDetected",
123456,"TwoPole",127,51,3,0.5,2,"TopSupport","one-point",1,1,"one-point",1,"degenerate",,,,,1,1,,"NoSwitchDetected",
123456,"TwoPole",128,51,3,0.5,2,"TopSupport","one-point",1,1,"one-point",1,"degenerate",,,,,1,1,,"NoSwitchDetected",
123456,"TwoPole",129,51,3,0.5,2,"TopSupport","one-point",1,1,"one-point",1,"degenerate",,,,,1,1,,"NoSwitchDetected",
123456,"TwoPole",130,51,3,0.5,2,"TopSupport","two-point",2,2,"two-point",2,"degenerate",,,,,2,2,,"NoSwitchDetected",
123456,"TwoPole",131,51,3,0.5,2,"TopSupport","one-point",1,1,"one-point",1,"degenerate",,,,,2,2,,"NoSwitchDetected",
123456,"TwoPole",132,51,3,0.5,2,"TopSupport","two-point",2,2,"one-point",1,"degenerate",,,,,3,2,4.459447781333548,"SwitchDetected",2
123456,"TwoPole",133,51,3,0.5,2,"TopSupport","two-point",2,2,"one-point",1,"degenerate",,,,,1,2,1.070393007166387,"SwitchDetected",2
123456,"TwoPole",134,51,3,0.5,2,"TopSupport","one-point",1,1,"one-point",1,"degenerate",,,,,3,3,,"NoSwitchDetected",
123456,"TwoPole",135,51,3,0.5,2,"TopSupport","two-point",2,2,"one-point",1,"degenerate",,,,,1,2,3.1699259467067815,"SwitchDetected",2
123456,"TwoPole",136,51,3,0.5,2,"TopSupport","two-point",2,2,"one-point",1,"degenerate",,,,,1,2,3.1699259467067815,"SwitchDetected",2
123456,"TwoPole",137,51,3,0.5,2,"TopSupport","two-point",2,2,"one-point",1,"degenerate",,,,,3,2,1.4150462671072566,"SwitchDetected",2
123456,"TwoPole",138,51,3,0.5,2,"TopSupport","two-point",2,2,"one-point",1,"degenerate",,,,,3,2,2.2224113719531116,"SwitchDetected",2
123456,"TwoPole",139,51,3,0.5,2,"TopSupport","one-point",1,1,"one-point",1,"degenerate",,,,,1,1,,"NoSwitchDetected",
123456,"TwoPole",140,51,3,0.5,2,"TopSupport","two-point",2,2,"one-point",1,"degenerate",,,,,3,2,1.4150462671072566,"SwitchDetected",2
123456,"TwoPole",141,51,3,0.5,2,"TopSupport","two-point",2,2,"one-point",1,"degenerate",,,,,2,3,1.5849633566706869,"SwitchDetected",3
123456,"TwoPole",142,51,3,0.5,2,"TopSupport","multi-point",3,3,"two-point",2,"calibrated",1.7432851239669418,0.016468304340844026,3,2,,,,"",
123456,"TwoPole",143,51,3,0.5,2,"TopSupport","two-point",2,2,"one-point",1,"degenerate",,,,,1,2,2.4594359689508223,"SwitchDetected",2
123456,"TwoPole",144,51,3,0.5,2,"TopSupport","two-point",2,2,"one-point",1,"degenerate",,,,,1,2,1.5849633566706869,"SwitchDetected",2
123456,"TwoPole",145,51,3,0.5,2,"TopSupport","one-point",1,1,"one-point",1,"degenerate",,,,,2,2,,"NoSwitchDetected",
123456,"TwoPole",146,51,3,0.5,2,"TopSupport","two-point",2,2,"two-point",2,"degenerate",,,,,2,2,,"NoSwitchDetected",
123456,"TwoPole",147,51,3,0.5,2,"TopSupport","two-point",2,2,"one-point",1,"degenerate",,,,,1,2,1.1375103838437979,"SwitchDetected",2
123456,"TwoPole",148,51,3,0.5,2,"TopSupport","two-point",2,2,"two-point",2,"degenerate",,,,,2,2,,"NoSwitchDetected",
123456,"TwoPole",149,51,3,0.5,2,"TopSupport","one-point",1,1,"one-point",1,"degenerate",,,,,3,3,,"NoSwitchDetected",
123456,"TwoPole",150,51,3,0.5,2,"TopSupport","two-point",2,2,"two-point",2,"degenerate",,,,,2,2,,"NoSwitchDetected",
123456,"TwoPole",151,51,3,0.5,2,"TopSupport","two-point",2,2,"one-point",1,"degenerate",,,,,3,2,1.4405818248322313,"SwitchDetected",2
123456,"TwoPole",152,51,3,0.5,2,"TopSupport","two-point",2,2,"one-point",1,"degenerate",,,,,1,2,1.5235732367585293,"SwitchDetected",2
123456,"TwoPole",153,51,3,0.5,2,"TopSupport","two-point",2,2,"one-point",1,"degenerate",,,,,3,2,2.169950542371748,"SwitchDetected",2
123456,"TwoPole",154,51,3,0.5,2,"TopSupport","one-point",1,1,"one-point",1,"degenerate",,,,,3,3,,"NoSwitchDetected",
123456,"TwoPole",155,51,3,0.5,2,"TopSupport","two-point",2,2,"two-point",2,"degenerate",,,,,2,2,,"NoSwitchDetected",
123456,"TwoPole",156,51,3,0.5,2,"TopSupport","two-point",2,2,"two-point",2,"degenerate",,,,,2,2,,"NoSwitchDetected",
123456,"TwoPole",157,51,3,0.5,2,"TopSupport","two-point",2,2,"two-point",2,"degenerate",,,,,3,3,,"NoSwitchDetected",
123456,"TwoPole",158,51,3,0.5,2,"TopSupport","two-point",2,2,"two-point",2,"degenerate",,,,,2,2,,"NoSwitchDetected",
123456,"TwoPole",159,51,3,0.5,2,"TopSupport","two-point",2,2,"one-point",1,"degenerate",,,,,1,2,2.4594359689508223,"SwitchDetected",2
123456,"TwoPole",160,51,3,0.5,2,"TopSupport","two-point",2,2,"one-point",1,"degenerate",,,,,3,2,1.5849633566706869,"SwitchDetected",2
123456,"TwoPole",161,51,3,0.5,2,"TopSupport","two-point",2,2,"one-point",1,"degenerate",,,,,1,2,1.5849633566706869,"SwitchDetected",2
123456,"TwoPole",162,51,3,0.5,2,"TopSupport","two-point",2,2,"one-point",1,"degenerate",,,,,1,2,1.3625755372199808,"SwitchDetected",2
123456,"TwoPole",163,51,3,0.5,2,"TopSupport","two-point",2,2,"one-point",1,"degenerate",,,,,1,2,1.087468032727584,"SwitchDetected",2
123456,"TwoPole",164,51,3,0.5,2,"TopSupport","one-point",1,1,"one-point",1,"degenerate",,,,,1,1,,"NoSwitchDetected",
123456,"TwoPole",165,51,3,0.5,2,"TopSupport","two-point",2,2,"one-point",1,"degenerate",,,,,3,2,2.5025087711527214,"SwitchDetected",2
123456,"TwoPole",166,51,3,0.5,2,"TopSupport","multi-point",3,3,"two-point",2,"calibrated",1.5028386953133697,0.008703623134724382,3,2,,,,"",
123456,"TwoPole",167,51,3,0.5,2,"TopSupport","two-point",2,2,"one-point",1,"degenerate",,,,,3,2,1.8744740769639563,"SwitchDetected",2
123456,"TwoPole",168,51,3,0.5,2,"TopSupport","two-point",2,2,"one-point",1,"degenerate",,,,,1,2,1.7655443523782555,"SwitchDetected",2
123456,"TwoPole",169,51,3,0.5,2,"TopSupport","two-point",2,2,"two-point",2,"degenerate",,,,,2,2,,"NoSwitchDetected",
123456,"TwoPole",170,51,3,0.5,2,"TopSupport","multi-point",3,3,"one-point",1,"degenerate",,,,,3,2,1.1375103838437979,"SwitchDetected",2
123456,"TwoPole",171,51,3,0.5,2,"TopSupport","two-point",2,2,"one-point",1,"degenerate",,,,,3,2,1.3536409773826539,"SwitchDetected",2
123456,"TwoPole",172,51,3,0.5,2,"TopSupport","two-point",2,2,"two-point",2,"degenerate",,,,,2,2,,"NoSwitchDetected",
123456,"TwoPole",173,51,3,0.5,2,"TopSupport","multi-point",3,3,"two-point",2,"calibrated",2.17566478646253,0.013312101379539452,3,2,,,,"",
123456,"TwoPole",174,51,3,0.5,2,"TopSupport","two-point",2,2,"one-point",1,"degenerate",,,,,1,2,1.087468032727584,"SwitchDetected",2
123456,"TwoPole",175,51,3,0.5,2,"TopSupport","two-point",2,2,"two-point",2,"degenerate",,,,,2,2,,"NoSwitchDetected",
123456,"TwoPole",176,51,3,0.5,2,"TopSupport","two-point",2,2,"one-point",1,"degenerate",,,,,1,2,2.584967147535138,"SwitchDetected",2
123456,"TwoPole",177,51,3,0.5,2,"TopSupport","two-point",2,2,"one-point",1,"degenerate",,,,,3,2,1.8744740769639563,"SwitchDetected",2
123456,"TwoPole",178,51,3,0.5,2,"TopSupport","two-point",2,2,"two-point",2,"degenerate",,,,,2,2,,"NoSwitchDetected",
123456,"TwoPole",179,51,3,0.5,2,"TopSupport","two-point",2,2,"one-point",1,"degenerate",,,,,1,2,1.7369833590336334,"SwitchDetected",2
123456,"TwoPole",180,51,3,0.5,2,"TopSupport","one-point",1,1,"one-point",1,"degenerate",,,,,1,1,,"NoSwitchDetected",
123456,"TwoPole",181,51,3,0.5,2,"TopSupport","two-point",2,2,"two-point",2,"degenerate",,,,,2,2,,"NoSwitchDetected",
123456,"TwoPole",182,51,3,0.5,2,"TopSupport","one-point",1,1,"one-point",1,"degenerate",,,,,3,3,,"NoSwitchDetected",
123456,"TwoPole",183,51,3,0.5,2,"TopSupport","two-point",2,2,"two-point",2,"degenerate",,,,,2,2,,"NoSwitchDetected",
123456,"TwoPole",184,51,3,0.5,2,"TopSupport","two-point",2,2,"one-point",1,"degenerate",,,,,3,2,2.00001159674693,"SwitchDetected",2
123456,"TwoPole",185,51,3,0.5,2,"TopSupport","two-point",2,2,"two-point",2,"degenerate",,,,,2,2,,"NoSwitchDetected",
123456,"TwoPole",186,51,3,0.5,2,"TopSupport","two-point",2,2,"two-point",2,"degenerate",,,,,2,2,,"NoSwitchDetected",
123456,"TwoPole",187,51,3,0.5,2,"TopSupport","two-point",2,2,"one-point",1,"degenerate",,,,,3,2,2.5025087711527214,"SwitchDetected",2
123456,"TwoPole",188,51,3,0.5,2,"TopSupport","two-point",2,2,"two-point",2,"degenerate",,,,,2,2,,"NoSwitchDetected",
123456,"TwoPole",189,51,3,0.5,2,"TopSupport","one-point",1,1,"one-point",1,"degenerate",,,,,2,2,,"NoSwitchDetected",
123456,"TwoPole",190,51,3,0.5,2,"TopSupport","one-point",1,1,"one-point",1,"degenerate",,,,,1,1,,"NoSwitchDetected",
123456,"TwoPole",191,51,3,0.5,2,"TopSupport","two-point",2,2,"one-point",1,"degenerate",,,,,3,2,1.8744740769639563,"SwitchDetected",2
123456,"TwoPole",192,51,3,0.5,2,"TopSupport","one-point",1,1,"one-point",1,"degenerate",,,,,3,3,,"NoSwitchDetected",
123456,"TwoPole",193,51,3,0.5,2,"TopSupport","two-point",2,2,"one-point",1,"degenerate",,,,,3,2,2.247949486994438,"SwitchDetected",2
123456,"TwoPole",194,51,3,0.5,2,"TopSupport","multi-point",3,3,"one-point",1,"degenerate",,,,,3,2,2.584967147535138,"SwitchDetected",2
123456,"TwoPole",195,51,3,0.5,2,"TopSupport","multi-point",3,3,"two-point",2,"calibrated",1.3923267326732671,0.012580072755759607,3,2,,,,"",
123456,"TwoPole",196,51,3,0.5,2,"TopSupport","one-point",1,1,"one-point",1,"degenerate",,,,,1,1,,"NoSwitchDetected",
123456,"TwoPole",197,51,3,0.5,2,"TopSupport","two-point",2,2,"one-point",1,"degenerate",,,,,3,2,1.1375103838437979,"SwitchDetected",2
123456,"TwoPole",198,51,3,0.5,2,"TopSupport","two-point",2,2,"two-point",2,"degenerate",,,,,2,2,,"NoSwitchDetected",
123456,"TwoPole",199,51,3,0.5,2,"TopSupport","one-point",1,1,"one-point",1,"degenerate",,,,,2,2,,"NoSwitchDetected",
123456,"TwoPole",200,51,3,0.5,2,"TopSupport","multi-point",3,3,"two-point",2,"calibrated",1.6652275811027506,0.013310714105180534,3,2,,,,"",
123456,"TwoPole",1,51,3,0.5,3,"TopSupport","one-point",1,1,"one-point",1,"degenerate",,,,,3,3,,"NoSwitchDetected",
123456,"TwoPole",2,51,3,0.5,3,"TopSupport","two-point",2,2,"two-point",2,"degenerate",,,,,2,2,,"NoSwitchDetected",
123456,"TwoPole",3,51,3,0.5,3,"TopSupport","two-point",2,2,"one-point",1,"degenerate",,,,,3,1,1.4150462671072566,"SwitchDetected",1
123456,"TwoPole",4,51,3,0.5,3,"TopSupport","two-point",2,2,"two-point",2,"degenerate",,,,,3,3,,"NoSwitchDetected",
123456,"TwoPole",5,51,3,0.5,3,"TopSupport","one-point",1,1,"one-point",1,"degenerate",,,,,2,2,,"NoSwitchDetected",
123456,"TwoPole",6,51,3,0.5,3,"TopSupport","two-point",2,2,"two-point",2,"degenerate",,,,,1,1,,"NoSwitchDetected",
123456,"TwoPole",7,51,3,0.5,3,"TopSupport","two-point",2,2,"two-point",2,"degenerate",,,,,1,1,,"NoSwitchDetected",
123456,"TwoPole",8,51,3,0.5,3,"TopSupport","one-point",1,1,"one-point",1,"degenerate",,,,,1,1,,"NoSwitchDetected",
123456,"TwoPole",9,51,3,0.5,3,"TopSupport","one-point",1,1,"one-point",1,"degenerate",,,,,2,2,,"NoSwitchDetected",
123456,"TwoPole",10,51,3,0.5,3,"TopSupport","two-point",2,2,"two-point",2,"degenerate",,,,,1,1,,"NoSwitchDetected",
123456,"TwoPole",11,51,3,0.5,3,"TopSupport","two-point",2,2,"two-point",2,"degenerate",,,,,1,1,,"NoSwitchDetected",
123456,"TwoPole",12,51,3,0.5,3,"TopSupport","one-point",1,1,"one-point",1,"degenerate",,,,,1,1,,"NoSwitchDetected",
123456,"TwoPole",13,51,3,0.5,3,"TopSupport","one-point",1,1,"one-point",1,"degenerate",,,,,3,3,,"NoSwitchDetected",
123456,"TwoPole",14,51,3,0.5,3,"TopSupport","two-point",2,2,"one-point",1,"degenerate",,,,,2,1,1.5849633566706869,"SwitchDetected",1
123456,"TwoPole",15,51,3,0.5,3,"TopSupport","one-point",1,1,"one-point",1,"degenerate",,,,,3,3,,"NoSwitchDetected",
123456,"TwoPole",16,51,3,0.5,3,"TopSupport","two-point",2,2,"two-point",2,"degenerate",,,,,3,3,,"NoSwitchDetected",
123456,"TwoPole",17,51,3,0.5,3,"TopSupport","one-point",1,1,"one-point",1,"degenerate",,,,,1,1,,"NoSwitchDetected",
123456,"TwoPole",18,51,3,0.5,3,"TopSupport","one-point",1,1,"one-point",1,"degenerate",,,,,3,3,,"NoSwitchDetected",
123456,"TwoPole",19,51,3,0.5,3,"TopSupport","two-point",2,2,"two-point",2,"degenerate",,,,,1,1,,"NoSwitchDetected",
123456,"TwoPole",20,51,3,0.5,3,"TopSupport","one-point",1,1,"one-point",1,"degenerate",,,,,3,3,,"NoSwitchDetected",
123456,"TwoPole",21,51,3,0.5,3,"TopSupport","one-point",1,1,"one-point",1,"degenerate",,,,,3,3,,"NoSwitchDetected",
123456,"TwoPole",22,51,3,0.5,3,"TopSupport","two-point",2,2,"one-point",1,"degenerate",,,,,2,3,1.2224008081692845,"SwitchDetected",3
123456,"TwoPole",23,51,3,0.5,3,"TopSupport","two-point",2,2,"two-point",2,"degenerate",,,,,1,1,,"NoSwitchDetected",
123456,"TwoPole",24,51,3,0.5,3,"TopSupport","one-point",1,1,"one-point",1,"degenerate",,,,,3,3,,"NoSwitchDetected",
123456,"TwoPole",25,51,3,0.5,3,"TopSupport","one-point",1,1,"one-point",1,"degenerate",,,,,2,2,,"NoSwitchDetected",
123456,"TwoPole",26,51,3,0.5,3,"TopSupport","two-point",2,2,"one-point",1,"degenerate",,,,,3,1,2.00001159674693,"SwitchDetected",1
123456,"TwoPole",27,51,3,0.5,3,"TopSupport","two-point",2,2,"two-point",2,"degenerate",,,,,3,3,,"NoSwitchDetected",
123456,"TwoPole",28,51,3,0.5,3,"TopSupport","one-point",1,1,"one-point",1,"degenerate",,,,,2,2,,"NoSwitchDetected",
123456,"TwoPole",29,51,3,0.5,3,"TopSupport","one-point",1,1,"one-point",1,"degenerate",,,,,1,1,,"NoSwitchDetected",
123456,"TwoPole",30,51,3,0.5,3,"TopSupport","two-point",2,2,"two-point",2,"degenerate",,,,,3,3,,"NoSwitchDetected",
123456,"TwoPole",31,51,3,0.5,3,"TopSupport","one-point",1,1,"one-point",1,"degenerate",,,,,1,1,,"NoSwitchDetected",
123456,"TwoPole",32,51,3,0.5,3,"TopSupport","two-point",2,2,"two-point",2,"degenerate",,,,,1,1,,"NoSwitchDetected",
123456,"TwoPole",33,51,3,0.5,3,"TopSupport","two-point",2,2,"one-point",1,"degenerate",,,,,2,1,2.584967147535138,"SwitchDetected",1
123456,"TwoPole",34,51,3,0.5,3,"TopSupport","one-point",1,1,"one-point",1,"degenerate",,,,,2,2,,"NoSwitchDetected",
123456,"TwoPole",35,51,3,0.5,3,"TopSupport","two-point",2,2,"two-point",2,"degenerate",,,,,1,1,,"NoSwitchDetected",
123456,"TwoPole",36,51,3,0.5,3,"TopSupport","two-point",2,2,"one-point",1,"degenerate",,,,,2,3,2.9069308406306753,"SwitchDetected",3
123456,"TwoPole",37,51,3,0.5,3,"TopSupport","two-point",2,2,"one-point",1,"degenerate",,,,,2,3,2.2224113719531116,"SwitchDetected",3
123456,"TwoPole",38,51,3,0.5,3,"TopSupport","one-point",1,1,"one-point",1,"degenerate",,,,,2,2,,"NoSwitchDetected",
123456,"TwoPole",39,51,3,0.5,3,"TopSupport","one-point",1,1,"one-point",1,"degenerate",,,,,1,1,,"NoSwitchDetected",
123456,"TwoPole",40,51,3,0.5,3,"TopSupport","one-point",1,1,"one-point",1,"degenerate",,,,,3,3,,"NoSwitchDetected",
123456,"TwoPole",41,51,3,0.5,3,"TopSupport","one-point",1,1,"one-point",1,"degenerate",,,,,2,2,,"NoSwitchDetected",
123456,"TwoPole",42,51,3,0.5,3,"TopSupport","two-point",2,2,"one-point",1,"degenerate",,,,,2,1,1.9068912400437852,"SwitchDetected",1
123456,"TwoPole",43,51,3,0.5,3,"TopSupport","one-point",1,1,"one-point",1,"degenerate",,,,,3,3,,"NoSwitchDetected",
123456,"TwoPole",44,51,3,0.5,3,"TopSupport","one-point",1,1,"one-point",1,"degenerate",,,,,2,2,,"NoSwitchDetected",
123456,"TwoPole",45,51,3,0.5,3,"TopSupport","one-point",1,1,"one-point",1,"degenerate",,,,,2,2,,"NoSwitchDetected",
123456,"TwoPole",46,51,3,0.5,3,"TopSupport","one-point",1,1,"one-point",1,"degenerate",,,,,3,3,,"NoSwitchDetected",
123456,"TwoPole",47,51,3,0.5,3,"TopSupport","two-point",2,2,"two-point",2,"degenerate",,,,,1,1,,"NoSwitchDetected",
123456,"TwoPole",48,51,3,0.5,3,"TopSupport","one-point",1,1,"one-point",1,"degenerate",,,,,2,2,,"NoSwitchDetected",
123456,"TwoPole",49,51,3,0.5,3,"TopSupport","two-point",2,2,"two-point",2,"degenerate",,,,,1,1,,"NoSwitchDetected",
123456,"TwoPole",50,51,3,0.5,3,"TopSupport","one-point",1,1,"one-point",1,"degenerate",,,,,1,1,,"NoSwitchDetected",
123456,"TwoPole",51,51,3,0.5,3,"TopSupport","one-point",1,1,"one-point",1,"degenerate",,,,,1,1,,"NoSwitchDetected",
123456,"TwoPole",52,51,3,0.5,3,"TopSupport","two-point",2,2,"one-point",1,"degenerate",,,,,2,3,1.4405818248322313,"SwitchDetected",3
123456,"TwoPole",53,51,3,0.5,3,"TopSupport","one-point",1,1,"one-point",1,"degenerate",,,,,1,1,,"NoSwitchDetected",
123456,"TwoPole",54,51,3,0.5,3,"TopSupport","two-point",2,2,"one-point",1,"degenerate",,,,,2,1,1.1375103838437979,"SwitchDetected",1
123456,"TwoPole",55,51,3,0.5,3,"TopSupport","two-point",2,2,"two-point",2,"degenerate",,,,,1,1,,"NoSwitchDetected",
123456,"TwoPole",56,51,3,0.5,3,"TopSupport","one-point",1,1,"one-point",1,"degenerate",,,,,3,3,,"NoSwitchDetected",
123456,"TwoPole",57,51,3,0.5,3,"TopSupport","one-point",1,1,"one-point",1,"degenerate",,,,,2,2,,"NoSwitchDetected",
123456,"TwoPole",58,51,3,0.5,3,"TopSupport","two-point",2,2,"two-point",2,"degenerate",,,,,1,1,,"NoSwitchDetected",
123456,"TwoPole",59,51,3,0.5,3,"TopSupport","two-point",2,2,"two-point",2,"degenerate",,,,,1,1,,"NoSwitchDetected",
123456,"TwoPole",60,51,3,0.5,3,"TopSupport","two-point",2,2,"one-point",1,"degenerate",,,,,1,3,1.3219291661716357,"SwitchDetected",3
123456,"TwoPole",61,51,3,0.5,3,"TopSupport","one-point",1,1,"one-point",1,"degenerate",,,,,1,1,,"NoSwitchDetected",
123456,"TwoPole",62,51,3,0.5,3,"TopSupport","one-point",1,1,"one-point",1,"degenerate",,,,,3,3,,"NoSwitchDetected",
123456,"TwoPole",63,51,3,0.5,3,"TopSupport","one-point",1,1,"one-point",1,"degenerate",,,,,2,2,,"NoSwitchDetected",
123456,"TwoPole",64,51,3,0.5,3,"TopSupport","two-point",2,2,"one-point",1,"degenerate",,,,,3,1,2.00001159674693,"SwitchDetected",1
123456,"TwoPole",65,51,3,0.5,3,"TopSupport","two-point",2,2,"one-point",1,"degenerate",,,,,2,1,2.584967147535138,"SwitchDetected",1
123456,"TwoPole",66,51,3,0.5,3,"TopSupport","multi-point",3,3,"multi-point",3,"degenerate",,,,,3,3,,"NoSwitchDetected",
123456,"TwoPole",67,51,3,0.5,3,"TopSupport","two-point",2,2,"one-point",1,"degenerate",,,,,2,3,1.3219291661716357,"SwitchDetected",3
123456,"TwoPole",68,51,3,0.5,3,"TopSupport","one-point",1,1,"one-point",1,"degenerate",,,,,2,2,,"NoSwitchDetected",
123456,"TwoPole",69,51,3,0.5,3,"TopSupport","multi-point",3,3,"one-point",1,"degenerate",,,,,2,3,1.3219291661716357,"SwitchDetected",3
123456,"TwoPole",70,51,3,0.5,3,"TopSupport","two-point",2,2,"two-point",2,"degenerate",,,,,3,3,,"NoSwitchDetected",
123456,"TwoPole",71,51,3,0.5,3,"TopSupport","one-point",1,1,"one-point",1,"degenerate",,,,,3,3,,"NoSwitchDetected",
123456,"TwoPole",72,51,3,0.5,3,"TopSupport","one-point",1,1,"one-point",1,"degenerate",,,,,3,3,,"NoSwitchDetected",
123456,"TwoPole",73,51,3,0.5,3,"TopSupport","one-point",1,1,"one-point",1,"degenerate",,,,,2,2,,"NoSwitchDetected",
123456,"TwoPole",74,51,3,0.5,3,"TopSupport","two-point",2,2,"two-point",2,"degenerate",,,,,3,3,,"NoSwitchDetected",
123456,"TwoPole",75,51,3,0.5,3,"TopSupport","one-point",1,1,"one-point",1,"degenerate",,,,,3,3,,"NoSwitchDetected",
123456,"TwoPole",76,51,3,0.5,3,"TopSupport","two-point",2,2,"two-point",2,"degenerate",,,,,1,1,,"NoSwitchDetected",
123456,"TwoPole",77,51,3,0.5,3,"TopSupport","one-point",1,1,"one-point",1,"degenerate",,,,,1,1,,"NoSwitchDetected",
123456,"TwoPole",78,51,3,0.5,3,"TopSupport","two-point",2,2,"two-point",2,"degenerate",,,,,3,3,,"NoSwitchDetected",
123456,"TwoPole",79,51,3,0.5,3,"TopSupport","one-point",1,1,"one-point",1,"degenerate",,,,,2,2,,"NoSwitchDetected",
123456,"TwoPole",80,51,3,0.5,3,"TopSupport","two-point",2,2,"one-point",1,"degenerate",,,,,2,1,2.8073734677162334,"SwitchDetected",1
123456,"TwoPole",81,51,3,0.5,3,"TopSupport","two-point",2,2,"one-point",1,"degenerate",,,,,3,1,2.169950542371748,"SwitchDetected",1
123456,"TwoPole",82,51,3,0.5,3,"TopSupport","two-point",2,2,"two-point",2,"degenerate",,,,,3,3,,"NoSwitchDetected",
123456,"TwoPole",83,51,3,0.5,3,"TopSupport","one-point",1,1,"one-point",1,"degenerate",,,,,1,1,,"NoSwitchDetected",
123456,"TwoPole",84,51,3,0.5,3,"TopSupport","one-point",1,1,"one-point",1,"degenerate",,,,,2,2,,"NoSwitchDetected",
123456,"TwoPole",85,51,3,0.5,3,"TopSupport","one-point",1,1,"one-point",1,"degenerate",,,,,1,1,,"NoSwitchDetected",
123456,"TwoPole",86,51,3,0.5,3,"TopSupport","one-point",1,1,"one-point",1,"degenerate",,,,,3,3,,"NoSwitchDetected",
123456,"TwoPole",87,51,3,0.5,3,"TopSupport","one-point",1,1,"one-point",1,"degenerate",,,,,1,1,,"NoSwitchDetected",
123456,"TwoPole",88,51,3,0.5,3,"TopSupport","one-point",1,1,"one-point",1,"degenerate",,,,,2,2,,"NoSwitchDetected",
123456,"TwoPole",89,51,3,0.5,3,"TopSupport","two-point",2,2,"two-point",2,"degenerate",,,,,1,1,,"NoSwitchDetected",
123456,"TwoPole",90,51,3,0.5,3,"TopSupport","two-point",2,2,"one-point",1,"degenerate",,,,,2,3,1.5849633566706869,"SwitchDetected",3
123456,"TwoPole",91,51,3,0.5,3,"TopSupport","one-point",1,1,"one-point",1,"degenerate",,,,,3,3,,"NoSwitchDetected",
123456,"TwoPole",92,51,3,0.5,3,"TopSupport","one-point",1,1,"one-point",1,"degenerate",,,,,3,3,,"NoSwitchDetected",
123456,"TwoPole",93,51,3,0.5,3,"TopSupport","two-point",2,2,"two-point",2,"degenerate",,,,,1,1,,"NoSwitchDetected",
123456,"TwoPole",94,51,3,0.5,3,"TopSupport","one-point",1,1,"one-point",1,"degenerate",,,,,3,3,,"NoSwitchDetected",
123456,"TwoPole",95,51,3,0.5,3,"TopSupport","one-point",1,1,"one-point",1,"degenerate",,,,,3,3,,"NoSwitchDetected",
123456,"TwoPole",96,51,3,0.5,3,"TopSupport","one-point",1,1,"one-point",1,"degenerate",,,,,3,3,,"NoSwitchDetected",
123456,"TwoPole",97,51,3,0.5,3,"TopSupport","two-point",2,2,"two-point",2,"degenerate",,,,,1,1,,"NoSwitchDetected",
123456,"TwoPole",98,51,3,0.5,3,"TopSupport","multi-point",3,3,"two-point",2,"calibrated",1.879961008216126,0.00743665629335312,3,1,,,,"",
123456,"TwoPole",99,51,3,0.5,3,"TopSupport","two-point",2,2,"two-point",2,"degenerate",,,,,1,1,,"NoSwitchDetected",
123456,"TwoPole",100,51,3,0.5,3,"TopSupport","one-point",1,1,"one-point",1,"degenerate",,,,,3,3,,"NoSwitchDetected",
123456,"TwoPole",101,51,3,0.5,3,"TopSupport","two-point",2,2,"one-point",1,"degenerate",,,,,2,1,1.5849633566706869,"SwitchDetected",1
123456,"TwoPole",102,51,3,0.5,3,"TopSupport","one-point",1,1,"one-point",1,"degenerate",,,,,1,1,,"NoSwitchDetected",
123456,"TwoPole",103,51,3,0.5,3,"TopSupport","one-point",1,1,"one-point",1,"degenerate",,,,,2,2,,"NoSwitchDetected",
123456,"TwoPole",104,51,3,0.5,3,"TopSupport","one-point",1,1,"one-point",1,"degenerate",,,,,3,3,,"NoSwitchDetected",
123456,"TwoPole",105,51,3,0.5,3,"TopSupport","two-point",2,2,"one-point",1,"degenerate",,,,,1,3,2.00001159674693,"SwitchDetected",3
123456,"TwoPole",106,51,3,0.5,3,"TopSupport","two-point",2,2,"two-point",2,"degenerate",,,,,1,1,,"NoSwitchDetected",
123456,"TwoPole",107,51,3,0.5,3,"TopSupport","two-point",2,2,"one-point",1,"degenerate",,,,,3,1,2.169950542371748,"SwitchDetected",1
123456,"TwoPole",108,51,3,0.5,3,"TopSupport","two-point",2,2,"one-point",1,"degenerate",,,,,1,3,1.3219291661716357,"SwitchDetected",3
123456,"TwoPole",109,51,3,0.5,3,"TopSupport","one-point",1,1,"one-point",1,"degenerate",,,,,3,3,,"NoSwitchDetected",
123456,"TwoPole",110,51,3,0.5,3,"TopSupport","two-point",2,2,"two-point",2,"degenerate",,,,,1,1,,"NoSwitchDetected",
123456,"TwoPole",111,51,3,0.5,3,"TopSupport","one-point",1,1,"one-point",1,"degenerate",,,,,2,2,,"NoSwitchDetected",
123456,"TwoPole",112,51,3,0.5,3,"TopSupport","one-point",1,1,"one-point",1,"degenerate",,,,,2,2,,"NoSwitchDetected",
123456,"TwoPole",113,51,3,0.5,3,"TopSupport","two-point",2,2,"one-point",1,"degenerate",,,,,2,3,1.4150462671072566,"SwitchDetected",3
123456,"TwoPole",114,51,3,0.5,3,"TopSupport","one-point",1,1,"one-point",1,"degenerate",,,,,2,2,,"NoSwitchDetected",
123456,"TwoPole",115,51,3,0.5,3,"TopSupport","two-point",2,2,"one-point",1,"degenerate",,,,,1,3,1.0780082113906728,"SwitchDetected",3
123456,"TwoPole",116,51,3,0.5,3,"TopSupport","one-point",1,1,"one-point",1,"degenerate",,,,,3,3,,"NoSwitchDetected",
123456,"TwoPole",117,51,3,0.5,3,"TopSupport","one-point",1,1,"one-point",1,"degenerate",,,,,2,2,,"NoSwitchDetected",
123456,"TwoPole",118,51,3,0.5,3,"TopSupport","one-point",1,1,"one-point",1,"degenerate",,,,,3,3,,"NoSwitchDetected",
123456,"TwoPole",119,51,3,0.5,3,"TopSupport","two-point",2,2,"one-point",1,"degenerate",,,,,1,3,3.906929052181016,"SwitchDetected",3
123456,"TwoPole",120,51,3,0.5,3,"TopSupport","one-point",1,1,"one-point",1,"degenerate",,,,,1,1,,"NoSwitchDetected",
123456,"TwoPole",121,51,3,0.5,3,"TopSupport","one-point",1,1,"one-point",1,"degenerate",,,,,2,2,,"NoSwitchDetected",
123456,"TwoPole",122,51,3,0.5,3,"TopSupport","one-point",1,1,"one-point",1,"degenerate",,,,,2,2,,"NoSwitchDetected",
123456,"TwoPole",123,51,3,0.5,3,"TopSupport","two-point",2,2,"one-point",1,"degenerate",,,,,3,1,1.1926513343805916,"SwitchDetected",1
123456,"TwoPole",124,51,3,0.5,3,"TopSupport","one-point",1,1,"one-point",1,"degenerate",,,,,2,2,,"NoSwitchDetected",
123456,"TwoPole",125,51,3,0.5,3,"TopSupport","two-point",2,2,"two-point",2,"degenerate",,,,,1,1,,"NoSwitchDetected",
123456,"TwoPole",126,51,3,0.5,3,"TopSupport","one-point",1,1,"one-point",1,"degenerate",,,,,2,2,,"NoSwitchDetected",
123456,"TwoPole",127,51,3,0.5,3,"TopSupport","one-point",1,1,"one-point",1,"degenerate",,,,,1,1,,"NoSwitchDetected",
123456,"TwoPole",128,51,3,0.5,3,"TopSupport","one-point",1,1,"one-point",1,"degenerate",,,,,3,3,,"NoSwitchDetected",
123456,"TwoPole",129,51,3,0.5,3,"TopSupport","two-point",2,2,"one-point",1,"degenerate",,,,,2,1,1.5849633566706869,"SwitchDetected",1
123456,"TwoPole",130,51,3,0.5,3,"TopSupport","one-point",1,1,"one-point",1,"degenerate",,,,,1,1,,"NoSwitchDetected",
123456,"TwoPole",131,51,3,0.5,3,"TopSupport","two-point",2,2,"one-point",1,"degenerate",,,,,3,1,2.8073734677162334,"SwitchDetected",1
123456,"TwoPole",132,51,3,0.5,3,"TopSupport","one-point",1,1,"one-point",1,"degenerate",,,,,3,3,,"NoSwitchDetected",
123456,"TwoPole",133,51,3,0.5,3,"TopSupport","two-point",2,2,"two-point",2,"degenerate",,,,,2,2,,"NoSwitchDetected",
123456,"TwoPole",134,51,3,0.5,3,"TopSupport","one-point",1,1,"one-point",1,"degenerate",,,,,3,3,,"NoSwitchDetected",
123456,"TwoPole",135,51,3,0.5,3,"TopSupport","one-point",1,1,"one-point",1,"degenerate",,,,,2,2,,"NoSwitchDetected",
123456,"TwoPole",136,51,3,0.5,3,"TopSupport","one-point",1,1,"one-point",1,"degenerate",,,,,3,3,,"NoSwitchDetected",
123456,"TwoPole",137,51,3,0.5,3,"TopSupport","one-point",1,1,"one-point",1,"degenerate",,,,,1,1,,"NoSwitchDetected",
123456,"TwoPole",138,51,3,0.5,3,"TopSupport","one-point",1,1,"one-point",1,"degenerate",,,,,3,3,,"NoSwitchDetected",
123456,"TwoPole",139,51,3,0.5,3,"TopSupport","one-point",1,1,"one-point",1,"degenerate",,,,,1,1,,"NoSwitchDetected",
123456,"TwoPole",140,51,3,0.5,3,"TopSupport","two-point",2,2,"one-point",1,"degenerate",,,,,2,3,1.5849633566706869,"SwitchDetected",3
123456,"TwoPole",141,51,3,0.5,3,"TopSupport","two-point",2,2,"two-point",2,"degenerate",,,,,3,3,,"NoSwitchDetected",
123456,"TwoPole",142,51,3,0.5,3,"TopSupport","two-point",2,2,"one-point",1,"degenerate",,,,,1,3,2.584967147535138,"SwitchDetected",3
123456,"TwoPole",143,51,3,0.5,3,"TopSupport","two-point",2,2,"two-point",2,"degenerate",,,,,3,3,,"NoSwitchDetected",
123456,"TwoPole",144,51,3,0.5,3,"TopSupport","one-point",1,1,"one-point",1,"degenerate",,,,,3,3,,"NoSwitchDetected",
123456,"TwoPole",145,51,3,0.5,3,"TopSupport","two-point",2,2,"two-point",2,"degenerate",,,,,1,1,,"NoSwitchDetected",
123456,"TwoPole",146,51,3,0.5,3,"TopSupport","two-point",2,2,"two-point",2,"degenerate",,,,,3,3,,"NoSwitchDetected",
123456,"TwoPole",147,51,3,0.5,3,"TopSupport","one-point",1,1,"one-point",1,"degenerate",,,,,3,3,,"NoSwitchDetected",
123456,"TwoPole",148,51,3,0.5,3,"TopSupport","one-point",1,1,"one-point",1,"degenerate",,,,,3,3,,"NoSwitchDetected",
123456,"TwoPole",149,51,3,0.5,3,"TopSupport","one-point",1,1,"one-point",1,"degenerate",,,,,1,1,,"NoSwitchDetected",
123456,"TwoPole",150,51,3,0.5,3,"TopSupport","one-point",1,1,"one-point",1,"degenerate",,,,,3,3,,"NoSwitchDetected",
123456,"TwoPole",151,51,3,0.5,3,"TopSupport","one-point",1,1,"one-point",1,"degenerate",,,,,2,2,,"NoSwitchDetected",
123456,"TwoPole",152,51,3,0.5,3,"TopSupport","two-point",2,2,"two-point",2,"degenerate",,,,,3,3,,"NoSwitchDetected",
123456,"TwoPole",153,51,3,0.5,3,"TopSupport","two-point",2,2,"two-point",2,"degenerate",,,,,3,3,,"NoSwitchDetected",
123456,"TwoPole",154,51,3,0.5,3,"TopSupport","one-point",1,1,"one-point",1,"degenerate",,,,,3,3,,"NoSwitchDetected",
123456,"TwoPole",155,51,3,0.5,3,"TopSupport","two-point",2,2,"one-point",1,"degenerate",,,,,2,3,1.5849633566706869,"SwitchDetected",3
123456,"TwoPole",156,51,3,0.5,3,"TopSupport","one-point",1,1,"one-point",1,"degenerate",,,,,1,1,,"NoSwitchDetected",
123456,"TwoPole",157,51,3,0.5,3,"TopSupport","one-point",1,1,"one-point",1,"degenerate",,,,,2,2,,"NoSwitchDetected",
123456,"TwoPole",158,51,3,0.5,3,"TopSupport","two-point",2,2,"two-point",2,"degenerate",,,,,1,1,,"NoSwitchDetected",
123456,"TwoPole",159,51,3,0.5,3,"TopSupport","one-point",1,1,"one-point",1,"degenerate",,,,,2,2,,"NoSwitchDetected",
123456,"TwoPole",160,51,3,0.5,3,"TopSupport","one-point",1,1,"one-point",1,"degenerate",,,,,1,1,,"NoSwitchDetected",
123456,"TwoPole",161,51,3,0.5,3,"TopSupport","one-point",1,1,"one-point",1,"degenerate",,,,,2,2,,"NoSwitchDetected",
123456,"TwoPole",162,51,3,0.5,3,"TopSupport","two-point",2,2,"one-point",1,"degenerate",,,,,2,1,1.485432062947722,"SwitchDetected",1
123456,"TwoPole",163,51,3,0.5,3,"TopSupport","one-point",1,1,"one-point",1,"degenerate",,,,,3,3,,"NoSwitchDetected",
123456,"TwoPole",164,51,3,0.5,3,"TopSupport","two-point",2,2,"two-point",2,"degenerate",,,,,3,3,,"NoSwitchDetected",
123456,"TwoPole",165,51,3,0.5,3,"TopSupport","multi-point",3,3,"two-point",2,"calibrated",1.7432851239669418,0.011707964453170787,3,3,,,,"",
123456,"TwoPole",166,51,3,0.5,3,"TopSupport","one-point",1,1,"one-point",1,"degenerate",,,,,1,1,,"NoSwitchDetected",
123456,"TwoPole",167,51,3,0.5,3,"TopSupport","two-point",2,2,"two-point",2,"degenerate",,,,,3,3,,"NoSwitchDetected",
123456,"TwoPole",168,51,3,0.5,3,"TopSupport","two-point",2,2,"one-point",1,"degenerate",,,,,1,3,1.2224008081692845,"SwitchDetected",3
123456,"TwoPole",169,51,3,0.5,3,"TopSupport","one-point",1,1,"one-point",1,"degenerate",,,,,2,2,,"NoSwitchDetected",
123456,"TwoPole",170,51,3,0.5,3,"TopSupport","one-point",1,1,"one-point",1,"degenerate",,,,,3,3,,"NoSwitchDetected",
123456,"TwoPole",171,51,3,0.5,3,"TopSupport","two-point",2,2,"two-point",2,"degenerate",,,,,3,3,,"NoSwitchDetected",
123456,"TwoPole",172,51,3,0.5,3,"TopSupport","two-point",2,2,"one-point",1,"degenerate",,,,,2,1,1.7369833590336334,"SwitchDetected",1
123456,"TwoPole",173,51,3,0.5,3,"TopSupport","two-point",2,2,"two-point",2,"degenerate",,,,,1,1,,"NoSwitchDetected",
123456,"TwoPole",174,51,3,0.5,3,"TopSupport","two-point",2,2,"two-point",2,"degenerate",,,,,1,1,,"NoSwitchDetected",
123456,"TwoPole",175,51,3,0.5,3,"TopSupport","one-point",1,1,"one-point",1,"degenerate",,,,,3,3,,"NoSwitchDetected",
123456,"TwoPole",176,51,3,0.5,3,"TopSupport","one-point",1,1,"one-point",1,"degenerate",,,,,1,1,,"NoSwitchDetected",
123456,"TwoPole",177,51,3,0.5,3,"TopSupport","two-point",2,2,"one-point",1,"degenerate",,,,,2,1,2.00001159674693,"SwitchDetected",1
123456,"TwoPole",178,51,3,0.5,3,"TopSupport","one-point",1,1,"one-point",1,"degenerate",,,,,1,1,,"NoSwitchDetected",
123456,"TwoPole",179,51,3,0.5,3,"TopSupport","one-point",1,1,"one-point",1,"degenerate",,,,,2,2,,"NoSwitchDetected",
123456,"TwoPole",180,51,3,0.5,3,"TopSupport","multi-point",3,3,"one-point",1,"degenerate",,,,,2,1,1.070393007166387,"SwitchDetected",1
123456,"TwoPole",181,51,3,0.5,3,"TopSupport","two-point",2,2,"one-point",1,"degenerate",,,,,3,1,4.000021972776951,"SwitchDetected",1
123456,"TwoPole",182,51,3,0.5,3,"TopSupport","two-point",2,2,"one-point",1,"degenerate",,,,,2,1,3.1699259467067815,"SwitchDetected",1
123456,"TwoPole",183,51,3,0.5,3,"TopSupport","two-point",2,2,"one-point",1,"degenerate",,,,,2,3,2.8073734677162334,"SwitchDetected",3
123456,"TwoPole",184,51,3,0.5,3,"TopSupport","two-point",2,2,"two-point",2,"degenerate",,,,,1,1,,"NoSwitchDetected",
123456,"TwoPole",185,51,3,0.5,3,"TopSupport","two-point",2,2,"one-point",1,"degenerate",,,,,2,1,2.115479157514041,"SwitchDetected",1
123456,"TwoPole",186,51,3,0.5,3,"TopSupport","one-point",1,1,"one-point",1,"degenerate",,,,,3,3,,"NoSwitchDetected",
123456,"TwoPole",187,51,3,0.5,3,"TopSupport","one-point",1,1,"one-point",1,"degenerate",,,,,3,3,,"NoSwitchDetected",
123456,"TwoPole",188,51,3,0.5,3,"TopSupport","two-point",2,2,"one-point",1,"degenerate",,,,,3,1,2.169950542371748,"SwitchDetected",1
123456,"TwoPole",189,51,3,0.5,3,"TopSupport","one-point",1,1,"one-point",1,"degenerate",,,,,1,1,,"NoSwitchDetected",
123456,"TwoPole",190,51,3,0.5,3,"TopSupport","one-point",1,1,"one-point",1,"degenerate",,,,,1,1,,"NoSwitchDetected",
123456,"TwoPole",191,51,3,0.5,3,"TopSupport","two-point",2,2,"one-point",1,"degenerate",,,,,2,1,1.169933063033857,"SwitchDetected",1
123456,"TwoPole",192,51,3,0.5,3,"TopSupport","two-point",2,2,"one-point",1,"degenerate",,,,,1,3,2.00001159674693,"SwitchDetected",3
123456,"TwoPole",193,51,3,0.5,3,"TopSupport","one-point",1,1,"one-point",1,"degenerate",,,,,3,3,,"NoSwitchDetected",
123456,"TwoPole",194,51,3,0.5,3,"TopSupport","two-point",2,2,"one-point",1,"degenerate",,,,,3,1,2.00001159674693,"SwitchDetected",1
123456,"TwoPole",195,51,3,0.5,3,"TopSupport","two-point",2,2,"two-point",2,"degenerate",,,,,3,3,,"NoSwitchDetected",
123456,"TwoPole",196,51,3,0.5,3,"TopSupport","two-point",2,2,"two-point",2,"degenerate",,,,,3,3,,"NoSwitchDetected",
123456,"TwoPole",197,51,3,0.5,3,"TopSupport","two-point",2,2,"two-point",2,"degenerate",,,,,3,3,,"NoSwitchDetected",
123456,"TwoPole",198,51,3,0.5,3,"TopSupport","multi-point",3,3,"one-point",1,"calibrated",2.009526644834772,0.0023342414139212266,3,1,,,,"",
123456,"TwoPole",199,51,3,0.5,3,"TopSupport","one-point",1,1,"one-point",1,"degenerate",,,,,3,3,,"NoSwitchDetected",
123456,"TwoPole",200,51,3,0.5,3,"TopSupport","two-point",2,2,"one-point",1,"degenerate",,,,,2,1,2.584967147535138,"SwitchDetected",1
123456,"TwoPole",1,51,3,0.6,1,"TopSupport","two-point",2,2,"two-point",2,"degenerate",,,,,1,1,,"NoSwitchDetected",
123456,"TwoPole",2,51,3,0.6,1,"TopSupport","two-point",2,2,"two-point",2,"degenerate",,,,,1,1,,"NoSwitchDetected",
123456,"TwoPole",3,51,3,0.6,1,"TopSupport","two-point",2,2,"one-point",1,"degenerate",,,,,2,1,1.4150462671072566,"SwitchDetected",1
123456,"TwoPole",4,51,3,0.6,1,"TopSupport","one-point",1,1,"one-point",1,"degenerate",,,,,1,1,,"NoSwitchDetected",
123456,"TwoPole",5,51,3,0.6,1,"TopSupport","two-point",2,2,"two-point",2,"degenerate",,,,,1,1,,"NoSwitchDetected",
123456,"TwoPole",6,51,3,0.6,1,"TopSupport","two-point",2,2,"one-point",1,"degenerate",,,,,2,1,1.1255333041828635,"SwitchDetected",1
123456,"TwoPole",7,51,3,0.6,1,"TopSupport","two-point",2,2,"one-point",1,"degenerate",,,,,2,1,1.3219291661716357,"SwitchDetected",1
123456,"TwoPole",8,51,3,0.6,1,"TopSupport","two-point",2,2,"two-point",2,"degenerate",,,,,1,1,,"NoSwitchDetected",
123456,"TwoPole",9,51,3,0.6,1,"TopSupport","two-point",2,2,"two-point",2,"degenerate",,,,,1,1,,"NoSwitchDetected",
123456,"TwoPole",10,51,3,0.6,1,"TopSupport","two-point",2,2,"two-point",2,"degenerate",,,,,1,1,,"NoSwitchDetected",
123456,"TwoPole",11,51,3,0.6,1,"TopSupport","two-point",2,2,"two-point",2,"degenerate",,,,,1,1,,"NoSwitchDetected",
123456,"TwoPole",12,51,3,0.6,1,"TopSupport","two-point",2,2,"two-point",2,"degenerate",,,,,1,1,,"NoSwitchDetected",
123456,"TwoPole",13,51,3,0.6,1,"TopSupport","two-point",2,2,"one-point",1,"degenerate",,,,,2,1,1.6322740753950427,"SwitchDetected",1
123456,"TwoPole",14,51,3,0.6,1,"TopSupport","multi-point",3,3,"two-point",2,"calibrated",2.9246100519930676,0.03363427643566351,3,3,,,,"",
123456,"TwoPole",15,51,3,0.6,1,"TopSupport","multi-point",3,3,"two-point",2,"calibrated",2.9246100519930676,0.04741660213062838,3,3,,,,"",
123456,"TwoPole",16,51,3,0.6,1,"TopSupport","two-point",2,2,"two-point",2,"degenerate",,,,,1,1,,"NoSwitchDetected",
123456,"TwoPole",17,51,3,0.6,1,"TopSupport","two-point",2,2,"two-point",2,"degenerate",,,,,1,1,,"NoSwitchDetected",
123456,"TwoPole",18,51,3,0.6,1,"TopSupport","two-point",2,2,"two-point",2,"degenerate",,,,,1,1,,"NoSwitchDetected",
123456,"TwoPole",19,51,3,0.6,1,"TopSupport","two-point",2,2,"two-point",2,"degenerate",,,,,1,1,,"NoSwitchDetected",
123456,"TwoPole",20,51,3,0.6,1,"TopSupport","two-point",2,2,"two-point",2,"degenerate",,,,,1,1,,"NoSwitchDetected",
123456,"TwoPole",21,51,3,0.6,1,"TopSupport","two-point",2,2,"two-point",2,"degenerate",,,,,1,1,,"NoSwitchDetected",
123456,"TwoPole",22,51,3,0.6,1,"TopSupport","two-point",2,2,"one-point",1,"degenerate",,,,,2,1,1.8365134267862055,"SwitchDetected",1
123456,"TwoPole",23,51,3,0.6,1,"TopSupport","two-point",2,2,"one-point",1,"degenerate",,,,,2,1,1.2730185375943144,"SwitchDetected",1
123456,"TwoPole",24,51,3,0.6,1,"TopSupport","two-point",2,2,"two-point",2,"degenerate",,,,,1,1,,"NoSwitchDetected",
123456,"TwoPole",25,51,3,0.6,1,"TopSupport","multi-point",3,3,"two-point",2,"calibrated",2.9246100519930676,0.03363427643566351,3,3,,,,"",
123456,"TwoPole",26,51,3,0.6,1,"TopSupport","two-point",2,2,"two-point",2,"degenerate",,,,,1,1,,"NoSwitchDetected",
123456,"TwoPole",27,51,3,0.6,1,"TopSupport","two-point",2,2,"two-point",2,"degenerate",,,,,1,1,,"NoSwitchDetected",
123456,"TwoPole",28,51,3,0.6,1,"TopSupport","two-point",2,2,"two-point",2,"degenerate",,,,,1,1,,"NoSwitchDetected",
123456,"TwoPole",29,51,3,0.6,1,"TopSupport","two-point",2,2,"two-point",2,"degenerate",,,,,1,1,,"NoSwitchDetected",
123456,"TwoPole",30,51,3,0.6,1,"TopSupport","two-point",2,2,"two-point",2,"degenerate",,,,,1,1,,"NoSwitchDetected",
123456,"TwoPole",31,51,3,0.6,1,"TopSupport","two-point",2,2,"one-point",1,"degenerate",,,,,2,1,2.263056099522533,"SwitchDetected",1
123456,"TwoPole",32,51,3,0.6,1,"TopSupport","one-point",1,1,"one-point",1,"degenerate",,,,,1,1,,"NoSwitchDetected",
123456,"TwoPole",33,51,3,0.6,1,"TopSupport","two-point",2,2,"two-point",2,"degenerate",,,,,1,1,,"NoSwitchDetected",
123456,"TwoPole",34,51,3,0.6,1,"TopSupport","two-point",2,2,"two-point",2,"degenerate",,,,,1,1,,"NoSwitchDetected",
123456,"TwoPole",35,51,3,0.6,1,"TopSupport","two-point",2,2,"one-point",1,"degenerate",,,,,2,1,1.7369833590336334,"SwitchDetected",1
123456,"TwoPole",36,51,3,0.6,1,"TopSupport","two-point",2,2,"two-point",2,"degenerate",,,,,1,1,,"NoSwitchDetected",
123456,"TwoPole",37,51,3,0.6,1,"TopSupport","two-point",2,2,"two-point",2,"degenerate",,,,,1,1,,"NoSwitchDetected",
123456,"TwoPole",38,51,3,0.6,1,"TopSupport","multi-point",3,3,"two-point",2,"calibrated",3.7087912087912085,0.03513122852484074,3,3,,,,"",
123456,"TwoPole",39,51,3,0.6,1,"TopSupport","one-point",1,1,"one-point",1,"degenerate",,,,,1,1,,"NoSwitchDetected",
123456,"TwoPole",40,51,3,0.6,1,"TopSupport","two-point",2,2,"one-point",1,"degenerate",,,,,2,1,1.6322740753950427,"SwitchDetected",1
123456,"TwoPole",41,51,3,0.6,1,"TopSupport","two-point",2,2,"one-point",1,"degenerate",,,,,2,1,1.1255333041828635,"SwitchDetected",1
123456,"TwoPole",42,51,3,0.6,1,"TopSupport","two-point",2,2,"two-point",2,"degenerate",,,,,1,1,,"NoSwitchDetected",
123456,"TwoPole",43,51,3,0.6,1,"TopSupport","two-point",2,2,"two-point",2,"degenerate",,,,,1,1,,"NoSwitchDetected",
123456,"TwoPole",44,51,3,0.6,1,"TopSupport","two-point",2,2,"two-point",2,"degenerate",,,,,1,1,,"NoSwitchDetected",
123456,"TwoPole",45,51,3,0.6,1,"TopSupport","two-point",2,2,"one-point",1,"degenerate",,,,,2,1,3.115504120664936,"SwitchDetected",1
123456,"TwoPole",46,51,3,0.6,1,"TopSupport","two-point",2,2,"two-point",2,"degenerate",,,,,1,1,,"NoSwitchDetected",
123456,"TwoPole",47,51,3,0.6,1,"TopSupport","two-point",2,2,"two-point",2,"degenerate",,,,,1,1,,"NoSwitchDetected",
123456,"TwoPole",48,51,3,0.6,1,"TopSupport","two-point",2,2,"two-point",2,"degenerate",,,,,1,1,,"NoSwitchDetected",
123456,"TwoPole",49,51,3,0.6,1,"TopSupport","multi-point",3,3,"two-point",2,"degenerate",,,,,1,1,,"NoSwitchDetected",
123456,"TwoPole",50,51,3,0.6,1,"TopSupport","two-point",2,2,"two-point",2,"degenerate",,,,,1,1,,"NoSwitchDetected",
123456,"TwoPole",51,51,3,0.6,1,"TopSupport","two-point",2,2,"two-point",2,"degenerate",,,,,1,1,,"NoSwitchDetected",
123456,"TwoPole",52,51,3,0.6,1,"TopSupport","two-point",2,2,"one-point",1,"degenerate",,,,,2,1,2.00001159674693,"SwitchDetected",1
123456,"TwoPole",53,51,3,0.6,1,"TopSupport","two-point",2,2,"one-point",1,"degenerate",,,,,2,1,1.152007267545848,"SwitchDetected",1
123456,"TwoPole",54,51,3,0.6,1,"TopSupport","two-point",2,2,"two-point",2,"degenerate",,,,,1,1,,"NoSwitchDetected",
123456,"TwoPole",55,51,3,0.6,1,"TopSupport","two-point",2,2,"two-point",2,"degenerate",,,,,1,1,,"NoSwitchDetected",
123456,"TwoPole",56,51,3,0.6,1,"TopSupport","two-point",2,2,"two-point",2,"degenerate",,,,,1,1,,"NoSwitchDetected",
123456,"TwoPole",57,51,3,0.6,1,"TopSupport","one-point",1,1,"one-point",1,"degenerate",,,,,1,1,,"NoSwitchDetected",
123456,"TwoPole",58,51,3,0.6,1,"TopSupport","two-point",2,2,"one-point",1,"degenerate",,,,,2,1,1.6880567205191517,"SwitchDetected",1
123456,"TwoPole",59,51,3,0.6,1,"TopSupport","two-point",2,2,"one-point",1,"degenerate",,,,,2,1,1.2730185375943144,"SwitchDetected",1
123456,"TwoPole",60,51,3,0.6,1,"TopSupport","two-point",2,2,"two-point",2,"degenerate",,,,,1,1,,"NoSwitchDetected",
123456,"TwoPole",61,51,3,0.6,1,"TopSupport","two-point",2,2,"two-point",2,"degenerate",,,,,1,1,,"NoSwitchDetected",
123456,"TwoPole",62,51,3,0.6,1,"TopSupport","two-point",2,2,"one-point",1,"degenerate",,,,,2,1,1.106916522353934,"SwitchDetected",1
123456,"TwoPole",63,51,3,0.6,1,"TopSupport","multi-point",3,3,"two-point",2,"degenerate",,,,,1,1,,"NoSwitchDetected",
123456,"TwoPole",64,51,3,0.6,1,"TopSupport","one-point",1,1,"one-point",1,"degenerate",,,,,2,2,,"NoSwitchDetected",
123456,"TwoPole",65,51,3,0.6,1,"TopSupport","two-point",2,2,"two-point",2,"degenerate",,,,,1,1,,"NoSwitchDetected",
123456,"TwoPole",66,51,3,0.6,1,"TopSupport","two-point",2,2,"two-point",2,"degenerate",,,,,1,1,,"NoSwitchDetected",
123456,"TwoPole",67,51,3,0.6,1,"TopSupport","multi-point",3,3,"multi-point",3,"degenerate",,,,,1,1,,"NoSwitchDetected",
123456,"TwoPole",68,51,3,0.6,1,"TopSupport","two-point",2,2,"two-point",2,"degenerate",,,,,1,1,,"NoSwitchDetected",
123456,"TwoPole",69,51,3,0.6,1,"TopSupport","two-point",2,2,"two-point",2,"degenerate",,,,,1,1,,"NoSwitchDetected",
123456,"TwoPole",70,51,3,0.6,1,"TopSupport","two-point",2,2,"two-point",2,"degenerate",,,,,1,1,,"NoSwitchDetected",
123456,"TwoPole",71,51,3,0.6,1,"TopSupport","one-point",1,1,"one-point",1,"degenerate",,,,,1,1,,"NoSwitchDetected",
123456,"TwoPole",72,51,3,0.6,1,"TopSupport","two-point",2,2,"two-point",2,"degenerate",,,,,1,1,,"NoSwitchDetected",
123456,"TwoPole",73,51,3,0.6,1,"TopSupport","two-point",2,2,"two-point",2,"degenerate",,,,,1,1,,"NoSwitchDetected",
123456,"TwoPole",74,51,3,0.6,1,"TopSupport","one-point",1,1,"one-point",1,"degenerate",,,,,1,1,,"NoSwitchDetected",
123456,"TwoPole",75,51,3,0.6,1,"TopSupport","two-point",2,2,"two-point",2,"degenerate",,,,,1,1,,"NoSwitchDetected",
123456,"TwoPole",76,51,3,0.6,1,"TopSupport","two-point",2,2,"one-point",1,"degenerate",,,,,2,1,1.2537659274722734,"SwitchDetected",1
123456,"TwoPole",77,51,3,0.6,1,"TopSupport","two-point",2,2,"two-point",2,"degenerate",,,,,1,1,,"NoSwitchDetected",
123456,"TwoPole",78,51,3,0.6,1,"TopSupport","multi-point",3,3,"two-point",2,"degenerate",,,,,1,1,,"NoSwitchDetected",
123456,"TwoPole",79,51,3,0.6,1,"TopSupport","two-point",2,2,"one-point",1,"degenerate",,,,,2,1,1.6880567205191517,"SwitchDetected",1
123456,"TwoPole",80,51,3,0.6,1,"TopSupport","one-point",1,1,"one-point",1,"degenerate",,,,,1,1,,"NoSwitchDetected",
123456,"TwoPole",81,51,3,0.6,1,"TopSupport","two-point",2,2,"two-point",2,"degenerate",,,,,1,1,,"NoSwitchDetected",
123456,"TwoPole",82,51,3,0.6,1,"TopSupport","two-point",2,2,"one-point",1,"degenerate",,,,,2,1,1.1154841682301817,"SwitchDetected",1
123456,"TwoPole",83,51,3,0.6,1,"TopSupport","two-point",2,2,"two-point",2,"degenerate",,,,,1,1,,"NoSwitchDetected",
123456,"TwoPole",84,51,3,0.6,1,"TopSupport","two-point",2,2,"two-point",2,"degenerate",,,,,1,1,,"NoSwitchDetected",
123456,"TwoPole",85,51,3,0.6,1,"TopSupport","two-point",2,2,"two-point",2,"degenerate",,,,,1,1,,"NoSwitchDetected",
123456,"TwoPole",86,51,3,0.6,1,"TopSupport","two-point",2,2,"two-point",2,"degenerate",,,,,1,1,,"NoSwitchDetected",
123456,"TwoPole",87,51,3,0.6,1,"TopSupport","two-point",2,2,"two-point",2,"degenerate",,,,,1,1,,"NoSwitchDetected",
123456,"TwoPole",88,51,3,0.6,1,"TopSupport","two-point",2,2,"one-point",1,"degenerate",,,,,2,1,2.273035485310904,"SwitchDetected",1
123456,"TwoPole",89,51,3,0.6,1,"TopSupport","two-point",2,2,"two-point",2,"degenerate",,,,,1,1,,"NoSwitchDetected",
123456,"TwoPole",90,51,3,0.6,1,"TopSupport","multi-point",3,3,"two-point",2,"calibrated",2.9246100519930676,0.04741660213062838,3,3,,,,"",
123456,"TwoPole",91,51,3,0.6,1,"TopSupport","two-point",2,2,"two-point",2,"degenerate",,,,,1,1,,"NoSwitchDetected",
123456,"TwoPole",92,51,3,0.6,1,"TopSupport","two-point",2,2,"two-point",2,"degenerate",,,,,1,1,,"NoSwitchDetected",
123456,"TwoPole",93,51,3,0.6,1,"TopSupport","two-point",2,2,"two-point",2,"degenerate",,,,,1,1,,"NoSwitchDetected",
123456,"TwoPole",94,51,3,0.6,1,"TopSupport","multi-point",3,3,"one-point",1,"calibrated",2.9246100519930676,0.009592552998204594,3,3,,,,"",
123456,"TwoPole",95,51,3,0.6,1,"TopSupport","two-point",2,2,"two-point",2,"degenerate",,,,,1,1,,"NoSwitchDetected",
123456,"TwoPole",96,51,3,0.6,1,"TopSupport","two-point",2,2,"one-point",1,"degenerate",,,,,2,1,1.3219291661716357,"SwitchDetected",1
123456,"TwoPole",97,51,3,0.6,1,"TopSupport","two-point",2,2,"one-point",1,"degenerate",,,,,2,1,1.392324116466077,"SwitchDetected",1
123456,"TwoPole",98,51,3,0.6,1,"TopSupport","two-point",2,2,"two-point",2,"degenerate",,,,,1,1,,"NoSwitchDetected",
123456,"TwoPole",99,51,3,0.6,1,"TopSupport","two-point",2,2,"two-point",2,"degenerate",,,,,1,1,,"NoSwitchDetected",
123456,"TwoPole",100,51,3,0.6,1,"TopSupport","two-point",2,2,"one-point",1,"degenerate",,,,,2,1,2.263056099522533,"SwitchDetected",1
123456,"TwoPole",101,51,3,0.6,1,"TopSupport","two-point",2,2,"two-point",2,"degenerate",,,,,1,1,,"NoSwitchDetected",
123456,"TwoPole",102,51,3,0.6,1,"TopSupport","two-point",2,2,"one-point",1,"degenerate",,,,,2,1,1.3536409773826539,"SwitchDetected",1
123456,"TwoPole",103,51,3,0.6,1,"TopSupport","one-point",1,1,"one-point",1,"degenerate",,,,,1,1,,"NoSwitchDetected",
123456,"TwoPole",104,51,3,0.6,1,"TopSupport","two-point",2,2,"two-point",2,"degenerate",,,,,1,1,,"NoSwitchDetected",
123456,"TwoPole",105,51,3,0.6,1,"TopSupport","two-point",2,2,"one-point",1,"degenerate",,,,,2,1,1.0995360661117537,"SwitchDetected",1
123456,"TwoPole",106,51,3,0.6,1,"TopSupport","two-point",2,2,"one-point",1,"degenerate",,,,,2,1,2.00001159674693,"SwitchDetected",1
123456,"TwoPole",107,51,3,0.6,1,"TopSupport","two-point",2,2,"two-point",2,"degenerate",,,,,1,1,,"NoSwitchDetected",
123456,"TwoPole",108,51,3,0.6,1,"TopSupport","two-point",2,2,"one-point",1,"degenerate",,,,,1,3,1.938613720803654,"SwitchDetected",3
123456,"TwoPole",109,51,3,0.6,1,"TopSupport","two-point",2,2,"one-point",1,"degenerate",,,,,2,1,1.1255333041828635,"SwitchDetected",1
123456,"TwoPole",110,51,3,0.6,1,"TopSupport","two-point",2,2,"one-point",1,"degenerate",,,,,2,1,1.2730185375943144,"SwitchDetected",1
123456,"TwoPole",111,51,3,0.6,1,"TopSupport","two-point",2,2,"two-point",2,"degenerate",,,,,1,1,,"NoSwitchDetected",
123456,"TwoPole",112,51,3,0.6,1,"TopSupport","two-point",2,2,"one-point",1,"degenerate",,,,,2,1,1.3219291661716357,"SwitchDetected",1
123456,"TwoPole",113,51,3,0.6,1,"TopSupport","two-point",2,2,"two-point",2,"degenerate",,,,,1,1,,"NoSwitchDetected",
123456,"TwoPole",114,51,3,0.6,1,"TopSupport","two-point",2,2,"one-point",1,"degenerate",,,,,2,1,1.152007267545848,"SwitchDetected",1
123456,"TwoPole",115,51,3,0.6,1,"TopSupport","two-point",2,2,"one-point",1,"degenerate",,,,,2,1,1.3536409773826539,"SwitchDetected",1
123456,"TwoPole",116,51,3,0.6,1,"TopSupport","two-point",2,2,"one-point",1,"degenerate",,,,,2,1,1.6322740753950427,"SwitchDetected",1
123456,"TwoPole",117,51,3,0.6,1,"TopSupport","two-point",2,2,"one-point",1,"degenerate",,,,,2,1,1.8365134267862055,"SwitchDetected",1
123456,"TwoPole",118,51,3,0.6,1,"TopSupport","two-point",2,2,"two-point",2,"degenerate",,,,,1,1,,"NoSwitchDetected",
123456,"TwoPole",119,51,3,0.6,1,"TopSupport","one-point",1,1,"one-point",1,"degenerate",,,,,1,1,,"NoSwitchDetected",
123456,"TwoPole",120,51,3,0.6,1,"TopSupport","one-point",1,1,"one-point",1,"degenerate",,,,,1,1,,"NoSwitchDetected",
123456,"TwoPole",121,51,3,0.6,1,"TopSupport","two-point",2,2,"two-point",2,"degenerate",,,,,1,1,,"NoSwitchDetected",
123456,"TwoPole",122,51,3,0.6,1,"TopSupport","two-point",2,2,"one-point",1,"degenerate",,,,,2,1,2.643857799049702,"SwitchDetected",1
123456,"TwoPole",123,51,3,0.6,1,"TopSupport","two-point",2,2,"one-point",1,"degenerate",,,,,2,1,1.5849633566706869,"SwitchDetected",1
123456,"TwoPole",124,51,3,0.6,1,"TopSupport","two-point",2,2,"one-point",1,"degenerate",,,,,1,3,2.9069308406306753,"SwitchDetected",3
123456,"TwoPole",125,51,3,0.6,1,"TopSupport","two-point",2,2,"one-point",1,"degenerate",,,,,2,1,1.3219291661716357,"SwitchDetected",1
123456,"TwoPole",126,51,3,0.6,1,"TopSupport","two-point",2,2,"two-point",2,"degenerate",,,,,1,1,,"NoSwitchDetected",
123456,"TwoPole",127,51,3,0.6,1,"TopSupport","two-point",2,2,"two-point",2,"degenerate",,,,,1,1,,"NoSwitchDetected",
123456,"TwoPole",128,51,3,0.6,1,"TopSupport","two-point",2,2,"one-point",1,"degenerate",,,,,2,1,2.432978561084149,"SwitchDetected",1
123456,"TwoPole",129,51,3,0.6,1,"TopSupport","multi-point",3,3,"two-point",2,"calibrated",3.7087912087912085,0.03513122852484074,3,3,,,,"",
123456,"TwoPole",130,51,3,0.6,1,"TopSupport","two-point",2,2,"two-point",2,"degenerate",,,,,1,1,,"NoSwitchDetected",
123456,"TwoPole",131,51,3,0.6,1,"TopSupport","two-point",2,2,"one-point",1,"degenerate",,,,,2,1,1.106916522353934,"SwitchDetected",1
123456,"TwoPole",132,51,3,0.6,1,"TopSupport","two-point",2,2,"two-point",2,"degenerate",,,,,1,1,,"NoSwitchDetected",
123456,"TwoPole",133,51,3,0.6,1,"TopSupport","two-point",2,2,"two-point",2,"degenerate",,,,,1,1,,"NoSwitchDetected",
123456,"TwoPole",134,51,3,0.6,1,"TopSupport","two-point",2,2,"two-point",2,"degenerate",,,,,1,1,,"NoSwitchDetected",
123456,"TwoPole",135,51,3,0.6,1,"TopSupport","two-point",2,2,"two-point",2,"degenerate",,,,,1,1,,"NoSwitchDetected",
123456,"TwoPole",136,51,3,0.6,1,"TopSupport","two-point",2,2,"one-point",1,"degenerate",,,,,2,1,1.1255333041828635,"SwitchDetected",1
123456,"TwoPole",137,51,3,0.6,1,"TopSupport","two-point",2,2,"one-point",1,"degenerate",,,,,2,1,1.1375103838437979,"SwitchDetected",1
123456,"TwoPole",138,51,3,0.6,1,"TopSupport","one-point",1,1,"one-point",1,"degenerate",,,,,1,1,,"NoSwitchDetected",
123456,"TwoPole",139,51,3,0.6,1,"TopSupport","multi-point",3,3,"two-point",2,"calibrated",2.9246100519930676,0.04741660213062838,3,3,,,,"",
123456,"TwoPole",140,51,3,0.6,1,"TopSupport","two-point",2,2,"two-point",2,"degenerate",,,,,1,1,,"NoSwitchDetected",
123456,"TwoPole",141,51,3,0.6,1,"TopSupport","two-point",2,2,"two-point",2,"degenerate",,,,,1,1,,"NoSwitchDetected",
123456,"TwoPole",142,51,3,0.6,1,"TopSupport","two-point",2,2,"two-point",2,"degenerate",,,,,1,1,,"NoSwitchDetected",
123456,"TwoPole",143,51,3,0.6,1,"TopSupport","multi-point",3,3,"two-point",2,"degenerate",,,,,1,1,,"NoSwitchDetected",
123456,"TwoPole",144,51,3,0.6,1,"TopSupport","two-point",2,2,"two-point",2,"degenerate",,,,,1,1,,"NoSwitchDetected",
123456,"TwoPole",145,51,3,0.6,1,"TopSupport","two-point",2,2,"two-point",2,"degenerate",,,,,1,1,,"NoSwitchDetected",
123456,"TwoPole",146,51,3,0.6,1,"TopSupport","two-point",2,2,"two-point",2,"degenerate",,,,,1,1,,"NoSwitchDetected",
123456,"TwoPole",147,51,3,0.6,1,"TopSupport","two-point",2,2,"one-point",1,"degenerate",,,,,2,1,1.5849633566706869,"SwitchDetected",1
123456,"TwoPole",148,51,3,0.6,1,"TopSupport","two-point",2,2,"two-point",2,"degenerate",,,,,1,1,,"NoSwitchDetected",
123456,"TwoPole",149,51,3,0.6,1,"TopSupport","two-point",2,2,"two-point",2,"degenerate",,,,,1,1,,"NoSwitchDetected",
123456,"TwoPole",150,51,3,0.6,1,"TopSupport","one-point",1,1,"one-point",1,"degenerate",,,,,1,1,,"NoSwitchDetected",
123456,"TwoPole",151,51,3,0.6,1,"TopSupport","two-point",2,2,"two-point",2,"degenerate",,,,,1,1,,"NoSwitchDetected",
123456,"TwoPole",152,51,3,0.6,1,"TopSupport","two-point",2,2,"two-point",2,"degenerate",,,,,1,1,,"NoSwitchDetected",
123456,"TwoPole",153,51,3,0.6,1,"TopSupport","two-point",2,2,"two-point",2,"degenerate",,,,,1,1,,"NoSwitchDetected",
123456,"TwoPole",154,51,3,0.6,1,"TopSupport","two-point",2,2,"two-point",2,"degenerate",,,,,1,1,,"NoSwitchDetected",
123456,"TwoPole",155,51,3,0.6,1,"TopSupport","two-point",2,2,"two-point",2,"degenerate",,,,,1,1,,"NoSwitchDetected",
123456,"TwoPole",156,51,3,0.6,1,"TopSupport","two-point",2,2,"one-point",1,"degenerate",,,,,2,1,1.485432062947722,"SwitchDetected",1
123456,"TwoPole",157,51,3,0.6,1,"TopSupport","two-point",2,2,"two-point",2,"degenerate",,,,,1,1,,"NoSwitchDetected",
123456,"TwoPole",158,51,3,0.6,1,"TopSupport","multi-point",3,3,"one-point",1,"degenerate",,,,,2,3,4.000021972776951,"SwitchDetected",3
123456,"TwoPole",159,51,3,0.6,1,"TopSupport","two-point",2,2,"two-point",2,"degenerate",,,,,1,1,,"NoSwitchDetected",
123456,"TwoPole",160,51,3,0.6,1,"TopSupport","two-point",2,2,"two-point",2,"degenerate",,,,,1,1,,"NoSwitchDetected",
123456,"TwoPole",161,51,3,0.6,1,"TopSupport","two-point",2,2,"two-point",2,"degenerate",,,,,1,1,,"NoSwitchDetected",
123456,"TwoPole",162,51,3,0.6,1,"TopSupport","two-point",2,2,"one-point",1,"degenerate",,,,,2,1,1.485432062947722,"SwitchDetected",1
123456,"TwoPole",163,51,3,0.6,1,"TopSupport","multi-point",3,3,"two-point",2,"calibrated",2.9246100519930676,0.03363427643566351,3,3,,,,"",
123456,"TwoPole",164,51,3,0.6,1,"TopSupport","multi-point",3,3,"two-point",2,"degenerate",,,,,1,1,,"NoSwitchDetected",
123456,"TwoPole",165,51,3,0.6,1,"TopSupport","multi-point",3,3,"one-point",1,"degenerate",,,,,2,1,1.087468032727584,"SwitchDetected",1
123456,"TwoPole",166,51,3,0.6,1,"TopSupport","two-point",2,2,"one-point",1,"degenerate",,,,,2,1,2.00001159674693,"SwitchDetected",1
123456,"TwoPole",167,51,3,0.6,1,"TopSupport","two-point",2,2,"two-point",2,"degenerate",,,,,1,1,,"NoSwitchDetected",
123456,"TwoPole",168,51,3,0.6,1,"TopSupport","two-point",2,2,"two-point",2,"degenerate",,,,,1,1,,"NoSwitchDetected",
123456,"TwoPole",169,51,3,0.6,1,"TopSupport","two-point",2,2,"two-point",2,"degenerate",,,,,1,1,,"NoSwitchDetected",
123456,"TwoPole",170,51,3,0.6,1,"TopSupport","two-point",2,2,"two-point",2,"degenerate",,,,,1,1,,"NoSwitchDetected",
123456,"TwoPole",171,51,3,0.6,1,"TopSupport","two-point",2,2,"two-point",2,"degenerate",,,,,1,1,,"NoSwitchDetected",
123456,"TwoPole",172,51,3,0.6,1,"TopSupport","two-point",2,2,"two-point",2,"degenerate",,,,,1,1,,"NoSwitchDetected",
123456,"TwoPole",173,51,3,0.6,1,"TopSupport","multi-point",3,3,"two-point",2,"calibrated",2.5037091988130564,0.04371229375188117,3,3,,,,"",
123456,"TwoPole",174,51,3,0.6,1,"TopSupport","two-point",2,2,"one-point",1,"degenerate",,,,,1,3,2.070413520366417,"SwitchDetected",3
123456,"TwoPole",175,51,3,0.6,1,"TopSupport","two-point",2,2,"two-point",2,"degenerate",,,,,1,1,,"NoSwitchDetected",
123456,"TwoPole",176,51,3,0.6,1,"TopSupport","two-point",2,2,"one-point",1,"degenerate",,,,,2,1,1.1154841682301817,"SwitchDetected",1
123456,"TwoPole",177,51,3,0.6,1,"TopSupport","two-point",2,2,"two-point",2,"degenerate",,,,,1,1,,"NoSwitchDetected",
123456,"TwoPole",178,51,3,0.6,1,"TopSupport","two-point",2,2,"two-point",2,"degenerate",,,,,1,1,,"NoSwitchDetected",
123456,"TwoPole",179,51,3,0.6,1,"TopSupport","two-point",2,2,"one-point",1,"degenerate",,,,,2,1,2.4594359689508223,"SwitchDetected",1
123456,"TwoPole",180,51,3,0.6,1,"TopSupport","two-point",2,2,"two-point",2,"degenerate",,,,,1,1,,"NoSwitchDetected",
123456,"TwoPole",181,51,3,0.6,1,"TopSupport","two-point",2,2,"two-point",2,"degenerate",,,,,1,1,,"NoSwitchDetected",
123456,"TwoPole",182,51,3,0.6,1,"TopSupport","two-point",2,2,"one-point",1,"degenerate",,,,,2,1,1.5849633566706869,"SwitchDetected",1
123456,"TwoPole",183,51,3,0.6,1,"TopSupport","two-point",2,2,"two-point",2,"degenerate",,,,,1,1,,"NoSwitchDetected",
123456,"TwoPole",184,51,3,0.6,1,"TopSupport","multi-point",3,3,"two-point",2,"degenerate",,,,,1,1,,"NoSwitchDetected",
123456,"TwoPole",185,51,3,0.6,1,"TopSupport","two-point",2,2,"one-point",1,"degenerate",,,,,2,1,1.2730185375943144,"SwitchDetected",1
123456,"TwoPole",186,51,3,0.6,1,"TopSupport","two-point",2,2,"one-point",1,"degenerate",,,,,2,1,1.2730185375943144,"SwitchDetected",1
123456,"TwoPole",187,51,3,0.6,1,"TopSupport","multi-point",3,3,"two-point",2,"calibrated",2.9246100519930676,0.06304709595075057,3,3,,,,"",
123456,"TwoPole",188,51,3,0.6,1,"TopSupport","two-point",2,2,"two-point",2,"degenerate",,,,,1,1,,"NoSwitchDetected",
123456,"TwoPole",189,51,3,0.6,1,"TopSupport","two-point",2,2,"two-point",2,"degenerate",,,,,1,1,,"NoSwitchDetected",
123456,"TwoPole",190,51,3,0.6,1,"TopSupport","two-point",2,2,"two-point",2,"degenerate",,,,,1,1,,"NoSwitchDetected",
123456,"TwoPole",191,51,3,0.6,1,"TopSupport","two-point",2,2,"two-point",2,"degenerate",,,,,1,1,,"NoSwitchDetected",
123456,"TwoPole",192,51,3,0.6,1,"TopSupport","two-point",2,2,"one-point",1,"degenerate",,,,,2,1,1.2954630723048512,"SwitchDetected",1
123456,"TwoPole",193,51,3,0.6,1,"TopSupport","two-point",2,2,"two-point",2,"degenerate",,,,,1,1,,"NoSwitchDetected",
123456,"TwoPole",194,51,3,0.6,1,"TopSupport","one-point",1,1,"one-point",1,"degenerate",,,,,1,1,,"NoSwitchDetected",
123456,"TwoPole",195,51,3,0.6,1,"TopSupport","two-point",2,2,"two-point",2,"degenerate",,,,,1,1,,"NoSwitchDetected",
123456,"TwoPole",196,51,3,0.6,1,"TopSupport","two-point",2,2,"two-point",2,"degenerate",,,,,1,1,,"NoSwitchDetected",
123456,"TwoPole",197,51,3,0.6,1,"TopSupport","two-point",2,2,"one-point",1,"degenerate",,,,,2,1,1.3536409773826539,"SwitchDetected",1
123456,"TwoPole",198,51,3,0.6,1,"TopSupport","two-point",2,2,"two-point",2,"degenerate",,,,,1,1,,"NoSwitchDetected",
123456,"TwoPole",199,51,3,0.6,1,"TopSupport","multi-point",3,3,"one-point",1,"degenerate",,,,,2,1,1.0931131005775472,"SwitchDetected",1
123456,"TwoPole",200,51,3,0.6,1,"TopSupport","multi-point",3,3,"one-point",1,"calibrated",2.9246100519930676,0.021167575759421287,3,3,,,,"",
123456,"TwoPole",1,51,3,0.6,2,"TopSupport","two-point",2,2,"two-point",2,"degenerate",,,,,2,2,,"NoSwitchDetected",
123456,"TwoPole",2,51,3,0.6,2,"TopSupport","two-point",2,2,"one-point",1,"degenerate",,,,,1,2,1.7369833590336334,"SwitchDetected",2
123456,"TwoPole",3,51,3,0.6,2,"TopSupport","one-point",1,1,"one-point",1,"degenerate",,,,,3,3,,"NoSwitchDetected",
123456,"TwoPole",4,51,3,0.6,2,"TopSupport","two-point",2,2,"two-point",2,"degenerate",,,,,1,1,,"NoSwitchDetected",
123456,"TwoPole",5,51,3,0.6,2,"TopSupport","two-point",2,2,"two-point",2,"degenerate",,,,,2,2,,"NoSwitchDetected",
123456,"TwoPole",6,51,3,0.6,2,"TopSupport","one-point",1,1,"one-point",1,"degenerate",,,,,1,1,,"NoSwitchDetected",
123456,"TwoPole",7,51,3,0.6,2,"TopSupport","two-point",2,2,"one-point",1,"degenerate",,,,,1,2,1.8744740769639563,"SwitchDetected",2
123456,"TwoPole",8,51,3,0.6,2,"TopSupport","two-point",2,2,"one-point",1,"degenerate",,,,,1,2,1.4150462671072566,"SwitchDetected",2
123456,"TwoPole",9,51,3,0.6,2,"TopSupport","two-point",2,2,"two-point",2,"degenerate",,,,,2,2,,"NoSwitchDetected",
123456,"TwoPole",10,51,3,0.6,2,"TopSupport","one-point",1,1,"one-point",1,"degenerate",,,,,1,1,,"NoSwitchDetected",
123456,"TwoPole",11,51,3,0.6,2,"TopSupport","two-point",2,2,"two-point",2,"degenerate",,,,,1,1,,"NoSwitchDetected",
123456,"TwoPole",12,51,3,0.6,2,"TopSupport","one-point",1,1,"one-point",1,"degenerate",,,,,2,2,,"NoSwitchDetected",
123456,"TwoPole",13,51,3,0.6,2,"TopSupport","two-point",2,2,"one-point",1,"degenerate",,,,,3,2,1.7369833590336334,"SwitchDetected",2
123456,"TwoPole",14,51,3,0.6,2,"TopSupport","two-point",2,2,"two-point",2,"degenerate",,,,,2,2,,"NoSwitchDetected",
123456,"TwoPole",15,51,3,0.6,2,"TopSupport","two-point",2,2,"one-point",1,"degenerate",,,,,1,2,1.938613720803654,"SwitchDetected",2
123456,"TwoPole",16,51,3,0.6,2,"TopSupport","one-point",1,1,"one-point",1,"degenerate",,,,,1,1,,"NoSwitchDetected",
123456,"TwoPole",17,51,3,0.6,2,"TopSupport","one-point",1,1,"one-point",1,"degenerate",,,,,1,1,,"NoSwitchDetected",
123456,"TwoPole",18,51,3,0.6,2,"TopSupport","one-point",1,1,"one-point",1,"degenerate",,,,,3,3,,"NoSwitchDetected",
123456,"TwoPole",19,51,3,0.6,2,"TopSupport","one-point",1,1,"one-point",1,"degenerate",,,,,3,3,,"NoSwitchDetected",
123456,"TwoPole",20,51,3,0.6,2,"TopSupport","one-point",1,1,"one-point",1,"degenerate",,,,,1,1,,"NoSwitchDetected",
123456,"TwoPole",21,51,3,0.6,2,"TopSupport","one-point",1,1,"one-point",1,"degenerate",,,,,1,1,,"NoSwitchDetected",
123456,"TwoPole",22,51,3,0.6,2,"TopSupport","two-point",2,2,"two-point",2,"degenerate",,,,,2,2,,"NoSwitchDetected",
123456,"TwoPole",23,51,3,0.6,2,"TopSupport","two-point",2,2,"two-point",2,"degenerate",,,,,3,3,,"NoSwitchDetected",
123456,"TwoPole",24,51,3,0.6,2,"TopSupport","two-point",2,2,"one-point",1,"degenerate",,,,,1,2,3.3923677936254384,"SwitchDetected",2
123456,"TwoPole",25,51,3,0.6,2,"TopSupport","two-point",2,2,"one-point",1,"degenerate",,,,,3,2,3.1699259467067815,"SwitchDetected",2
123456,"TwoPole",26,51,3,0.6,2,"TopSupport","two-point",2,2,"one-point",1,"degenerate",,,,,1,2,2.9069308406306753,"SwitchDetected",2
123456,"TwoPole",27,51,3,0.6,2,"TopSupport","two-point",2,2,"one-point",1,"degenerate",,,,,1,2,1.5849633566706869,"SwitchDetected",2
123456,"TwoPole",28,51,3,0.6,2,"TopSupport","one-point",1,1,"one-point",1,"degenerate",,,,,3,3,,"NoSwitchDetected",
123456,"TwoPole",29,51,3,0.6,2,"TopSupport","two-point",2,2,"two-point",2,"degenerate",,,,,2,2,,"NoSwitchDetected",
123456,"TwoPole",30,51,3,0.6,2,"TopSupport","multi-point",3,3,"two-point",2,"calibrated",1.7073479195649424,0.01963630161917058,3,2,,,,"",
123456,"TwoPole",31,51,3,0.6,2,"TopSupport","multi-point",3,3,"two-point",2,"degenerate",,,,,2,2,,"NoSwitchDetected",
123456,"TwoPole",32,51,3,0.6,2,"TopSupport","two-point",2,2,"two-point",2,"degenerate",,,,,2,2,,"NoSwitchDetected",
123456,"TwoPole",33,51,3,0.6,2,"TopSupport","two-point",2,2,"two-point",2,"degenerate",,,,,2,2,,"NoSwitchDetected",
123456,"TwoPole",34,51,3,0.6,2,"TopSupport","one-point",1,1,"one-point",1,"degenerate",,,,,2,2,,"NoSwitchDetected",
123456,"TwoPole",35,51,3,0.6,2,"TopSupport","multi-point",3,3,"two-point",2,"calibrated",1.1741172377804836,0.03021977405014723,3,2,,,,"",
123456,"TwoPole",36,51,3,0.6,2,"TopSupport","multi-point",3,3,"multi-point",3,"calibrated",1,0.015000000000000006,3,2,,,,"",
123456,"TwoPole",37,51,3,0.6,2,"TopSupport","two-point",2,2,"two-point",2,"degenerate",,,,,2,2,,"NoSwitchDetected",
123456,"TwoPole",38,51,3,0.6,2,"TopSupport","one-point",1,1,"one-point",1,"degenerate",,,,,1,1,,"NoSwitchDetected",
123456,"TwoPole",39,51,3,0.6,2,"TopSupport","one-point",1,1,"one-point",1,"degenerate",,,,,1,1,,"NoSwitchDetected",
123456,"TwoPole",40,51,3,0.6,2,"TopSupport","multi-point",3,3,"multi-point",3,"degenerate",,,,,2,2,,"NoSwitchDetected",
123456,"TwoPole",41,51,3,0.6,2,"TopSupport","two-point",2,2,"one-point",1,"degenerate",,,,,1,2,1.7004410155630727,"SwitchDetected",2
123456,"TwoPole",42,51,3,0.6,2,"TopSupport","two-point",2,2,"one-point",1,"degenerate",,,,,1,2,1.2224008081692845,"SwitchDetected",2
123456,"TwoPole",43,51,3,0.6,2,"TopSupport","two-point",2,2,"one-point",1,"degenerate",,,,,3,2,1.1375103838437979,"SwitchDetected",2
123456,"TwoPole",44,51,3,0.6,2,"TopSupport","two-point",2,2,"one-point",1,"degenerate",,,,,3,2,1.169933063033857,"SwitchDetected",2
123456,"TwoPole",45,51,3,0.6,2,"TopSupport","two-point",2,2,"one-point",1,"degenerate",,,,,1,2,4.000021972776951,"SwitchDetected",2
123456,"TwoPole",46,51,3,0.6,2,"TopSupport","two-point",2,2,"one-point",1,"degenerate",,,,,1,2,4.000021972776951,"SwitchDetected",2
123456,"TwoPole",47,51,3,0.6,2,"TopSupport","one-point",1,1,"one-point",1,"degenerate",,,,,1,1,,"NoSwitchDetected",
123456,"TwoPole",48,51,3,0.6,2,"TopSupport","two-point",2,2,"one-point",1,"degenerate",,,,,1,2,1.4405818248322313,"SwitchDetected",2
123456,"TwoPole",49,51,3,0.6,2,"TopSupport","one-point",1,1,"one-point",1,"degenerate",,,,,3,3,,"NoSwitchDetected",
123456,"TwoPole",50,51,3,0.6,2,"TopSupport","two-point",2,2,"two-point",2,"degenerate",,,,,2,2,,"NoSwitchDetected",
123456,"TwoPole",51,51,3,0.6,2,"TopSupport","multi-point",3,3,"multi-point",3,"calibrated",1,0.012500000000000016,3,2,,,,"",
123456,"TwoPole",52,51,3,0.6,2,"TopSupport","two-point",2,2,"one-point",1,"degenerate",,,,,3,2,1.6629653237626216,"SwitchDetected",2
123456,"TwoPole",53,51,3,0.6,2,"TopSupport","one-point",1,1,"one-point",1,"degenerate",,,,,3,3,,"NoSwitchDetected",
123456,"TwoPole",54,51,3,0.6,2,"TopSupport","two-point",2,2,"two-point",2,"degenerate",,,,,2,2,,"NoSwitchDetected",
123456,"TwoPole",55,51,3,0.6,2,"TopSupport","two-point",2,2,"one-point",1,"degenerate",,,,,1,2,3.700445503464086,"SwitchDetected",2
123456,"TwoPole",56,51,3,0.6,2,"TopSupport","two-point",2,2,"two-point",2,"degenerate",,,,,2,2,,"NoSwitchDetected",
123456,"TwoPole",57,51,3,0.6,2,"TopSupport","two-point",2,2,"one-point",1,"degenerate",,,,,1,2,1.3219291661716357,"SwitchDetected",2
123456,"TwoPole",58,51,3,0.6,2,"TopSupport","two-point",2,2,"one-point",1,"degenerate",,,,,1,2,2.169950542371748,"SwitchDetected",2
123456,"TwoPole",59,51,3,0.6,2,"TopSupport","two-point",2,2,"two-point",2,"degenerate",,,,,2,2,,"NoSwitchDetected",
123456,"TwoPole",60,51,3,0.6,2,"TopSupport","multi-point",3,3,"one-point",1,"calibrated",3.3308660251665434,0.0008994097254519938,3,2,,,,"",
123456,"TwoPole",61,51,3,0.6,2,"TopSupport","two-point",2,2,"one-point",1,"degenerate",,,,,1,2,1.1375103838437979,"SwitchDetected",2
123456,"TwoPole",62,51,3,0.6,2,"TopSupport","two-point",2,2,"one-point",1,"degenerate",,,,,1,2,2.8073734677162334,"SwitchDetected",2
123456,"TwoPole",63,51,3,0.6,2,"TopSupport","multi-point",3,3,"one-point",1,"degenerate",,,,,1,2,1.152007267545848,"SwitchDetected",2
123456,"TwoPole",64,51,3,0.6,2,"TopSupport","one-point",1,1,"one-point",1,"degenerate",,,,,3,3,,"NoSwitchDetected",
123456,"TwoPole",65,51,3,0.6,2,"TopSupport","two-point",2,2,"two-point",2,"degenerate",,,,,2,2,,"NoSwitchDetected",
123456,"TwoPole",66,51,3,0.6,2,"TopSupport","two-point",2,2,"two-point",2,"degenerate",,,,,2,2,,"NoSwitchDetected",
123456,"TwoPole",67,51,3,0.6,2,"TopSupport","one-point",1,1,"one-point",1,"degenerate",,,,,1,1,,"NoSwitchDetected",
123456,"TwoPole",68,51,3,0.6,2,"TopSupport","two-point",2,2,"one-point",1,"degenerate",,,,,1,2,2.9069308406306753,"SwitchDetected",2
123456,"TwoPole",69,51,3,0.6,2,"TopSupport","two-point",2,2,"one-point",1,"degenerate",,,,,1,2,2.584967147535138,"SwitchDetected",2
123456,"TwoPole",70,51,3,0.6,2,"TopSupport","two-point",2,2,"two-point",2,"degenerate",,,,,1,1,,"NoSwitchDetected",
123456,"TwoPole",71,51,3,0.6,2,"TopSupport","multi-point",3,3,"multi-point",3,"degenerate",,,,,2,2,,"NoSwitchDetected",
123456,"TwoPole",72,51,3,0.6,2,"TopSupport","one-point",1,1,"one-point",1,"degenerate",,,,,1,1,,"NoSwitchDetected",
123456,"TwoPole",73,51,3,0.6,2,"TopSupport","two-point",2,2,"one-point",1,"degenerate",,,,,1,2,1.2224008081692845,"SwitchDetected",2
123456,"TwoPole",74,51,3,0.6,2,"TopSupport","multi-point",3,3,"two-point",2,"degenerate",,,,,2,2,,"NoSwitchDetected",
123456,"TwoPole",75,51,3,0.6,2,"TopSupport","two-point",2,2,"one-point",1,"degenerate",,,,,3,2,1.169933063033857,"SwitchDetected",2
123456,"TwoPole",76,51,3,0.6,2,"TopSupport","one-point",1,1,"one-point",1,"degenerate",,,,,2,2,,"NoSwitchDetected",
123456,"TwoPole",77,51,3,0.6,2,"TopSupport","two-point",2,2,"one-point",1,"degenerate",,,,,1,2,1.2224008081692845,"SwitchDetected",2
123456,"TwoPole",78,51,3,0.6,2,"TopSupport","two-point",2,2,"one-point",1,"degenerate",,,,,1,2,3.3923677936254384,"SwitchDetected",2
123456,"TwoPole",79,51,3,0.6,2,"TopSupport","one-point",1,1,"one-point",1,"degenerate",,,,,1,1,,"NoSwitchDetected",
123456,"TwoPole",80,51,3,0.6,2,"TopSupport","two-point",2,2,"one-point",1,"degenerate",,,,,1,2,2.247949486994438,"SwitchDetected",2
123456,"TwoPole",81,51,3,0.6,2,"TopSupport","multi-point",3,3,"one-point",1,"degenerate",,,,,3,2,1.6629653237626216,"SwitchDetected",2
123456,"TwoPole",82,51,3,0.6,2,"TopSupport","multi-point",3,3,"two-point",2,"calibrated",2.6066808264143657,0.01729764630298667,3,2,,,,"",
123456,"TwoPole",83,51,3,0.6,2,"TopSupport","one-point",1,1,"one-point",1,"degenerate",,,,,1,1,,"NoSwitchDetected",
123456,"TwoPole",84,51,3,0.6,2,"TopSupport","one-point",1,1,"one-point",1,"degenerate",,,,,1,1,,"NoSwitchDetected",
123456,"TwoPole",85,51,3,0.6,2,"TopSupport","one-point",1,1,"one-point",1,"degenerate",,,,,1,1,,"NoSwitchDetected",
123456,"TwoPole",86,51,3,0.6,2,"TopSupport","one-point",1,1,"one-point",1,"degenerate",,,,,1,1,,"NoSwitchDetected",
123456,"TwoPole",87,51,3,0.6,2,"TopSupport","one-point",1,1,"one-point",1,"degenerate",,,,,1,1,,"NoSwitchDetected",
123456,"TwoPole",88,51,3,0.6,2,"TopSupport","one-point",1,1,"one-point",1,"degenerate",,,,,1,1,,"NoSwitchDetected",
123456,"TwoPole",89,51,3,0.6,2,"TopSupport","two-point",2,2,"one-point",1,"degenerate",,,,,3,2,1.169933063033857,"SwitchDetected",2
123456,"TwoPole",90,51,3,0.6,2,"TopSupport","two-point",2,2,"two-point",2,"degenerate",,,,,1,1,,"NoSwitchDetected",
123456,"TwoPole",91,51,3,0.6,2,"TopSupport","two-point",2,2,"one-point",1,"degenerate",,,,,3,2,1.1375103838437979,"SwitchDetected",2
123456,"TwoPole",92,51,3,0.6,2,"TopSupport","two-point",2,2,"one-point",1,"degenerate",,,,,1,2,1.3219291661716357,"SwitchDetected",2
123456,"TwoPole",93,51,3,0.6,2,"TopSupport","two-point",2,2,"two-point",2,"degenerate",,,,,2,2,,"NoSwitchDetected",
123456,"TwoPole",94,51,3,0.6,2,"TopSupport","two-point",2,2,"one-point",1,"degenerate",,,,,1,2,1.3219291661716357,"SwitchDetected",2
123456,"TwoPole",95,51,3,0.6,2,"TopSupport","two-point",2,2,"two-point",2,"degenerate",,,,,2,2,,"NoSwitchDetected",
123456,"TwoPole",96,51,3,0.6,2,"TopSupport","one-point",1,1,"one-point",1,"degenerate",,,,,2,2,,"NoSwitchDetected",
123456,"TwoPole",97,51,3,0.6,2,"TopSupport","two-point",2,2,"two-point",2,"degenerate",,,,,2,2,,"NoSwitchDetected",
123456,"TwoPole",98,51,3,0.6,2,"TopSupport","two-point",2,2,"two-point",2,"degenerate",,,,,2,2,,"NoSwitchDetected",
123456,"TwoPole",99,51,3,0.6,2,"TopSupport","two-point",2,2,"two-point",2,"degenerate",,,,,2,2,,"NoSwitchDetected",
123456,"TwoPole",100,51,3,0.6,2,"TopSupport","two-point",2,2,"two-point",2,"degenerate",,,,,2,2,,"NoSwitchDetected",
123456,"TwoPole",101,51,3,0.6,2,"TopSupport","two-point",2,2,"two-point",2,"degenerate",,,,,2,2,,"NoSwitchDetected",
123456,"TwoPole",102,51,3,0.6,2,"TopSupport","two-point",2,2,"one-point",1,"degenerate",,,,,1,2,2.169950542371748,"SwitchDetected",2
123456,"TwoPole",103,51,3,0.6,2,"TopSupport","two-point",2,2,"two-point",2,"degenerate",,,,,2,2,,"NoSwitchDetected",
123456,"TwoPole",104,51,3,0.6,2,"TopSupport","two-point",2,2,"two-point",2,"degenerate",,,,,2,2,,"NoSwitchDetected",
123456,"TwoPole",105,51,3,0.6,2,"TopSupport","two-point",2,2,"one-point",1,"degenerate",,,,,3,2,2.584967147535138,"SwitchDetected",2
123456,"TwoPole",106,51,3,0.6,2,"TopSupport","one-point",1,1,"one-point",1,"degenerate",,,,,2,2,,"NoSwitchDetected",
123456,"TwoPole",107,51,3,0.6,2,"TopSupport","two-point",2,2,"one-point",1,"degenerate",,,,,1,2,1.152007267545848,"SwitchDetected",2
123456,"TwoPole",108,51,3,0.6,2,"TopSupport","multi-point",3,3,"multi-point",3,"degenerate",,,,,2,2,,"NoSwitchDetected",
123456,"TwoPole",109,51,3,0.6,2,"TopSupport","two-point",2,2,"two-point",2,"degenerate",,,,,2,2,,"NoSwitchDetected",
123456,"TwoPole",110,51,3,0.6,2,"TopSupport","two-point",2,2,"two-point",2,"degenerate",,,,,1,1,,"NoSwitchDetected",
123456,"TwoPole",111,51,3,0.6,2,"TopSupport","two-point",2,2,"one-point",1,"degenerate",,,,,3,2,2.00001159674693,"SwitchDetected",2
123456,"TwoPole",112,51,3,0.6,2,"TopSupport","one-point",1,1,"one-point",1,"degenerate",,,,,3,3,,"NoSwitchDetected",
123456,"TwoPole",113,51,3,0.6,2,"TopSupport","two-point",2,2,"one-point",1,"degenerate",,,,,1,2,2.7370016851504215,"SwitchDetected",2
123456,"TwoPole",114,51,3,0.6,2,"TopSupport","two-point",2,2,"two-point",2,"degenerate",,,,,2,2,,"NoSwitchDetected",
123456,"TwoPole",115,51,3,0.6,2,"TopSupport","two-point",2,2,"one-point",1,"degenerate",,,,,1,2,1.1926513343805916,"SwitchDetected",2
123456,"TwoPole",116,51,3,0.6,2,"TopSupport","two-point",2,2,"two-point",2,"degenerate",,,,,1,1,,"NoSwitchDetected",
123456,"TwoPole",117,51,3,0.6,2,"TopSupport","two-point",2,2,"one-point",1,"degenerate",,,,,1,2,3.1699259467067815,"SwitchDetected",2
123456,"TwoPole",118,51,3,0.6,2,"TopSupport","two-point",2,2,"one-point",1,"degenerate",,,,,1,2,1.1926513343805916,"SwitchDetected",2
123456,"TwoPole",119,51,3,0.6,2,"TopSupport","one-point",1,1,"one-point",1,"degenerate",,,,,1,1,,"NoSwitchDetected",
123456,"TwoPole",120,51,3,0.6,2,"TopSupport","two-point",2,2,"two-point",2,"degenerate",,,,,3,3,,"NoSwitchDetected",
123456,"TwoPole",121,51,3,0.6,2,"TopSupport","two-point",2,2,"two-point",2,"degenerate",,,,,2,2,,"NoSwitchDetected",
123456,"TwoPole",122,51,3,0.6,2,"TopSupport","two-point",2,2,"two-point",2,"degenerate",,,,,2,2,,"NoSwitchDetected",
123456,"TwoPole",123,51,3,0.6,2,"TopSupport","two-point",2,2,"one-point",1,"degenerate",,,,,1,2,1.7369833590336334,"SwitchDetected",2
123456,"TwoPole",124,51,3,0.6,2,"TopSupport","two-point",2,2,"two-point",2,"degenerate",,,,,2,2,,"NoSwitchDetected",
123456,"TwoPole",125,51,3,0.6,2,"TopSupport","two-point",2,2,"one-point",1,"degenerate",,,,,1,2,3.3219519711924486,"SwitchDetected",2
123456,"TwoPole",126,51,3,0.6,2,"TopSupport","one-point",1,1,"one-point",1,"degenerate",,,,,1,1,,"NoSwitchDetected",
123456,"TwoPole",127,51,3,0.6,2,"TopSupport","multi-point",3,3,"two-point",2,"degenerate",,,,,2,2,,"NoSwitchDetected",
123456,"TwoPole",128,51,3,0.6,2,"TopSupport","two-point",2,2,"one-point",1,"degenerate",,,,,1,2,2.8073734677162334,"SwitchDetected",2
123456,"TwoPole",129,51,3,0.6,2,"TopSupport","one-point",1,1,"one-point",1,"degenerate",,,,,1,1,,"NoSwitchDetected",
123456,"TwoPole",130,51,3,0.6,2,"TopSupport","two-point",2,2,"two-point",2,"degenerate",,,,,2,2,,"NoSwitchDetected",
123456,"TwoPole",131,51,3,0.6,2,"TopSupport","two-point",2,2,"two-point",2,"degenerate",,,,,2,2,,"NoSwitchDetected",
123456,"TwoPole",132,51,3,0.6,2,"TopSupport","two-point",2,2,"two-point",2,"degenerate",,,,,1,1,,"NoSwitchDetected",
123456,"TwoPole",133,51,3,0.6,2,"TopSupport","two-point",2,2,"one-point",1,"degenerate",,,,,3,2,1.5849633566706869,"SwitchDetected",2
123456,"TwoPole",134,51,3,0.6,2,"TopSupport","two-point",2,2,"two-point",2,"degenerate",,,,,2,2,,"NoSwitchDetected",
123456,"TwoPole",135,51,3,0.6,2,"TopSupport","two-point",2,2,"two-point",2,"degenerate",,,,,2,2,,"NoSwitchDetected",
123456,"TwoPole",136,51,3,0.6,2,"TopSupport","one-point",1,1,"one-point",1,"degenerate",,,,,1,1,,"NoSwitchDetected",
123456,"TwoPole",137,51,3,0.6,2,"TopSupport","two-point",2,2,"one-point",1,"degenerate",,,,,1,2,1.7004410155630727,"SwitchDetected",2
123456,"TwoPole",138,51,3,0.6,2,"TopSupport","two-point",2,2,"one-point",1,"degenerate",,,,,3,2,1.7369833590336334,"SwitchDetected",2
123456,"TwoPole",139,51,3,0.6,2,"TopSupport","two-point",2,2,"one-point",1,"degenerate",,,,,1,2,2.7370016851504215,"SwitchDetected",2
123456,"TwoPole",140,51,3,0.6,2,"TopSupport","one-point",1,1,"one-point",1,"degenerate",,,,,2,2,,"NoSwitchDetected",
123456,"TwoPole",141,51,3,0.6,2,"TopSupport","multi-point",3,3,"two-point",2,"calibrated",1.6652275811027506,0.013310714105180504,3,2,,,,"",
123456,"TwoPole",142,51,3,0.6,2,"TopSupport","two-point",2,2,"one-point",1,"degenerate",,,,,1,2,1.5849633566706869,"SwitchDetected",2
123456,"TwoPole",143,51,3,0.6,2,"TopSupport","two-point",2,2,"one-point",1,"degenerate",,,,,1,2,2.070413520366417,"SwitchDetected",2
123456,"TwoPole",144,51,3,0.6,2,"TopSupport","two-point",2,2,"two-point",2,"degenerate",,,,,2,2,,"NoSwitchDetected",
123456,"TwoPole",145,51,3,0.6,2,"TopSupport","two-point",2,2,"one-point",1,"degenerate",,,,,1,2,3.3923677936254384,"SwitchDetected",2
123456,"TwoPole",146,51,3,0.6,2,"TopSupport","two-point",2,2,"two-point",2,"degenerate",,,,,2,2,,"NoSwitchDetected",
123456,"TwoPole",147,51,3,0.6,2,"TopSupport","two-point",2,2,"two-point",2,"degenerate",,,,,2,2,,"NoSwitchDetected",
123456,"TwoPole",148,51,3,0.6,2,"TopSupport","one-point",1,1,"one-point",1,"degenerate",,,,,1,1,,"NoSwitchDetected",
123456,"TwoPole",149,51,3,0.6,2,"TopSupport","multi-point",3,3,"two-point",2,"calibrated",1.119310173285797,0.007079309029484484,3,2,,,,"",
123456,"TwoPole",150,51,3,0.6,2,"TopSupport","two-point",2,2,"one-point",1,"degenerate",,,,,3,2,2.00001159674693,"SwitchDetected",2
123456,"TwoPole",151,51,3,0.6,2,"TopSupport","two-point",2,2,"one-point",1,"degenerate",,,,,1,2,2.247949486994438,"SwitchDetected",2
123456,"TwoPole",152,51,3,0.6,2,"TopSupport","two-point",2,2,"one-point",1,"degenerate",,,,,1,2,2.2224113719531116,"SwitchDetected",2
123456,"TwoPole",153,51,3,0.6,2,"TopSupport","two-point",2,2,"one-point",1,"degenerate",,,,,1,2,1.7369833590336334,"SwitchDetected",2
123456,"TwoPole",154,51,3,0.6,2,"TopSupport","two-point",2,2,"one-point",1,"degenerate",,,,,1,2,1.7369833590336334,"SwitchDetected",2
123456,"TwoPole",155,51,3,0.6,2,"TopSupport","multi-point",3,3,"two-point",2,"degenerate",,,,,2,2,,"NoSwitchDetected",
123456,"TwoPole",156,51,3,0.6,2,"TopSupport","two-point",2,2,"one-point",1,"degenerate",,,,,3,2,2.584967147535138,"SwitchDetected",2
123456,"TwoPole",157,51,3,0.6,2,"TopSupport","two-point",2,2,"one-point",1,"degenerate",,,,,3,2,1.5235732367585293,"SwitchDetected",2
123456,"TwoPole",158,51,3,0.6,2,"TopSupport","two-point",2,2,"one-point",1,"degenerate",,,,,3,2,1.0995360661117537,"SwitchDetected",2
123456,"TwoPole",159,51,3,0.6,2,"TopSupport","two-point",2,2,"two-point",2,"degenerate",,,,,2,2,,"NoSwitchDetected",
123456,"TwoPole",160,51,3,0.6,2,"TopSupport","multi-point",3,3,"multi-point",3,"degenerate",,,,,2,2,,"NoSwitchDetected",
123456,"TwoPole",161,51,3,0.6,2,"TopSupport","two-point",2,2,"two-point",2,"degenerate",,,,,2,2,,"NoSwitchDetected",
123456,"TwoPole",162,51,3,0.6,2,"TopSupport","multi-point",3,3,"multi-point",3,"degenerate",,,,,2,2,,"NoSwitchDetected",
123456,"TwoPole",163,51,3,0.6,2,"TopSupport","two-point",2,2,"two-point",2,"degenerate",,,,,2,2,,"NoSwitchDetected",
123456,"TwoPole",164,51,3,0.6,2,"TopSupport","one-point",1,1,"one-point",1,"degenerate",,,,,2,2,,"NoSwitchDetected",
123456,"TwoPole",165,51,3,0.6,2,"TopSupport","two-point",2,2,"one-point",1,"degenerate",,,,,1,2,3.1699259467067815,"SwitchDetected",2
123456,"TwoPole",166,51,3,0.6,2,"TopSupport","multi-point",3,3,"multi-point",3,"calibrated",1,0.00730994152046785,3,2,,,,"",
123456,"TwoPole",167,51,3,0.6,2,"TopSupport","two-point",2,2,"two-point",2,"degenerate",,,,,2,2,,"NoSwitchDetected",
123456,"TwoPole",168,51,3,0.6,2,"TopSupport","two-point",2,2,"one-point",1,"degenerate",,,,,1,2,1.5025124026740577,"SwitchDetected",2
123456,"TwoPole",169,51,3,0.6,2,"TopSupport","one-point",1,1,"one-point",1,"degenerate",,,,,3,3,,"NoSwitchDetected",
123456,"TwoPole",170,51,3,0.6,2,"TopSupport","two-point",2,2,"one-point",1,"degenerate",,,,,1,2,2.584967147535138,"SwitchDetected",2
123456,"TwoPole",171,51,3,0.6,2,"TopSupport","two-point",2,2,"one-point",1,"degenerate",,,,,1,2,2.00001159674693,"SwitchDetected",2
123456,"TwoPole",172,51,3,0.6,2,"TopSupport","two-point",2,2,"one-point",1,"degenerate",,,,,1,2,1.1926513343805916,"SwitchDetected",2
123456,"TwoPole",173,51,3,0.6,2,"TopSupport","two-point",2,2,"two-point",2,"degenerate",,,,,2,2,,"NoSwitchDetected",
123456,"TwoPole",174,51,3,0.6,2,"TopSupport","two-point",2,2,"one-point",1,"degenerate",,,,,3,2,2.169950542371748,"SwitchDetected",2
123456,"TwoPole",175,51,3,0.6,2,"TopSupport","two-point",2,2,"two-point",2,"degenerate",,,,,2,2,,"NoSwitchDetected",
123456,"TwoPole",176,51,3,0.6,2,"TopSupport","two-point",2,2,"one-point",1,"degenerate",,,,,1,2,1.2630387707573838,"SwitchDetected",2
123456,"TwoPole",177,51,3,0.6,2,"TopSupport","two-point",2,2,"one-point",1,"degenerate",,,,,1,2,1.5025124026740577,"SwitchDetected",2
123456,"TwoPole",178,51,3,0.6,2,"TopSupport","multi-point",3,3,"one-point",1,"degenerate",,,,,3,2,1.9068912400437852,"SwitchDetected",2
123456,"TwoPole",179,51,3,0.6,2,"TopSupport","two-point",2,2,"two-point",2,"degenerate",,,,,2,2,,"NoSwitchDetected",
123456,"TwoPole",180,51,3,0.6,2,"TopSupport","two-point",2,2,"one-point",1,"degenerate",,,,,1,2,2.584967147535138,"SwitchDetected",2
123456,"TwoPole",181,51,3,0.6,2,"TopSupport","two-point",2,2,"one-point",1,"degenerate",,,,,1,2,1.5305255015964774,"SwitchDetected",2
123456,"TwoPole",182,51,3,0.6,2,"TopSupport","two-point",2,2,"one-point",1,"degenerate",,,,,1,2,1.3219291661716357,"SwitchDetected",2
123456,"TwoPole",183,51,3,0.6,2,"TopSupport","one-point",1,1,"one-point",1,"degenerate",,,,,1,1,,"NoSwitchDetected",
123456,"TwoPole",184,51,3,0.6,2,"TopSupport","two-point",2,2,"one-point",1,"degenerate",,,,,1,2,1.7004410155630727,"SwitchDetected",2
123456,"TwoPole",185,51,3,0.6,2,"TopSupport","two-point",2,2,"one-point",1,"degenerate",,,,,3,2,1.0780082113906728,"SwitchDetected",2
123456,"TwoPole",186,51,3,0.6,2,"TopSupport","two-point",2,2,"one-point",1,"degenerate",,,,,1,2,1.3219291661716357,"SwitchDetected",2
123456,"TwoPole",187,51,3,0.6,2,"TopSupport","two-point",2,2,"one-point",1,"degenerate",,,,,3,2,1.7776094873830577,"SwitchDetected",2
123456,"TwoPole",188,51,3,0.6,2,"TopSupport","multi-point",3,3,"one-point",1,"degenerate",,,,,1,2,3.1699259467067815,"SwitchDetected",2
123456,"TwoPole",189,51,3,0.6,2,"TopSupport","two-point",2,2,"two-point",2,"degenerate",,,,,2,2,,"NoSwitchDetected",
123456,"TwoPole",190,51,3,0.6,2,"TopSupport","two-point",2,2,"one-point",1,"degenerate",,,,,3,2,1.1154841682301817,"SwitchDetected",2
123456,"TwoPole",191,51,3,0.6,2,"TopSupport","one-point",1,1,"one-point",1,"degenerate",,,,,1,1,,"NoSwitchDetected",
123456,"TwoPole",192,51,3,0.6,2,"TopSupport","two-point",2,2,"one-point",1,"degenerate",,,,,1,2,1.2224008081692845,"SwitchDetected",2
123456,"TwoPole",193,51,3,0.6,2,"TopSupport","two-point",2,2,"one-point",1,"degenerate",,,,,3,2,1.1154841682301817,"SwitchDetected",2
123456,"TwoPole",194,51,3,0.6,2,"TopSupport","two-point",2,2,"one-point",1,"degenerate",,,,,1,2,1.4150462671072566,"SwitchDetected",2
123456,"TwoPole",195,51,3,0.6,2,"TopSupport","two-point",2,2,"two-point",2,"degenerate",,,,,2,2,,"NoSwitchDetected",
123456,"TwoPole",196,51,3,0.6,2,"TopSupport","two-point",2,2,"one-point",1,"degenerate",,,,,3,2,3.906929052181016,"SwitchDetected",2
123456,"TwoPole",197,51,3,0.6,2,"TopSupport","one-point",1,1,"one-point",1,"degenerate",,,,,2,2,,"NoSwitchDetected",
123456,"TwoPole",198,51,3,0.6,2,"TopSupport","one-point",1,1,"one-point",1,"degenerate",,,,,2,2,,"NoSwitchDetected",
123456,"TwoPole",199,51,3,0.6,2,"TopSupport","one-point",1,1,"one-point",1,"degenerate",,,,,3,3,,"NoSwitchDetected",
123456,"TwoPole",200,51,3,0.6,2,"TopSupport","two-point",2,2,"one-point",1,"degenerate",,,,,3,2,1.5849633566706869,"SwitchDetected",2
123456,"TwoPole",1,51,3,0.6,3,"TopSupport","one-point",1,1,"one-point",1,"degenerate",,,,,1,1,,"NoSwitchDetected",
123456,"TwoPole",2,51,3,0.6,3,"TopSupport","two-point",2,2,"two-point",2,"degenerate",,,,,1,1,,"NoSwitchDetected",
123456,"TwoPole",3,51,3,0.6,3,"TopSupport","two-point",2,2,"two-point",2,"degenerate",,,,,1,1,,"NoSwitchDetected",
123456,"TwoPole",4,51,3,0.6,3,"TopSupport","one-point",1,1,"one-point",1,"degenerate",,,,,2,2,,"NoSwitchDetected",
123456,"TwoPole",5,51,3,0.6,3,"TopSupport","one-point",1,1,"one-point",1,"degenerate",,,,,1,1,,"NoSwitchDetected",
123456,"TwoPole",6,51,3,0.6,3,"TopSupport","two-point",2,2,"two-point",2,"degenerate",,,,,1,1,,"NoSwitchDetected",
123456,"TwoPole",7,51,3,0.6,3,"TopSupport","one-point",1,1,"one-point",1,"degenerate",,,,,3,3,,"NoSwitchDetected",
123456,"TwoPole",8,51,3,0.6,3,"TopSupport","two-point",2,2,"one-point",1,"degenerate",,,,,2,1,1.3219291661716357,"SwitchDetected",1
123456,"TwoPole",9,51,3,0.6,3,"TopSupport","two-point",2,2,"one-point",1,"degenerate",,,,,2,3,2.4150409410169296,"SwitchDetected",3
123456,"TwoPole",10,51,3,0.6,3,"TopSupport","one-point",1,1,"one-point",1,"degenerate",,,,,3,3,,"NoSwitchDetected",
123456,"TwoPole",11,51,3,0.6,3,"TopSupport","one-point",1,1,"one-point",1,"degenerate",,,,,2,2,,"NoSwitchDetected",
123456,"TwoPole",12,51,3,0.6,3,"TopSupport","two-point",2,2,"one-point",1,"degenerate",,,,,2,1,2.169950542371748,"SwitchDetected",1
123456,"TwoPole",13,51,3,0.6,3,"TopSupport","one-point",1,1,"one-point",1,"degenerate",,,,,1,1,,"NoSwitchDetected",
123456,"TwoPole",14,51,3,0.6,3,"TopSupport","two-point",2,2,"one-point",1,"degenerate",,,,,2,1,1.6520767171025332,"SwitchDetected",1
123456,"TwoPole",15,51,3,0.6,3,"TopSupport","one-point",1,1,"one-point",1,"degenerate",,,,,3,3,,"NoSwitchDetected",
123456,"TwoPole",16,51,3,0.6,3,"TopSupport","two-point",2,2,"two-point",2,"degenerate",,,,,1,1,,"NoSwitchDetected",
123456,"TwoPole",17,51,3,0.6,3,"TopSupport","two-point",2,2,"one-point",1,"degenerate",,,,,2,3,1.169933063033857,"SwitchDetected",3
123456,"TwoPole",18,51,3,0.6,3,"TopSupport","two-point",2,2,"one-point",1,"degenerate",,,,,3,2,2.00001159674693,"SwitchDetected",2
123456,"TwoPole",19,51,3,0.6,3,"TopSupport","two-point",2,2,"two-point",2,"degenerate",,,,,3,3,,"NoSwitchDetected",
123456,"TwoPole",20,51,3,0.6,3,"TopSupport","two-point",2,2,"two-point",2,"degenerate",,,,,1,1,,"NoSwitchDetected",
123456,"TwoPole",21,51,3,0.6,3,"TopSupport","two-point",2,2,"two-point",2,"degenerate",,,,,3,3,,"NoSwitchDetected",
123456,"TwoPole",22,51,3,0.6,3,"TopSupport","one-point",1,1,"one-point",1,"degenerate",,,,,2,2,,"NoSwitchDetected",
123456,"TwoPole",23,51,3,0.6,3,"TopSupport","one-point",1,1,"one-point",1,"degenerate",,,,,3,3,,"NoSwitchDetected",
123456,"TwoPole",24,51,3,0.6,3,"TopSupport","one-point",1,1,"one-point",1,"degenerate",,,,,1,1,,"NoSwitchDetected",
123456,"TwoPole",25,51,3,0.6,3,"TopSupport","two-point",2,2,"one-point",1,"degenerate",,,,,3,1,1.0780082113906728,"SwitchDetected",1
123456,"TwoPole",26,51,3,0.6,3,"TopSupport","two-point",2,2,"two-point",2,"degenerate",,,,,3,3,,"NoSwitchDetected",
123456,"TwoPole",27,51,3,0.6,3,"TopSupport","one-point",1,1,"one-point",1,"degenerate",,,,,1,1,,"NoSwitchDetected",
123456,"TwoPole",28,51,3,0.6,3,"TopSupport","two-point",2,2,"two-point",2,"degenerate",,,,,2,2,,"NoSwitchDetected",
123456,"TwoPole",29,51,3,0.6,3,"TopSupport","two-point",2,2,"two-point",2,"degenerate",,,,,1,1,,"NoSwitchDetected",
123456,"TwoPole",30,51,3,0.6,3,"TopSupport","two-point",2,2,"one-point",1,"degenerate",,,,,2,1,1.5025124026740577,"SwitchDetected",1
123456,"TwoPole",31,51,3,0.6,3,"TopSupport","two-point",2,2,"two-point",2,"degenerate",,,,,3,3,,"NoSwitchDetected",
123456,"TwoPole",32,51,3,0.6,3,"TopSupport","two-point",2,2,"two-point",2,"degenerate",,,,,1,1,,"NoSwitchDetected",
123456,"TwoPole",33,51,3,0.6,3,"TopSupport","one-point",1,1,"one-point",1,"degenerate",,,,,2,2,,"NoSwitchDetected",
123456,"TwoPole",34,51,3,0.6,3,"TopSupport","one-point",1,1,"one-point",1,"degenerate",,,,,2,2,,"NoSwitchDetected",
123456,"TwoPole",35,51,3,0.6,3,"TopSupport","two-point",2,2,"two-point",2,"degenerate",,,,,3,3,,"NoSwitchDetected",
123456,"TwoPole",36,51,3,0.6,3,"TopSupport","one-point",1,1,"one-point",1,"degenerate",,,,,2,2,,"NoSwitchDetected",
123456,"TwoPole",37,51,3,0.6,3,"TopSupport","two-point",2,2,"two-point",2,"degenerate",,,,,1,1,,"NoSwitchDetected",
123456,"TwoPole",38,51,3,0.6,3,"TopSupport","two-point",2,2,"one-point",1,"degenerate",,,,,2,1,1.2630387707573838,"SwitchDetected",1
123456,"TwoPole",39,51,3,0.6,3,"TopSupport","two-point",2,2,"two-point",2,"degenerate",,,,,1,1,,"NoSwitchDetected",
123456,"TwoPole",40,51,3,0.6,3,"TopSupport","two-point",2,2,"two-point",2,"degenerate",,,,,3,3,,"NoSwitchDetected",
123456,"TwoPole",41,51,3,0.6,3,"TopSupport","one-point",1,1,"one-point",1,"degenerate",,,,,2,2,,"NoSwitchDetected",
123456,"TwoPole",42,51,3,0.6,3,"TopSupport","one-point",1,1,"one-point",1,"degenerate",,,,,2,2,,"NoSwitchDetected",
123456,"TwoPole",43,51,3,0.6,3,"TopSupport","one-point",1,1,"one-point",1,"degenerate",,,,,2,2,,"NoSwitchDetected",
123456,"TwoPole",44,51,3,0.6,3,"TopSupport","one-point",1,1,"one-point",1,"degenerate",,,,,1,1,,"NoSwitchDetected",
123456,"TwoPole",45,51,3,0.6,3,"TopSupport","multi-point",3,3,"multi-point",3,"degenerate",,,,,3,3,,"NoSwitchDetected",
123456,"TwoPole",46,51,3,0.6,3,"TopSupport","one-point",1,1,"one-point",1,"degenerate",,,,,2,2,,"NoSwitchDetected",
123456,"TwoPole",47,51,3,0.6,3,"TopSupport","two-point",2,2,"one-point",1,"degenerate",,,,,2,1,2.00001159674693,"SwitchDetected",1
123456,"TwoPole",48,51,3,0.6,3,"TopSupport","two-point",2,2,"two-point",2,"degenerate",,,,,3,3,,"NoSwitchDetected",
123456,"TwoPole",49,51,3,0.6,3,"TopSupport","one-point",1,1,"one-point",1,"degenerate",,,,,2,2,,"NoSwitchDetected",
123456,"TwoPole",50,51,3,0.6,3,"TopSupport","two-point",2,2,"one-point",1,"degenerate",,,,,1,2,1.5849633566706869,"SwitchDetected",2
123456,"TwoPole",51,51,3,0.6,3,"TopSupport","one-point",1,1,"one-point",1,"degenerate",,,,,2,2,,"NoSwitchDetected",
123456,"TwoPole",52,51,3,0.6,3,"TopSupport","two-point",2,2,"two-point",2,"degenerate",,,,,1,1,,"NoSwitchDetected",
123456,"TwoPole",53,51,3,0.6,3,"TopSupport","one-point",1,1,"one-point",1,"degenerate",,,,,1,1,,"NoSwitchDetected",
123456,"TwoPole",54,51,3,0.6,3,"TopSupport","two-point",2,2,"two-point",2,"degenerate",,,,,3,3,,"NoSwitchDetected",
123456,"TwoPole",55,51,3,0.6,3,"TopSupport","two-point",2,2,"one-point",1,"degenerate",,,,,1,2,2.584967147535138,"SwitchDetected",2
123456,"TwoPole",56,51,3,0.6,3,"TopSupport","two-point",2,2,"one-point",1,"degenerate",,,,,3,1,1.3219291661716357,"SwitchDetected",1
123456,"TwoPole",57,51,3,0.6,3,"TopSupport","two-point",2,2,"one-point",1,"degenerate",,,,,2,3,1.1375103838437979,"SwitchDetected",3
123456,"TwoPole",58,51,3,0.6,3,"TopSupport","two-point",2,2,"one-point",1,"degenerate",,,,,2,3,1.3219291661716357,"SwitchDetected",3
123456,"TwoPole",59,51,3,0.6,3,"TopSupport","two-point",2,2,"two-point",2,"degenerate",,,,,3,3,,"NoSwitchDetected",
123456,"TwoPole",60,51,3,0.6,3,"TopSupport","two-point",2,2,"two-point",2,"degenerate",,,,,1,1,,"NoSwitchDetected",
123456,"TwoPole",61,51,3,0.6,3,"TopSupport","multi-point",3,3,"two-point",2,"calibrated",1.2233801540552787,0.015552636967955981,3,3,,,,"",
123456,"TwoPole",62,51,3,0.6,3,"TopSupport","one-point",1,1,"one-point",1,"degenerate",,,,,2,2,,"NoSwitchDetected",
123456,"TwoPole",63,51,3,0.6,3,"TopSupport","two-point",2,2,"one-point",1,"degenerate",,,,,2,3,2.115479157514041,"SwitchDetected",3
123456,"TwoPole",64,51,3,0.6,3,"TopSupport","two-point",2,2,"one-point",1,"degenerate",,,,,2,1,1.7004410155630727,"SwitchDetected",1
123456,"TwoPole",65,51,3,0.6,3,"TopSupport","one-point",1,1,"one-point",1,"degenerate",,,,,3,3,,"NoSwitchDetected",
123456,"TwoPole",66,51,3,0.6,3,"TopSupport","one-point",1,1,"one-point",1,"degenerate",,,,,1,1,,"NoSwitchDetected",
123456,"TwoPole",67,51,3,0.6,3,"TopSupport","two-point",2,2,"one-point",1,"degenerate",,,,,2,3,3.1699259467067815,"SwitchDetected",3
123456,"TwoPole",68,51,3,0.6,3,"TopSupport","two-point",2,2,"two-point",2,"degenerate",,,,,1,1,,"NoSwitchDetected",
123456,"TwoPole",69,51,3,0.6,3,"TopSupport","one-point",1,1,"one-point",1,"degenerate",,,,,2,2,,"NoSwitchDetected",
123456,"TwoPole",70,51,3,0.6,3,"TopSupport","one-point",1,1,"one-point",1,"degenerate",,,,,1,1,,"NoSwitchDetected",
123456,"TwoPole",71,51,3,0.6,3,"TopSupport","one-point",1,1,"one-point",1,"degenerate",,,,,3,3,,"NoSwitchDetected",
123456,"TwoPole",72,51,3,0.6,3,"TopSupport","one-point",1,1,"one-point",1,"degenerate",,,,,1,1,,"NoSwitchDetected",
123456,"TwoPole",73,51,3,0.6,3,"TopSupport","two-point",2,2,"two-point",2,"degenerate",,,,,2,2,,"NoSwitchDetected",
123456,"TwoPole",74,51,3,0.6,3,"TopSupport","one-point",1,1,"one-point",1,"degenerate",,,,,2,2,,"NoSwitchDetected",
123456,"TwoPole",75,51,3,0.6,3,"TopSupport","two-point",2,2,"two-point",2,"degenerate",,,,,1,1,,"NoSwitchDetected",
123456,"TwoPole",76,51,3,0.6,3,"TopSupport","multi-point",3,3,"one-point",1,"degenerate",,,,,2,1,1.1375103838437979,"SwitchDetected",1
123456,"TwoPole",77,51,3,0.6,3,"TopSupport","two-point",2,2,"two-point",2,"degenerate",,,,,1,1,,"NoSwitchDetected",
123456,"TwoPole",78,51,3,0.6,3,"TopSupport","one-point",1,1,"one-point",1,"degenerate",,,,,2,2,,"NoSwitchDetected",
123456,"TwoPole",79,51,3,0.6,3,"TopSupport","two-point",2,2,"one-point",1,"degenerate",,,,,2,3,2.00001159674693,"SwitchDetected",3
123456,"TwoPole",80,51,3,0.6,3,"TopSupport","one-point",1,1,"one-point",1,"degenerate",,,,,1,1,,"NoSwitchDetected",
123456,"TwoPole",81,51,3,0.6,3,"TopSupport","two-point",2,2,"one-point",1,"degenerate",,,,,3,1,2.4594359689508223,"SwitchDetected",1
123456,"TwoPole",82,51,3,0.6,3,"TopSupport","one-point",1,1,"one-point",1,"degenerate",,,,,3,3,,"NoSwitchDetected",
123456,"TwoPole",83,51,3,0.6,3,"TopSupport","one-point",1,1,"one-point",1,"degenerate",,,,,2,2,,"NoSwitchDetected",
123456,"TwoPole",84,51,3,0.6,3,"TopSupport","two-point",2,2,"two-point",2,"degenerate",,,,,3,3,,"NoSwitchDetected",
123456,"TwoPole",85,51,3,0.6,3,"TopSupport","two-point",2,2,"one-point",1,"degenerate",,,,,3,1,2.584967147535138,"SwitchDetected",1
123456,"TwoPole",86,51,3,0.6,3,"TopSupport","one-point",1,1,"one-point",1,"degenerate",,,,,1,1,,"NoSwitchDetected",
123456,"TwoPole",87,51,3,0.6,3,"TopSupport","one-point",1,1,"one-point",1,"degenerate",,,,,3,3,,"NoSwitchDetected",
123456,"TwoPole",88,51,3,0.6,3,"TopSupport","one-point",1,1,"one-point",1,"degenerate",,,,,2,2,,"NoSwitchDetected",
123456,"TwoPole",89,51,3,0.6,3,"TopSupport","multi-point",3,3,"two-point",2,"degenerate",,,,,1,1,,"NoSwitchDetected",
123456,"TwoPole",90,51,3,0.6,3,"TopSupport","two-point",2,2,"two-point",2,"degenerate",,,,,1,1,,"NoSwitchDetected",
123456,"TwoPole",91,51,3,0.6,3,"TopSupport","one-point",1,1,"one-point",1,"degenerate",,,,,2,2,,"NoSwitchDetected",
123456,"TwoPole",92,51,3,0.6,3,"TopSupport","two-point",2,2,"two-point",2,"degenerate",,,,,3,3,,"NoSwitchDetected",
123456,"TwoPole",93,51,3,0.6,3,"TopSupport","two-point",2,2,"two-point",2,"degenerate",,,,,3,3,,"NoSwitchDetected",
123456,"TwoPole",94,51,3,0.6,3,"TopSupport","one-point",1,1,"one-point",1,"degenerate",,,,,3,3,,"NoSwitchDetected",
123456,"TwoPole",95,51,3,0.6,3,"TopSupport","two-point",2,2,"two-point",2,"degenerate",,,,,3,3,,"NoSwitchDetected",
123456,"TwoPole",96,51,3,0.6,3,"TopSupport","two-point",2,2,"two-point",2,"degenerate",,,,,2,2,,"NoSwitchDetected",
123456,"TwoPole",97,51,3,0.6,3,"TopSupport","one-point",1,1,"one-point",1,"degenerate",,,,,2,2,,"NoSwitchDetected",
123456,"TwoPole",98,51,3,0.6,3,"TopSupport","two-point",2,2,"one-point",1,"degenerate",,,,,2,1,1.3219291661716357,"SwitchDetected",1
123456,"TwoPole",99,51,3,0.6,3,"TopSupport","one-point",1,1,"one-point",1,"degenerate",,,,,1,1,,"NoSwitchDetected",
123456,"TwoPole",100,51,3,0.6,3,"TopSupport","one-point",1,1,"one-point",1,"degenerate",,,,,1,1,,"NoSwitchDetected",
123456,"TwoPole",101,51,3,0.6,3,"TopSupport","one-point",1,1,"one-point",1,"degenerate",,,,,2,2,,"NoSwitchDetected",
123456,"TwoPole",102,51,3,0.6,3,"TopSupport","multi-point",3,3,"one-point",1,"degenerate",,,,,2,3,2.4594359689508223,"SwitchDetected",3
123456,"TwoPole",103,51,3,0.6,3,"TopSupport","one-point",1,1,"one-point",1,"degenerate",,,,,2,2,,"NoSwitchDetected",
123456,"TwoPole",104,51,3,0.6,3,"TopSupport","one-point",1,1,"one-point",1,"degenerate",,,,,2,2,,"NoSwitchDetected",
123456,"TwoPole",105,51,3,0.6,3,"TopSupport","two-point",2,2,"one-point",1,"degenerate",,,,,2,1,2.169950542371748,"SwitchDetected",1
123456,"TwoPole",106,51,3,0.6,3,"TopSupport","two-point",2,2,"two-point",2,"degenerate",,,,,3,3,,"NoSwitchDetected",
123456,"TwoPole",107,51,3,0.6,3,"TopSupport","one-point",1,1,"one-point",1,"degenerate",,,,,1,1,,"NoSwitchDetected",
123456,"TwoPole",108,51,3,0.6,3,"TopSupport","one-point",1,1,"one-point",1,"degenerate",,,,,2,2,,"NoSwitchDetected",
123456,"TwoPole",109,51,3,0.6,3,"TopSupport","one-point",1,1,"one-point",1,"degenerate",,,,,1,1,,"NoSwitchDetected",
123456,"TwoPole",110,51,3,0.6,3,"TopSupport","one-point",1,1,"one-point",1,"degenerate",,,,,1,1,,"NoSwitchDetected",
123456,"TwoPole",111,51,3,0.6,3,"TopSupport","two-point",2,2,"two-point",2,"degenerate",,,,,3,3,,"NoSwitchDetected",
123456,"TwoPole",112,51,3,0.6,3,"TopSupport","two-point",2,2,"one-point",1,"degenerate",,,,,2,3,3.1699259467067815,"SwitchDetected",3
123456,"TwoPole",113,51,3,0.6,3,"TopSupport","two-point",2,2,"two-point",2,"degenerate",,,,,1,1,,"NoSwitchDetected",
123456,"TwoPole",114,51,3,0.6,3,"TopSupport","two-point",2,2,"one-point",1,"degenerate",,,,,2,1,1.5849633566706869,"SwitchDetected",1
123456,"TwoPole",115,51,3,0.6,3,"TopSupport","multi-point",3,3,"multi-point",3,"degenerate",,,,,1,1,,"NoSwitchDetected",
123456,"TwoPole",116,51,3,0.6,3,"TopSupport","two-point",2,2,"one-point",1,"degenerate",,,,,2,1,1.8744740769639563,"SwitchDetected",1
123456,"TwoPole",117,51,3,0.6,3,"TopSupport","two-point",2,2,"one-point",1,"degenerate",,,,,1,3,2.00001159674693,"SwitchDetected",3
123456,"TwoPole",118,51,3,0.6,3,"TopSupport","one-point",1,1,"one-point",1,"degenerate",,,,,1,1,,"NoSwitchDetected",
123456,"TwoPole",119,51,3,0.6,3,"TopSupport","one-point",1,1,"one-point",1,"degenerate",,,,,2,2,,"NoSwitchDetected",
123456,"TwoPole",120,51,3,0.6,3,"TopSupport","two-point",2,2,"two-point",2,"degenerate",,,,,2,2,,"NoSwitchDetected",
123456,"TwoPole",121,51,3,0.6,3,"TopSupport","one-point",1,1,"one-point",1,"degenerate",,,,,2,2,,"NoSwitchDetected",
123456,"TwoPole",122,51,3,0.6,3,"TopSupport","one-point",1,1,"one-point",1,"degenerate",,,,,3,3,,"NoSwitchDetected",
123456,"TwoPole",123,51,3,0.6,3,"TopSupport","two-point",2,2,"two-point",2,"degenerate",,,,,3,3,,"NoSwitchDetected",
123456,"TwoPole",124,51,3,0.6,3,"TopSupport","two-point",2,2,"two-point",2,"degenerate",,,,,3,3,,"NoSwitchDetected",
123456,"TwoPole",125,51,3,0.6,3,"TopSupport","one-point",1,1,"one-point",1,"degenerate",,,,,1,1,,"NoSwitchDetected",
123456,"TwoPole",126,51,3,0.6,3,"TopSupport","two-point",2,2,"one-point",1,"degenerate",,,,,2,3,1.169933063033857,"SwitchDetected",3
123456,"TwoPole",127,51,3,0.6,3,"TopSupport","one-point",1,1,"one-point",1,"degenerate",,,,,2,2,,"NoSwitchDetected",
123456,"TwoPole",128,51,3,0.6,3,"TopSupport","two-point",2,2,"two-point",2,"degenerate",,,,,1,1,,"NoSwitchDetected",
123456,"TwoPole",129,51,3,0.6,3,"TopSupport","two-point",2,2,"one-point",1,"degenerate",,,,,2,3,2.584967147535138,"SwitchDetected",3
123456,"TwoPole",130,51,3,0.6,3,"TopSupport","two-point",2,2,"one-point",1,"degenerate",,,,,3,1,1.2224008081692845,"SwitchDetected",1
123456,"TwoPole",131,51,3,0.6,3,"TopSupport","one-point",1,1,"one-point",1,"degenerate",,,,,2,2,,"NoSwitchDetected",
123456,"TwoPole",132,51,3,0.6,3,"TopSupport","one-point",1,1,"one-point",1,"degenerate",,,,,1,1,,"NoSwitchDetected",
123456,"TwoPole",133,51,3,0.6,3,"TopSupport","one-point",1,1,"one-point",1,"degenerate",,,,,2,2,,"NoSwitchDetected",
123456,"TwoPole",134,51,3,0.6,3,"TopSupport","one-point",1,1,"one-point",1,"degenerate",,,,,3,3,,"NoSwitchDetected",
123456,"TwoPole",135,51,3,0.6,3,"TopSupport","two-point",2,2,"two-point",2,"degenerate",,,,,1,1,,"NoSwitchDetected",
123456,"TwoPole",136,51,3,0.6,3,"TopSupport","one-point",1,1,"one-point",1,"degenerate",,,,,3,3,,"NoSwitchDetected",
123456,"TwoPole",137,51,3,0.6,3,"TopSupport","multi-point",3,3,"multi-point",3,"degenerate",,,,,2,2,,"NoSwitchDetected",
123456,"TwoPole",138,51,3,0.6,3,"TopSupport","two-point",2,2,"two-point",2,"degenerate",,,,,1,1,,"NoSwitchDetected",
123456,"TwoPole",139,51,3,0.6,3,"TopSupport","two-point",2,2,"one-point",1,"degenerate",,,,,2,1,1.3219291661716357,"SwitchDetected",1
123456,"TwoPole",140,51,3,0.6,3,"TopSupport","one-point",1,1,"one-point",1,"degenerate",,,,,2,2,,"NoSwitchDetected",
123456,"TwoPole",141,51,3,0.6,3,"TopSupport","two-point",2,2,"one-point",1,"degenerate",,,,,2,3,1.3219291661716357,"SwitchDetected",3
123456,"TwoPole",142,51,3,0.6,3,"TopSupport","two-point",2,2,"two-point",2,"degenerate",,,,,1,1,,"NoSwitchDetected",
123456,"TwoPole",143,51,3,0.6,3,"TopSupport","two-point",2,2,"one-point",1,"degenerate",,,,,2,1,1.7004410155630727,"SwitchDetected",1
123456,"TwoPole",144,51,3,0.6,3,"TopSupport","one-point",1,1,"one-point",1,"degenerate",,,,,3,3,,"NoSwitchDetected",
123456,"TwoPole",145,51,3,0.6,3,"TopSupport","two-point",2,2,"two-point",2,"degenerate",,,,,2,2,,"NoSwitchDetected",
123456,"TwoPole",146,51,3,0.6,3,"TopSupport","two-point",2,2,"two-point",2,"degenerate",,,,,1,1,,"NoSwitchDetected",
123456,"TwoPole",147,51,3,0.6,3,"TopSupport","two-point",2,2,"one-point",1,"degenerate",,,,,2,1,1.5025124026740577,"SwitchDetected",1
123456,"TwoPole",148,51,3,0.6,3,"TopSupport","one-point",1,1,"one-point",1,"degenerate",,,,,2,2,,"NoSwitchDetected",
123456,"TwoPole",149,51,3,0.6,3,"TopSupport","two-point",2,2,"one-point",1,"degenerate",,,,,1,3,3.3219519711924486,"SwitchDetected",3
123456,"TwoPole",150,51,3,0.6,3,"TopSupport","two-point",2,2,"two-point",2,"degenerate",,,,,3,3,,"NoSwitchDetected",
123456,"TwoPole",151,51,3,0.6,3,"TopSupport","one-point",1,1,"one-point",1,"degenerate",,,,,3,3,,"NoSwitchDetected",
123456,"TwoPole",152,51,3,0.6,3,"TopSupport","one-point",1,1,"one-point",1,"degenerate",,,,,2,2,,"NoSwitchDetected",
123456,"TwoPole",153,51,3,0.6,3,"TopSupport","one-point",1,1,"one-point",1,"degenerate",,,,,1,1,,"NoSwitchDetected",
123456,"TwoPole",154,51,3,0.6,3,"TopSupport","two-point",2,2,"one-point",1,"degenerate",,,,,2,1,1.3219291661716357,"SwitchDetected",1
123456,"TwoPole",155,51,3,0.6,3,"TopSupport","one-point",1,1,"one-point",1,"degenerate",,,,,1,1,,"NoSwitchDetected",
123456,"TwoPole",156,51,3,0.6,3,"TopSupport","one-point",1,1,"one-point",1,"degenerate",,,,,2,2,,"NoSwitchDetected",
123456,"TwoPole",157,51,3,0.6,3,"TopSupport","one-point",1,1,"one-point",1,"degenerate",,,,,2,2,,"NoSwitchDetected",
123456,"TwoPole",158,51,3,0.6,3,"TopSupport","two-point",2,2,"two-point",2,"degenerate",,,,,1,1,,"NoSwitchDetected",
123456,"TwoPole",159,51,3,0.6,3,"TopSupport","two-point",2,2,"two-point",2,"degenerate",,,,,1,1,,"NoSwitchDetected",
123456,"TwoPole",160,51,3,0.6,3,"TopSupport","multi-point",3,3,"multi-point",3,"degenerate",,,,,1,1,,"NoSwitchDetected",
123456,"TwoPole",161,51,3,0.6,3,"TopSupport","one-point",1,1,"one-point",1,"degenerate",,,,,3,3,,"NoSwitchDetected",
123456,"TwoPole",162,51,3,0.6,3,"TopSupport","two-point",2,2,"one-point",1,"degenerate",,,,,2,1,2.00001159674693,"SwitchDetected",1
123456,"TwoPole",163,51,3,0.6,3,"TopSupport","two-point",2,2,"two-point",2,"degenerate",,,,,3,3,,"NoSwitchDetected",
123456,"TwoPole",164,51,3,0.6,3,"TopSupport","one-point",1,1,"one-point",1,"degenerate",,,,,2,2,,"NoSwitchDetected",
123456,"TwoPole",165,51,3,0.6,3,"TopSupport","one-point",1,1,"one-point",1,"degenerate",,,,,1,1,,"NoSwitchDetected",
123456,"TwoPole",166,51,3,0.6,3,"TopSupport","two-point",2,2,"two-point",2,"degenerate",,,,,1,1,,"NoSwitchDetected",
123456,"TwoPole",167,51,3,0.6,3,"TopSupport","multi-point",3,3,"two-point",2,"calibrated",1.5938606847697756,0.00780854042250474,3,1,,,,"",
123456,"TwoPole",168,51,3,0.6,3,"TopSupport","two-point",2,2,"one-point",1,"degenerate",,,,,2,1,1.3219291661716357,"SwitchDetected",1
123456,"TwoPole",169,51,3,0.6,3,"TopSupport","one-point",1,1,"one-point",1,"degenerate",,,,,1,1,,"NoSwitchDetected",
123456,"TwoPole",170,51,3,0.6,3,"TopSupport","two-point",2,2,"two-point",2,"degenerate",,,,,1,1,,"NoSwitchDetected",
123456,"TwoPole",171,51,3,0.6,3,"TopSupport","one-point",1,1,"one-point",1,"degenerate",,,,,2,2,,"NoSwitchDetected",
123456,"TwoPole",172,51,3,0.6,3,"TopSupport","multi-point",3,3,"multi-point",3,"degenerate",,,,,1,1,,"NoSwitchDetected",
123456,"TwoPole",173,51,3,0.6,3,"TopSupport","one-point",1,1,"one-point",1,"degenerate",,,,,1,1,,"NoSwitchDetected",
123456,"TwoPole",174,51,3,0.6,3,"TopSupport","one-point",1,1,"one-point",1,"degenerate",,,,,1,1,,"NoSwitchDetected",
123456,"TwoPole",175,51,3,0.6,3,"TopSupport","multi-point",3,3,"multi-point",3,"degenerate",,,,,3,3,,"NoSwitchDetected",
123456,"TwoPole",176,51,3,0.6,3,"TopSupport","two-point",2,2,"two-point",2,"degenerate",,,,,1,1,,"NoSwitchDetected",
123456,"TwoPole",177,51,3,0.6,3,"TopSupport","two-point",2,2,"one-point",1,"degenerate",,,,,2,1,2.169950542371748,"SwitchDetected",1
123456,"TwoPole",178,51,3,0.6,3,"TopSupport","one-point",1,1,"one-point",1,"degenerate",,,,,3,3,,"NoSwitchDetected",
123456,"TwoPole",179,51,3,0.6,3,"TopSupport","two-point",2,2,"two-point",2,"degenerate",,,,,3,3,,"NoSwitchDetected",
123456,"TwoPole",180,51,3,0.6,3,"TopSupport","two-point",2,2,"one-point",1,"degenerate",,,,,2,1,1.2630387707573838,"SwitchDetected",1
123456,"TwoPole",181,51,3,0.6,3,"TopSupport","multi-point",3,3,"two-point",2,"calibrated",1.2233801540552787,0.009933621734334416,3,1,,,,"",
123456,"TwoPole",182,51,3,0.6,3,"TopSupport","one-point",1,1,"one-point",1,"degenerate",,,,,2,2,,"NoSwitchDetected",
123456,"TwoPole",183,51,3,0.6,3,"TopSupport","two-point",2,2,"one-point",1,"degenerate",,,,,3,1,1.169933063033857,"SwitchDetected",1
123456,"TwoPole",184,51,3,0.6,3,"TopSupport","two-point",2,2,"one-point",1,"degenerate",,,,,2,1,2.070413520366417,"SwitchDetected",1
123456,"TwoPole",185,51,3,0.6,3,"TopSupport","two-point",2,2,"two-point",2,"degenerate",,,,,3,3,,"NoSwitchDetected",
123456,"TwoPole",186,51,3,0.6,3,"TopSupport","two-point",2,2,"two-point",2,"degenerate",,,,,1,1,,"NoSwitchDetected",
123456,"TwoPole",187,51,3,0.6,3,"TopSupport","one-point",1,1,"one-point",1,"degenerate",,,,,3,3,,"NoSwitchDetected",
123456,"TwoPole",188,51,3,0.6,3,"TopSupport","two-point",2,2,"one-point",1,"degenerate",,,,,2,3,3.1699259467067815,"SwitchDetected",3
123456,"TwoPole",189,51,3,0.6,3,"TopSupport","one-point",1,1,"one-point",1,"degenerate",,,,,2,2,,"NoSwitchDetected",
123456,"TwoPole",190,51,3,0.6,3,"TopSupport","one-point",1,1,"one-point",1,"degenerate",,,,,1,1,,"NoSwitchDetected",
123456,"TwoPole",191,51,3,0.6,3,"TopSupport","two-point",2,2,"two-point",2,"degenerate",,,,,1,1,,"NoSwitchDetected",
123456,"TwoPole",192,51,3,0.6,3,"TopSupport","two-point",2,2,"two-point",2,"degenerate",,,,,1,1,,"NoSwitchDetected",
123456,"TwoPole",193,51,3,0.6,3,"TopSupport","one-point",1,1,"one-point",1,"degenerate",,,,,2,2,,"NoSwitchDetected",
123456,"TwoPole",194,51,3,0.6,3,"TopSupport","two-point",2,2,"one-point",1,"degenerate",,,,,2,1,3.3219519711924486,"SwitchDetected",1
123456,"TwoPole",195,51,3,0.6,3,"TopSupport","one-point",1,1,"one-point",1,"degenerate",,,,,2,2,,"NoSwitchDetected",
123456,"TwoPole",196,51,3,0.6,3,"TopSupport","two-point",2,2,"one-point",1,"degenerate",,,,,1,3,2.8073734677162334,"SwitchDetected",3
123456,"TwoPole",197,51,3,0.6,3,"TopSupport","two-point",2,2,"two-point",2,"degenerate",,,,,1,1,,"NoSwitchDetected",
123456,"TwoPole",198,51,3,0.6,3,"TopSupport","multi-point",3,3,"multi-point",3,"degenerate",,,,,3,3,,"NoSwitchDetected",
123456,"TwoPole",199,51,3,0.6,3,"TopSupport","two-point",2,2,"two-point",2,"degenerate",,,,,1,1,,"NoSwitchDetected",
123456,"TwoPole",200,51,3,0.6,3,"TopSupport","two-point",2,2,"two-point",2,"degenerate",,,,,1,1,,"NoSwitchDetected",
123456,"TwoPole",1,51,3,0.7,1,"TopSupport","two-point",2,2,"one-point",1,"degenerate",,,,,2,1,1.000005950963148,"SwitchDetected",1
123456,"TwoPole",2,51,3,0.7,1,"TopSupport","two-point",2,2,"two-point",2,"degenerate",,,,,1,1,,"NoSwitchDetected",
123456,"TwoPole",3,51,3,0.7,1,"TopSupport","two-point",2,2,"two-point",2,"degenerate",,,,,1,1,,"NoSwitchDetected",
123456,"TwoPole",4,51,3,0.7,1,"TopSupport","two-point",2,2,"two-point",2,"degenerate",,,,,1,1,,"NoSwitchDetected",
123456,"TwoPole",5,51,3,0.7,1,"TopSupport","two-point",2,2,"two-point",2,"degenerate",,,,,1,1,,"NoSwitchDetected",
123456,"TwoPole",6,51,3,0.7,1,"TopSupport","two-point",2,2,"two-point",2,"degenerate",,,,,1,1,,"NoSwitchDetected",
123456,"TwoPole",7,51,3,0.7,1,"TopSupport","two-point",2,2,"two-point",2,"degenerate",,,,,1,1,,"NoSwitchDetected",
123456,"TwoPole",8,51,3,0.7,1,"TopSupport","two-point",2,2,"two-point",2,"degenerate",,,,,1,1,,"NoSwitchDetected",
123456,"TwoPole",9,51,3,0.7,1,"TopSupport","two-point",2,2,"two-point",2,"degenerate",,,,,1,1,,"NoSwitchDetected",
123456,"TwoPole",10,51,3,0.7,1,"TopSupport","two-point",2,2,"two-point",2,"degenerate",,,,,1,1,,"NoSwitchDetected",
123456,"TwoPole",11,51,3,0.7,1,"TopSupport","two-point",2,2,"two-point",2,"degenerate",,,,,1,1,,"NoSwitchDetected",
123456,"TwoPole",12,51,3,0.7,1,"TopSupport","two-point",2,2,"one-point",1,"degenerate",,,,,2,1,2.0506305745338946,"SwitchDetected",1
123456,"TwoPole",13,51,3,0.7,1,"TopSupport","two-point",2,2,"one-point",1,"degenerate",,,,,2,1,1.000005950963148,"SwitchDetected",1
123456,"TwoPole",14,51,3,0.7,1,"TopSupport","two-point",2,2,"two-point",2,"degenerate",,,,,1,1,,"NoSwitchDetected",
123456,"TwoPole",15,51,3,0.7,1,"TopSupport","one-point",1,1,"one-point",1,"degenerate",,,,,1,1,,"NoSwitchDetected",
123456,"TwoPole",16,51,3,0.7,1,"TopSupport","two-point",2,2,"one-point",1,"degenerate",,,,,2,1,2.3219378771076404,"SwitchDetected",1
123456,"TwoPole",17,51,3,0.7,1,"TopSupport","two-point",2,2,"two-point",2,"degenerate",,,,,1,1,,"NoSwitchDetected",
123456,"TwoPole",18,51,3,0.7,1,"TopSupport","two-point",2,2,"two-point",2,"degenerate",,,,,1,1,,"NoSwitchDetected",
123456,"TwoPole",19,51,3,0.7,1,"TopSupport","two-point",2,2,"two-point",2,"degenerate",,,,,1,1,,"NoSwitchDetected",
123456,"TwoPole",20,51,3,0.7,1,"TopSupport","two-point",2,2,"one-point",1,"degenerate",,,,,2,1,1.169933063033857,"SwitchDetected",1
123456,"TwoPole",21,51,3,0.7,1,"TopSupport","one-point",1,1,"one-point",1,"degenerate",,,,,1,1,,"NoSwitchDetected",
123456,"TwoPole",22,51,3,0.7,1,"TopSupport","one-point",1,1,"one-point",1,"degenerate",,,,,1,1,,"NoSwitchDetected",
123456,"TwoPole",23,51,3,0.7,1,"TopSupport","two-point",2,2,"two-point",2,"degenerate",,,,,1,1,,"NoSwitchDetected",
123456,"TwoPole",24,51,3,0.7,1,"TopSupport","two-point",2,2,"two-point",2,"degenerate",,,,,1,1,,"NoSwitchDetected",
123456,"TwoPole",25,51,3,0.7,1,"TopSupport","two-point",2,2,"two-point",2,"degenerate",,,,,1,1,,"NoSwitchDetected",
123456,"TwoPole",26,51,3,0.7,1,"TopSupport","two-point",2,2,"two-point",2,"degenerate",,,,,1,1,,"NoSwitchDetected",
123456,"TwoPole",27,51,3,0.7,1,"TopSupport","two-point",2,2,"two-point",2,"degenerate",,,,,1,1,,"NoSwitchDetected",
123456,"TwoPole",28,51,3,0.7,1,"TopSupport","two-point",2,2,"one-point",1,"degenerate",,,,,2,1,1.157546297171257,"SwitchDetected",1
123456,"TwoPole",29,51,3,0.7,1,"TopSupport","two-point",2,2,"two-point",2,"degenerate",,,,,1,1,,"NoSwitchDetected",
123456,"TwoPole",30,51,3,0.7,1,"TopSupport","two-point",2,2,"two-point",2,"degenerate",,,,,1,1,,"NoSwitchDetected",
123456,"TwoPole",31,51,3,0.7,1,"TopSupport","two-point",2,2,"two-point",2,"degenerate",,,,,1,1,,"NoSwitchDetected",
123456,"TwoPole",32,51,3,0.7,1,"TopSupport","two-point",2,2,"one-point",1,"degenerate",,,,,2,1,1.5360657628154706,"SwitchDetected",1
123456,"TwoPole",33,51,3,0.7,1,"TopSupport","two-point",2,2,"two-point",2,"degenerate",,,,,1,1,,"NoSwitchDetected",
123456,"TwoPole",34,51,3,0.7,1,"TopSupport","one-point",1,1,"one-point",1,"degenerate",,,,,1,1,,"NoSwitchDetected",
123456,"TwoPole",35,51,3,0.7,1,"TopSupport","two-point",2,2,"one-point",1,"degenerate",,,,,2,1,2.8579851414078163,"SwitchDetected",1
123456,"TwoPole",36,51,3,0.7,1,"TopSupport","two-point",2,2,"one-point",1,"degenerate",,,,,2,1,1.807358665660985,"SwitchDetected",1
123456,"TwoPole",37,51,3,0.7,1,"TopSupport","two-point",2,2,"two-point",2,"degenerate",,,,,1,1,,"NoSwitchDetected",
123456,"TwoPole",38,51,3,0.7,1,"TopSupport","two-point",2,2,"two-point",2,"degenerate",,,,,1,1,,"NoSwitchDetected",
123456,"TwoPole",39,51,3,0.7,1,"TopSupport","two-point",2,2,"one-point",1,"degenerate",,,,,2,1,1.1844299226151727,"SwitchDetected",1
123456,"TwoPole",40,51,3,0.7,1,"TopSupport","two-point",2,2,"two-point",2,"degenerate",,,,,1,1,,"NoSwitchDetected",
123456,"TwoPole",41,51,3,0.7,1,"TopSupport","two-point",2,2,"two-point",2,"degenerate",,,,,1,1,,"NoSwitchDetected",
123456,"TwoPole",42,51,3,0.7,1,"TopSupport","two-point",2,2,"one-point",1,"degenerate",,,,,2,1,1.378515096755412,"SwitchDetected",1
123456,"TwoPole",43,51,3,0.7,1,"TopSupport","two-point",2,2,"two-point",2,"degenerate",,,,,1,1,,"NoSwitchDetected",
123456,"TwoPole",44,51,3,0.7,1,"TopSupport","two-point",2,2,"two-point",2,"degenerate",,,,,1,1,,"NoSwitchDetected",
123456,"TwoPole",45,51,3,0.7,1,"TopSupport","one-point",1,1,"one-point",1,"degenerate",,,,,1,1,,"NoSwitchDetected",
123456,"TwoPole",46,51,3,0.7,1,"TopSupport","two-point",2,2,"two-point",2,"degenerate",,,,,1,1,,"NoSwitchDetected",
123456,"TwoPole",47,51,3,0.7,1,"TopSupport","two-point",2,2,"two-point",2,"degenerate",,,,,1,1,,"NoSwitchDetected",
123456,"TwoPole",48,51,3,0.7,1,"TopSupport","two-point",2,2,"two-point",2,"degenerate",,,,,1,1,,"NoSwitchDetected",
123456,"TwoPole",49,51,3,0.7,1,"TopSupport","two-point",2,2,"one-point",1,"degenerate",,,,,2,1,1.3479295965117057,"SwitchDetected",1
123456,"TwoPole",50,51,3,0.7,1,"TopSupport","two-point",2,2,"two-point",2,"degenerate",,,,,1,1,,"NoSwitchDetected",
123456,"TwoPole",51,51,3,0.7,1,"TopSupport","one-point",1,1,"one-point",1,"degenerate",,,,,1,1,,"NoSwitchDetected",
123456,"TwoPole",52,51,3,0.7,1,"TopSupport","two-point",2,2,"two-point",2,"degenerate",,,,,1,1,,"NoSwitchDetected",
123456,"TwoPole",53,51,3,0.7,1,"TopSupport","two-point",2,2,"one-point",1,"degenerate",,,,,2,1,1.4150462671072566,"SwitchDetected",1
123456,"TwoPole",54,51,3,0.7,1,"TopSupport","two-point",2,2,"two-point",2,"degenerate",,,,,1,1,,"NoSwitchDetected",
123456,"TwoPole",55,51,3,0.7,1,"TopSupport","one-point",1,1,"one-point",1,"degenerate",,,,,1,1,,"NoSwitchDetected",
123456,"TwoPole",56,51,3,0.7,1,"TopSupport","two-point",2,2,"one-point",1,"degenerate",,,,,2,1,1.000005950963148,"SwitchDetected",1
123456,"TwoPole",57,51,3,0.7,1,"TopSupport","two-point",2,2,"one-point",1,"degenerate",,,,,2,1,1.3219291661716357,"SwitchDetected",1
123456,"TwoPole",58,51,3,0.7,1,"TopSupport","two-point",2,2,"two-point",2,"degenerate",,,,,1,1,,"NoSwitchDetected",
123456,"TwoPole",59,51,3,0.7,1,"TopSupport","two-point",2,2,"two-point",2,"degenerate",,,,,1,1,,"NoSwitchDetected",
123456,"TwoPole",60,51,3,0.7,1,"TopSupport","two-point",2,2,"one-point",1,"degenerate",,,,,2,1,1.000005950963148,"SwitchDetected",1
123456,"TwoPole",61,51,3,0.7,1,"TopSupport","one-point",1,1,"one-point",1,"degenerate",,,,,1,1,,"NoSwitchDetected",
123456,"TwoPole",62,51,3,0.7,1,"TopSupport","two-point",2,2,"two-point",2,"degenerate",,,,,1,1,,"NoSwitchDetected",
123456,"TwoPole",63,51,3,0.7,1,"TopSupport","two-point",2,2,"one-point",1,"degenerate",,,,,2,1,1.3479295965117057,"SwitchDetected",1
123456,"TwoPole",64,51,3,0.7,1,"TopSupport","two-point",2,2,"two-point",2,"degenerate",,,,,1,1,,"NoSwitchDetected",
123456,"TwoPole",65,51,3,0.7,1,"TopSupport","two-point",2,2,"two-point",2,"degenerate",,,,,1,1,,"NoSwitchDetected",
123456,"TwoPole",66,51,3,0.7,1,"TopSupport","two-point",2,2,"two-point",2,"degenerate",,,,,1,1,,"NoSwitchDetected",
123456,"TwoPole",67,51,3,0.7,1,"TopSupport","two-point",2,2,"two-point",2,"degenerate",,,,,1,1,,"NoSwitchDetected",
123456,"TwoPole",68,51,3,0.7,1,"TopSupport","two-point",2,2,"two-point",2,"degenerate",,,,,1,1,,"NoSwitchDetected",
123456,"TwoPole",69,51,3,0.7,1,"TopSupport","two-point",2,2,"two-point",2,"degenerate",,,,,1,1,,"NoSwitchDetected",
123456,"TwoPole",70,51,3,0.7,1,"TopSupport","two-point",2,2,"two-point",2,"degenerate",,,,,1,1,,"NoSwitchDetected",
123456,"TwoPole",71,51,3,0.7,1,"TopSupport","two-point",2,2,"two-point",2,"degenerate",,,,,1,1,,"NoSwitchDetected",
123456,"TwoPole",72,51,3,0.7,1,"TopSupport","two-point",2,2,"one-point",1,"degenerate",,,,,2,1,1.6438666786398168,"SwitchDetected",1
123456,"TwoPole",73,51,3,0.7,1,"TopSupport","one-point",1,1,"one-point",1,"degenerate",,,,,1,1,,"NoSwitchDetected",
123456,"TwoPole",74,51,3,0.7,1,"TopSupport","two-point",2,2,"one-point",1,"degenerate",,,,,2,1,1.157546297171257,"SwitchDetected",1
123456,"TwoPole",75,51,3,0.7,1,"TopSupport","two-point",2,2,"two-point",2,"degenerate",,,,,1,1,,"NoSwitchDetected",
123456,"TwoPole",76,51,3,0.7,1,"TopSupport","two-point",2,2,"two-point",2,"degenerate",,,,,1,1,,"NoSwitchDetected",
123456,"TwoPole",77,51,3,0.7,1,"TopSupport","one-point",1,1,"one-point",1,"degenerate",,,,,1,1,,"NoSwitchDetected",
123456,"TwoPole",78,51,3,0.7,1,"TopSupport","one-point",1,1,"one-point",1,"degenerate",,,,,1,1,,"NoSwitchDetected",
123456,"TwoPole",79,51,3,0.7,1,"TopSupport","two-point",2,2,"two-point",2,"degenerate",,,,,1,1,,"NoSwitchDetected",
123456,"TwoPole",80,51,3,0.7,1,"TopSupport","two-point",2,2,"two-point",2,"degenerate",,,,,1,1,,"NoSwitchDetected",
123456,"TwoPole",81,51,3,0.7,1,"TopSupport","two-point",2,2,"one-point",1,"degenerate",,,,,2,1,1.000005950963148,"SwitchDetected",1
123456,"TwoPole",82,51,3,0.7,1,"TopSupport","two-point",2,2,"two-point",2,"degenerate",,,,,1,1,,"NoSwitchDetected",
123456,"TwoPole",83,51,3,0.7,1,"TopSupport","two-point",2,2,"two-point",2,"degenerate",,,,,1,1,,"NoSwitchDetected",
123456,"TwoPole",84,51,3,0.7,1,"TopSupport","two-point",2,2,"two-point",2,"degenerate",,,,,1,1,,"NoSwitchDetected",
123456,"TwoPole",85,51,3,0.7,1,"TopSupport","two-point",2,2,"two-point",2,"degenerate",,,,,1,1,,"NoSwitchDetected",
123456,"TwoPole",86,51,3,0.7,1,"TopSupport","one-point",1,1,"one-point",1,"degenerate",,,,,1,1,,"NoSwitchDetected",
123456,"TwoPole",87,51,3,0.7,1,"TopSupport","two-point",2,2,"two-point",2,"degenerate",,,,,1,1,,"NoSwitchDetected",
123456,"TwoPole",88,51,3,0.7,1,"TopSupport","one-point",1,1,"one-point",1,"degenerate",,,,,1,1,,"NoSwitchDetected",
123456,"TwoPole",89,51,3,0.7,1,"TopSupport","two-point",2,2,"two-point",2,"degenerate",,,,,1,1,,"NoSwitchDetected",
123456,"TwoPole",90,51,3,0.7,1,"TopSupport","two-point",2,2,"one-point",1,"degenerate",,,,,2,1,1.378515096755412,"SwitchDetected",1
123456,"TwoPole",91,51,3,0.7,1,"TopSupport","two-point",2,2,"two-point",2,"degenerate",,,,,1,1,,"NoSwitchDetected",
123456,"TwoPole",92,51,3,0.7,1,"TopSupport","two-point",2,2,"two-point",2,"degenerate",,,,,1,1,,"NoSwitchDetected",
123456,"TwoPole",93,51,3,0.7,1,"TopSupport","one-point",1,1,"one-point",1,"degenerate",,,,,1,1,,"NoSwitchDetected",
123456,"TwoPole",94,51,3,0.7,1,"TopSupport","two-point",2,2,"two-point",2,"degenerate",,,,,1,1,,"NoSwitchDetected",
123456,"TwoPole",95,51,3,0.7,1,"TopSupport","two-point",2,2,"two-point",2,"degenerate",,,,,1,1,,"NoSwitchDetected",
123456,"TwoPole",96,51,3,0.7,1,"TopSupport","two-point",2,2,"two-point",2,"degenerate",,,,,1,1,,"NoSwitchDetected",
123456,"TwoPole",97,51,3,0.7,1,"TopSupport","two-point",2,2,"one-point",1,"degenerate",,,,,2,1,2.0874654921275706,"SwitchDetected",1
123456,"TwoPole",98,51,3,0.7,1,"TopSupport","two-point",2,2,"two-point",2,"degenerate",,,,,1,1,,"NoSwitchDetected",
123456,"TwoPole",99,51,3,0.7,1,"TopSupport","two-point",2,2,"two-point",2,"degenerate",,,,,1,1,,"NoSwitchDetected",
123456,"TwoPole",100,51,3,0.7,1,"TopSupport","two-point",2,2,"one-point",1,"degenerate",,,,,2,1,1.000005950963148,"SwitchDetected",1
123456,"TwoPole",101,51,3,0.7,1,"TopSupport","two-point",2,2,"two-point",2,"degenerate",,,,,1,1,,"NoSwitchDetected",
123456,"TwoPole",102,51,3,0.7,1,"TopSupport","two-point",2,2,"two-point",2,"degenerate",,,,,1,1,,"NoSwitchDetected",
123456,"TwoPole",103,51,3,0.7,1,"TopSupport","two-point",2,2,"two-point",2,"degenerate",,,,,1,1,,"NoSwitchDetected",
123456,"TwoPole",104,51,3,0.7,1,"TopSupport","two-point",2,2,"two-point",2,"degenerate",,,,,1,1,,"NoSwitchDetected",
123456,"TwoPole",105,51,3,0.7,1,"TopSupport","two-point",2,2,"two-point",2,"degenerate",,,,,1,1,,"NoSwitchDetected",
123456,"TwoPole",106,51,3,0.7,1,"TopSupport","two-point",2,2,"two-point",2,"degenerate",,,,,1,1,,"NoSwitchDetected",
123456,"TwoPole",107,51,3,0.7,1,"TopSupport","two-point",2,2,"two-point",2,"degenerate",,,,,1,1,,"NoSwitchDetected",
123456,"TwoPole",108,51,3,0.7,1,"TopSupport","two-point",2,2,"one-point",1,"degenerate",,,,,2,1,1.000005950963148,"SwitchDetected",1
123456,"TwoPole",109,51,3,0.7,1,"TopSupport","two-point",2,2,"one-point",1,"degenerate",,,,,2,1,1.2016403740604393,"SwitchDetected",1
123456,"TwoPole",110,51,3,0.7,1,"TopSupport","two-point",2,2,"two-point",2,"degenerate",,,,,1,1,,"NoSwitchDetected",
123456,"TwoPole",111,51,3,0.7,1,"TopSupport","one-point",1,1,"one-point",1,"degenerate",,,,,1,1,,"NoSwitchDetected",
123456,"TwoPole",112,51,3,0.7,1,"TopSupport","two-point",2,2,"two-point",2,"degenerate",,,,,1,1,,"NoSwitchDetected",
123456,"TwoPole",113,51,3,0.7,1,"TopSupport","two-point",2,2,"two-point",2,"degenerate",,,,,1,1,,"NoSwitchDetected",
123456,"TwoPole",114,51,3,0.7,1,"TopSupport","two-point",2,2,"two-point",2,"degenerate",,,,,1,1,,"NoSwitchDetected",
123456,"TwoPole",115,51,3,0.7,1,"TopSupport","two-point",2,2,"two-point",2,"degenerate",,,,,1,1,,"NoSwitchDetected",
123456,"TwoPole",116,51,3,0.7,1,"TopSupport","two-point",2,2,"one-point",1,"degenerate",,,,,2,1,1.169933063033857,"SwitchDetected",1
123456,"TwoPole",117,51,3,0.7,1,"TopSupport","one-point",1,1,"one-point",1,"degenerate",,,,,1,1,,"NoSwitchDetected",
123456,"TwoPole",118,51,3,0.7,1,"TopSupport","two-point",2,2,"one-point",1,"degenerate",,,,,2,1,3.129312378298418,"SwitchDetected",1
123456,"TwoPole",119,51,3,0.7,1,"TopSupport","two-point",2,2,"two-point",2,"degenerate",,,,,1,1,,"NoSwitchDetected",
123456,"TwoPole",120,51,3,0.7,1,"TopSupport","one-point",1,1,"one-point",1,"degenerate",,,,,1,1,,"NoSwitchDetected",
123456,"TwoPole",121,51,3,0.7,1,"TopSupport","two-point",2,2,"two-point",2,"degenerate",,,,,1,1,,"NoSwitchDetected",
123456,"TwoPole",122,51,3,0.7,1,"TopSupport","two-point",2,2,"two-point",2,"degenerate",,,,,1,1,,"NoSwitchDetected",
123456,"TwoPole",123,51,3,0.7,1,"TopSupport","two-point",2,2,"two-point",2,"degenerate",,,,,1,1,,"NoSwitchDetected",
123456,"TwoPole",124,51,3,0.7,1,"TopSupport","two-point",2,2,"two-point",2,"degenerate",,,,,1,1,,"NoSwitchDetected",
123456,"TwoPole",125,51,3,0.7,1,"TopSupport","two-point",2,2,"one-point",1,"degenerate",,,,,2,1,1.807358665660985,"SwitchDetected",1
123456,"TwoPole",126,51,3,0.7,1,"TopSupport","one-point",1,1,"one-point",1,"degenerate",,,,,1,1,,"NoSwitchDetected",
123456,"TwoPole",127,51,3,0.7,1,"TopSupport","two-point",2,2,"two-point",2,"degenerate",,,,,1,1,,"NoSwitchDetected",
123456,"TwoPole",128,51,3,0.7,1,"TopSupport","two-point",2,2,"one-point",1,"degenerate",,,,,2,1,1.1468418101677214,"SwitchDetected",1
123456,"TwoPole",129,51,3,0.7,1,"TopSupport","two-point",2,2,"one-point",1,"degenerate",,,,,2,1,1.157546297171257,"SwitchDetected",1
123456,"TwoPole",130,51,3,0.7,1,"TopSupport","two-point",2,2,"two-point",2,"degenerate",,,,,1,1,,"NoSwitchDetected",
123456,"TwoPole",131,51,3,0.7,1,"TopSupport","two-point",2,2,"two-point",2,"degenerate",,,,,1,1,,"NoSwitchDetected",
123456,"TwoPole",132,51,3,0.7,1,"TopSupport","two-point",2,2,"two-point",2,"degenerate",,,,,1,1,,"NoSwitchDetected",
123456,"TwoPole",133,51,3,0.7,1,"TopSupport","two-point",2,2,"two-point",2,"degenerate",,,,,1,1,,"NoSwitchDetected",
123456,"TwoPole",134,51,3,0.7,1,"TopSupport","two-point",2,2,"one-point",1,"degenerate",,,,,2,1,1.1844299226151727,"SwitchDetected",1
123456,"TwoPole",135,51,3,0.7,1,"TopSupport","two-point",2,2,"two-point",2,"degenerate",,,,,1,1,,"NoSwitchDetected",
123456,"TwoPole",136,51,3,0.7,1,"TopSupport","two-point",2,2,"two-point",2,"degenerate",,,,,1,1,,"NoSwitchDetected",
123456,"TwoPole",137,51,3,0.7,1,"TopSupport","two-point",2,2,"two-point",2,"degenerate",,,,,1,1,,"NoSwitchDetected",
123456,"TwoPole",138,51,3,0.7,1,"TopSupport","two-point",2,2,"two-point",2,"degenerate",,,,,1,1,,"NoSwitchDetected",
123456,"TwoPole",139,51,3,0.7,1,"TopSupport","two-point",2,2,"two-point",2,"degenerate",,,,,1,1,,"NoSwitchDetected",
123456,"TwoPole",140,51,3,0.7,1,"TopSupport","two-point",2,2,"two-point",2,"degenerate",,,,,1,1,,"NoSwitchDetected",
123456,"TwoPole",141,51,3,0.7,1,"TopSupport","one-point",1,1,"one-point",1,"degenerate",,,,,1,1,,"NoSwitchDetected",
123456,"TwoPole",142,51,3,0.7,1,"TopSupport","two-point",2,2,"one-point",1,"degenerate",,,,,2,1,1.3479295965117057,"SwitchDetected",1
123456,"TwoPole",143,51,3,0.7,1,"TopSupport","two-point",2,2,"one-point",1,"degenerate",,,,,2,1,2.700450871787096,"SwitchDetected",1
123456,"TwoPole",144,51,3,0.7,1,"TopSupport","two-point",2,2,"one-point",1,"degenerate",,,,,2,1,1.378515096755412,"SwitchDetected",1
123456,"TwoPole",145,51,3,0.7,1,"TopSupport","two-point",2,2,"two-point",2,"degenerate",,,,,1,1,,"NoSwitchDetected",
123456,"TwoPole",146,51,3,0.7,1,"TopSupport","two-point",2,2,"one-point",1,"degenerate",,,,,2,1,1.3479295965117057,"SwitchDetected",1
123456,"TwoPole",147,51,3,0.7,1,"TopSupport","two-point",2,2,"one-point",1,"degenerate",,,,,2,1,1.378515096755412,"SwitchDetected",1
123456,"TwoPole",148,51,3,0.7,1,"TopSupport","two-point",2,2,"two-point",2,"degenerate",,,,,1,1,,"NoSwitchDetected",
123456,"TwoPole",149,51,3,0.7,1,"TopSupport","two-point",2,2,"two-point",2,"degenerate",,,,,1,1,,"NoSwitchDetected",
123456,"TwoPole",150,51,3,0.7,1,"TopSupport","two-point",2,2,"two-point",2,"degenerate",,,,,1,1,,"NoSwitchDetected",
123456,"TwoPole",151,51,3,0.7,1,"TopSupport","two-point",2,2,"two-point",2,"degenerate",,,,,1,1,,"NoSwitchDetected",
123456,"TwoPole",152,51,3,0.7,1,"TopSupport","two-point",2,2,"two-point",2,"degenerate",,,,,1,1,,"NoSwitchDetected",
123456,"TwoPole",153,51,3,0.7,1,"TopSupport","one-point",1,1,"one-point",1,"degenerate",,,,,1,1,,"NoSwitchDetected",
123456,"TwoPole",154,51,3,0.7,1,"TopSupport","two-point",2,2,"two-point",2,"degenerate",,,,,1,1,,"NoSwitchDetected",
123456,"TwoPole",155,51,3,0.7,1,"TopSupport","two-point",2,2,"two-point",2,"degenerate",,,,,1,1,,"NoSwitchDetected",
123456,"TwoPole",156,51,3,0.7,1,"TopSupport","two-point",2,2,"two-point",2,"degenerate",,,,,1,1,,"NoSwitchDetected",
123456,"TwoPole",157,51,3,0.7,1,"TopSupport","two-point",2,2,"one-point",1,"degenerate",,,,,2,1,1.169933063033857,"SwitchDetected",1
123456,"TwoPole",158,51,3,0.7,1,"TopSupport","two-point",2,2,"two-point",2,"degenerate",,,,,1,1,,"NoSwitchDetected",
123456,"TwoPole",159,51,3,0.7,1,"TopSupport","two-point",2,2,"two-point",2,"degenerate",,,,,1,1,,"NoSwitchDetected",
123456,"TwoPole",160,51,3,0.7,1,"TopSupport","two-point",2,2,"two-point",2,"degenerate",,,,,1,1,,"NoSwitchDetected",
123456,"TwoPole",161,51,3,0.7,1,"TopSupport","two-point",2,2,"two-point",2,"degenerate",,,,,1,1,,"NoSwitchDetected",
123456,"TwoPole",162,51,3,0.7,1,"TopSupport","two-point",2,2,"two-point",2,"degenerate",,,,,1,1,,"NoSwitchDetected",
123456,"TwoPole",163,51,3,0.7,1,"TopSupport","two-point",2,2,"two-point",2,"degenerate",,,,,1,1,,"NoSwitchDetected",
123456,"TwoPole",164,51,3,0.7,1,"TopSupport","two-point",2,2,"two-point",2,"degenerate",,,,,1,1,,"NoSwitchDetected",
123456,"TwoPole",165,51,3,0.7,1,"TopSupport","two-point",2,2,"two-point",2,"degenerate",,,,,1,1,,"NoSwitchDetected",
123456,"TwoPole",166,51,3,0.7,1,"TopSupport","two-point",2,2,"one-point",1,"degenerate",,,,,2,1,1.1844299226151727,"SwitchDetected",1
123456,"TwoPole",167,51,3,0.7,1,"TopSupport","two-point",2,2,"two-point",2,"degenerate",,,,,1,1,,"NoSwitchDetected",
123456,"TwoPole",168,51,3,0.7,1,"TopSupport","two-point",2,2,"two-point",2,"degenerate",,,,,1,1,,"NoSwitchDetected",
123456,"TwoPole",169,51,3,0.7,1,"TopSupport","two-point",2,2,"one-point",1,"degenerate",,,,,2,1,1.1844299226151727,"SwitchDetected",1
123456,"TwoPole",170,51,3,0.7,1,"TopSupport","two-point",2,2,"two-point",2,"degenerate",,,,,1,1,,"NoSwitchDetected",
123456,"TwoPole",171,51,3,0.7,1,"TopSupport","two-point",2,2,"two-point",2,"degenerate",,,,,1,1,,"NoSwitchDetected",
123456,"TwoPole",172,51,3,0.7,1,"TopSupport","two-point",2,2,"one-point",1,"degenerate",,,,,2,1,2.169950542371748,"SwitchDetected",1
123456,"TwoPole",173,51,3,0.7,1,"TopSupport","two-point",2,2,"two-point",2,"degenerate",,,,,1,1,,"NoSwitchDetected",
123456,"TwoPole",174,51,3,0.7,1,"TopSupport","two-point",2,2,"two-point",2,"degenerate",,,,,1,1,,"NoSwitchDetected",
123456,"TwoPole",175,51,3,0.7,1,"TopSupport","two-point",2,2,"one-point",1,"degenerate",,,,,2,1,1.3479295965117057,"SwitchDetected",1
123456,"TwoPole",176,51,3,0.7,1,"TopSupport","two-point",2,2,"one-point",1,"degenerate",,,,,2,1,1.3219291661716357,"SwitchDetected",1
123456,"TwoPole",177,51,3,0.7,1,"TopSupport","two-point",2,2,"two-point",2,"degenerate",,,,,1,1,,"NoSwitchDetected",
123456,"TwoPole",178,51,3,0.7,1,"TopSupport","two-point",2,2,"one-point",1,"degenerate",,,,,2,1,2.632302987970758,"SwitchDetected",1
123456,"TwoPole",179,51,3,0.7,1,"TopSupport","two-point",2,2,"two-point",2,"degenerate",,,,,1,1,,"NoSwitchDetected",
123456,"TwoPole",180,51,3,0.7,1,"TopSupport","two-point",2,2,"one-point",1,"degenerate",,,,,2,1,1.169933063033857,"SwitchDetected",1
123456,"TwoPole",181,51,3,0.7,1,"TopSupport","two-point",2,2,"two-point",2,"degenerate",,,,,1,1,,"NoSwitchDetected",
123456,"TwoPole",182,51,3,0.7,1,"TopSupport","two-point",2,2,"two-point",2,"degenerate",,,,,1,1,,"NoSwitchDetected",
123456,"TwoPole",183,51,3,0.7,1,"TopSupport","two-point",2,2,"one-point",1,"degenerate",,,,,2,1,1.2016403740604393,"SwitchDetected",1
123456,"TwoPole",184,51,3,0.7,1,"TopSupport","two-point",2,2,"two-point",2,"degenerate",,,,,1,1,,"NoSwitchDetected",
123456,"TwoPole",185,51,3,0.7,1,"TopSupport","two-point",2,2,"two-point",2,"degenerate",,,,,1,1,,"NoSwitchDetected",
123456,"TwoPole",186,51,3,0.7,1,"TopSupport","two-point",2,2,"one-point",1,"degenerate",,,,,2,1,1.000005950963148,"SwitchDetected",1
123456,"TwoPole",187,51,3,0.7,1,"TopSupport","one-point",1,1,"one-point",1,"degenerate",,,,,1,1,,"NoSwitchDetected",
123456,"TwoPole",188,51,3,0.7,1,"TopSupport","two-point",2,2,"two-point",2,"degenerate",,,,,1,1,,"NoSwitchDetected",
123456,"TwoPole",189,51,3,0.7,1,"TopSupport","two-point",2,2,"two-point",2,"degenerate",,,,,1,1,,"NoSwitchDetected",
123456,"TwoPole",190,51,3,0.7,1,"TopSupport","two-point",2,2,"two-point",2,"degenerate",,,,,1,1,,"NoSwitchDetected",
123456,"TwoPole",191,51,3,0.7,1,"TopSupport","two-point",2,2,"two-point",2,"degenerate",,,,,1,1,,"NoSwitchDetected",
123456,"TwoPole",192,51,3,0.7,1,"TopSupport","two-point",2,2,"two-point",2,"degenerate",,,,,1,1,,"NoSwitchDetected",
123456,"TwoPole",193,51,3,0.7,1,"TopSupport","two-point",2,2,"two-point",2,"degenerate",,,,,1,1,,"NoSwitchDetected",
123456,"TwoPole",194,51,3,0.7,1,"TopSupport","two-point",2,2,"two-point",2,"degenerate",,,,,1,1,,"NoSwitchDetected",
123456,"TwoPole",195,51,3,0.7,1,"TopSupport","two-point",2,2,"one-point",1,"degenerate",,,,,2,1,1.3219291661716357,"SwitchDetected",1
123456,"TwoPole",196,51,3,0.7,1,"TopSupport","one-point",1,1,"one-point",1,"degenerate",,,,,1,1,,"NoSwitchDetected",
123456,"TwoPole",197,51,3,0.7,1,"TopSupport","two-point",2,2,"one-point",1,"degenerate",,,,,2,1,1.3219291661716357,"SwitchDetected",1
123456,"TwoPole",198,51,3,0.7,1,"TopSupport","two-point",2,2,"two-point",2,"degenerate",,,,,1,1,,"NoSwitchDetected",
123456,"TwoPole",199,51,3,0.7,1,"TopSupport","two-point",2,2,"two-point",2,"degenerate",,,,,1,1,,"NoSwitchDetected",
123456,"TwoPole",200,51,3,0.7,1,"TopSupport","two-point",2,2,"two-point",2,"degenerate",,,,,1,1,,"NoSwitchDetected",
123456,"TwoPole",1,51,3,0.7,2,"TopSupport","two-point",2,2,"one-point",1,"degenerate",,,,,1,2,1.5849633566706869,"SwitchDetected",2
123456,"TwoPole",2,51,3,0.7,2,"TopSupport","two-point",2,2,"two-point",2,"degenerate",,,,,2,2,,"NoSwitchDetected",
123456,"TwoPole",3,51,3,0.7,2,"TopSupport","one-point",1,1,"one-point",1,"degenerate",,,,,1,1,,"NoSwitchDetected",
123456,"TwoPole",4,51,3,0.7,2,"TopSupport","two-point",2,2,"one-point",1,"degenerate",,,,,1,2,1.4594365883531897,"SwitchDetected",2
123456,"TwoPole",5,51,3,0.7,2,"TopSupport","two-point",2,2,"one-point",1,"degenerate",,,,,1,2,1.9260152239136705,"SwitchDetected",2
123456,"TwoPole",6,51,3,0.7,2,"TopSupport","one-point",1,1,"one-point",1,"degenerate",,,,,1,1,,"NoSwitchDetected",
123456,"TwoPole",7,51,3,0.7,2,"TopSupport","two-point",2,2,"one-point",1,"degenerate",,,,,1,2,1.000005950963148,"SwitchDetected",2
123456,"TwoPole",8,51,3,0.7,2,"TopSupport","two-point",2,2,"one-point",1,"degenerate",,,,,1,2,1.5849633566706869,"SwitchDetected",2
123456,"TwoPole",9,51,3,0.7,2,"TopSupport","multi-point",3,3,"one-point",1,"calibrated",1.2830260406766774,0.0013613447299555032,3,2,,,,"",
123456,"TwoPole",10,51,3,0.7,2,"TopSupport","two-point",2,2,"one-point",1,"degenerate",,,,,1,2,2.8073734677162334,"SwitchDetected",2
123456,"TwoPole",11,51,3,0.7,2,"TopSupport","one-point",1,1,"one-point",1,"degenerate",,,,,1,1,,"NoSwitchDetected",
123456,"TwoPole",12,51,3,0.7,2,"TopSupport","one-point",1,1,"one-point",1,"degenerate",,,,,1,1,,"NoSwitchDetected",
123456,"TwoPole",13,51,3,0.7,2,"TopSupport","two-point",2,2,"one-point",1,"degenerate",,,,,1,3,1.000005950963148,"SwitchDetected",3
123456,"TwoPole",14,51,3,0.7,2,"TopSupport","two-point",2,2,"one-point",1,"degenerate",,,,,1,2,2.0874654921275706,"SwitchDetected",2
123456,"TwoPole",15,51,3,0.7,2,"TopSupport","two-point",2,2,"one-point",1,"degenerate",,,,,1,2,2.584967147535138,"SwitchDetected",2
123456,"TwoPole",16,51,3,0.7,2,"TopSupport","multi-point",3,3,"multi-point",3,"degenerate",,,,,2,2,,"NoSwitchDetected",
123456,"TwoPole",17,51,3,0.7,2,"TopSupport","two-point",2,2,"one-point",1,"degenerate",,,,,1,2,1.000005950963148,"SwitchDetected",2
123456,"TwoPole",18,51,3,0.7,2,"TopSupport","two-point",2,2,"one-point",1,"degenerate",,,,,1,2,2.0874654921275706,"SwitchDetected",2
123456,"TwoPole",19,51,3,0.7,2,"TopSupport","one-point",1,1,"one-point",1,"degenerate",,,,,2,2,,"NoSwitchDetected",
123456,"TwoPole",20,51,3,0.7,2,"TopSupport","one-point",1,1,"one-point",1,"degenerate",,,,,1,1,,"NoSwitchDetected",
123456,"TwoPole",21,51,3,0.7,2,"TopSupport","one-point",1,1,"one-point",1,"degenerate",,,,,1,1,,"NoSwitchDetected",
123456,"TwoPole",22,51,3,0.7,2,"TopSupport","two-point",2,2,"two-point",2,"degenerate",,,,,2,2,,"NoSwitchDetected",
123456,"TwoPole",23,51,3,0.7,2,"TopSupport","one-point",1,1,"one-point",1,"degenerate",,,,,1,1,,"NoSwitchDetected",
123456,"TwoPole",24,51,3,0.7,2,"TopSupport","two-point",2,2,"one-point",1,"degenerate",,,,,1,2,1.6438666786398168,"SwitchDetected",2
123456,"TwoPole",25,51,3,0.7,2,"TopSupport","two-point",2,2,"one-point",1,"degenerate",,,,,1,2,2.584967147535138,"SwitchDetected",2
123456,"TwoPole",26,51,3,0.7,2,"TopSupport","two-point",2,2,"one-point",1,"degenerate",,,,,1,2,2.00001159674693,"SwitchDetected",2
123456,"TwoPole",27,51,3,0.7,2,"TopSupport","two-point",2,2,"one-point",1,"degenerate",,,,,1,2,3.4594831995785444,"SwitchDetected",2
123456,"TwoPole",28,51,3,0.7,2,"TopSupport","two-point",2,2,"one-point",1,"degenerate",,,,,1,2,2.700450871787096,"SwitchDetected",2
123456,"TwoPole",29,51,3,0.7,2,"TopSupport","two-point",2,2,"one-point",1,"degenerate",,,,,1,2,3.4594831995785444,"SwitchDetected",2
123456,"TwoPole",30,51,3,0.7,2,"TopSupport","multi-point",3,3,"two-point",2,"calibrated",1.0025621031525007,0.001571891802674906,3,1,,,,"",
123456,"TwoPole",31,51,3,0.7,2,"TopSupport","one-point",1,1,"one-point",1,"degenerate",,,,,1,1,,"NoSwitchDetected",
123456,"TwoPole",32,51,3,0.7,2,"TopSupport","one-point",1,1,"one-point",1,"degenerate",,,,,2,2,,"NoSwitchDetected",
123456,"TwoPole",33,51,3,0.7,2,"TopSupport","two-point",2,2,"one-point",1,"degenerate",,,,,1,2,3.000034790442517,"SwitchDetected",2
123456,"TwoPole",34,51,3,0.7,2,"TopSupport","multi-point",3,3,"two-point",2,"degenerate",,,,,2,2,,"NoSwitchDetected",
123456,"TwoPole",35,51,3,0.7,2,"TopSupport","two-point",2,2,"one-point",1,"degenerate",,,,,1,2,2.3219378771076404,"SwitchDetected",2
123456,"TwoPole",36,51,3,0.7,2,"TopSupport","two-point",2,2,"one-point",1,"degenerate",,,,,3,2,3.4594831995785444,"SwitchDetected",2
123456,"TwoPole",37,51,3,0.7,2,"TopSupport","two-point",2,2,"two-point",2,"degenerate",,,,,2,2,,"NoSwitchDetected",
123456,"TwoPole",38,51,3,0.7,2,"TopSupport","two-point",2,2,"one-point",1,"degenerate",,,,,1,2,1.247928006497086,"SwitchDetected",2
123456,"TwoPole",39,51,3,0.7,2,"TopSupport","multi-point",3,3,"two-point",2,"calibrated",1.4621466478934257,0.010768778114930306,3,2,,,,"",
123456,"TwoPole",40,51,3,0.7,2,"TopSupport","multi-point",3,3,"two-point",2,"degenerate",,,,,2,2,,"NoSwitchDetected",
123456,"TwoPole",41,51,3,0.7,2,"TopSupport","multi-point",3,3,"two-point",2,"degenerate",,,,,2,2,,"NoSwitchDetected",
123456,"TwoPole",42,51,3,0.7,2,"TopSupport","two-point",2,2,"one-point",1,"degenerate",,,,,1,2,3.2479838869549367,"SwitchDetected",2
123456,"TwoPole",43,51,3,0.7,2,"TopSupport","two-point",2,2,"one-point",1,"degenerate",,,,,1,2,2.00001159674693,"SwitchDetected",2
123456,"TwoPole",44,51,3,0.7,2,"TopSupport","two-point",2,2,"one-point",1,"degenerate",,,,,1,2,2.00001159674693,"SwitchDetected",2
123456,"TwoPole",45,51,3,0.7,2,"TopSupport","two-point",2,2,"one-point",1,"degenerate",,,,,1,2,1.3219291661716357,"SwitchDetected",2
123456,"TwoPole",46,51,3,0.7,2,"TopSupport","two-point",2,2,"one-point",1,"degenerate",,,,,1,2,3.2479838869549367,"SwitchDetected",2
123456,"TwoPole",47,51,3,0.7,2,"TopSupport","two-point",2,2,"one-point",1,"degenerate",,,,,1,2,1.807358665660985,"SwitchDetected",2
123456,"TwoPole",48,51,3,0.7,2,"TopSupport","two-point",2,2,"one-point",1,"degenerate",,,,,1,2,1.000005950963148,"SwitchDetected",2
123456,"TwoPole",49,51,3,0.7,2,"TopSupport","two-point",2,2,"one-point",1,"degenerate",,,,,1,2,1.9260152239136705,"SwitchDetected",2
123456,"TwoPole",50,51,3,0.7,2,"TopSupport","one-point",1,1,"one-point",1,"degenerate",,,,,1,1,,"NoSwitchDetected",
123456,"TwoPole",51,51,3,0.7,2,"TopSupport","one-point",1,1,"one-point",1,"degenerate",,,,,1,1,,"NoSwitchDetected",
123456,"TwoPole",52,51,3,0.7,2,"TopSupport","two-point",2,2,"one-point",1,"degenerate",,,,,1,2,1.2016403740604393,"SwitchDetected",2
123456,"TwoPole",53,51,3,0.7,2,"TopSupport","two-point",2,2,"two-point",2,"degenerate",,,,,2,2,,"NoSwitchDetected",
123456,"TwoPole",54,51,3,0.7,2,"TopSupport","two-point",2,2,"one-point",1,"degenerate",,,,,1,2,1.2224008081692845,"SwitchDetected",2
123456,"TwoPole",55,51,3,0.7,2,"TopSupport","two-point",2,2,"one-point",1,"degenerate",,,,,1,2,2.700450871787096,"SwitchDetected",2
123456,"TwoPole",56,51,3,0.7,2,"TopSupport","one-point",1,1,"one-point",1,"degenerate",,,,,2,2,,"NoSwitchDetected",
123456,"TwoPole",57,51,3,0.7,2,"TopSupport","one-point",1,1,"one-point",1,"degenerate",,,,,1,1,,"NoSwitchDetected",
123456,"TwoPole",58,51,3,0.7,2,"TopSupport","two-point",2,2,"one-point",1,"degenerate",,,,,3,1,2.3219378771076404,"SwitchDetected",1
123456,"TwoPole",59,51,3,0.7,2,"TopSupport","two-point",2,2,"one-point",1,"degenerate",,,,,1,2,1.3219291661716357,"SwitchDetected",2
123456,"TwoPole",60,51,3,0.7,2,"TopSupport","two-point",2,2,"one-point",1,"degenerate",,,,,1,2,2.8073734677162334,"SwitchDetected",2
123456,"TwoPole",61,51,3,0.7,2,"TopSupport","two-point",2,2,"one-point",1,"degenerate",,,,,1,2,1.5145786515036244,"SwitchDetected",2
123456,"TwoPole",62,51,3,0.7,2,"TopSupport","two-point",2,2,"one-point",1,"degenerate",,,,,1,2,2.00001159674693,"SwitchDetected",2
123456,"TwoPole",63,51,3,0.7,2,"TopSupport","two-point",2,2,"one-point",1,"degenerate",,,,,1,2,2.3219378771076404,"SwitchDetected",2
123456,"TwoPole",64,51,3,0.7,2,"TopSupport","two-point",2,2,"one-point",1,"degenerate",,,,,1,2,1.000005950963148,"SwitchDetected",2
123456,"TwoPole",65,51,3,0.7,2,"TopSupport","two-point",2,2,"two-point",2,"degenerate",,,,,2,2,,"NoSwitchDetected",
123456,"TwoPole",66,51,3,0.7,2,"TopSupport","two-point",2,2,"two-point",2,"degenerate",,,,,2,2,,"NoSwitchDetected",
123456,"TwoPole",67,51,3,0.7,2,"TopSupport","two-point",2,2,"one-point",1,"degenerate",,,,,1,2,1.7162099560394037,"SwitchDetected",2
123456,"TwoPole",68,51,3,0.7,2,"TopSupport","multi-point",3,3,"two-point",2,"degenerate",,,,,2,2,,"NoSwitchDetected",
123456,"TwoPole",69,51,3,0.7,2,"TopSupport","two-point",2,2,"one-point",1,"degenerate",,,,,1,2,1.3219291661716357,"SwitchDetected",2
123456,"TwoPole",70,51,3,0.7,2,"TopSupport","two-point",2,2,"one-point",1,"degenerate",,,,,3,2,1.378515096755412,"SwitchDetected",2
123456,"TwoPole",71,51,3,0.7,2,"TopSupport","two-point",2,2,"one-point",1,"degenerate",,,,,1,2,1.807358665660985,"SwitchDetected",2
123456,"TwoPole",72,51,3,0.7,2,"TopSupport","one-point",1,1,"one-point",1,"degenerate",,,,,1,1,,"NoSwitchDetected",
123456,"TwoPole",73,51,3,0.7,2,"TopSupport","two-point",2,2,"one-point",1,"degenerate",,,,,1,2,2.3219378771076404,"SwitchDetected",2
123456,"TwoPole",74,51,3,0.7,2,"TopSupport","two-point",2,2,"one-point",1,"degenerate",,,,,1,2,1.000005950963148,"SwitchDetected",2
123456,"TwoPole",75,51,3,0.7,2,"TopSupport","two-point",2,2,"two-point",2,"degenerate",,,,,1,1,,"NoSwitchDetected",
123456,"TwoPole",76,51,3,0.7,2,"TopSupport","one-point",1,1,"one-point",1,"degenerate",,,,,1,1,,"NoSwitchDetected",
123456,"TwoPole",77,51,3,0.7,2,"TopSupport","one-point",1,1,"one-point",1,"degenerate",,,,,2,2,,"NoSwitchDetected",
123456,"TwoPole",78,51,3,0.7,2,"TopSupport","two-point",2,2,"one-point",1,"degenerate",,,,,1,2,4.321928829565539,"SwitchDetected",2
123456,"TwoPole",79,51,3,0.7,2,"TopSupport","two-point",2,2,"one-point",1,"degenerate",,,,,1,2,1.000005950963148,"SwitchDetected",2
123456,"TwoPole",80,51,3,0.7,2,"TopSupport","one-point",1,1,"one-point",1,"degenerate",,,,,1,1,,"NoSwitchDetected",
123456,"TwoPole",81,51,3,0.7,2,"TopSupport","two-point",2,2,"one-point",1,"degenerate",,,,,1,2,1.6780772986888488,"SwitchDetected",2
123456,"TwoPole",82,51,3,0.7,2,"TopSupport","two-point",2,2,"two-point",2,"degenerate",,,,,2,2,,"NoSwitchDetected",
123456,"TwoPole",83,51,3,0.7,2,"TopSupport","two-point",2,2,"one-point",1,"degenerate",,,,,1,2,1.4150462671072566,"SwitchDetected",2
123456,"TwoPole",84,51,3,0.7,2,"TopSupport","one-point",1,1,"one-point",1,"degenerate",,,,,3,3,,"NoSwitchDetected",
123456,"TwoPole",85,51,3,0.7,2,"TopSupport","two-point",2,2,"one-point",1,"degenerate",,,,,1,2,1.378515096755412,"SwitchDetected",2
123456,"TwoPole",86,51,3,0.7,2,"TopSupport","two-point",2,2,"two-point",2,"degenerate",,,,,2,2,,"NoSwitchDetected",
123456,"TwoPole",87,51,3,0.7,2,"TopSupport","two-point",2,2,"one-point",1,"degenerate",,,,,1,2,1.3219291661716357,"SwitchDetected",2
123456,"TwoPole",88,51,3,0.7,2,"TopSupport","two-point",2,2,"one-point",1,"degenerate",,,,,1,2,1.807358665660985,"SwitchDetected",2
123456,"TwoPole",89,51,3,0.7,2,"TopSupport","two-point",2,2,"one-point",1,"degenerate",,,,,1,2,2.700450871787096,"SwitchDetected",2
123456,"TwoPole",90,51,3,0.7,2,"TopSupport","two-point",2,2,"two-point",2,"degenerate",,,,,2,2,,"NoSwitchDetected",
123456,"TwoPole",91,51,3,0.7,2,"TopSupport","two-point",2,2,"one-point",1,"degenerate",,,,,3,2,1.5849633566706869,"SwitchDetected",2
123456,"TwoPole",92,51,3,0.7,2,"TopSupport","two-point",2,2,"two-point",2,"degenerate",,,,,2,2,,"NoSwitchDetected",
123456,"TwoPole",93,51,3,0.7,2,"TopSupport","two-point",2,2,"two-point",2,"degenerate",,,,,2,2,,"NoSwitchDetected",
123456,"TwoPole",94,51,3,0.7,2,"TopSupport","two-point",2,2,"one-point",1,"degenerate",,,,,1,2,1.5145786515036244,"SwitchDetected",2
123456,"TwoPole",95,51,3,0.7,2,"TopSupport","one-point",1,1,"one-point",1,"degenerate",,,,,1,1,,"NoSwitchDetected",
123456,"TwoPole",96,51,3,0.7,2,"TopSupport","two-point",2,2,"two-point",2,"degenerate",,,,,2,2,,"NoSwitchDetected",
123456,"TwoPole",97,51,3,0.7,2,"TopSupport","two-point",2,2,"one-point",1,"degenerate",,,,,1,2,2.3219378771076404,"SwitchDetected",2
123456,"TwoPole",98,51,3,0.7,2,"TopSupport","two-point",2,2,"one-point",1,"degenerate",,,,,1,2,1.378515096755412,"SwitchDetected",2
123456,"TwoPole",99,51,3,0.7,2,"TopSupport","one-point",1,1,"one-point",1,"degenerate",,,,,1,1,,"NoSwitchDetected",
123456,"TwoPole",100,51,3,0.7,2,"TopSupport","one-point",1,1,"one-point",1,"degenerate",,,,,3,3,,"NoSwitchDetected",
123456,"TwoPole",101,51,3,0.7,2,"TopSupport","one-point",1,1,"one-point",1,"degenerate",,,,,3,3,,"NoSwitchDetected",
123456,"TwoPole",102,51,3,0.7,2,"TopSupport","two-point",2,2,"two-point",2,"degenerate",,,,,2,2,,"NoSwitchDetected",
123456,"TwoPole",103,51,3,0.7,2,"TopSupport","two-point",2,2,"one-point",1,"degenerate",,,,,1,2,1.3219291661716357,"SwitchDetected",2
123456,"TwoPole",104,51,3,0.7,2,"TopSupport","two-point",2,2,"one-point",1,"degenerate",,,,,1,2,1.000005950963148,"SwitchDetected",2
123456,"TwoPole",105,51,3,0.7,2,"TopSupport","two-point",2,2,"two-point",2,"degenerate",,,,,2,2,,"NoSwitchDetected",
123456,"TwoPole",106,51,3,0.7,2,"TopSupport","two-point",2,2,"one-point",1,"degenerate",,,,,1,2,1.2016403740604393,"SwitchDetected",2
123456,"TwoPole",107,51,3,0.7,2,"TopSupport","two-point",2,2,"one-point",1,"degenerate",,,,,1,2,1.3219291661716357,"SwitchDetected",2
123456,"TwoPole",108,51,3,0.7,2,"TopSupport","one-point",1,1,"one-point",1,"degenerate",,,,,1,1,,"NoSwitchDetected",
123456,"TwoPole",109,51,3,0.7,2,"TopSupport","one-point",1,1,"one-point",1,"degenerate",,,,,1,1,,"NoSwitchDetected",
123456,"TwoPole",110,51,3,0.7,2,"TopSupport","two-point",2,2,"one-point",1,"degenerate",,,,,1,2,3.4594831995785444,"SwitchDetected",2
123456,"TwoPole",111,51,3,0.7,2,"TopSupport","two-point",2,2,"one-point",1,"degenerate",,,,,1,2,1.000005950963148,"SwitchDetected",2
123456,"TwoPole",112,51,3,0.7,2,"TopSupport","multi-point",3,3,"one-point",1,"calibrated",1.6860247283626826,0.004923703211339545,3,2,,,,"",
123456,"TwoPole",113,51,3,0.7,2,"TopSupport","two-point",2,2,"one-point",1,"degenerate",,,,,1,2,3.4594831995785444,"SwitchDetected",2
123456,"TwoPole",114,51,3,0.7,2,"TopSupport","two-point",2,2,"two-point",2,"degenerate",,,,,2,2,,"NoSwitchDetected",
123456,"TwoPole",115,51,3,0.7,2,"TopSupport","multi-point",3,3,"one-point",1,"calibrated",1.5938606847697756,0.0038879954261747153,3,2,,,,"",
123456,"TwoPole",116,51,3,0.7,2,"TopSupport","two-point",2,2,"one-point",1,"degenerate",,,,,1,2,3.000034790442517,"SwitchDetected",2
123456,"TwoPole",117,51,3,0.7,2,"TopSupport","two-point",2,2,"one-point",1,"degenerate",,,,,1,2,1.6780772986888488,"SwitchDetected",2
123456,"TwoPole",118,51,3,0.7,2,"TopSupport","one-point",1,1,"one-point",1,"degenerate",,,,,1,1,,"NoSwitchDetected",
123456,"TwoPole",119,51,3,0.7,2,"TopSupport","one-point",1,1,"one-point",1,"degenerate",,,,,3,3,,"NoSwitchDetected",
123456,"TwoPole",120,51,3,0.7,2,"TopSupport","multi-point",3,3,"two-point",2,"degenerate",,,,,2,2,,"NoSwitchDetected",
123456,"TwoPole",121,51,3,0.7,2,"TopSupport","two-point",2,2,"one-point",1,"degenerate",,,,,1,2,1.3479295965117057,"SwitchDetected",2
123456,"TwoPole",122,51,3,0.7,2,"TopSupport","two-point",2,2,"one-point",1,"degenerate",,,,,1,2,1.000005950963148,"SwitchDetected",2
123456,"TwoPole",123,51,3,0.7,2,"TopSupport","two-point",2,2,"one-point",1,"degenerate",,,,,1,2,3.4594831995785444,"SwitchDetected",2
123456,"TwoPole",124,51,3,0.7,2,"TopSupport","two-point",2,2,"one-point",1,"degenerate",,,,,1,3,2.3219378771076404,"SwitchDetected",3
123456,"TwoPole",125,51,3,0.7,2,"TopSupport","one-point",1,1,"one-point",1,"degenerate",,,,,1,1,,"NoSwitchDetected",
123456,"TwoPole",126,51,3,0.7,2,"TopSupport","one-point",1,1,"one-point",1,"degenerate",,,,,1,1,,"NoSwitchDetected",
123456,"TwoPole",127,51,3,0.7,2,"TopSupport","one-point",1,1,"one-point",1,"degenerate",,,,,1,1,,"NoSwitchDetected",
123456,"TwoPole",128,51,3,0.7,2,"TopSupport","two-point",2,2,"one-point",1,"degenerate",,,,,3,2,1.000005950963148,"SwitchDetected",2
123456,"TwoPole",129,51,3,0.7,2,"TopSupport","one-point",1,1,"one-point",1,"degenerate",,,,,1,1,,"NoSwitchDetected",
123456,"TwoPole",130,51,3,0.7,2,"TopSupport","two-point",2,2,"one-point",1,"degenerate",,,,,1,2,1.000005950963148,"SwitchDetected",2
123456,"TwoPole",131,51,3,0.7,2,"TopSupport","multi-point",3,3,"two-point",2,"calibrated",2.1034590215020255,0.01801104887791233,3,2,,,,"",
123456,"TwoPole",132,51,3,0.7,2,"TopSupport","one-point",1,1,"one-point",1,"degenerate",,,,,3,3,,"NoSwitchDetected",
123456,"TwoPole",133,51,3,0.7,2,"TopSupport","two-point",2,2,"one-point",1,"degenerate",,,,,1,2,2.584967147535138,"SwitchDetected",2
123456,"TwoPole",134,51,3,0.7,2,"TopSupport","two-point",2,2,"two-point",2,"degenerate",,,,,2,2,,"NoSwitchDetected",
123456,"TwoPole",135,51,3,0.7,2,"TopSupport","two-point",2,2,"two-point",2,"degenerate",,,,,2,2,,"NoSwitchDetected",
123456,"TwoPole",136,51,3,0.7,2,"TopSupport","one-point",1,1,"one-point",1,"degenerate",,,,,2,2,,"NoSwitchDetected",
123456,"TwoPole",137,51,3,0.7,2,"TopSupport","multi-point",3,3,"two-point",2,"degenerate",,,,,2,2,,"NoSwitchDetected",
123456,"TwoPole",138,51,3,0.7,2,"TopSupport","two-point",2,2,"one-point",1,"degenerate",,,,,1,2,1.378515096755412,"SwitchDetected",2
123456,"TwoPole",139,51,3,0.7,2,"TopSupport","one-point",1,1,"one-point",1,"degenerate",,,,,1,1,,"NoSwitchDetected",
123456,"TwoPole",140,51,3,0.7,2,"TopSupport","multi-point",3,3,"one-point",1,"degenerate",,,,,3,2,1.807358665660985,"SwitchDetected",2
123456,"TwoPole",141,51,3,0.7,2,"TopSupport","two-point",2,2,"one-point",1,"degenerate",,,,,1,2,2.00001159674693,"SwitchDetected",2
123456,"TwoPole",142,51,3,0.7,2,"TopSupport","multi-point",3,3,"one-point",1,"degenerate",,,,,1,2,1.2801172607412672,"SwitchDetected",2
123456,"TwoPole",143,51,3,0.7,2,"TopSupport","one-point",1,1,"one-point",1,"degenerate",,,,,1,1,,"NoSwitchDetected",
123456,"TwoPole",144,51,3,0.7,2,"TopSupport","one-point",1,1,"one-point",1,"degenerate",,,,,1,1,,"NoSwitchDetected",
123456,"TwoPole",145,51,3,0.7,2,"TopSupport","two-point",2,2,"one-point",1,"degenerate",,,,,1,2,1.000005950963148,"SwitchDetected",2
123456,"TwoPole",146,51,3,0.7,2,"TopSupport","one-point",1,1,"one-point",1,"degenerate",,,,,1,1,,"NoSwitchDetected",
123456,"TwoPole",147,51,3,0.7,2,"TopSupport","two-point",2,2,"one-point",1,"degenerate",,,,,3,2,1.247928006497086,"SwitchDetected",2
123456,"TwoPole",148,51,3,0.7,2,"TopSupport","two-point",2,2,"one-point",1,"degenerate",,,,,1,2,2.0874654921275706,"SwitchDetected",2
123456,"TwoPole",149,51,3,0.7,2,"TopSupport","two-point",2,2,"two-point",2,"degenerate",,,,,2,2,,"NoSwitchDetected",
123456,"TwoPole",150,51,3,0.7,2,"TopSupport","one-point",1,1,"one-point",1,"degenerate",,,,,1,1,,"NoSwitchDetected",
123456,"TwoPole",151,51,3,0.7,2,"TopSupport","two-point",2,2,"one-point",1,"degenerate",,,,,1,2,1.3219291661716357,"SwitchDetected",2
123456,"TwoPole",152,51,3,0.7,2,"TopSupport","two-point",2,2,"one-point",1,"degenerate",,,,,1,2,2.3219378771076404,"SwitchDetected",2
123456,"TwoPole",153,51,3,0.7,2,"TopSupport","one-point",1,1,"one-point",1,"degenerate",,,,,1,1,,"NoSwitchDetected",
123456,"TwoPole",154,51,3,0.7,2,"TopSupport","two-point",2,2,"one-point",1,"degenerate",,,,,1,2,1.000005950963148,"SwitchDetected",2
123456,"TwoPole",155,51,3,0.7,2,"TopSupport","one-point",1,1,"one-point",1,"degenerate",,,,,1,1,,"NoSwitchDetected",
123456,"TwoPole",156,51,3,0.7,2,"TopSupport","one-point",1,1,"one-point",1,"degenerate",,,,,1,1,,"NoSwitchDetected",
123456,"TwoPole",157,51,3,0.7,2,"TopSupport","two-point",2,2,"two-point",2,"degenerate",,,,,2,2,,"NoSwitchDetected",
123456,"TwoPole",158,51,3,0.7,2,"TopSupport","two-point",2,2,"two-point",2,"degenerate",,,,,2,2,,"NoSwitchDetected",
123456,"TwoPole",159,51,3,0.7,2,"TopSupport","one-point",1,1,"one-point",1,"degenerate",,,,,1,1,,"NoSwitchDetected",
123456,"TwoPole",160,51,3,0.7,2,"TopSupport","one-point",1,1,"one-point",1,"degenerate",,,,,1,1,,"NoSwitchDetected",
123456,"TwoPole",161,51,3,0.7,2,"TopSupport","two-point",2,2,"one-point",1,"degenerate",,,,,1,2,1.000005950963148,"SwitchDetected",2
123456,"TwoPole",162,51,3,0.7,2,"TopSupport","two-point",2,2,"one-point",1,"degenerate",,,,,1,2,2.3219378771076404,"SwitchDetected",2
123456,"TwoPole",163,51,3,0.7,2,"TopSupport","one-point",1,1,"one-point",1,"degenerate",,,,,1,1,,"NoSwitchDetected",
123456,"TwoPole",164,51,3,0.7,2,"TopSupport","one-point",1,1,"one-point",1,"degenerate",,,,,1,1,,"NoSwitchDetected",
123456,"TwoPole",165,51,3,0.7,2,"TopSupport","two-point",2,2,"one-point",1,"degenerate",,,,,1,2,1.6780772986888488,"SwitchDetected",2
123456,"TwoPole",166,51,3,0.7,2,"TopSupport","two-point",2,2,"one-point",1,"degenerate",,,,,1,2,1.5145786515036244,"SwitchDetected",2
123456,"TwoPole",167,51,3,0.7,2,"TopSupport","two-point",2,2,"one-point",1,"degenerate",,,,,1,2,1.807358665660985,"SwitchDetected",2
123456,"TwoPole",168,51,3,0.7,2,"TopSupport","two-point",2,2,"one-point",1,"degenerate",,,,,1,2,3.000034790442517,"SwitchDetected",2
123456,"TwoPole",169,51,3,0.7,2,"TopSupport","two-point",2,2,"one-point",1,"degenerate",,,,,1,2,1.6780772986888488,"SwitchDetected",2
123456,"TwoPole",170,51,3,0.7,2,"TopSupport","one-point",1,1,"one-point",1,"degenerate",,,,,1,1,,"NoSwitchDetected",
123456,"TwoPole",171,51,3,0.7,2,"TopSupport","two-point",2,2,"two-point",2,"degenerate",,,,,1,1,,"NoSwitchDetected",
123456,"TwoPole",172,51,3,0.7,2,"TopSupport","one-point",1,1,"one-point",1,"degenerate",,,,,1,1,,"NoSwitchDetected",
123456,"TwoPole",173,51,3,0.7,2,"TopSupport","two-point",2,2,"one-point",1,"degenerate",,,,,1,2,1.000005950963148,"SwitchDetected",2
123456,"TwoPole",174,51,3,0.7,2,"TopSupport","one-point",1,1,"one-point",1,"degenerate",,,,,2,2,,"NoSwitchDetected",
123456,"TwoPole",175,51,3,0.7,2,"TopSupport","one-point",1,1,"one-point",1,"degenerate",,,,,1,1,,"NoSwitchDetected",
123456,"TwoPole",176,51,3,0.7,2,"TopSupport","two-point",2,2,"one-point",1,"degenerate",,,,,1,2,1.5849633566706869,"SwitchDetected",2
123456,"TwoPole",177,51,3,0.7,2,"TopSupport","multi-point",3,3,"two-point",2,"calibrated",1.0025621031525007,0.011479228278364156,3,2,,,,"",
123456,"TwoPole",178,51,3,0.7,2,"TopSupport","two-point",2,2,"one-point",1,"degenerate",,,,,1,2,1.2801172607412672,"SwitchDetected",2
123456,"TwoPole",179,51,3,0.7,2,"TopSupport","two-point",2,2,"one-point",1,"degenerate",,,,,1,2,1.378515096755412,"SwitchDetected",2
123456,"TwoPole",180,51,3,0.7,2,"TopSupport","one-point",1,1,"one-point",1,"degenerate",,,,,1,1,,"NoSwitchDetected",
123456,"TwoPole",181,51,3,0.7,2,"TopSupport","two-point",2,2,"one-point",1,"degenerate",,,,,1,2,2.3219378771076404,"SwitchDetected",2
123456,"TwoPole",182,51,3,0.7,2,"TopSupport","one-point",1,1,"one-point",1,"degenerate",,,,,2,2,,"NoSwitchDetected",
123456,"TwoPole",183,51,3,0.7,2,"TopSupport","two-point",2,2,"two-point",2,"degenerate",,,,,1,1,,"NoSwitchDetected",
123456,"TwoPole",184,51,3,0.7,2,"TopSupport","one-point",1,1,"one-point",1,"degenerate",,,,,1,1,,"NoSwitchDetected",
123456,"TwoPole",185,51,3,0.7,2,"TopSupport","two-point",2,2,"one-point",1,"degenerate",,,,,3,2,1.000005950963148,"SwitchDetected",2
123456,"TwoPole",186,51,3,0.7,2,"TopSupport","one-point",1,1,"one-point",1,"degenerate",,,,,1,1,,"NoSwitchDetected",
123456,"TwoPole",187,51,3,0.7,2,"TopSupport","one-point",1,1,"one-point",1,"degenerate",,,,,3,3,,"NoSwitchDetected",
123456,"TwoPole",188,51,3,0.7,2,"TopSupport","two-point",2,2,"one-point",1,"degenerate",,,,,1,2,1.000005950963148,"SwitchDetected",2
123456,"TwoPole",189,51,3,0.7,2,"TopSupport","two-point",2,2,"one-point",1,"degenerate",,,,,1,2,1.4594365883531897,"SwitchDetected",2
123456,"TwoPole",190,51,3,0.7,2,"TopSupport","one-point",1,1,"one-point",1,"degenerate",,,,,3,3,,"NoSwitchDetected",
123456,"TwoPole",191,51,3,0.7,2,"TopSupport","two-point",2,2,"one-point",1,"degenerate",,,,,1,2,3.807430112486972,"SwitchDetected",2
123456,"TwoPole",192,51,3,0.7,2,"TopSupport","two-point",2,2,"one-point",1,"degenerate",,,,,1,2,2.0874654921275706,"SwitchDetected",2
123456,"TwoPole",193,51,3,0.7,2,"TopSupport","one-point",1,1,"one-point",1,"degenerate",,,,,1,1,,"NoSwitchDetected",
123456,"TwoPole",194,51,3,0.7,2,"TopSupport","one-point",1,1,"one-point",1,"degenerate",,,,,1,1,,"NoSwitchDetected",
123456,"TwoPole",195,51,3,0.7,2,"TopSupport","two-point",2,2,"one-point",1,"degenerate",,,,,1,2,1.000005950963148,"SwitchDetected",2
123456,"TwoPole",196,51,3,0.7,2,"TopSupport","one-point",1,1,"one-point",1,"degenerate",,,,,1,1,,"NoSwitchDetected",
123456,"TwoPole",197,51,3,0.7,2,"TopSupport","one-point",1,1,"one-point",1,"degenerate",,,,,1,1,,"NoSwitchDetected",
123456,"TwoPole",198,51,3,0.7,2,"TopSupport","multi-point",3,3,"one-point",1,"degenerate",,,,,3,2,1.2801172607412672,"SwitchDetected",2
123456,"TwoPole",199,51,3,0.7,2,"TopSupport","two-point",2,2,"one-point",1,"degenerate",,,,,1,2,1.000005950963148,"SwitchDetected",2
123456,"TwoPole",200,51,3,0.7,2,"TopSupport","one-point",1,1,"one-point",1,"degenerate",,,,,1,1,,"NoSwitchDetected",
123456,"TwoPole",1,51,3,0.7,3,"TopSupport","two-point",2,2,"one-point",1,"degenerate",,,,,1,3,2.3219378771076404,"SwitchDetected",3
123456,"TwoPole",2,51,3,0.7,3,"TopSupport","two-point",2,2,"one-point",1,"degenerate",,,,,2,1,1.6780772986888488,"SwitchDetected",1
123456,"TwoPole",3,51,3,0.7,3,"TopSupport","one-point",1,1,"one-point",1,"degenerate",,,,,1,1,,"NoSwitchDetected",
123456,"TwoPole",4,51,3,0.7,3,"TopSupport","two-point",2,2,"one-point",1,"degenerate",,,,,2,1,1.7162099560394037,"SwitchDetected",1
123456,"TwoPole",5,51,3,0.7,3,"TopSupport","two-point",2,2,"two-point",2,"degenerate",,,,,1,1,,"NoSwitchDetected",
123456,"TwoPole",6,51,3,0.7,3,"TopSupport","two-point",2,2,"one-point",1,"degenerate",,,,,2,3,1.000005950963148,"SwitchDetected",3
123456,"TwoPole",7,51,3,0.7,3,"TopSupport","one-point",1,1,"one-point",1,"degenerate",,,,,1,1,,"NoSwitchDetected",
123456,"TwoPole",8,51,3,0.7,3,"TopSupport","one-point",1,1,"one-point",1,"degenerate",,,,,3,3,,"NoSwitchDetected",
123456,"TwoPole",9,51,3,0.7,3,"TopSupport","one-point",1,1,"one-point",1,"degenerate",,,,,3,3,,"NoSwitchDetected",
123456,"TwoPole",10,51,3,0.7,3,"TopSupport","two-point",2,2,"two-point",2,"degenerate",,,,,3,3,,"NoSwitchDetected",
123456,"TwoPole",11,51,3,0.7,3,"TopSupport","one-point",1,1,"one-point",1,"degenerate",,,,,2,2,,"NoSwitchDetected",
123456,"TwoPole",12,51,3,0.7,3,"TopSupport","one-point",1,1,"one-point",1,"degenerate",,,,,1,1,,"NoSwitchDetected",
123456,"TwoPole",13,51,3,0.7,3,"TopSupport","one-point",1,1,"one-point",1,"degenerate",,,,,3,3,,"NoSwitchDetected",
123456,"TwoPole",14,51,3,0.7,3,"TopSupport","one-point",1,1,"one-point",1,"degenerate",,,,,2,2,,"NoSwitchDetected",
123456,"TwoPole",15,51,3,0.7,3,"TopSupport","two-point",2,2,"one-point",1,"degenerate",,,,,2,3,1.000005950963148,"SwitchDetected",3
123456,"TwoPole",16,51,3,0.7,3,"TopSupport","one-point",1,1,"one-point",1,"degenerate",,,,,2,2,,"NoSwitchDetected",
123456,"TwoPole",17,51,3,0.7,3,"TopSupport","multi-point",3,3,"two-point",2,"calibrated",1.8135411069317569,0.011351950516819545,3,3,,,,"",
123456,"TwoPole",18,51,3,0.7,3,"TopSupport","two-point",2,2,"one-point",1,"degenerate",,,,,2,1,1.000005950963148,"SwitchDetected",1
123456,"TwoPole",19,51,3,0.7,3,"TopSupport","one-point",1,1,"one-point",1,"degenerate",,,,,2,2,,"NoSwitchDetected",
123456,"TwoPole",20,51,3,0.7,3,"TopSupport","one-point",1,1,"one-point",1,"degenerate",,,,,1,1,,"NoSwitchDetected",
123456,"TwoPole",21,51,3,0.7,3,"TopSupport","two-point",2,2,"two-point",2,"degenerate",,,,,1,1,,"NoSwitchDetected",
123456,"TwoPole",22,51,3,0.7,3,"TopSupport","one-point",1,1,"one-point",1,"degenerate",,,,,3,3,,"NoSwitchDetected",
123456,"TwoPole",23,51,3,0.7,3,"TopSupport","one-point",1,1,"one-point",1,"degenerate",,,,,2,2,,"NoSwitchDetected",
123456,"TwoPole",24,51,3,0.7,3,"TopSupport","one-point",1,1,"one-point",1,"degenerate",,,,,1,1,,"NoSwitchDetected",
123456,"TwoPole",25,51,3,0.7,3,"TopSupport","one-point",1,1,"one-point",1,"degenerate",,,,,2,2,,"NoSwitchDetected",
123456,"TwoPole",26,51,3,0.7,3,"TopSupport","two-point",2,2,"one-point",1,"degenerate",,,,,2,1,2.700450871787096,"SwitchDetected",1
123456,"TwoPole",27,51,3,0.7,3,"TopSupport","multi-point",3,3,"two-point",2,"degenerate",,,,,3,3,,"NoSwitchDetected",
123456,"TwoPole",28,51,3,0.7,3,"TopSupport","one-point",1,1,"one-point",1,"degenerate",,,,,1,1,,"NoSwitchDetected",
123456,"TwoPole",29,51,3,0.7,3,"TopSupport","two-point",2,2,"two-point",2,"degenerate",,,,,1,1,,"NoSwitchDetected",
123456,"TwoPole",30,51,3,0.7,3,"TopSupport","one-point",1,1,"one-point",1,"degenerate",,,,,1,1,,"NoSwitchDetected",
123456,"TwoPole",31,51,3,0.7,3,"TopSupport","one-point",1,1,"one-point",1,"degenerate",,,,,2,2,,"NoSwitchDetected",
123456,"TwoPole",32,51,3,0.7,3,"TopSupport","two-point",2,2,"one-point",1,"degenerate",,,,,2,1,2.700450871787096,"SwitchDetected",1
123456,"TwoPole",33,51,3,0.7,3,"TopSupport","one-point",1,1,"one-point",1,"degenerate",,,,,2,2,,"NoSwitchDetected",
123456,"TwoPole",34,51,3,0.7,3,"TopSupport","one-point",1,1,"one-point",1,"degenerate",,,,,1,1,,"NoSwitchDetected",
123456,"TwoPole",35,51,3,0.7,3,"TopSupport","one-point",1,1,"one-point",1,"degenerate",,,,,1,1,,"NoSwitchDetected",
123456,"TwoPole",36,51,3,0.7,3,"TopSupport","two-point",2,2,"one-point",1,"degenerate",,,,,1,3,1.4594365883531897,"SwitchDetected",3
123456,"TwoPole",37,51,3,0.7,3,"TopSupport","one-point",1,1,"one-point",1,"degenerate",,,,,2,2,,"NoSwitchDetected",
123456,"TwoPole",38,51,3,0.7,3,"TopSupport","two-point",2,2,"one-point",1,"degenerate",,,,,1,3,1.000005950963148,"SwitchDetected",3
123456,"TwoPole",39,51,3,0.7,3,"TopSupport","one-point",1,1,"one-point",1,"degenerate",,,,,1,1,,"NoSwitchDetected",
123456,"TwoPole",40,51,3,0.7,3,"TopSupport","one-point",1,1,"one-point",1,"degenerate",,,,,1,1,,"NoSwitchDetected",
123456,"TwoPole",41,51,3,0.7,3,"TopSupport","one-point",1,1,"one-point",1,"degenerate",,,,,2,2,,"NoSwitchDetected",
123456,"TwoPole",42,51,3,0.7,3,"TopSupport","one-point",1,1,"one-point",1,"degenerate",,,,,1,1,,"NoSwitchDetected",
123456,"TwoPole",43,51,3,0.7,3,"TopSupport","two-point",2,2,"one-point",1,"degenerate",,,,,1,3,1.000005950963148,"SwitchDetected",3
123456,"TwoPole",44,51,3,0.7,3,"TopSupport","two-point",2,2,"one-point",1,"degenerate",,,,,1,3,1.000005950963148,"SwitchDetected",3
123456,"TwoPole",45,51,3,0.7,3,"TopSupport","one-point",1,1,"one-point",1,"degenerate",,,,,2,2,,"NoSwitchDetected",
123456,"TwoPole",46,51,3,0.7,3,"TopSupport","two-point",2,2,"one-point",1,"degenerate",,,,,2,1,1.8930994998029955,"SwitchDetected",1
123456,"TwoPole",47,51,3,0.7,3,"TopSupport","one-point",1,1,"one-point",1,"degenerate",,,,,1,1,,"NoSwitchDetected",
123456,"TwoPole",48,51,3,0.7,3,"TopSupport","two-point",2,2,"one-point",1,"degenerate",,,,,2,3,2.3219378771076404,"SwitchDetected",3
123456,"TwoPole",49,51,3,0.7,3,"TopSupport","one-point",1,1,"one-point",1,"degenerate",,,,,1,1,,"NoSwitchDetected",
123456,"TwoPole",50,51,3,0.7,3,"TopSupport","multi-point",3,3,"one-point",1,"degenerate",,,,,2,1,1.000005950963148,"SwitchDetected",1
123456,"TwoPole",51,51,3,0.7,3,"TopSupport","two-point",2,2,"one-point",1,"degenerate",,,,,2,1,1.000005950963148,"SwitchDetected",1
123456,"TwoPole",52,51,3,0.7,3,"TopSupport","two-point",2,2,"two-point",2,"degenerate",,,,,1,1,,"NoSwitchDetected",
123456,"TwoPole",53,51,3,0.7,3,"TopSupport","one-point",1,1,"one-point",1,"degenerate",,,,,3,3,,"NoSwitchDetected",
123456,"TwoPole",54,51,3,0.7,3,"TopSupport","one-point",1,1,"one-point",1,"degenerate",,,,,1,1,,"NoSwitchDetected",
123456,"TwoPole",55,51,3,0.7,3,"TopSupport","two-point",2,2,"one-point",1,"degenerate",,,,,1,3,1.5849633566706869,"SwitchDetected",3
123456,"TwoPole",56,51,3,0.7,3,"TopSupport","two-point",2,2,"one-point",1,"degenerate",,,,,2,1,1.000005950963148,"SwitchDetected",1
123456,"TwoPole",57,51,3,0.7,3,"TopSupport","one-point",1,1,"one-point",1,"degenerate",,,,,1,1,,"NoSwitchDetected",
123456,"TwoPole",58,51,3,0.7,3,"TopSupport","one-point",1,1,"one-point",1,"degenerate",,,,,3,3,,"NoSwitchDetected",
123456,"TwoPole",59,51,3,0.7,3,"TopSupport","one-point",1,1,"one-point",1,"degenerate",,,,,3,3,,"NoSwitchDetected",
123456,"TwoPole",60,51,3,0.7,3,"TopSupport","two-point",2,2,"two-point",2,"degenerate",,,,,1,1,,"NoSwitchDetected",
123456,"TwoPole",61,51,3,0.7,3,"TopSupport","one-point",1,1,"one-point",1,"degenerate",,,,,3,3,,"NoSwitchDetected",
123456,"TwoPole",62,51,3,0.7,3,"TopSupport","one-point",1,1,"one-point",1,"degenerate",,,,,1,1,,"NoSwitchDetected",
123456,"TwoPole",63,51,3,0.7,3,"TopSupport","one-point",1,1,"one-point",1,"degenerate",,,,,1,1,,"NoSwitchDetected",
123456,"TwoPole",64,51,3,0.7,3,"TopSupport","one-point",1,1,"one-point",1,"degenerate",,,,,1,1,,"NoSwitchDetected",
123456,"TwoPole",65,51,3,0.7,3,"TopSupport","multi-point",3,3,"one-point",1,"degenerate",,,,,2,1,1.000005950963148,"SwitchDetected",1
123456,"TwoPole",66,51,3,0.7,3,"TopSupport","one-point",1,1,"one-point",1,"degenerate",,,,,2,2,,"NoSwitchDetected",
123456,"TwoPole",67,51,3,0.7,3,"TopSupport","two-point",2,2,"one-point",1,"degenerate",,,,,3,1,2.3219378771076404,"SwitchDetected",1
123456,"TwoPole",68,51,3,0.7,3,"TopSupport","one-point",1,1,"one-point",1,"degenerate",,,,,1,1,,"NoSwitchDetected",
123456,"TwoPole",69,51,3,0.7,3,"TopSupport","two-point",2,2,"one-point",1,"degenerate",,,,,2,1,1.378515096755412,"SwitchDetected",1
123456,"TwoPole",70,51,3,0.7,3,"TopSupport","two-point",2,2,"two-point",2,"degenerate",,,,,1,1,,"NoSwitchDetected",
123456,"TwoPole",71,51,3,0.7,3,"TopSupport","one-point",1,1,"one-point",1,"degenerate",,,,,1,1,,"NoSwitchDetected",
123456,"TwoPole",72,51,3,0.7,3,"TopSupport","two-point",2,2,"two-point",2,"degenerate",,,,,1,1,,"NoSwitchDetected",
123456,"TwoPole",73,51,3,0.7,3,"TopSupport","one-point",1,1,"one-point",1,"degenerate",,,,,2,2,,"NoSwitchDetected",
123456,"TwoPole",74,51,3,0.7,3,"TopSupport","one-point",1,1,"one-point",1,"degenerate",,,,,3,3,,"NoSwitchDetected",
123456,"TwoPole",75,51,3,0.7,3,"TopSupport","two-point",2,2,"one-point",1,"degenerate",,,,,2,1,1.000005950963148,"SwitchDetected",1
123456,"TwoPole",76,51,3,0.7,3,"TopSupport","two-point",2,2,"one-point",1,"degenerate",,,,,2,1,2.00001159674693,"SwitchDetected",1
123456,"TwoPole",77,51,3,0.7,3,"TopSupport","one-point",1,1,"one-point",1,"degenerate",,,,,1,1,,"NoSwitchDetected",
123456,"TwoPole",78,51,3,0.7,3,"TopSupport","one-point",1,1,"one-point",1,"degenerate",,,,,2,2,,"NoSwitchDetected",
123456,"TwoPole",79,51,3,0.7,3,"TopSupport","one-point",1,1,"one-point",1,"degenerate",,,,,1,1,,"NoSwitchDetected",
123456,"TwoPole",80,51,3,0.7,3,"TopSupport","one-point",1,1,"one-point",1,"degenerate",,,,,2,2,,"NoSwitchDetected",
123456,"TwoPole",81,51,3,0.7,3,"TopSupport","one-point",1,1,"one-point",1,"degenerate",,,,,2,2,,"NoSwitchDetected",
123456,"TwoPole",82,51,3,0.7,3,"TopSupport","one-point",1,1,"one-point",1,"degenerate",,,,,2,2,,"NoSwitchDetected",
123456,"TwoPole",83,51,3,0.7,3,"TopSupport","one-point",1,1,"one-point",1,"degenerate",,,,,1,1,,"NoSwitchDetected",
123456,"TwoPole",84,51,3,0.7,3,"TopSupport","two-point",2,2,"one-point",1,"degenerate",,,,,3,1,1.000005950963148,"SwitchDetected",1
123456,"TwoPole",85,51,3,0.7,3,"TopSupport","one-point",1,1,"one-point",1,"degenerate",,,,,1,1,,"NoSwitchDetected",
123456,"TwoPole",86,51,3,0.7,3,"TopSupport","one-point",1,1,"one-point",1,"degenerate",,,,,1,1,,"NoSwitchDetected",
123456,"TwoPole",87,51,3,0.7,3,"TopSupport","two-point",2,2,"one-point",1,"degenerate",,,,,1,3,1.6780772986888488,"SwitchDetected",3
123456,"TwoPole",88,51,3,0.7,3,"TopSupport","one-point",1,1,"one-point",1,"degenerate",,,,,2,2,,"NoSwitchDetected",
123456,"TwoPole",89,51,3,0.7,3,"TopSupport","one-point",1,1,"one-point",1,"degenerate",,,,,1,1,,"NoSwitchDetected",
123456,"TwoPole",90,51,3,0.7,3,"TopSupport","two-point",2,2,"two-point",2,"degenerate",,,,,1,1,,"NoSwitchDetected",
123456,"TwoPole",91,51,3,0.7,3,"TopSupport","one-point",1,1,"one-point",1,"degenerate",,,,,1,1,,"NoSwitchDetected",
123456,"TwoPole",92,51,3,0.7,3,"TopSupport","one-point",1,1,"one-point",1,"degenerate",,,,,3,3,,"NoSwitchDetected",
123456,"TwoPole",93,51,3,0.7,3,"TopSupport","one-point",1,1,"one-point",1,"degenerate",,,,,2,2,,"NoSwitchDetected",
123456,"TwoPole",94,51,3,0.7,3,"TopSupport","two-point",2,2,"two-point",2,"degenerate",,,,,1,1,,"NoSwitchDetected",
123456,"TwoPole",95,51,3,0.7,3,"TopSupport","two-point",2,2,"one-point",1,"degenerate",,,,,1,3,2.3219378771076404,"SwitchDetected",3
123456,"TwoPole",96,51,3,0.7,3,"TopSupport","one-point",1,1,"one-point",1,"degenerate",,,,,1,1,,"NoSwitchDetected",
123456,"TwoPole",97,51,3,0.7,3,"TopSupport","two-point",2,2,"one-point",1,"degenerate",,,,,2,1,1.807358665660985,"SwitchDetected",1
123456,"TwoPole",98,51,3,0.7,3,"TopSupport","two-point",2,2,"one-point",1,"degenerate",,,,,2,1,1.000005950963148,"SwitchDetected",1
123456,"TwoPole",99,51,3,0.7,3,"TopSupport","multi-point",3,3,"one-point",1,"calibrated",2.325581395348837,0.004717497113752704,3,3,,,,"",
123456,"TwoPole",100,51,3,0.7,3,"TopSupport","one-point",1,1,"one-point",1,"degenerate",,,,,2,2,,"NoSwitchDetected",
123456,"TwoPole",101,51,3,0.7,3,"TopSupport","two-point",2,2,"one-point",1,"degenerate",,,,,2,1,2.700450871787096,"SwitchDetected",1
123456,"TwoPole",102,51,3,0.7,3,"TopSupport","one-point",1,1,"one-point",1,"degenerate",,,,,2,2,,"NoSwitchDetected",
123456,"TwoPole",103,51,3,0.7,3,"TopSupport","two-point",2,2,"one-point",1,"degenerate",,,,,1,3,3.4594831995785444,"SwitchDetected",3
123456,"TwoPole",104,51,3,0.7,3,"TopSupport","two-point",2,2,"one-point",1,"degenerate",,,,,2,3,1.000005950963148,"SwitchDetected",3
123456,"TwoPole",105,51,3,0.7,3,"TopSupport","two-point",2,2,"one-point",1,"degenerate",,,,,2,1,1.3219291661716357,"SwitchDetected",1
123456,"TwoPole",106,51,3,0.7,3,"TopSupport","two-point",2,2,"one-point",1,"degenerate",,,,,2,1,1.6780772986888488,"SwitchDetected",1
123456,"TwoPole",107,51,3,0.7,3,"TopSupport","two-point",2,2,"one-point",1,"degenerate",,,,,2,1,1.000005950963148,"SwitchDetected",1
123456,"TwoPole",108,51,3,0.7,3,"TopSupport","two-point",2,2,"one-point",1,"degenerate",,,,,2,1,2.3219378771076404,"SwitchDetected",1
123456,"TwoPole",109,51,3,0.7,3,"TopSupport","multi-point",3,3,"two-point",2,"degenerate",,,,,3,3,,"NoSwitchDetected",
123456,"TwoPole",110,51,3,0.7,3,"TopSupport","two-point",2,2,"one-point",1,"degenerate",,,,,2,1,2.00001159674693,"SwitchDetected",1
123456,"TwoPole",111,51,3,0.7,3,"TopSupport","two-point",2,2,"one-point",1,"degenerate",,,,,3,1,1.000005950963148,"SwitchDetected",1
123456,"TwoPole",112,51,3,0.7,3,"TopSupport","one-point",1,1,"one-point",1,"degenerate",,,,,2,2,,"NoSwitchDetected",
123456,"TwoPole",113,51,3,0.7,3,"TopSupport","two-point",2,2,"one-point",1,"degenerate",,,,,2,3,1.000005950963148,"SwitchDetected",3
123456,"TwoPole",114,51,3,0.7,3,"TopSupport","one-point",1,1,"one-point",1,"degenerate",,,,,1,1,,"NoSwitchDetected",
123456,"TwoPole",115,51,3,0.7,3,"TopSupport","one-point",1,1,"one-point",1,"degenerate",,,,,1,1,,"NoSwitchDetected",
123456,"TwoPole",116,51,3,0.7,3,"TopSupport","one-point",1,1,"one-point",1,"degenerate",,,,,1,1,,"NoSwitchDetected",
123456,"TwoPole",117,51,3,0.7,3,"TopSupport","two-point",2,2,"one-point",1,"degenerate",,,,,1,3,1.000005950963148,"SwitchDetected",3
123456,"TwoPole",118,51,3,0.7,3,"TopSupport","two-point",2,2,"one-point",1,"degenerate",,,,,1,3,1.5849633566706869,"SwitchDetected",3
123456,"TwoPole",119,51,3,0.7,3,"TopSupport","two-point",2,2,"one-point",1,"degenerate",,,,,2,1,1.000005950963148,"SwitchDetected",1
123456,"TwoPole",120,51,3,0.7,3,"TopSupport","two-point",2,2,"one-point",1,"degenerate",,,,,1,3,3.807430112486972,"SwitchDetected",3
123456,"TwoPole",121,51,3,0.7,3,"TopSupport","two-point",2,2,"one-point",1,"degenerate",,,,,2,1,1.000005950963148,"SwitchDetected",1
123456,"TwoPole",122,51,3,0.7,3,"TopSupport","one-point",1,1,"one-point",1,"degenerate",,,,,2,2,,"NoSwitchDetected",
123456,"TwoPole",123,51,3,0.7,3,"TopSupport","two-point",2,2,"one-point",1,"degenerate",,,,,1,3,1.000005950963148,"SwitchDetected",3
123456,"TwoPole",124,51,3,0.7,3,"TopSupport","two-point",2,2,"two-point",2,"degenerate",,,,,1,1,,"NoSwitchDetected",
123456,"TwoPole",125,51,3,0.7,3,"TopSupport","two-point",2,2,"one-point",1,"degenerate",,,,,1,3,1.807358665660985,"SwitchDetected",3
123456,"TwoPole",126,51,3,0.7,3,"TopSupport","multi-point",3,3,"one-point",1,"degenerate",,,,,2,1,1.000005950963148,"SwitchDetected",1
123456,"TwoPole",127,51,3,0.7,3,"TopSupport","two-point",2,2,"two-point",2,"degenerate",,,,,1,1,,"NoSwitchDetected",
123456,"TwoPole",128,51,3,0.7,3,"TopSupport","two-point",2,2,"one-point",1,"degenerate",,,,,2,1,1.4594365883531897,"SwitchDetected",1
123456,"TwoPole",129,51,3,0.7,3,"TopSupport","multi-point",3,3,"two-point",2,"degenerate",,,,,3,3,,"NoSwitchDetected",
123456,"TwoPole",130,51,3,0.7,3,"TopSupport","two-point",2,2,"one-point",1,"degenerate",,,,,1,3,1.807358665660985,"SwitchDetected",3
123456,"TwoPole",131,51,3,0.7,3,"TopSupport","one-point",1,1,"one-point",1,"degenerate",,,,,3,3,,"NoSwitchDetected",
123456,"TwoPole",132,51,3,0.7,3,"TopSupport","two-point",2,2,"two-point",2,"degenerate",,,,,1,1,,"NoSwitchDetected",
123456,"TwoPole",133,51,3,0.7,3,"TopSupport","one-point",1,1,"one-point",1,"degenerate",,,,,2,2,,"NoSwitchDetected",
123456,"TwoPole",134,51,3,0.7,3,"TopSupport","two-point",2,2,"one-point",1,"degenerate",,,,,2,1,1.4594365883531897,"SwitchDetected",1
123456,"TwoPole",135,51,3,0.7,3,"TopSupport","two-point",2,2,"one-point",1,"degenerate",,,,,3,1,3.000034790442517,"SwitchDetected",1
123456,"TwoPole",136,51,3,0.7,3,"TopSupport","one-point",1,1,"one-point",1,"degenerate",,,,,2,2,,"NoSwitchDetected",
123456,"TwoPole",137,51,3,0.7,3,"TopSupport","one-point",1,1,"one-point",1,"degenerate",,,,,1,1,,"NoSwitchDetected",
123456,"TwoPole",138,51,3,0.7,3,"TopSupport","one-point",1,1,"one-point",1,"degenerate",,,,,1,1,,"NoSwitchDetected",
123456,"TwoPole",139,51,3,0.7,3,"TopSupport","one-point",1,1,"one-point",1,"degenerate",,,,,2,2,,"NoSwitchDetected",
123456,"TwoPole",140,51,3,0.7,3,"TopSupport","two-point",2,2,"two-point",2,"degenerate",,,,,1,1,,"NoSwitchDetected",
123456,"TwoPole",141,51,3,0.7,3,"TopSupport","one-point",1,1,"one-point",1,"degenerate",,,,,2,2,,"NoSwitchDetected",
123456,"TwoPole",142,51,3,0.7,3,"TopSupport","one-point",1,1,"one-point",1,"degenerate",,,,,1,1,,"NoSwitchDetected",
123456,"TwoPole",143,51,3,0.7,3,"TopSupport","one-point",1,1,"one-point",1,"degenerate",,,,,1,1,,"NoSwitchDetected",
123456,"TwoPole",144,51,3,0.7,3,"TopSupport","two-point",2,2,"one-point",1,"degenerate",,,,,2,1,1.6780772986888488,"SwitchDetected",1
123456,"TwoPole",145,51,3,0.7,3,"TopSupport","one-point",1,1,"one-point",1,"degenerate",,,,,2,2,,"NoSwitchDetected",
123456,"TwoPole",146,51,3,0.7,3,"TopSupport","two-point",2,2,"two-point",2,"degenerate",,,,,1,1,,"NoSwitchDetected",
123456,"TwoPole",147,51,3,0.7,3,"TopSupport","two-point",2,2,"two-point",2,"degenerate",,,,,1,1,,"NoSwitchDetected",
123456,"TwoPole",148,51,3,0.7,3,"TopSupport","one-point",1,1,"one-point",1,"degenerate",,,,,3,3,,"NoSwitchDetected",
123456,"TwoPole",149,51,3,0.7,3,"TopSupport","multi-point",3,3,"one-point",1,"degenerate",,,,,2,3,1.000005950963148,"SwitchDetected",3
123456,"TwoPole",150,51,3,0.7,3,"TopSupport","two-point",2,2,"two-point",2,"degenerate",,,,,1,1,,"NoSwitchDetected",
123456,"TwoPole",151,51,3,0.7,3,"TopSupport","one-point",1,1,"one-point",1,"degenerate",,,,,2,2,,"NoSwitchDetected",
123456,"TwoPole",152,51,3,0.7,3,"TopSupport","two-point",2,2,"two-point",2,"degenerate",,,,,1,1,,"NoSwitchDetected",
123456,"TwoPole",153,51,3,0.7,3,"TopSupport","one-point",1,1,"one-point",1,"degenerate",,,,,2,2,,"NoSwitchDetected",
123456,"TwoPole",154,51,3,0.7,3,"TopSupport","one-point",1,1,"one-point",1,"degenerate",,,,,1,1,,"NoSwitchDetected",
123456,"TwoPole",155,51,3,0.7,3,"TopSupport","two-point",2,2,"one-point",1,"degenerate",,,,,3,1,3.000034790442517,"SwitchDetected",1
123456,"TwoPole",156,51,3,0.7,3,"TopSupport","one-point",1,1,"one-point",1,"degenerate",,,,,1,1,,"NoSwitchDetected",
123456,"TwoPole",157,51,3,0.7,3,"TopSupport","two-point",2,2,"one-point",1,"degenerate",,,,,1,3,1.000005950963148,"SwitchDetected",3
123456,"TwoPole",158,51,3,0.7,3,"TopSupport","two-point",2,2,"two-point",2,"degenerate",,,,,3,3,,"NoSwitchDetected",
123456,"TwoPole",159,51,3,0.7,3,"TopSupport","one-point",1,1,"one-point",1,"degenerate",,,,,1,1,,"NoSwitchDetected",
123456,"TwoPole",160,51,3,0.7,3,"TopSupport","two-point",2,2,"one-point",1,"degenerate",,,,,2,1,2.00001159674693,"SwitchDetected",1
123456,"TwoPole",161,51,3,0.7,3,"TopSupport","one-point",1,1,"one-point",1,"degenerate",,,,,1,1,,"NoSwitchDetected",
123456,"TwoPole",162,51,3,0.7,3,"TopSupport","one-point",1,1,"one-point",1,"degenerate",,,,,2,2,,"NoSwitchDetected",
123456,"TwoPole",163,51,3,0.7,3,"TopSupport","multi-point",3,3,"one-point",1,"calibrated",2.325581395348837,0.0013178590284252012,3,1,,,,"",
123456,"TwoPole",164,51,3,0.7,3,"TopSupport","one-point",1,1,"one-point",1,"degenerate",,,,,1,1,,"NoSwitchDetected",
123456,"TwoPole",165,51,3,0.7,3,"TopSupport","two-point",2,2,"one-point",1,"degenerate",,,,,2,1,2.3219378771076404,"SwitchDetected",1
123456,"TwoPole",166,51,3,0.7,3,"TopSupport","one-point",1,1,"one-point",1,"degenerate",,,,,1,1,,"NoSwitchDetected",
123456,"TwoPole",167,51,3,0.7,3,"TopSupport","one-point",1,1,"one-point",1,"degenerate",,,,,1,1,,"NoSwitchDetected",
123456,"TwoPole",168,51,3,0.7,3,"TopSupport","two-point",2,2,"one-point",1,"degenerate",,,,,2,1,1.000005950963148,"SwitchDetected",1
123456,"TwoPole",169,51,3,0.7,3,"TopSupport","one-point",1,1,"one-point",1,"degenerate",,,,,1,1,,"NoSwitchDetected",
123456,"TwoPole",170,51,3,0.7,3,"TopSupport","one-point",1,1,"one-point",1,"degenerate",,,,,1,1,,"NoSwitchDetected",
123456,"TwoPole",171,51,3,0.7,3,"TopSupport","one-point",1,1,"one-point",1,"degenerate",,,,,2,2,,"NoSwitchDetected",
123456,"TwoPole",172,51,3,0.7,3,"TopSupport","one-point",1,1,"one-point",1,"degenerate",,,,,2,2,,"NoSwitchDetected",
123456,"TwoPole",173,51,3,0.7,3,"TopSupport","two-point",2,2,"one-point",1,"degenerate",,,,,1,3,1.000005950963148,"SwitchDetected",3
123456,"TwoPole",174,51,3,0.7,3,"TopSupport","two-point",2,2,"one-point",1,"degenerate",,,,,2,1,2.00001159674693,"SwitchDetected",1
123456,"TwoPole",175,51,3,0.7,3,"TopSupport","two-point",2,2,"two-point",2,"degenerate",,,,,1,1,,"NoSwitchDetected",
123456,"TwoPole",176,51,3,0.7,3,"TopSupport","two-point",2,2,"two-point",2,"degenerate",,,,,1,1,,"NoSwitchDetected",
123456,"TwoPole",177,51,3,0.7,3,"TopSupport","two-point",2,2,"one-point",1,"degenerate",,,,,2,1,1.000005950963148,"SwitchDetected",1
123456,"TwoPole",178,51,3,0.7,3,"TopSupport","one-point",1,1,"one-point",1,"degenerate",,,,,1,1,,"NoSwitchDetected",
123456,"TwoPole",179,51,3,0.7,3,"TopSupport","two-point",2,2,"two-point",2,"degenerate",,,,,1,1,,"NoSwitchDetected",
123456,"TwoPole",180,51,3,0.7,3,"TopSupport","two-point",2,2,"one-point",1,"degenerate",,,,,2,1,2.00001159674693,"SwitchDetected",1
123456,"TwoPole",181,51,3,0.7,3,"TopSupport","one-point",1,1,"one-point",1,"degenerate",,,,,1,1,,"NoSwitchDetected",
123456,"TwoPole",182,51,3,0.7,3,"TopSupport","one-point",1,1,"one-point",1,"degenerate",,,,,2,2,,"NoSwitchDetected",
123456,"TwoPole",183,51,3,0.7,3,"TopSupport","one-point",1,1,"one-point",1,"degenerate",,,,,1,1,,"NoSwitchDetected",
123456,"TwoPole",184,51,3,0.7,3,"TopSupport","two-point",2,2,"two-point",2,"degenerate",,,,,1,1,,"NoSwitchDetected",
123456,"TwoPole",185,51,3,0.7,3,"TopSupport","two-point",2,2,"one-point",1,"degenerate",,,,,2,1,1.000005950963148,"SwitchDetected",1
123456,"TwoPole",186,51,3,0.7,3,"TopSupport","one-point",1,1,"one-point",1,"degenerate",,,,,2,2,,"NoSwitchDetected",
123456,"TwoPole",187,51,3,0.7,3,"TopSupport","two-point",2,2,"two-point",2,"degenerate",,,,,1,1,,"NoSwitchDetected",
123456,"TwoPole",188,51,3,0.7,3,"TopSupport","two-point",2,2,"two-point",2,"degenerate",,,,,1,1,,"NoSwitchDetected",
123456,"TwoPole",189,51,3,0.7,3,"TopSupport","one-point",1,1,"one-point",1,"degenerate",,,,,2,2,,"NoSwitchDetected",
123456,"TwoPole",190,51,3,0.7,3,"TopSupport","two-point",2,2,"one-point",1,"degenerate",,,,,2,1,1.000005950963148,"SwitchDetected",1
123456,"TwoPole",191,51,3,0.7,3,"TopSupport","two-point",2,2,"one-point",1,"degenerate",,,,,2,1,1.000005950963148,"SwitchDetected",1
123456,"TwoPole",192,51,3,0.7,3,"TopSupport","one-point",1,1,"one-point",1,"degenerate",,,,,1,1,,"NoSwitchDetected",
123456,"TwoPole",193,51,3,0.7,3,"TopSupport","one-point",1,1,"one-point",1,"degenerate",,,,,2,2,,"NoSwitchDetected",
123456,"TwoPole",194,51,3,0.7,3,"TopSupport","one-point",1,1,"one-point",1,"degenerate",,,,,2,2,,"NoSwitchDetected",
123456,"TwoPole",195,51,3,0.7,3,"TopSupport","one-point",1,1,"one-point",1,"degenerate",,,,,1,1,,"NoSwitchDetected",
123456,"TwoPole",196,51,3,0.7,3,"TopSupport","one-point",1,1,"one-point",1,"degenerate",,,,,1,1,,"NoSwitchDetected",
123456,"TwoPole",197,51,3,0.7,3,"TopSupport","multi-point",3,3,"one-point",1,"degenerate",,,,,2,1,2.700450871787096,"SwitchDetected",1
123456,"TwoPole",198,51,3,0.7,3,"TopSupport","one-point",1,1,"one-point",1,"degenerate",,,,,1,1,,"NoSwitchDetected",
123456,"TwoPole",199,51,3,0.7,3,"TopSupport","two-point",2,2,"two-point",2,"degenerate",,,,,1,1,,"NoSwitchDetected",
123456,"TwoPole",200,51,3,0.7,3,"TopSupport","multi-point",3,3,"one-point",1,"degenerate",,,,,3,1,1.000005950963148,"SwitchDetected",1
123456,"TwoPole",1,51,3,0.8,1,"TopSupport","two-point",2,2,"one-point",1,"degenerate",,,,,2,1,1.2410158620748422,"SwitchDetected",1
123456,"TwoPole",2,51,3,0.8,1,"TopSupport","two-point",2,2,"two-point",2,"degenerate",,,,,1,1,,"NoSwitchDetected",
123456,"TwoPole",3,51,3,0.8,1,"TopSupport","two-point",2,2,"two-point",2,"degenerate",,,,,1,1,,"NoSwitchDetected",
123456,"TwoPole",4,51,3,0.8,1,"TopSupport","two-point",2,2,"two-point",2,"degenerate",,,,,1,1,,"NoSwitchDetected",
123456,"TwoPole",5,51,3,0.8,1,"TopSupport","one-point",1,1,"one-point",1,"degenerate",,,,,1,1,,"NoSwitchDetected",
123456,"TwoPole",6,51,3,0.8,1,"TopSupport","two-point",2,2,"two-point",2,"degenerate",,,,,1,1,,"NoSwitchDetected",
123456,"TwoPole",7,51,3,0.8,1,"TopSupport","two-point",2,2,"two-point",2,"degenerate",,,,,1,1,,"NoSwitchDetected",
123456,"TwoPole",8,51,3,0.8,1,"TopSupport","two-point",2,2,"two-point",2,"degenerate",,,,,1,1,,"NoSwitchDetected",
123456,"TwoPole",9,51,3,0.8,1,"TopSupport","two-point",2,2,"two-point",2,"degenerate",,,,,1,1,,"NoSwitchDetected",
123456,"TwoPole",10,51,3,0.8,1,"TopSupport","one-point",1,1,"one-point",1,"degenerate",,,,,1,1,,"NoSwitchDetected",
123456,"TwoPole",11,51,3,0.8,1,"TopSupport","one-point",1,1,"one-point",1,"degenerate",,,,,1,1,,"NoSwitchDetected",
123456,"TwoPole",12,51,3,0.8,1,"TopSupport","two-point",2,2,"two-point",2,"degenerate",,,,,1,1,,"NoSwitchDetected",
123456,"TwoPole",13,51,3,0.8,1,"TopSupport","one-point",1,1,"one-point",1,"degenerate",,,,,1,1,,"NoSwitchDetected",
123456,"TwoPole",14,51,3,0.8,1,"TopSupport","one-point",1,1,"one-point",1,"degenerate",,,,,1,1,,"NoSwitchDetected",
123456,"TwoPole",15,51,3,0.8,1,"TopSupport","two-point",2,2,"two-point",2,"degenerate",,,,,1,1,,"NoSwitchDetected",
123456,"TwoPole",16,51,3,0.8,1,"TopSupport","two-point",2,2,"two-point",2,"degenerate",,,,,1,1,,"NoSwitchDetected",
123456,"TwoPole",17,51,3,0.8,1,"TopSupport","one-point",1,1,"one-point",1,"degenerate",,,,,1,1,,"NoSwitchDetected",
123456,"TwoPole",18,51,3,0.8,1,"TopSupport","two-point",2,2,"two-point",2,"degenerate",,,,,1,1,,"NoSwitchDetected",
123456,"TwoPole",19,51,3,0.8,1,"TopSupport","one-point",1,1,"one-point",1,"degenerate",,,,,1,1,,"NoSwitchDetected",
123456,"TwoPole",20,51,3,0.8,1,"TopSupport","two-point",2,2,"two-point",2,"degenerate",,,,,1,1,,"NoSwitchDetected",
123456,"TwoPole",21,51,3,0.8,1,"TopSupport","two-point",2,2,"two-point",2,"degenerate",,,,,1,1,,"NoSwitchDetected",
123456,"TwoPole",22,51,3,0.8,1,"TopSupport","two-point",2,2,"two-point",2,"degenerate",,,,,1,1,,"NoSwitchDetected",
123456,"TwoPole",23,51,3,0.8,1,"TopSupport","two-point",2,2,"two-point",2,"degenerate",,,,,1,1,,"NoSwitchDetected",
123456,"TwoPole",24,51,3,0.8,1,"TopSupport","two-point",2,2,"one-point",1,"degenerate",,,,,2,1,1.047310681127489,"SwitchDetected",1
123456,"TwoPole",25,51,3,0.8,1,"TopSupport","two-point",2,2,"two-point",2,"degenerate",,,,,1,1,,"NoSwitchDetected",
123456,"TwoPole",26,51,3,0.8,1,"TopSupport","two-point",2,2,"two-point",2,"degenerate",,,,,1,1,,"NoSwitchDetected",
123456,"TwoPole",27,51,3,0.8,1,"TopSupport","two-point",2,2,"two-point",2,"degenerate",,,,,1,1,,"NoSwitchDetected",
123456,"TwoPole",28,51,3,0.8,1,"TopSupport","two-point",2,2,"two-point",2,"degenerate",,,,,1,1,,"NoSwitchDetected",
123456,"TwoPole",29,51,3,0.8,1,"TopSupport","two-point",2,2,"one-point",1,"degenerate",,,,,2,1,1.1805771850792885,"SwitchDetected",1
123456,"TwoPole",30,51,3,0.8,1,"TopSupport","one-point",1,1,"one-point",1,"degenerate",,,,,1,1,,"NoSwitchDetected",
123456,"TwoPole",31,51,3,0.8,1,"TopSupport","two-point",2,2,"two-point",2,"degenerate",,,,,1,1,,"NoSwitchDetected",
123456,"TwoPole",32,51,3,0.8,1,"TopSupport","two-point",2,2,"two-point",2,"degenerate",,,,,1,1,,"NoSwitchDetected",
123456,"TwoPole",33,51,3,0.8,1,"TopSupport","one-point",1,1,"one-point",1,"degenerate",,,,,1,1,,"NoSwitchDetected",
123456,"TwoPole",34,51,3,0.8,1,"TopSupport","one-point",1,1,"one-point",1,"degenerate",,,,,1,1,,"NoSwitchDetected",
123456,"TwoPole",35,51,3,0.8,1,"TopSupport","two-point",2,2,"two-point",2,"degenerate",,,,,1,1,,"NoSwitchDetected",
123456,"TwoPole",36,51,3,0.8,1,"TopSupport","two-point",2,2,"two-point",2,"degenerate",,,,,1,1,,"NoSwitchDetected",
123456,"TwoPole",37,51,3,0.8,1,"TopSupport","one-point",1,1,"one-point",1,"degenerate",,,,,1,1,,"NoSwitchDetected",
123456,"TwoPole",38,51,3,0.8,1,"TopSupport","two-point",2,2,"two-point",2,"degenerate",,,,,1,1,,"NoSwitchDetected",
123456,"TwoPole",39,51,3,0.8,1,"TopSupport","one-point",1,1,"one-point",1,"degenerate",,,,,1,1,,"NoSwitchDetected",
123456,"TwoPole",40,51,3,0.8,1,"TopSupport","two-point",2,2,"two-point",2,"degenerate",,,,,1,1,,"NoSwitchDetected",
123456,"TwoPole",41,51,3,0.8,1,"TopSupport","two-point",2,2,"two-point",2,"degenerate",,,,,1,1,,"NoSwitchDetected",
123456,"TwoPole",42,51,3,0.8,1,"TopSupport","two-point",2,2,"two-point",2,"degenerate",,,,,1,1,,"NoSwitchDetected",
123456,"TwoPole",43,51,3,0.8,1,"TopSupport","two-point",2,2,"two-point",2,"degenerate",,,,,1,1,,"NoSwitchDetected",
123456,"TwoPole",44,51,3,0.8,1,"TopSupport","one-point",1,1,"one-point",1,"degenerate",,,,,1,1,,"NoSwitchDetected",
123456,"TwoPole",45,51,3,0.8,1,"TopSupport","two-point",2,2,"two-point",2,"degenerate",,,,,1,1,,"NoSwitchDetected",
123456,"TwoPole",46,51,3,0.8,1,"TopSupport","two-point",2,2,"two-point",2,"degenerate",,,,,1,1,,"NoSwitchDetected",
123456,"TwoPole",47,51,3,0.8,1,"TopSupport","two-point",2,2,"two-point",2,"degenerate",,,,,1,1,,"NoSwitchDetected",
123456,"TwoPole",48,51,3,0.8,1,"TopSupport","two-point",2,2,"two-point",2,"degenerate",,,,,1,1,,"NoSwitchDetected",
123456,"TwoPole",49,51,3,0.8,1,"TopSupport","two-point",2,2,"two-point",2,"degenerate",,,,,1,1,,"NoSwitchDetected",
123456,"TwoPole",50,51,3,0.8,1,"TopSupport","two-point",2,2,"two-point",2,"degenerate",,,,,1,1,,"NoSwitchDetected",
123456,"TwoPole",51,51,3,0.8,1,"TopSupport","two-point",2,2,"two-point",2,"degenerate",,,,,1,1,,"NoSwitchDetected",
123456,"TwoPole",52,51,3,0.8,1,"TopSupport","one-point",1,1,"one-point",1,"degenerate",,,,,1,1,,"NoSwitchDetected",
123456,"TwoPole",53,51,3,0.8,1,"TopSupport","two-point",2,2,"two-point",2,"degenerate",,,,,1,1,,"NoSwitchDetected",
123456,"TwoPole",54,51,3,0.8,1,"TopSupport","two-point",2,2,"two-point",2,"degenerate",,,,,1,1,,"NoSwitchDetected",
123456,"TwoPole",55,51,3,0.8,1,"TopSupport","two-point",2,2,"two-point",2,"degenerate",,,,,1,1,,"NoSwitchDetected",
123456,"TwoPole",56,51,3,0.8,1,"TopSupport","two-point",2,2,"two-point",2,"degenerate",,,,,1,1,,"NoSwitchDetected",
123456,"TwoPole",57,51,3,0.8,1,"TopSupport","two-point",2,2,"two-point",2,"degenerate",,,,,1,1,,"NoSwitchDetected",
123456,"TwoPole",58,51,3,0.8,1,"TopSupport","one-point",1,1,"one-point",1,"degenerate",,,,,1,1,,"NoSwitchDetected",
123456,"TwoPole",59,51,3,0.8,1,"TopSupport","two-point",2,2,"two-point",2,"degenerate",,,,,1,1,,"NoSwitchDetected",
123456,"TwoPole",60,51,3,0.8,1,"TopSupport","one-point",1,1,"one-point",1,"degenerate",,,,,1,1,,"NoSwitchDetected",
123456,"TwoPole",61,51,3,0.8,1,"TopSupport","one-point",1,1,"one-point",1,"degenerate",,,,,1,1,,"NoSwitchDetected",
123456,"TwoPole",62,51,3,0.8,1,"TopSupport","two-point",2,2,"two-point",2,"degenerate",,,,,1,1,,"NoSwitchDetected",
123456,"TwoPole",63,51,3,0.8,1,"TopSupport","two-point",2,2,"two-point",2,"degenerate",,,,,1,1,,"NoSwitchDetected",
123456,"TwoPole",64,51,3,0.8,1,"TopSupport","two-point",2,2,"two-point",2,"degenerate",,,,,1,1,,"NoSwitchDetected",
123456,"TwoPole",65,51,3,0.8,1,"TopSupport","two-point",2,2,"two-point",2,"degenerate",,,,,1,1,,"NoSwitchDetected",
123456,"TwoPole",66,51,3,0.8,1,"TopSupport","one-point",1,1,"one-point",1,"degenerate",,,,,1,1,,"NoSwitchDetected",
123456,"TwoPole",67,51,3,0.8,1,"TopSupport","two-point",2,2,"two-point",2,"degenerate",,,,,1,1,,"NoSwitchDetected",
123456,"TwoPole",68,51,3,0.8,1,"TopSupport","two-point",2,2,"two-point",2,"degenerate",,,,,1,1,,"NoSwitchDetected",
123456,"TwoPole",69,51,3,0.8,1,"TopSupport","one-point",1,1,"one-point",1,"degenerate",,,,,1,1,,"NoSwitchDetected",
123456,"TwoPole",70,51,3,0.8,1,"TopSupport","two-point",2,2,"two-point",2,"degenerate",,,,,1,1,,"NoSwitchDetected",
123456,"TwoPole",71,51,3,0.8,1,"TopSupport","two-point",2,2,"two-point",2,"degenerate",,,,,1,1,,"NoSwitchDetected",
123456,"TwoPole",72,51,3,0.8,1,"TopSupport","two-point",2,2,"one-point",1,"degenerate",,,,,2,1,1.9175536210444022,"SwitchDetected",1
123456,"TwoPole",73,51,3,0.8,1,"TopSupport","two-point",2,2,"two-point",2,"degenerate",,,,,1,1,,"NoSwitchDetected",
123456,"TwoPole",74,51,3,0.8,1,"TopSupport","one-point",1,1,"one-point",1,"degenerate",,,,,1,1,,"NoSwitchDetected",
123456,"TwoPole",75,51,3,0.8,1,"TopSupport","one-point",1,1,"one-point",1,"degenerate",,,,,1,1,,"NoSwitchDetected",
123456,"TwoPole",76,51,3,0.8,1,"TopSupport","two-point",2,2,"two-point",2,"degenerate",,,,,1,1,,"NoSwitchDetected",
123456,"TwoPole",77,51,3,0.8,1,"TopSupport","two-point",2,2,"two-point",2,"degenerate",,,,,1,1,,"NoSwitchDetected",
123456,"TwoPole",78,51,3,0.8,1,"TopSupport","two-point",2,2,"two-point",2,"degenerate",,,,,1,1,,"NoSwitchDetected",
123456,"TwoPole",79,51,3,0.8,1,"TopSupport","two-point",2,2,"two-point",2,"degenerate",,,,,1,1,,"NoSwitchDetected",
123456,"TwoPole",80,51,3,0.8,1,"TopSupport","two-point",2,2,"two-point",2,"degenerate",,,,,1,1,,"NoSwitchDetected",
123456,"TwoPole",81,51,3,0.8,1,"TopSupport","one-point",1,1,"one-point",1,"degenerate",,,,,1,1,,"NoSwitchDetected",
123456,"TwoPole",82,51,3,0.8,1,"TopSupport","two-point",2,2,"two-point",2,"degenerate",,,,,1,1,,"NoSwitchDetected",
123456,"TwoPole",83,51,3,0.8,1,"TopSupport","two-point",2,2,"two-point",2,"degenerate",,,,,1,1,,"NoSwitchDetected",
123456,"TwoPole",84,51,3,0.8,1,"TopSupport","two-point",2,2,"two-point",2,"degenerate",,,,,1,1,,"NoSwitchDetected",
123456,"TwoPole",85,51,3,0.8,1,"TopSupport","two-point",2,2,"two-point",2,"degenerate",,,,,1,1,,"NoSwitchDetected",
123456,"TwoPole",86,51,3,0.8,1,"TopSupport","two-point",2,2,"two-point",2,"degenerate",,,,,1,1,,"NoSwitchDetected",
123456,"TwoPole",87,51,3,0.8,1,"TopSupport","two-point",2,2,"two-point",2,"degenerate",,,,,1,1,,"NoSwitchDetected",
123456,"TwoPole",88,51,3,0.8,1,"TopSupport","one-point",1,1,"one-point",1,"degenerate",,,,,1,1,,"NoSwitchDetected",
123456,"TwoPole",89,51,3,0.8,1,"TopSupport","one-point",1,1,"one-point",1,"degenerate",,,,,1,1,,"NoSwitchDetected",
123456,"TwoPole",90,51,3,0.8,1,"TopSupport","two-point",2,2,"two-point",2,"degenerate",,,,,1,1,,"NoSwitchDetected",
123456,"TwoPole",91,51,3,0.8,1,"TopSupport","two-point",2,2,"two-point",2,"degenerate",,,,,1,1,,"NoSwitchDetected",
123456,"TwoPole",92,51,3,0.8,1,"TopSupport","one-point",1,1,"one-point",1,"degenerate",,,,,1,1,,"NoSwitchDetected",
123456,"TwoPole",93,51,3,0.8,1,"TopSupport","two-point",2,2,"two-point",2,"degenerate",,,,,1,1,,"NoSwitchDetected",
123456,"TwoPole",94,51,3,0.8,1,"TopSupport","one-point",1,1,"one-point",1,"degenerate",,,,,1,1,,"NoSwitchDetected",
123456,"TwoPole",95,51,3,0.8,1,"TopSupport","two-point",2,2,"two-point",2,"degenerate",,,,,1,1,,"NoSwitchDetected",
123456,"TwoPole",96,51,3,0.8,1,"TopSupport","two-point",2,2,"two-point",2,"degenerate",,,,,1,1,,"NoSwitchDetected",
123456,"TwoPole",97,51,3,0.8,1,"TopSupport","two-point",2,2,"one-point",1,"degenerate",,,,,2,1,1.3985584195197238,"SwitchDetected",1
123456,"TwoPole",98,51,3,0.8,1,"TopSupport","one-point",1,1,"one-point",1,"degenerate",,,,,1,1,,"NoSwitchDetected",
123456,"TwoPole",99,51,3,0.8,1,"TopSupport","two-point",2,2,"two-point",2,"degenerate",,,,,1,1,,"NoSwitchDetected",
123456,"TwoPole",100,51,3,0.8,1,"TopSupport","two-point",2,2,"two-point",2,"degenerate",,,,,1,1,,"NoSwitchDetected",
123456,"TwoPole",101,51,3,0.8,1,"TopSupport","two-point",2,2,"two-point",2,"degenerate",,,,,1,1,,"NoSwitchDetected",
123456,"TwoPole",102,51,3,0.8,1,"TopSupport","two-point",2,2,"two-point",2,"degenerate",,,,,1,1,,"NoSwitchDetected",
123456,"TwoPole",103,51,3,0.8,1,"TopSupport","two-point",2,2,"two-point",2,"degenerate",,,,,1,1,,"NoSwitchDetected",
123456,"TwoPole",104,51,3,0.8,1,"TopSupport","two-point",2,2,"one-point",1,"degenerate",,,,,2,1,1.4329654202196895,"SwitchDetected",1
123456,"TwoPole",105,51,3,0.8,1,"TopSupport","two-point",2,2,"two-point",2,"degenerate",,,,,1,1,,"NoSwitchDetected",
123456,"TwoPole",106,51,3,0.8,1,"TopSupport","two-point",2,2,"one-point",1,"degenerate",,,,,2,1,1.0506305290120936,"SwitchDetected",1
123456,"TwoPole",107,51,3,0.8,1,"TopSupport","two-point",2,2,"two-point",2,"degenerate",,,,,1,1,,"NoSwitchDetected",
123456,"TwoPole",108,51,3,0.8,1,"TopSupport","one-point",1,1,"one-point",1,"degenerate",,,,,1,1,,"NoSwitchDetected",
123456,"TwoPole",109,51,3,0.8,1,"TopSupport","two-point",2,2,"two-point",2,"degenerate",,,,,1,1,,"NoSwitchDetected",
123456,"TwoPole",110,51,3,0.8,1,"TopSupport","two-point",2,2,"two-point",2,"degenerate",,,,,1,1,,"NoSwitchDetected",
123456,"TwoPole",111,51,3,0.8,1,"TopSupport","one-point",1,1,"one-point",1,"degenerate",,,,,1,1,,"NoSwitchDetected",
123456,"TwoPole",112,51,3,0.8,1,"TopSupport","two-point",2,2,"two-point",2,"degenerate",,,,,1,1,,"NoSwitchDetected",
123456,"TwoPole",113,51,3,0.8,1,"TopSupport","two-point",2,2,"two-point",2,"degenerate",,,,,1,1,,"NoSwitchDetected",
123456,"TwoPole",114,51,3,0.8,1,"TopSupport","one-point",1,1,"one-point",1,"degenerate",,,,,1,1,,"NoSwitchDetected",
123456,"TwoPole",115,51,3,0.8,1,"TopSupport","one-point",1,1,"one-point",1,"degenerate",,,,,1,1,,"NoSwitchDetected",
123456,"TwoPole",116,51,3,0.8,1,"TopSupport","two-point",2,2,"two-point",2,"degenerate",,,,,1,1,,"NoSwitchDetected",
123456,"TwoPole",117,51,3,0.8,1,"TopSupport","two-point",2,2,"one-point",1,"degenerate",,,,,2,1,1.054454287405083,"SwitchDetected",1
123456,"TwoPole",118,51,3,0.8,1,"TopSupport","two-point",2,2,"two-point",2,"degenerate",,,,,1,1,,"NoSwitchDetected",
123456,"TwoPole",119,51,3,0.8,1,"TopSupport","one-point",1,1,"one-point",1,"degenerate",,,,,1,1,,"NoSwitchDetected",
123456,"TwoPole",120,51,3,0.8,1,"TopSupport","one-point",1,1,"one-point",1,"degenerate",,,,,1,1,,"NoSwitchDetected",
123456,"TwoPole",121,51,3,0.8,1,"TopSupport","one-point",1,1,"one-point",1,"degenerate",,,,,1,1,,"NoSwitchDetected",
123456,"TwoPole",122,51,3,0.8,1,"TopSupport","two-point",2,2,"two-point",2,"degenerate",,,,,1,1,,"NoSwitchDetected",
123456,"TwoPole",123,51,3,0.8,1,"TopSupport","one-point",1,1,"one-point",1,"degenerate",,,,,1,1,,"NoSwitchDetected",
123456,"TwoPole",124,51,3,0.8,1,"TopSupport","one-point",1,1,"one-point",1,"degenerate",,,,,1,1,,"NoSwitchDetected",
123456,"TwoPole",125,51,3,0.8,1,"TopSupport","two-point",2,2,"two-point",2,"degenerate",,,,,1,1,,"NoSwitchDetected",
123456,"TwoPole",126,51,3,0.8,1,"TopSupport","two-point",2,2,"one-point",1,"degenerate",,,,,2,1,1.0506305290120936,"SwitchDetected",1
123456,"TwoPole",127,51,3,0.8,1,"TopSupport","two-point",2,2,"two-point",2,"degenerate",,,,,1,1,,"NoSwitchDetected",
123456,"TwoPole",128,51,3,0.8,1,"TopSupport","two-point",2,2,"two-point",2,"degenerate",,,,,1,1,,"NoSwitchDetected",
123456,"TwoPole",129,51,3,0.8,1,"TopSupport","two-point",2,2,"two-point",2,"degenerate",,,,,1,1,,"NoSwitchDetected",
123456,"TwoPole",130,51,3,0.8,1,"TopSupport","two-point",2,2,"two-point",2,"degenerate",,,,,1,1,,"NoSwitchDetected",
123456,"TwoPole",131,51,3,0.8,1,"TopSupport","two-point",2,2,"two-point",2,"degenerate",,,,,1,1,,"NoSwitchDetected",
123456,"TwoPole",132,51,3,0.8,1,"TopSupport","two-point",2,2,"two-point",2,"degenerate",,,,,1,1,,"NoSwitchDetected",
123456,"TwoPole",133,51,3,0.8,1,"TopSupport","one-point",1,1,"one-point",1,"degenerate",,,,,1,1,,"NoSwitchDetected",
123456,"TwoPole",134,51,3,0.8,1,"TopSupport","two-point",2,2,"two-point",2,"degenerate",,,,,1,1,,"NoSwitchDetected",
123456,"TwoPole",135,51,3,0.8,1,"TopSupport","two-point",2,2,"two-point",2,"degenerate",,,,,1,1,,"NoSwitchDetected",
123456,"TwoPole",136,51,3,0.8,1,"TopSupport","two-point",2,2,"two-point",2,"degenerate",,,,,1,1,,"NoSwitchDetected",
123456,"TwoPole",137,51,3,0.8,1,"TopSupport","one-point",1,1,"one-point",1,"degenerate",,,,,1,1,,"NoSwitchDetected",
123456,"TwoPole",138,51,3,0.8,1,"TopSupport","two-point",2,2,"two-point",2,"degenerate",,,,,1,1,,"NoSwitchDetected",
123456,"TwoPole",139,51,3,0.8,1,"TopSupport","two-point",2,2,"two-point",2,"degenerate",,,,,1,1,,"NoSwitchDetected",
123456,"TwoPole",140,51,3,0.8,1,"TopSupport","one-point",1,1,"one-point",1,"degenerate",,,,,1,1,,"NoSwitchDetected",
123456,"TwoPole",141,51,3,0.8,1,"TopSupport","two-point",2,2,"two-point",2,"degenerate",,,,,1,1,,"NoSwitchDetected",
123456,"TwoPole",142,51,3,0.8,1,"TopSupport","two-point",2,2,"two-point",2,"degenerate",,,,,1,1,,"NoSwitchDetected",
123456,"TwoPole",143,51,3,0.8,1,"TopSupport","one-point",1,1,"one-point",1,"degenerate",,,,,1,1,,"NoSwitchDetected",
123456,"TwoPole",144,51,3,0.8,1,"TopSupport","one-point",1,1,"one-point",1,"degenerate",,,,,1,1,,"NoSwitchDetected",
123456,"TwoPole",145,51,3,0.8,1,"TopSupport","two-point",2,2,"two-point",2,"degenerate",,,,,1,1,,"NoSwitchDetected",
123456,"TwoPole",146,51,3,0.8,1,"TopSupport","two-point",2,2,"two-point",2,"degenerate",,,,,1,1,,"NoSwitchDetected",
123456,"TwoPole",147,51,3,0.8,1,"TopSupport","two-point",2,2,"two-point",2,"degenerate",,,,,1,1,,"NoSwitchDetected",
123456,"TwoPole",148,51,3,0.8,1,"TopSupport","two-point",2,2,"two-point",2,"degenerate",,,,,1,1,,"NoSwitchDetected",
123456,"TwoPole",149,51,3,0.8,1,"TopSupport","two-point",2,2,"two-point",2,"degenerate",,,,,1,1,,"NoSwitchDetected",
123456,"TwoPole",150,51,3,0.8,1,"TopSupport","two-point",2,2,"two-point",2,"degenerate",,,,,1,1,,"NoSwitchDetected",
123456,"TwoPole",151,51,3,0.8,1,"TopSupport","two-point",2,2,"two-point",2,"degenerate",,,,,1,1,,"NoSwitchDetected",
123456,"TwoPole",152,51,3,0.8,1,"TopSupport","two-point",2,2,"two-point",2,"degenerate",,,,,1,1,,"NoSwitchDetected",
123456,"TwoPole",153,51,3,0.8,1,"TopSupport","one-point",1,1,"one-point",1,"degenerate",,,,,1,1,,"NoSwitchDetected",
123456,"TwoPole",154,51,3,0.8,1,"TopSupport","two-point",2,2,"two-point",2,"degenerate",,,,,1,1,,"NoSwitchDetected",
123456,"TwoPole",155,51,3,0.8,1,"TopSupport","two-point",2,2,"two-point",2,"degenerate",,,,,1,1,,"NoSwitchDetected",
123456,"TwoPole",156,51,3,0.8,1,"TopSupport","two-point",2,2,"two-point",2,"degenerate",,,,,1,1,,"NoSwitchDetected",
123456,"TwoPole",157,51,3,0.8,1,"TopSupport","one-point",1,1,"one-point",1,"degenerate",,,,,1,1,,"NoSwitchDetected",
123456,"TwoPole",158,51,3,0.8,1,"TopSupport","two-point",2,2,"two-point",2,"degenerate",,,,,1,1,,"NoSwitchDetected",
123456,"TwoPole",159,51,3,0.8,1,"TopSupport","two-point",2,2,"two-point",2,"degenerate",,,,,1,1,,"NoSwitchDetected",
123456,"TwoPole",160,51,3,0.8,1,"TopSupport","two-point",2,2,"two-point",2,"degenerate",,,,,1,1,,"NoSwitchDetected",
123456,"TwoPole",161,51,3,0.8,1,"TopSupport","one-point",1,1,"one-point",1,"degenerate",,,,,1,1,,"NoSwitchDetected",
123456,"TwoPole",162,51,3,0.8,1,"TopSupport","one-point",1,1,"one-point",1,"degenerate",,,,,1,1,,"NoSwitchDetected",
123456,"TwoPole",163,51,3,0.8,1,"TopSupport","two-point",2,2,"two-point",2,"degenerate",,,,,1,1,,"NoSwitchDetected",
123456,"TwoPole",164,51,3,0.8,1,"TopSupport","two-point",2,2,"two-point",2,"degenerate",,,,,1,1,,"NoSwitchDetected",
123456,"TwoPole",165,51,3,0.8,1,"TopSupport","two-point",2,2,"two-point",2,"degenerate",,,,,1,1,,"NoSwitchDetected",
123456,"TwoPole",166,51,3,0.8,1,"TopSupport","two-point",2,2,"one-point",1,"degenerate",,,,,2,1,1.0506305290120936,"SwitchDetected",1
123456,"TwoPole",167,51,3,0.8,1,"TopSupport","two-point",2,2,"one-point",1,"degenerate",,,,,2,1,1.3692370853151121,"SwitchDetected",1
123456,"TwoPole",168,51,3,0.8,1,"TopSupport","two-point",2,2,"two-point",2,"degenerate",,,,,1,1,,"NoSwitchDetected",
123456,"TwoPole",169,51,3,0.8,1,"TopSupport","two-point",2,2,"one-point",1,"degenerate",,,,,2,1,1.5405721292222576,"SwitchDetected",1
123456,"TwoPole",170,51,3,0.8,1,"TopSupport","two-point",2,2,"two-point",2,"degenerate",,,,,1,1,,"NoSwitchDetected",
123456,"TwoPole",171,51,3,0.8,1,"TopSupport","two-point",2,2,"two-point",2,"degenerate",,,,,1,1,,"NoSwitchDetected",
123456,"TwoPole",172,51,3,0.8,1,"TopSupport","two-point",2,2,"two-point",2,"degenerate",,,,,1,1,,"NoSwitchDetected",
123456,"TwoPole",173,51,3,0.8,1,"TopSupport","one-point",1,1,"one-point",1,"degenerate",,,,,1,1,,"NoSwitchDetected",
123456,"TwoPole",174,51,3,0.8,1,"TopSupport","one-point",1,1,"one-point",1,"degenerate",,,,,1,1,,"NoSwitchDetected",
123456,"TwoPole",175,51,3,0.8,1,"TopSupport","two-point",2,2,"two-point",2,"degenerate",,,,,1,1,,"NoSwitchDetected",
123456,"TwoPole",176,51,3,0.8,1,"TopSupport","two-point",2,2,"two-point",2,"degenerate",,,,,1,1,,"NoSwitchDetected",
123456,"TwoPole",177,51,3,0.8,1,"TopSupport","two-point",2,2,"two-point",2,"degenerate",,,,,1,1,,"NoSwitchDetected",
123456,"TwoPole",178,51,3,0.8,1,"TopSupport","two-point",2,2,"two-point",2,"degenerate",,,,,1,1,,"NoSwitchDetected",
123456,"TwoPole",179,51,3,0.8,1,"TopSupport","one-point",1,1,"one-point",1,"degenerate",,,,,1,1,,"NoSwitchDetected",
123456,"TwoPole",180,51,3,0.8,1,"TopSupport","one-point",1,1,"one-point",1,"degenerate",,,,,1,1,,"NoSwitchDetected",
123456,"TwoPole",181,51,3,0.8,1,"TopSupport","two-point",2,2,"two-point",2,"degenerate",,,,,1,1,,"NoSwitchDetected",
123456,"TwoPole",182,51,3,0.8,1,"TopSupport","two-point",2,2,"two-point",2,"degenerate",,,,,1,1,,"NoSwitchDetected",
123456,"TwoPole",183,51,3,0.8,1,"TopSupport","one-point",1,1,"one-point",1,"degenerate",,,,,1,1,,"NoSwitchDetected",
123456,"TwoPole",184,51,3,0.8,1,"TopSupport","two-point",2,2,"two-point",2,"degenerate",,,,,1,1,,"NoSwitchDetected",
123456,"TwoPole",185,51,3,0.8,1,"TopSupport","two-point",2,2,"two-point",2,"degenerate",,,,,1,1,,"NoSwitchDetected",
123456,"TwoPole",186,51,3,0.8,1,"TopSupport","two-point",2,2,"two-point",2,"degenerate",,,,,1,1,,"NoSwitchDetected",
123456,"TwoPole",187,51,3,0.8,1,"TopSupport","two-point",2,2,"one-point",1,"degenerate",,,,,2,1,1.0588995077933394,"SwitchDetected",1
123456,"TwoPole",188,51,3,0.8,1,"TopSupport","two-point",2,2,"one-point",1,"degenerate",,,,,2,1,1.2410158620748422,"SwitchDetected",1
123456,"TwoPole",189,51,3,0.8,1,"TopSupport","two-point",2,2,"two-point",2,"degenerate",,,,,1,1,,"NoSwitchDetected",
123456,"TwoPole",190,51,3,0.8,1,"TopSupport","two-point",2,2,"two-point",2,"degenerate",,,,,1,1,,"NoSwitchDetected",
123456,"TwoPole",191,51,3,0.8,1,"TopSupport","two-point",2,2,"two-point",2,"degenerate",,,,,1,1,,"NoSwitchDetected",
123456,"TwoPole",192,51,3,0.8,1,"TopSupport","one-point",1,1,"one-point",1,"degenerate",,,,,1,1,,"NoSwitchDetected",
123456,"TwoPole",193,51,3,0.8,1,"TopSupport","two-point",2,2,"two-point",2,"degenerate",,,,,1,1,,"NoSwitchDetected",
123456,"TwoPole",194,51,3,0.8,1,"TopSupport","one-point",1,1,"one-point",1,"degenerate",,,,,1,1,,"NoSwitchDetected",
123456,"TwoPole",195,51,3,0.8,1,"TopSupport","two-point",2,2,"two-point",2,"degenerate",,,,,1,1,,"NoSwitchDetected",
123456,"TwoPole",196,51,3,0.8,1,"TopSupport","one-point",1,1,"one-point",1,"degenerate",,,,,1,1,,"NoSwitchDetected",
123456,"TwoPole",197,51,3,0.8,1,"TopSupport","two-point",2,2,"two-point",2,"degenerate",,,,,1,1,,"NoSwitchDetected",
123456,"TwoPole",198,51,3,0.8,1,"TopSupport","two-point",2,2,"two-point",2,"degenerate",,,,,1,1,,"NoSwitchDetected",
123456,"TwoPole",199,51,3,0.8,1,"TopSupport","two-point",2,2,"two-point",2,"degenerate",,,,,1,1,,"NoSwitchDetected",
123456,"TwoPole",200,51,3,0.8,1,"TopSupport","two-point",2,2,"two-point",2,"degenerate",,,,,1,1,,"NoSwitchDetected",
123456,"TwoPole",1,51,3,0.8,2,"TopSupport","two-point",2,2,"two-point",2,"degenerate",,,,,2,2,,"NoSwitchDetected",
123456,"TwoPole",2,51,3,0.8,2,"TopSupport","two-point",2,2,"one-point",1,"degenerate",,,,,1,2,1.1154841682301817,"SwitchDetected",2
123456,"TwoPole",3,51,3,0.8,2,"TopSupport","one-point",1,1,"one-point",1,"degenerate",,,,,1,1,,"NoSwitchDetected",
123456,"TwoPole",4,51,3,0.8,2,"TopSupport","two-point",2,2,"two-point",2,"degenerate",,,,,2,2,,"NoSwitchDetected",
123456,"TwoPole",5,51,3,0.8,2,"TopSupport","one-point",1,1,"one-point",1,"degenerate",,,,,1,1,,"NoSwitchDetected",
123456,"TwoPole",6,51,3,0.8,2,"TopSupport","two-point",2,2,"one-point",1,"degenerate",,,,,1,2,4.169956789891724,"SwitchDetected",2
123456,"TwoPole",7,51,3,0.8,2,"TopSupport","one-point",1,1,"one-point",1,"degenerate",,,,,1,1,,"NoSwitchDetected",
123456,"TwoPole",8,51,3,0.8,2,"TopSupport","one-point",1,1,"one-point",1,"degenerate",,,,,1,1,,"NoSwitchDetected",
123456,"TwoPole",9,51,3,0.8,2,"TopSupport","two-point",2,2,"two-point",2,"degenerate",,,,,2,2,,"NoSwitchDetected",
123456,"TwoPole",10,51,3,0.8,2,"TopSupport","one-point",1,1,"one-point",1,"degenerate",,,,,1,1,,"NoSwitchDetected",
123456,"TwoPole",11,51,3,0.8,2,"TopSupport","two-point",2,2,"two-point",2,"degenerate",,,,,2,2,,"NoSwitchDetected",
123456,"TwoPole",12,51,3,0.8,2,"TopSupport","two-point",2,2,"one-point",1,"degenerate",,,,,1,2,1.8744740769639563,"SwitchDetected",2
123456,"TwoPole",13,51,3,0.8,2,"TopSupport","one-point",1,1,"one-point",1,"degenerate",,,,,1,1,,"NoSwitchDetected",
123456,"TwoPole",14,51,3,0.8,2,"TopSupport","one-point",1,1,"one-point",1,"degenerate",,,,,1,1,,"NoSwitchDetected",
123456,"TwoPole",15,51,3,0.8,2,"TopSupport","one-point",1,1,"one-point",1,"degenerate",,,,,1,1,,"NoSwitchDetected",
123456,"TwoPole",16,51,3,0.8,2,"TopSupport","multi-point",3,3,"two-point",2,"degenerate",,,,,2,2,,"NoSwitchDetected",
123456,"TwoPole",17,51,3,0.8,2,"TopSupport","two-point",2,2,"one-point",1,"degenerate",,,,,1,2,2.8745095183915805,"SwitchDetected",2
123456,"TwoPole",18,51,3,0.8,2,"TopSupport","two-point",2,2,"one-point",1,"degenerate",,,,,1,2,1.4150462671072566,"SwitchDetected",2
123456,"TwoPole",19,51,3,0.8,2,"TopSupport","two-point",2,2,"one-point",1,"degenerate",,,,,1,2,2.8073734677162334,"SwitchDetected",2
123456,"TwoPole",20,51,3,0.8,2,"TopSupport","two-point",2,2,"one-point",1,"degenerate",,,,,1,2,3.700445503464086,"SwitchDetected",2
123456,"TwoPole",21,51,3,0.8,2,"TopSupport","two-point",2,2,"one-point",1,"degenerate",,,,,1,2,1.485432062947722,"SwitchDetected",2
123456,"TwoPole",22,51,3,0.8,2,"TopSupport","two-point",2,2,"one-point",1,"degenerate",,,,,1,2,1.289508361163871,"SwitchDetected",2
123456,"TwoPole",23,51,3,0.8,2,"TopSupport","two-point",2,2,"two-point",2,"degenerate",,,,,2,2,,"NoSwitchDetected",
123456,"TwoPole",24,51,3,0.8,2,"TopSupport","two-point",2,2,"one-point",1,"degenerate",,,,,1,2,1.169933063033857,"SwitchDetected",2
123456,"TwoPole",25,51,3,0.8,2,"TopSupport","two-point",2,2,"one-point",1,"degenerate",,,,,1,2,2.39234868949405,"SwitchDetected",2
123456,"TwoPole",26,51,3,0.8,2,"TopSupport","two-point",2,2,"one-point",1,"degenerate",,,,,1,2,1.7369833590336334,"SwitchDetected",2
123456,"TwoPole",27,51,3,0.8,2,"TopSupport","one-point",1,1,"one-point",1,"degenerate",,,,,1,1,,"NoSwitchDetected",
123456,"TwoPole",28,51,3,0.8,2,"TopSupport","two-point",2,2,"one-point",1,"degenerate",,,,,1,2,2.4594359689508223,"SwitchDetected",2
123456,"TwoPole",29,51,3,0.8,2,"TopSupport","one-point",1,1,"one-point",1,"degenerate",,,,,1,1,,"NoSwitchDetected",
123456,"TwoPole",30,51,3,0.8,2,"TopSupport","two-point",2,2,"one-point",1,"degenerate",,,,,1,2,1.0995360661117537,"SwitchDetected",2
123456,"TwoPole",31,51,3,0.8,2,"TopSupport","two-point",2,2,"one-point",1,"degenerate",,,,,1,2,1.0995360661117537,"SwitchDetected",2
123456,"TwoPole",32,51,3,0.8,2,"TopSupport","two-point",2,2,"one-point",1,"degenerate",,,,,1,2,1.9068912400437852,"SwitchDetected",2
123456,"TwoPole",33,51,3,0.8,2,"TopSupport","one-point",1,1,"one-point",1,"degenerate",,,,,1,1,,"NoSwitchDetected",
123456,"TwoPole",34,51,3,0.8,2,"TopSupport","two-point",2,2,"one-point",1,"degenerate",,,,,1,2,1.0995360661117537,"SwitchDetected",2
123456,"TwoPole",35,51,3,0.8,2,"TopSupport","two-point",2,2,"one-point",1,"degenerate",,,,,1,2,1.6629653237626216,"SwitchDetected",2
123456,"TwoPole",36,51,3,0.8,2,"TopSupport","one-point",1,1,"one-point",1,"degenerate",,,,,1,1,,"NoSwitchDetected",
123456,"TwoPole",37,51,3,0.8,2,"TopSupport","two-point",2,2,"one-point",1,"degenerate",,,,,1,2,2.8073734677162334,"SwitchDetected",2
123456,"TwoPole",38,51,3,0.8,2,"TopSupport","one-point",1,1,"one-point",1,"degenerate",,,,,1,1,,"NoSwitchDetected",
123456,"TwoPole",39,51,3,0.8,2,"TopSupport","two-point",2,2,"one-point",1,"degenerate",,,,,1,2,1.9068912400437852,"SwitchDetected",2
123456,"TwoPole",40,51,3,0.8,2,"TopSupport","two-point",2,2,"one-point",1,"degenerate",,,,,1,2,2.8745095183915805,"SwitchDetected",2
123456,"TwoPole",41,51,3,0.8,2,"TopSupport","two-point",2,2,"one-point",1,"degenerate",,,,,1,2,1.3219291661716357,"SwitchDetected",2
123456,"TwoPole",42,51,3,0.8,2,"TopSupport","one-point",1,1,"one-point",1,"degenerate",,,,,1,1,,"NoSwitchDetected",
123456,"TwoPole",43,51,3,0.8,2,"TopSupport","two-point",2,2,"two-point",2,"degenerate",,,,,2,2,,"NoSwitchDetected",
123456,"TwoPole",44,51,3,0.8,2,"TopSupport","two-point",2,2,"one-point",1,"degenerate",,,,,1,2,1.4150462671072566,"SwitchDetected",2
123456,"TwoPole",45,51,3,0.8,2,"TopSupport","one-point",1,1,"one-point",1,"degenerate",,,,,1,1,,"NoSwitchDetected",
123456,"TwoPole",46,51,3,0.8,2,"TopSupport","two-point",2,2,"one-point",1,"degenerate",,,,,1,2,2.4150409410169296,"SwitchDetected",2
123456,"TwoPole",47,51,3,0.8,2,"TopSupport","two-point",2,2,"one-point",1,"degenerate",,,,,1,2,1.3219291661716357,"SwitchDetected",2
123456,"TwoPole",48,51,3,0.8,2,"TopSupport","two-point",2,2,"one-point",1,"degenerate",,,,,1,2,2.00001159674693,"SwitchDetected",2
123456,"TwoPole",49,51,3,0.8,2,"TopSupport","two-point",2,2,"one-point",1,"degenerate",,,,,1,2,1.485432062947722,"SwitchDetected",2
123456,"TwoPole",50,51,3,0.8,2,"TopSupport","one-point",1,1,"one-point",1,"degenerate",,,,,1,1,,"NoSwitchDetected",
123456,"TwoPole",51,51,3,0.8,2,"TopSupport","multi-point",3,3,"multi-point",3,"degenerate",,,,,2,2,,"NoSwitchDetected",
123456,"TwoPole",52,51,3,0.8,2,"TopSupport","one-point",1,1,"one-point",1,"degenerate",,,,,1,1,,"NoSwitchDetected",
123456,"TwoPole",53,51,3,0.8,2,"TopSupport","two-point",2,2,"one-point",1,"degenerate",,,,,1,2,3.087512337376303,"SwitchDetected",2
123456,"TwoPole",54,51,3,0.8,2,"TopSupport","two-point",2,2,"one-point",1,"degenerate",,,,,1,2,2.00001159674693,"SwitchDetected",2
123456,"TwoPole",55,51,3,0.8,2,"TopSupport","two-point",2,2,"one-point",1,"degenerate",,,,,1,2,1.5849633566706869,"SwitchDetected",2
123456,"TwoPole",56,51,3,0.8,2,"TopSupport","two-point",2,2,"one-point",1,"degenerate",,,,,1,2,2.00001159674693,"SwitchDetected",2
123456,"TwoPole",57,51,3,0.8,2,"TopSupport","two-point",2,2,"one-point",1,"degenerate",,,,,1,2,2.4150409410169296,"SwitchDetected",2
123456,"TwoPole",58,51,3,0.8,2,"TopSupport","two-point",2,2,"two-point",2,"degenerate",,,,,2,2,,"NoSwitchDetected",
123456,"TwoPole",59,51,3,0.8,2,"TopSupport","two-point",2,2,"one-point",1,"degenerate",,,,,3,1,1.5849633566706869,"SwitchDetected",1
123456,"TwoPole",60,51,3,0.8,2,"TopSupport","two-point",2,2,"two-point",2,"degenerate",,,,,2,2,,"NoSwitchDetected",
123456,"TwoPole",61,51,3,0.8,2,"TopSupport","two-point",2,2,"one-point",1,"degenerate",,,,,1,2,1.485432062947722,"SwitchDetected",2
123456,"TwoPole",62,51,3,0.8,2,"TopSupport","two-point",2,2,"two-point",2,"degenerate",,,,,2,2,,"NoSwitchDetected",
123456,"TwoPole",63,51,3,0.8,2,"TopSupport","two-point",2,2,"two-point",2,"degenerate",,,,,2,2,,"NoSwitchDetected",
123456,"TwoPole",64,51,3,0.8,2,"TopSupport","one-point",1,1,"one-point",1,"degenerate",,,,,1,1,,"NoSwitchDetected",
123456,"TwoPole",65,51,3,0.8,2,"TopSupport","two-point",2,2,"one-point",1,"degenerate",,,,,1,2,1.5849633566706869,"SwitchDetected",2
123456,"TwoPole",66,51,3,0.8,2,"TopSupport","two-point",2,2,"one-point",1,"degenerate",,,,,1,2,1.169933063033857,"SwitchDetected",2
123456,"TwoPole",67,51,3,0.8,2,"TopSupport","one-point",1,1,"one-point",1,"degenerate",,,,,1,1,,"NoSwitchDetected",
123456,"TwoPole",68,51,3,0.8,2,"TopSupport","two-point",2,2,"one-point",1,"degenerate",,,,,1,2,1.2410158620748422,"SwitchDetected",2
123456,"TwoPole",69,51,3,0.8,2,"TopSupport","two-point",2,2,"one-point",1,"degenerate",,,,,1,2,3.5850262137536877,"SwitchDetected",2
123456,"TwoPole",70,51,3,0.8,2,"TopSupport","one-point",1,1,"one-point",1,"degenerate",,,,,1,1,,"NoSwitchDetected",
123456,"TwoPole",71,51,3,0.8,2,"TopSupport","two-point",2,2,"one-point",1,"degenerate",,,,,1,2,2.663005251162241,"SwitchDetected",2
123456,"TwoPole",72,51,3,0.8,2,"TopSupport","two-point",2,2,"one-point",1,"degenerate",,,,,1,2,3.906929052181016,"SwitchDetected",2
123456,"TwoPole",73,51,3,0.8,2,"TopSupport","one-point",1,1,"one-point",1,"degenerate",,,,,1,1,,"NoSwitchDetected",
123456,"TwoPole",74,51,3,0.8,2,"TopSupport","two-point",2,2,"one-point",1,"degenerate",,,,,1,2,2.00001159674693,"SwitchDetected",2
123456,"TwoPole",75,51,3,0.8,2,"TopSupport","one-point",1,1,"one-point",1,"degenerate",,,,,1,1,,"NoSwitchDetected",
123456,"TwoPole",76,51,3,0.8,2,"TopSupport","two-point",2,2,"one-point",1,"degenerate",,,,,1,2,4.169956789891724,"SwitchDetected",2
123456,"TwoPole",77,51,3,0.8,2,"TopSupport","one-point",1,1,"one-point",1,"degenerate",,,,,1,1,,"NoSwitchDetected",
123456,"TwoPole",78,51,3,0.8,2,"TopSupport","two-point",2,2,"one-point",1,"degenerate",,,,,1,2,2.115479157514041,"SwitchDetected",2
123456,"TwoPole",79,51,3,0.8,2,"TopSupport","two-point",2,2,"one-point",1,"degenerate",,,,,1,2,2.169950542371748,"SwitchDetected",2
123456,"TwoPole",80,51,3,0.8,2,"TopSupport","one-point",1,1,"one-point",1,"degenerate",,,,,1,1,,"NoSwitchDetected",
123456,"TwoPole",81,51,3,0.8,2,"TopSupport","two-point",2,2,"one-point",1,"degenerate",,,,,1,2,1.169933063033857,"SwitchDetected",2
123456,"TwoPole",82,51,3,0.8,2,"TopSupport","two-point",2,2,"one-point",1,"degenerate",,,,,1,2,3.5850262137536877,"SwitchDetected",2
123456,"TwoPole",83,51,3,0.8,2,"TopSupport","two-point",2,2,"one-point",1,"degenerate",,,,,1,2,2.8073734677162334,"SwitchDetected",2
123456,"TwoPole",84,51,3,0.8,2,"TopSupport","multi-point",3,3,"multi-point",3,"calibrated",1,0.0014619883040935663,3,2,,,,"",
123456,"TwoPole",85,51,3,0.8,2,"TopSupport","one-point",1,1,"one-point",1,"degenerate",,,,,1,1,,"NoSwitchDetected",
123456,"TwoPole",86,51,3,0.8,2,"TopSupport","one-point",1,1,"one-point",1,"degenerate",,,,,1,1,,"NoSwitchDetected",
123456,"TwoPole",87,51,3,0.8,2,"TopSupport","two-point",2,2,"two-point",2,"degenerate",,,,,2,2,,"NoSwitchDetected",
123456,"TwoPole",88,51,3,0.8,2,"TopSupport","two-point",2,2,"two-point",2,"degenerate",,,,,2,2,,"NoSwitchDetected",
123456,"TwoPole",89,51,3,0.8,2,"TopSupport","two-point",2,2,"two-point",2,"degenerate",,,,,2,2,,"NoSwitchDetected",
123456,"TwoPole",90,51,3,0.8,2,"TopSupport","two-point",2,2,"one-point",1,"degenerate",,,,,1,2,2.8745095183915805,"SwitchDetected",2
123456,"TwoPole",91,51,3,0.8,2,"TopSupport","two-point",2,2,"one-point",1,"degenerate",,,,,1,2,1.1154841682301817,"SwitchDetected",2
123456,"TwoPole",92,51,3,0.8,2,"TopSupport","one-point",1,1,"one-point",1,"degenerate",,,,,1,1,,"NoSwitchDetected",
123456,"TwoPole",93,51,3,0.8,2,"TopSupport","one-point",1,1,"one-point",1,"degenerate",,,,,1,1,,"NoSwitchDetected",
123456,"TwoPole",94,51,3,0.8,2,"TopSupport","two-point",2,2,"one-point",1,"degenerate",,,,,1,2,2.00001159674693,"SwitchDetected",2
123456,"TwoPole",95,51,3,0.8,2,"TopSupport","two-point",2,2,"one-point",1,"degenerate",,,,,1,2,3.087512337376303,"SwitchDetected",2
123456,"TwoPole",96,51,3,0.8,2,"TopSupport","one-point",1,1,"one-point",1,"degenerate",,,,,1,1,,"NoSwitchDetected",
123456,"TwoPole",97,51,3,0.8,2,"TopSupport","two-point",2,2,"one-point",1,"degenerate",,,,,1,2,2.115479157514041,"SwitchDetected",2
123456,"TwoPole",98,51,3,0.8,2,"TopSupport","two-point",2,2,"one-point",1,"degenerate",,,,,1,2,1.7369833590336334,"SwitchDetected",2
123456,"TwoPole",99,51,3,0.8,2,"TopSupport","one-point",1,1,"one-point",1,"degenerate",,,,,1,1,,"NoSwitchDetected",
123456,"TwoPole",100,51,3,0.8,2,"TopSupport","two-point",2,2,"two-point",2,"degenerate",,,,,1,1,,"NoSwitchDetected",
123456,"TwoPole",101,51,3,0.8,2,"TopSupport","two-point",2,2,"two-point",2,"degenerate",,,,,2,2,,"NoSwitchDetected",
123456,"TwoPole",102,51,3,0.8,2,"TopSupport","one-point",1,1,"one-point",1,"degenerate",,,,,1,1,,"NoSwitchDetected",
123456,"TwoPole",103,51,3,0.8,2,"TopSupport","one-point",1,1,"one-point",1,"degenerate",,,,,1,1,,"NoSwitchDetected",
123456,"TwoPole",104,51,3,0.8,2,"TopSupport","one-point",1,1,"one-point",1,"degenerate",,,,,1,1,,"NoSwitchDetected",
123456,"TwoPole",105,51,3,0.8,2,"TopSupport","one-point",1,1,"one-point",1,"degenerate",,,,,1,1,,"NoSwitchDetected",
123456,"TwoPole",106,51,3,0.8,2,"TopSupport","one-point",1,1,"one-point",1,"degenerate",,,,,3,3,,"NoSwitchDetected",
123456,"TwoPole",107,51,3,0.8,2,"TopSupport","two-point",2,2,"one-point",1,"degenerate",,,,,1,2,1.3219291661716357,"SwitchDetected",2
123456,"TwoPole",108,51,3,0.8,2,"TopSupport","two-point",2,2,"two-point",2,"degenerate",,,,,2,2,,"NoSwitchDetected",
123456,"TwoPole",109,51,3,0.8,2,"TopSupport","two-point",2,2,"one-point",1,"degenerate",,,,,1,2,3.087512337376303,"SwitchDetected",2
123456,"TwoPole",110,51,3,0.8,2,"TopSupport","two-point",2,2,"one-point",1,"degenerate",,,,,1,2,1.4150462671072566,"SwitchDetected",2
123456,"TwoPole",111,51,3,0.8,2,"TopSupport","one-point",1,1,"one-point",1,"degenerate",,,,,1,1,,"NoSwitchDetected",
123456,"TwoPole",112,51,3,0.8,2,"TopSupport","two-point",2,2,"two-point",2,"degenerate",,,,,2,2,,"NoSwitchDetected",
123456,"TwoPole",113,51,3,0.8,2,"TopSupport","two-point",2,2,"two-point",2,"degenerate",,,,,2,2,,"NoSwitchDetected",
123456,"TwoPole",114,51,3,0.8,2,"TopSupport","one-point",1,1,"one-point",1,"degenerate",,,,,3,3,,"NoSwitchDetected",
123456,"TwoPole",115,51,3,0.8,2,"TopSupport","one-point",1,1,"one-point",1,"degenerate",,,,,1,1,,"NoSwitchDetected",
123456,"TwoPole",116,51,3,0.8,2,"TopSupport","two-point",2,2,"one-point",1,"degenerate",,,,,1,2,1.087468032727584,"SwitchDetected",2
123456,"TwoPole",117,51,3,0.8,2,"TopSupport","two-point",2,2,"one-point",1,"degenerate",,,,,1,2,1.5235732367585293,"SwitchDetected",2
123456,"TwoPole",118,51,3,0.8,2,"TopSupport","two-point",2,2,"one-point",1,"degenerate",,,,,1,2,2.169950542371748,"SwitchDetected",2
123456,"TwoPole",119,51,3,0.8,2,"TopSupport","two-point",2,2,"one-point",1,"degenerate",,,,,1,2,3.906929052181016,"SwitchDetected",2
123456,"TwoPole",120,51,3,0.8,2,"TopSupport","two-point",2,2,"two-point",2,"degenerate",,,,,2,2,,"NoSwitchDetected",
123456,"TwoPole",121,51,3,0.8,2,"TopSupport","two-point",2,2,"one-point",1,"degenerate",,,,,1,2,1.9068912400437852,"SwitchDetected",2
123456,"TwoPole",122,51,3,0.8,2,"TopSupport","one-point",1,1,"one-point",1,"degenerate",,,,,1,1,,"NoSwitchDetected",
123456,"TwoPole",123,51,3,0.8,2,"TopSupport","two-point",2,2,"one-point",1,"degenerate",,,,,1,2,2.169950542371748,"SwitchDetected",2
123456,"TwoPole",124,51,3,0.8,2,"TopSupport","two-point",2,2,"one-point",1,"degenerate",,,,,1,2,1.6629653237626216,"SwitchDetected",2
123456,"TwoPole",125,51,3,0.8,2,"TopSupport","two-point",2,2,"one-point",1,"degenerate",,,,,1,2,2.4594359689508223,"SwitchDetected",2
123456,"TwoPole",126,51,3,0.8,2,"TopSupport","two-point",2,2,"one-point",1,"degenerate",,,,,1,2,2.8073734677162334,"SwitchDetected",2
123456,"TwoPole",127,51,3,0.8,2,"TopSupport","one-point",1,1,"one-point",1,"degenerate",,,,,1,1,,"NoSwitchDetected",
123456,"TwoPole",128,51,3,0.8,2,"TopSupport","two-point",2,2,"one-point",1,"degenerate",,,,,1,2,3.5850262137536877,"SwitchDetected",2
123456,"TwoPole",129,51,3,0.8,2,"TopSupport","two-point",2,2,"one-point",1,"degenerate",,,,,1,2,2.584967147535138,"SwitchDetected",2
123456,"TwoPole",130,51,3,0.8,2,"TopSupport","two-point",2,2,"one-point",1,"degenerate",,,,,1,2,1.4150462671072566,"SwitchDetected",2
123456,"TwoPole",131,51,3,0.8,2,"TopSupport","two-point",2,2,"one-point",1,"degenerate",,,,,1,2,1.3625755372199808,"SwitchDetected",2
123456,"TwoPole",132,51,3,0.8,2,"TopSupport","two-point",2,2,"two-point",2,"degenerate",,,,,1,1,,"NoSwitchDetected",
123456,"TwoPole",133,51,3,0.8,2,"TopSupport","one-point",1,1,"one-point",1,"degenerate",,,,,1,1,,"NoSwitchDetected",
123456,"TwoPole",134,51,3,0.8,2,"TopSupport","two-point",2,2,"one-point",1,"degenerate",,,,,1,2,1.0780082113906728,"SwitchDetected",2
123456,"TwoPole",135,51,3,0.8,2,"TopSupport","two-point",2,2,"one-point",1,"degenerate",,,,,1,2,1.485432062947722,"SwitchDetected",2
123456,"TwoPole",136,51,3,0.8,2,"TopSupport","one-point",1,1,"one-point",1,"degenerate",,,,,1,1,,"NoSwitchDetected",
123456,"TwoPole",137,51,3,0.8,2,"TopSupport","one-point",1,1,"one-point",1,"degenerate",,,,,2,2,,"NoSwitchDetected",
123456,"TwoPole",138,51,3,0.8,2,"TopSupport","two-point",2,2,"two-point",2,"degenerate",,,,,1,1,,"NoSwitchDetected",
123456,"TwoPole",139,51,3,0.8,2,"TopSupport","one-point",1,1,"one-point",1,"degenerate",,,,,1,1,,"NoSwitchDetected",
123456,"TwoPole",140,51,3,0.8,2,"TopSupport","two-point",2,2,"two-point",2,"degenerate",,,,,1,1,,"NoSwitchDetected",
123456,"TwoPole",141,51,3,0.8,2,"TopSupport","one-point",1,1,"one-point",1,"degenerate",,,,,1,1,,"NoSwitchDetected",
123456,"TwoPole",142,51,3,0.8,2,"TopSupport","one-point",1,1,"one-point",1,"degenerate",,,,,1,1,,"NoSwitchDetected",
123456,"TwoPole",143,51,3,0.8,2,"TopSupport","two-point",2,2,"one-point",1,"degenerate",,,,,1,2,3.087512337376303,"SwitchDetected",2
123456,"TwoPole",144,51,3,0.8,2,"TopSupport","one-point",1,1,"one-point",1,"degenerate",,,,,1,1,,"NoSwitchDetected",
123456,"TwoPole",145,51,3,0.8,2,"TopSupport","two-point",2,2,"one-point",1,"degenerate",,,,,1,2,3.3219519711924486,"SwitchDetected",2
123456,"TwoPole",146,51,3,0.8,2,"TopSupport","one-point",1,1,"one-point",1,"degenerate",,,,,1,1,,"NoSwitchDetected",
123456,"TwoPole",147,51,3,0.8,2,"TopSupport","two-point",2,2,"two-point",2,"degenerate",,,,,2,2,,"NoSwitchDetected",
123456,"TwoPole",148,51,3,0.8,2,"TopSupport","two-point",2,2,"one-point",1,"degenerate",,,,,1,2,2.663005251162241,"SwitchDetected",2
123456,"TwoPole",149,51,3,0.8,2,"TopSupport","two-point",2,2,"one-point",1,"degenerate",,,,,1,2,2.584967147535138,"SwitchDetected",2
123456,"TwoPole",150,51,3,0.8,2,"TopSupport","two-point",2,2,"one-point",1,"degenerate",,,,,1,2,1.7776094873830577,"SwitchDetected",2
123456,"TwoPole",151,51,3,0.8,2,"TopSupport","two-point",2,2,"one-point",1,"degenerate",,,,,1,2,3.1699259467067815,"SwitchDetected",2
123456,"TwoPole",152,51,3,0.8,2,"TopSupport","two-point",2,2,"one-point",1,"degenerate",,,,,1,2,4.585017955701574,"SwitchDetected",2
123456,"TwoPole",153,51,3,0.8,2,"TopSupport","two-point",2,2,"two-point",2,"degenerate",,,,,1,1,,"NoSwitchDetected",
123456,"TwoPole",154,51,3,0.8,2,"TopSupport","two-point",2,2,"one-point",1,"degenerate",,,,,1,2,3.5236094630334467,"SwitchDetected",2
123456,"TwoPole",155,51,3,0.8,2,"TopSupport","one-point",1,1,"one-point",1,"degenerate",,,,,1,1,,"NoSwitchDetected",
123456,"TwoPole",156,51,3,0.8,2,"TopSupport","two-point",2,2,"one-point",1,"degenerate",,,,,1,2,1.3625755372199808,"SwitchDetected",2
123456,"TwoPole",157,51,3,0.8,2,"TopSupport","two-point",2,2,"one-point",1,"degenerate",,,,,1,2,1.7655443523782555,"SwitchDetected",2
123456,"TwoPole",158,51,3,0.8,2,"TopSupport","two-point",2,2,"one-point",1,"degenerate",,,,,1,2,2.584967147535138,"SwitchDetected",2
123456,"TwoPole",159,51,3,0.8,2,"TopSupport","two-point",2,2,"one-point",1,"degenerate",,,,,1,2,1.9068912400437852,"SwitchDetected",2
123456,"TwoPole",160,51,3,0.8,2,"TopSupport","two-point",2,2,"one-point",1,"degenerate",,,,,1,2,3.5850262137536877,"SwitchDetected",2
123456,"TwoPole",161,51,3,0.8,2,"TopSupport","two-point",2,2,"one-point",1,"degenerate",,,,,1,2,1.0780082113906728,"SwitchDetected",2
123456,"TwoPole",162,51,3,0.8,2,"TopSupport","two-point",2,2,"two-point",2,"degenerate",,,,,2,2,,"NoSwitchDetected",
123456,"TwoPole",163,51,3,0.8,2,"TopSupport","one-point",1,1,"one-point",1,"degenerate",,,,,1,1,,"NoSwitchDetected",
123456,"TwoPole",164,51,3,0.8,2,"TopSupport","two-point",2,2,"one-point",1,"degenerate",,,,,1,2,3.1699259467067815,"SwitchDetected",2
123456,"TwoPole",165,51,3,0.8,2,"TopSupport","two-point",2,2,"one-point",1,"degenerate",,,,,1,2,3.5850262137536877,"SwitchDetected",2
123456,"TwoPole",166,51,3,0.8,2,"TopSupport","one-point",1,1,"one-point",1,"degenerate",,,,,1,1,,"NoSwitchDetected",
123456,"TwoPole",167,51,3,0.8,2,"TopSupport","two-point",2,2,"one-point",1,"degenerate",,,,,1,2,3.1699259467067815,"SwitchDetected",2
123456,"TwoPole",168,51,3,0.8,2,"TopSupport","one-point",1,1,"one-point",1,"degenerate",,,,,1,1,,"NoSwitchDetected",
123456,"TwoPole",169,51,3,0.8,2,"TopSupport","two-point",2,2,"one-point",1,"degenerate",,,,,1,2,1.9175536210444022,"SwitchDetected",2
123456,"TwoPole",170,51,3,0.8,2,"TopSupport","one-point",1,1,"one-point",1,"degenerate",,,,,1,1,,"NoSwitchDetected",
123456,"TwoPole",171,51,3,0.8,2,"TopSupport","two-point",2,2,"one-point",1,"degenerate",,,,,1,2,2.115479157514041,"SwitchDetected",2
123456,"TwoPole",172,51,3,0.8,2,"TopSupport","one-point",1,1,"one-point",1,"degenerate",,,,,1,1,,"NoSwitchDetected",
123456,"TwoPole",173,51,3,0.8,2,"TopSupport","one-point",1,1,"one-point",1,"degenerate",,,,,1,1,,"NoSwitchDetected",
123456,"TwoPole",174,51,3,0.8,2,"TopSupport","one-point",1,1,"one-point",1,"degenerate",,,,,2,2,,"NoSwitchDetected",
123456,"TwoPole",175,51,3,0.8,2,"TopSupport","one-point",1,1,"one-point",1,"degenerate",,,,,1,1,,"NoSwitchDetected",
123456,"TwoPole",176,51,3,0.8,2,"TopSupport","two-point",2,2,"two-point",2,"degenerate",,,,,2,2,,"NoSwitchDetected",
123456,"TwoPole",177,51,3,0.8,2,"TopSupport","two-point",2,2,"one-point",1,"degenerate",,,,,1,2,1.4150462671072566,"SwitchDetected",2
123456,"TwoPole",178,51,3,0.8,2,"TopSupport","one-point",1,1,"one-point",1,"degenerate",,,,,1,1,,"NoSwitchDetected",
123456,"TwoPole",179,51,3,0.8,2,"TopSupport","two-point",2,2,"two-point",2,"degenerate",,,,,2,2,,"NoSwitchDetected",
123456,"TwoPole",180,51,3,0.8,2,"TopSupport","two-point",2,2,"one-point",1,"degenerate",,,,,1,2,3.5850262137536877,"SwitchDetected",2
123456,"TwoPole",181,51,3,0.8,2,"TopSupport","two-point",2,2,"two-point",2,"degenerate",,,,,2,2,,"NoSwitchDetected",
123456,"TwoPole",182,51,3,0.8,2,"TopSupport","two-point",2,2,"two-point",2,"degenerate",,,,,1,1,,"NoSwitchDetected",
123456,"TwoPole",183,51,3,0.8,2,"TopSupport","one-point",1,1,"one-point",1,"degenerate",,,,,1,1,,"NoSwitchDetected",
123456,"TwoPole",184,51,3,0.8,2,"TopSupport","two-point",2,2,"one-point",1,"degenerate",,,,,3,1,1.3219291661716357,"SwitchDetected",1
123456,"TwoPole",185,51,3,0.8,2,"TopSupport","one-point",1,1,"one-point",1,"degenerate",,,,,1,1,,"NoSwitchDetected",
123456,"TwoPole",186,51,3,0.8,2,"TopSupport","two-point",2,2,"two-point",2,"degenerate",,,,,2,2,,"NoSwitchDetected",
123456,"TwoPole",187,51,3,0.8,2,"TopSupport","multi-point",3,3,"one-point",1,"degenerate",,,,,1,2,1.0995360661117537,"SwitchDetected",2
123456,"TwoPole",188,51,3,0.8,2,"TopSupport","two-point",2,2,"two-point",2,"degenerate",,,,,1,1,,"NoSwitchDetected",
123456,"TwoPole",189,51,3,0.8,2,"TopSupport","two-point",2,2,"two-point",2,"degenerate",,,,,1,1,,"NoSwitchDetected",
123456,"TwoPole",190,51,3,0.8,2,"TopSupport","two-point",2,2,"one-point",1,"degenerate",,,,,1,2,1.0995360661117537,"SwitchDetected",2
123456,"TwoPole",191,51,3,0.8,2,"TopSupport","two-point",2,2,"one-point",1,"degenerate",,,,,1,2,1.3219291661716357,"SwitchDetected",2
123456,"TwoPole",192,51,3,0.8,2,"TopSupport","two-point",2,2,"one-point",1,"degenerate",,,,,1,2,2.115479157514041,"SwitchDetected",2
123456,"TwoPole",193,51,3,0.8,2,"TopSupport","two-point",2,2,"two-point",2,"degenerate",,,,,1,1,,"NoSwitchDetected",
123456,"TwoPole",194,51,3,0.8,2,"TopSupport","two-point",2,2,"one-point",1,"degenerate",,,,,1,2,2.8073734677162334,"SwitchDetected",2
123456,"TwoPole",195,51,3,0.8,2,"TopSupport","one-point",1,1,"one-point",1,"degenerate",,,,,1,1,,"NoSwitchDetected",
123456,"TwoPole",196,51,3,0.8,2,"TopSupport","two-point",2,2,"one-point",1,"degenerate",,,,,1,2,3.087512337376303,"SwitchDetected",2
123456,"TwoPole",197,51,3,0.8,2,"TopSupport","two-point",2,2,"two-point",2,"degenerate",,,,,2,2,,"NoSwitchDetected",
123456,"TwoPole",198,51,3,0.8,2,"TopSupport","one-point",1,1,"one-point",1,"degenerate",,,,,1,1,,"NoSwitchDetected",
123456,"TwoPole",199,51,3,0.8,2,"TopSupport","two-point",2,2,"one-point",1,"degenerate",,,,,1,2,1.087468032727584,"SwitchDetected",2
123456,"TwoPole",200,51,3,0.8,2,"TopSupport","two-point",2,2,"one-point",1,"degenerate",,,,,1,2,3.058905018796098,"SwitchDetected",2
123456,"TwoPole",1,51,3,0.8,3,"TopSupport","one-point",1,1,"one-point",1,"degenerate",,,,,3,3,,"NoSwitchDetected",
123456,"TwoPole",2,51,3,0.8,3,"TopSupport","two-point",2,2,"one-point",1,"degenerate",,,,,1,3,2.4594359689508223,"SwitchDetected",3
123456,"TwoPole",3,51,3,0.8,3,"TopSupport","one-point",1,1,"one-point",1,"degenerate",,,,,1,1,,"NoSwitchDetected",
123456,"TwoPole",4,51,3,0.8,3,"TopSupport","one-point",1,1,"one-point",1,"degenerate",,,,,1,1,,"NoSwitchDetected",
123456,"TwoPole",5,51,3,0.8,3,"TopSupport","one-point",1,1,"one-point",1,"degenerate",,,,,3,3,,"NoSwitchDetected",
123456,"TwoPole",6,51,3,0.8,3,"TopSupport","two-point",2,2,"one-point",1,"degenerate",,,,,2,1,1.3219291661716357,"SwitchDetected",1
123456,"TwoPole",7,51,3,0.8,3,"TopSupport","one-point",1,1,"one-point",1,"degenerate",,,,,1,1,,"NoSwitchDetected",
123456,"TwoPole",8,51,3,0.8,3,"TopSupport","one-point",1,1,"one-point",1,"degenerate",,,,,1,1,,"NoSwitchDetected",
123456,"TwoPole",9,51,3,0.8,3,"TopSupport","one-point",1,1,"one-point",1,"degenerate",,,,,1,1,,"NoSwitchDetected",
123456,"TwoPole",10,51,3,0.8,3,"TopSupport","two-point",2,2,"one-point",1,"degenerate",,,,,2,1,2.00001159674693,"SwitchDetected",1
123456,"TwoPole",11,51,3,0.8,3,"TopSupport","one-point",1,1,"one-point",1,"degenerate",,,,,2,2,,"NoSwitchDetected",
123456,"TwoPole",12,51,3,0.8,3,"TopSupport","two-point",2,2,"one-point",1,"degenerate",,,,,3,1,2.00001159674693,"SwitchDetected",1
123456,"TwoPole",13,51,3,0.8,3,"TopSupport","one-point",1,1,"one-point",1,"degenerate",,,,,1,1,,"NoSwitchDetected",
123456,"TwoPole",14,51,3,0.8,3,"TopSupport","one-point",1,1,"one-point",1,"degenerate",,,,,1,1,,"NoSwitchDetected",
123456,"TwoPole",15,51,3,0.8,3,"TopSupport","one-point",1,1,"one-point",1,"degenerate",,,,,1,1,,"NoSwitchDetected",
123456,"TwoPole",16,51,3,0.8,3,"TopSupport","two-point",2,2,"one-point",1,"degenerate",,,,,2,1,1.3219291661716357,"SwitchDetected",1
123456,"TwoPole",17,51,3,0.8,3,"TopSupport","one-point",1,1,"one-point",1,"degenerate",,,,,1,1,,"NoSwitchDetected",
123456,"TwoPole",18,51,3,0.8,3,"TopSupport","two-point",2,2,"one-point",1,"degenerate",,,,,2,1,2.584967147535138,"SwitchDetected",1
123456,"TwoPole",19,51,3,0.8,3,"TopSupport","multi-point",3,3,"one-point",1,"calibrated",2.6066808264143657,0.0012036936795498164,3,3,,,,"",
123456,"TwoPole",20,51,3,0.8,3,"TopSupport","two-point",2,2,"one-point",1,"degenerate",,,,,2,1,1.1375103838437979,"SwitchDetected",1
123456,"TwoPole",21,51,3,0.8,3,"TopSupport","two-point",2,2,"one-point",1,"degenerate",,,,,2,1,3.1699259467067815,"SwitchDetected",1
123456,"TwoPole",22,51,3,0.8,3,"TopSupport","two-point",2,2,"one-point",1,"degenerate",,,,,1,3,1.5849633566706869,"SwitchDetected",3
123456,"TwoPole",23,51,3,0.8,3,"TopSupport","one-point",1,1,"one-point",1,"degenerate",,,,,2,2,,"NoSwitchDetected",
123456,"TwoPole",24,51,3,0.8,3,"TopSupport","two-point",2,2,"one-point",1,"degenerate",,,,,2,1,1.3625755372199808,"SwitchDetected",1
123456,"TwoPole",25,51,3,0.8,3,"TopSupport","one-point",1,1,"one-point",1,"degenerate",,,,,1,1,,"NoSwitchDetected",
123456,"TwoPole",26,51,3,0.8,3,"TopSupport","one-point",1,1,"one-point",1,"degenerate",,,,,1,1,,"NoSwitchDetected",
123456,"TwoPole",27,51,3,0.8,3,"TopSupport","two-point",2,2,"two-point",2,"degenerate",,,,,1,1,,"NoSwitchDetected",
123456,"TwoPole",28,51,3,0.8,3,"TopSupport","one-point",1,1,"one-point",1,"degenerate",,,,,2,2,,"NoSwitchDetected",
123456,"TwoPole",29,51,3,0.8,3,"TopSupport","two-point",2,2,"one-point",1,"degenerate",,,,,2,1,1.3219291661716357,"SwitchDetected",1
123456,"TwoPole",30,51,3,0.8,3,"TopSupport","one-point",1,1,"one-point",1,"degenerate",,,,,1,1,,"NoSwitchDetected",
123456,"TwoPole",31,51,3,0.8,3,"TopSupport","one-point",1,1,"one-point",1,"degenerate",,,,,2,2,,"NoSwitchDetected",
123456,"TwoPole",32,51,3,0.8,3,"TopSupport","two-point",2,2,"two-point",2,"degenerate",,,,,1,1,,"NoSwitchDetected",
123456,"TwoPole",33,51,3,0.8,3,"TopSupport","one-point",1,1,"one-point",1,"degenerate",,,,,2,2,,"NoSwitchDetected",
123456,"TwoPole",34,51,3,0.8,3,"TopSupport","two-point",2,2,"two-point",2,"degenerate",,,,,1,1,,"NoSwitchDetected",
123456,"TwoPole",35,51,3,0.8,3,"TopSupport","two-point",2,2,"two-point",2,"degenerate",,,,,1,1,,"NoSwitchDetected",
123456,"TwoPole",36,51,3,0.8,3,"TopSupport","two-point",2,2,"two-point",2,"degenerate",,,,,3,3,,"NoSwitchDetected",
123456,"TwoPole",37,51,3,0.8,3,"TopSupport","two-point",2,2,"one-point",1,"degenerate",,,,,2,1,1.4150462671072566,"SwitchDetected",1
123456,"TwoPole",38,51,3,0.8,3,"TopSupport","one-point",1,1,"one-point",1,"degenerate",,,,,2,2,,"NoSwitchDetected",
123456,"TwoPole",39,51,3,0.8,3,"TopSupport","two-point",2,2,"one-point",1,"degenerate",,,,,2,1,1.9068912400437852,"SwitchDetected",1
123456,"TwoPole",40,51,3,0.8,3,"TopSupport","one-point",1,1,"one-point",1,"degenerate",,,,,1,1,,"NoSwitchDetected",
123456,"TwoPole",41,51,3,0.8,3,"TopSupport","one-point",1,1,"one-point",1,"degenerate",,,,,2,2,,"NoSwitchDetected",
123456,"TwoPole",42,51,3,0.8,3,"TopSupport","multi-point",3,3,"two-point",2,"calibrated",2.009526644834772,0.009518964408221886,3,3,,,,"",
123456,"TwoPole",43,51,3,0.8,3,"TopSupport","one-point",1,1,"one-point",1,"degenerate",,,,,2,2,,"NoSwitchDetected",
123456,"TwoPole",44,51,3,0.8,3,"TopSupport","two-point",2,2,"one-point",1,"degenerate",,,,,2,1,1.2224008081692845,"SwitchDetected",1
123456,"TwoPole",45,51,3,0.8,3,"TopSupport","one-point",1,1,"one-point",1,"degenerate",,,,,1,1,,"NoSwitchDetected",
123456,"TwoPole",46,51,3,0.8,3,"TopSupport","two-point",2,2,"one-point",1,"degenerate",,,,,2,1,1.1375103838437979,"SwitchDetected",1
123456,"TwoPole",47,51,3,0.8,3,"TopSupport","two-point",2,2,"one-point",1,"degenerate",,,,,2,1,3.087512337376303,"SwitchDetected",1
123456,"TwoPole",48,51,3,0.8,3,"TopSupport","two-point",2,2,"one-point",1,"degenerate",,,,,1,3,1.7369833590336334,"SwitchDetected",3
123456,"TwoPole",49,51,3,0.8,3,"TopSupport","two-point",2,2,"one-point",1,"degenerate",,,,,2,1,1.9068912400437852,"SwitchDetected",1
123456,"TwoPole",50,51,3,0.8,3,"TopSupport","one-point",1,1,"one-point",1,"degenerate",,,,,3,3,,"NoSwitchDetected",
123456,"TwoPole",51,51,3,0.8,3,"TopSupport","two-point",2,2,"one-point",1,"degenerate",,,,,2,1,1.2224008081692845,"SwitchDetected",1
123456,"TwoPole",52,51,3,0.8,3,"TopSupport","one-point",1,1,"one-point",1,"degenerate",,,,,1,1,,"NoSwitchDetected",
123456,"TwoPole",53,51,3,0.8,3,"TopSupport","two-point",2,2,"one-point",1,"degenerate",,,,,2,1,1.0995360661117537,"SwitchDetected",1
123456,"TwoPole",54,51,3,0.8,3,"TopSupport","one-point",1,1,"one-point",1,"degenerate",,,,,1,1,,"NoSwitchDetected",
123456,"TwoPole",55,51,3,0.8,3,"TopSupport","one-point",1,1,"one-point",1,"degenerate",,,,,2,2,,"NoSwitchDetected",
123456,"TwoPole",56,51,3,0.8,3,"TopSupport","one-point",1,1,"one-point",1,"degenerate",,,,,1,1,,"NoSwitchDetected",
123456,"TwoPole",57,51,3,0.8,3,"TopSupport","one-point",1,1,"one-point",1,"degenerate",,,,,2,2,,"NoSwitchDetected",
123456,"TwoPole",58,51,3,0.8,3,"TopSupport","one-point",1,1,"one-point",1,"degenerate",,,,,2,2,,"NoSwitchDetected",
123456,"TwoPole",59,51,3,0.8,3,"TopSupport","one-point",1,1,"one-point",1,"degenerate",,,,,1,1,,"NoSwitchDetected",
123456,"TwoPole",60,51,3,0.8,3,"TopSupport","one-point",1,1,"one-point",1,"degenerate",,,,,2,2,,"NoSwitchDetected",
123456,"TwoPole",61,51,3,0.8,3,"TopSupport","two-point",2,2,"two-point",2,"degenerate",,,,,1,1,,"NoSwitchDetected",
123456,"TwoPole",62,51,3,0.8,3,"TopSupport","one-point",1,1,"one-point",1,"degenerate",,,,,1,1,,"NoSwitchDetected",
123456,"TwoPole",63,51,3,0.8,3,"TopSupport","two-point",2,2,"one-point",1,"degenerate",,,,,1,3,2.00001159674693,"SwitchDetected",3
123456,"TwoPole",64,51,3,0.8,3,"TopSupport","one-point",1,1,"one-point",1,"degenerate",,,,,1,1,,"NoSwitchDetected",
123456,"TwoPole",65,51,3,0.8,3,"TopSupport","two-point",2,2,"two-point",2,"degenerate",,,,,1,1,,"NoSwitchDetected",
123456,"TwoPole",66,51,3,0.8,3,"TopSupport","two-point",2,2,"one-point",1,"degenerate",,,,,2,1,1.2224008081692845,"SwitchDetected",1
123456,"TwoPole",67,51,3,0.8,3,"TopSupport","two-point",2,2,"one-point",1,"degenerate",,,,,1,3,2.4594359689508223,"SwitchDetected",3
123456,"TwoPole",68,51,3,0.8,3,"TopSupport","one-point",1,1,"one-point",1,"degenerate",,,,,2,2,,"NoSwitchDetected",
123456,"TwoPole",69,51,3,0.8,3,"TopSupport","two-point",2,2,"two-point",2,"degenerate",,,,,3,3,,"NoSwitchDetected",
123456,"TwoPole",70,51,3,0.8,3,"TopSupport","one-point",1,1,"one-point",1,"degenerate",,,,,1,1,,"NoSwitchDetected",
123456,"TwoPole",71,51,3,0.8,3,"TopSupport","two-point",2,2,"one-point",1,"degenerate",,,,,1,3,1.2224008081692845,"SwitchDetected",3
123456,"TwoPole",72,51,3,0.8,3,"TopSupport","two-point",2,2,"one-point",1,"degenerate",,,,,2,1,1.1375103838437979,"SwitchDetected",1
123456,"TwoPole",73,51,3,0.8,3,"TopSupport","two-point",2,2,"two-point",2,"degenerate",,,,,1,1,,"NoSwitchDetected",
123456,"TwoPole",74,51,3,0.8,3,"TopSupport","one-point",1,1,"one-point",1,"degenerate",,,,,3,3,,"NoSwitchDetected",
123456,"TwoPole",75,51,3,0.8,3,"TopSupport","one-point",1,1,"one-point",1,"degenerate",,,,,2,2,,"NoSwitchDetected",
123456,"TwoPole",76,51,3,0.8,3,"TopSupport","one-point",1,1,"one-point",1,"degenerate",,,,,2,2,,"NoSwitchDetected",
123456,"TwoPole",77,51,3,0.8,3,"TopSupport","one-point",1,1,"one-point",1,"degenerate",,,,,3,3,,"NoSwitchDetected",
123456,"TwoPole",78,51,3,0.8,3,"TopSupport","one-point",1,1,"one-point",1,"degenerate",,,,,2,2,,"NoSwitchDetected",
123456,"TwoPole",79,51,3,0.8,3,"TopSupport","one-point",1,1,"one-point",1,"degenerate",,,,,1,1,,"NoSwitchDetected",
123456,"TwoPole",80,51,3,0.8,3,"TopSupport","one-point",1,1,"one-point",1,"degenerate",,,,,1,1,,"NoSwitchDetected",
123456,"TwoPole",81,51,3,0.8,3,"TopSupport","two-point",2,2,"one-point",1,"degenerate",,,,,2,1,2.584967147535138,"SwitchDetected",1
123456,"TwoPole",82,51,3,0.8,3,"TopSupport","one-point",1,1,"one-point",1,"degenerate",,,,,1,1,,"NoSwitchDetected",
123456,"TwoPole",83,51,3,0.8,3,"TopSupport","two-point",2,2,"two-point",2,"degenerate",,,,,1,1,,"NoSwitchDetected",
123456,"TwoPole",84,51,3,0.8,3,"TopSupport","one-point",1,1,"one-point",1,"degenerate",,,,,1,1,,"NoSwitchDetected",
123456,"TwoPole",85,51,3,0.8,3,"TopSupport","two-point",2,2,"two-point",2,"degenerate",,,,,1,1,,"NoSwitchDetected",
123456,"TwoPole",86,51,3,0.8,3,"TopSupport","two-point",2,2,"two-point",2,"degenerate",,,,,1,1,,"NoSwitchDetected",
123456,"TwoPole",87,51,3,0.8,3,"TopSupport","two-point",2,2,"one-point",1,"degenerate",,,,,2,1,1.1375103838437979,"SwitchDetected",1
123456,"TwoPole",88,51,3,0.8,3,"TopSupport","one-point",1,1,"one-point",1,"degenerate",,,,,1,1,,"NoSwitchDetected",
123456,"TwoPole",89,51,3,0.8,3,"TopSupport","two-point",2,2,"two-point",2,"degenerate",,,,,1,1,,"NoSwitchDetected",
123456,"TwoPole",90,51,3,0.8,3,"TopSupport","one-point",1,1,"one-point",1,"degenerate",,,,,1,1,,"NoSwitchDetected",
123456,"TwoPole",91,51,3,0.8,3,"TopSupport","two-point",2,2,"one-point",1,"degenerate",,,,,2,3,1.5849633566706869,"SwitchDetected",3
123456,"TwoPole",92,51,3,0.8,3,"TopSupport","one-point",1,1,"one-point",1,"degenerate",,,,,1,1,,"NoSwitchDetected",
123456,"TwoPole",93,51,3,0.8,3,"TopSupport","multi-point",3,3,"one-point",1,"degenerate",,,,,2,1,1.0995360661117537,"SwitchDetected",1
123456,"TwoPole",94,51,3,0.8,3,"TopSupport","one-point",1,1,"one-point",1,"degenerate",,,,,1,1,,"NoSwitchDetected",
123456,"TwoPole",95,51,3,0.8,3,"TopSupport","two-point",2,2,"two-point",2,"degenerate",,,,,1,1,,"NoSwitchDetected",
123456,"TwoPole",96,51,3,0.8,3,"TopSupport","two-point",2,2,"two-point",2,"degenerate",,,,,1,1,,"NoSwitchDetected",
123456,"TwoPole",97,51,3,0.8,3,"TopSupport","one-point",1,1,"one-point",1,"degenerate",,,,,2,2,,"NoSwitchDetected",
123456,"TwoPole",98,51,3,0.8,3,"TopSupport","two-point",2,2,"one-point",1,"degenerate",,,,,2,3,2.00001159674693,"SwitchDetected",3
123456,"TwoPole",99,51,3,0.8,3,"TopSupport","one-point",1,1,"one-point",1,"degenerate",,,,,1,1,,"NoSwitchDetected",
123456,"TwoPole",100,51,3,0.8,3,"TopSupport","one-point",1,1,"one-point",1,"degenerate",,,,,3,3,,"NoSwitchDetected",
123456,"TwoPole",101,51,3,0.8,3,"TopSupport","one-point",1,1,"one-point",1,"degenerate",,,,,3,3,,"NoSwitchDetected",
123456,"TwoPole",102,51,3,0.8,3,"TopSupport","two-point",2,2,"one-point",1,"degenerate",,,,,2,1,1.169933063033857,"SwitchDetected",1
123456,"TwoPole",103,51,3,0.8,3,"TopSupport","multi-point",3,3,"two-point",2,"calibrated",1.2233801540552787,0.00442379011066937,3,3,,,,"",
123456,"TwoPole",104,51,3,0.8,3,"TopSupport","two-point",2,2,"one-point",1,"degenerate",,,,,2,1,2.115479157514041,"SwitchDetected",1
123456,"TwoPole",105,51,3,0.8,3,"TopSupport","two-point",2,2,"two-point",2,"degenerate",,,,,1,1,,"NoSwitchDetected",
123456,"TwoPole",106,51,3,0.8,3,"TopSupport","one-point",1,1,"one-point",1,"degenerate",,,,,1,1,,"NoSwitchDetected",
123456,"TwoPole",107,51,3,0.8,3,"TopSupport","one-point",1,1,"one-point",1,"degenerate",,,,,1,1,,"NoSwitchDetected",
123456,"TwoPole",108,51,3,0.8,3,"TopSupport","multi-point",3,3,"two-point",2,"degenerate",,,,,3,3,,"NoSwitchDetected",
123456,"TwoPole",109,51,3,0.8,3,"TopSupport","two-point",2,2,"two-point",2,"degenerate",,,,,2,2,,"NoSwitchDetected",
123456,"TwoPole",110,51,3,0.8,3,"TopSupport","one-point",1,1,"one-point",1,"degenerate",,,,,1,1,,"NoSwitchDetected",
123456,"TwoPole",111,51,3,0.8,3,"TopSupport","two-point",2,2,"one-point",1,"degenerate",,,,,1,3,3.1699259467067815,"SwitchDetected",3
123456,"TwoPole",112,51,3,0.8,3,"TopSupport","two-point",2,2,"two-point",2,"degenerate",,,,,1,1,,"NoSwitchDetected",
123456,"TwoPole",113,51,3,0.8,3,"TopSupport","one-point",1,1,"one-point",1,"degenerate",,,,,2,2,,"NoSwitchDetected",
123456,"TwoPole",114,51,3,0.8,3,"TopSupport","one-point",1,1,"one-point",1,"degenerate",,,,,1,1,,"NoSwitchDetected",
123456,"TwoPole",115,51,3,0.8,3,"TopSupport","one-point",1,1,"one-point",1,"degenerate",,,,,1,1,,"NoSwitchDetected",
123456,"TwoPole",116,51,3,0.8,3,"TopSupport","one-point",1,1,"one-point",1,"degenerate",,,,,1,1,,"NoSwitchDetected",
123456,"TwoPole",117,51,3,0.8,3,"TopSupport","two-point",2,2,"one-point",1,"degenerate",,,,,2,1,2.4594359689508223,"SwitchDetected",1
123456,"TwoPole",118,51,3,0.8,3,"TopSupport","one-point",1,1,"one-point",1,"degenerate",,,,,1,1,,"NoSwitchDetected",
123456,"TwoPole",119,51,3,0.8,3,"TopSupport","two-point",2,2,"two-point",2,"degenerate",,,,,1,1,,"NoSwitchDetected",
123456,"TwoPole",120,51,3,0.8,3,"TopSupport","two-point",2,2,"two-point",2,"degenerate",,,,,1,1,,"NoSwitchDetected",
123456,"TwoPole",121,51,3,0.8,3,"TopSupport","one-point",1,1,"one-point",1,"degenerate",,,,,1,1,,"NoSwitchDetected",
123456,"TwoPole",122,51,3,0.8,3,"TopSupport","one-point",1,1,"one-point",1,"degenerate",,,,,1,1,,"NoSwitchDetected",
123456,"TwoPole",123,51,3,0.8,3,"TopSupport","two-point",2,2,"one-point",1,"degenerate",,,,,2,1,1.0780082113906728,"SwitchDetected",1
123456,"TwoPole",124,51,3,0.8,3,"TopSupport","one-point",1,1,"one-point",1,"degenerate",,,,,2,2,,"NoSwitchDetected",
123456,"TwoPole",125,51,3,0.8,3,"TopSupport","two-point",2,2,"one-point",1,"degenerate",,,,,1,3,2.00001159674693,"SwitchDetected",3
123456,"TwoPole",126,51,3,0.8,3,"TopSupport","one-point",1,1,"one-point",1,"degenerate",,,,,1,1,,"NoSwitchDetected",
123456,"TwoPole",127,51,3,0.8,3,"TopSupport","one-point",1,1,"one-point",1,"degenerate",,,,,3,3,,"NoSwitchDetected",
123456,"TwoPole",128,51,3,0.8,3,"TopSupport","two-point",2,2,"two-point",2,"degenerate",,,,,1,1,,"NoSwitchDetected",
123456,"TwoPole",129,51,3,0.8,3,"TopSupport","one-point",1,1,"one-point",1,"degenerate",,,,,1,1,,"NoSwitchDetected",
123456,"TwoPole",130,51,3,0.8,3,"TopSupport","two-point",2,2,"two-point",2,"degenerate",,,,,1,1,,"NoSwitchDetected",
123456,"TwoPole",131,51,3,0.8,3,"TopSupport","multi-point",3,3,"multi-point",3,"calibrated",1,0.0029239766081871356,3,1,,,,"",
123456,"TwoPole",132,51,3,0.8,3,"TopSupport","two-point",2,2,"two-point",2,"degenerate",,,,,1,1,,"NoSwitchDetected",
123456,"TwoPole",133,51,3,0.8,3,"TopSupport","one-point",1,1,"one-point",1,"degenerate",,,,,1,1,,"NoSwitchDetected",
123456,"TwoPole",134,51,3,0.8,3,"TopSupport","one-point",1,1,"one-point",1,"degenerate",,,,,1,1,,"NoSwitchDetected",
123456,"TwoPole",135,51,3,0.8,3,"TopSupport","two-point",2,2,"two-point",2,"degenerate",,,,,1,1,,"NoSwitchDetected",
123456,"TwoPole",136,51,3,0.8,3,"TopSupport","one-point",1,1,"one-point",1,"degenerate",,,,,1,1,,"NoSwitchDetected",
123456,"TwoPole",137,51,3,0.8,3,"TopSupport","one-point",1,1,"one-point",1,"degenerate",,,,,1,1,,"NoSwitchDetected",
123456,"TwoPole",138,51,3,0.8,3,"TopSupport","one-point",1,1,"one-point",1,"degenerate",,,,,1,1,,"NoSwitchDetected",
123456,"TwoPole",139,51,3,0.8,3,"TopSupport","one-point",1,1,"one-point",1,"degenerate",,,,,1,1,,"NoSwitchDetected",
123456,"TwoPole",140,51,3,0.8,3,"TopSupport","one-point",1,1,"one-point",1,"degenerate",,,,,1,1,,"NoSwitchDetected",
123456,"TwoPole",141,51,3,0.8,3,"TopSupport","two-point",2,2,"one-point",1,"degenerate",,,,,2,1,1.1154841682301817,"SwitchDetected",1
123456,"TwoPole",142,51,3,0.8,3,"TopSupport","two-point",2,2,"one-point",1,"degenerate",,,,,1,3,2.115479157514041,"SwitchDetected",3
123456,"TwoPole",143,51,3,0.8,3,"TopSupport","two-point",2,2,"two-point",2,"degenerate",,,,,1,1,,"NoSwitchDetected",
123456,"TwoPole",144,51,3,0.8,3,"TopSupport","one-point",1,1,"one-point",1,"degenerate",,,,,1,1,,"NoSwitchDetected",
123456,"TwoPole",145,51,3,0.8,3,"TopSupport","two-point",2,2,"one-point",1,"degenerate",,,,,3,1,2.8073734677162334,"SwitchDetected",1
123456,"TwoPole",146,51,3,0.8,3,"TopSupport","two-point",2,2,"one-point",1,"degenerate",,,,,2,1,1.5849633566706869,"SwitchDetected",1
123456,"TwoPole",147,51,3,0.8,3,"TopSupport","one-point",1,1,"one-point",1,"degenerate",,,,,2,2,,"NoSwitchDetected",
123456,"TwoPole",148,51,3,0.8,3,"TopSupport","one-point",1,1,"one-point",1,"degenerate",,,,,2,2,,"NoSwitchDetected",
123456,"TwoPole",149,51,3,0.8,3,"TopSupport","two-point",2,2,"one-point",1,"degenerate",,,,,1,3,2.00001159674693,"SwitchDetected",3
123456,"TwoPole",150,51,3,0.8,3,"TopSupport","one-point",1,1,"one-point",1,"degenerate",,,,,1,1,,"NoSwitchDetected",
123456,"TwoPole",151,51,3,0.8,3,"TopSupport","two-point",2,2,"one-point",1,"degenerate",,,,,2,1,1.1154841682301817,"SwitchDetected",1
123456,"TwoPole",152,51,3,0.8,3,"TopSupport","one-point",1,1,"one-point",1,"degenerate",,,,,3,3,,"NoSwitchDetected",
123456,"TwoPole",153,51,3,0.8,3,"TopSupport","two-point",2,2,"one-point",1,"degenerate",,,,,1,3,3.5850262137536877,"SwitchDetected",3
123456,"TwoPole",154,51,3,0.8,3,"TopSupport","one-point",1,1,"one-point",1,"degenerate",,,,,2,2,,"NoSwitchDetected",
123456,"TwoPole",155,51,3,0.8,3,"TopSupport","two-point",2,2,"one-point",1,"degenerate",,,,,2,1,1.2224008081692845,"SwitchDetected",1
123456,"TwoPole",156,51,3,0.8,3,"TopSupport","one-point",1,1,"one-point",1,"degenerate",,,,,1,1,,"NoSwitchDetected",
123456,"TwoPole",157,51,3,0.8,3,"TopSupport","one-point",1,1,"one-point",1,"degenerate",,,,,1,1,,"NoSwitchDetected",
123456,"TwoPole",158,51,3,0.8,3,"TopSupport","one-point",1,1,"one-point",1,"degenerate",,,,,2,2,,"NoSwitchDetected",
123456,"TwoPole",159,51,3,0.8,3,"TopSupport","two-point",2,2,"two-point",2,"degenerate",,,,,1,1,,"NoSwitchDetected",
123456,"TwoPole",160,51,3,0.8,3,"TopSupport","one-point",1,1,"one-point",1,"degenerate",,,,,1,1,,"NoSwitchDetected",
123456,"TwoPole",161,51,3,0.8,3,"TopSupport","one-point",1,1,"one-point",1,"degenerate",,,,,1,1,,"NoSwitchDetected",
123456,"TwoPole",162,51,3,0.8,3,"TopSupport","two-point",2,2,"two-point",2,"degenerate",,,,,3,3,,"NoSwitchDetected",
123456,"TwoPole",163,51,3,0.8,3,"TopSupport","one-point",1,1,"one-point",1,"degenerate",,,,,3,3,,"NoSwitchDetected",
123456,"TwoPole",164,51,3,0.8,3,"TopSupport","two-point",2,2,"two-point",2,"degenerate",,,,,3,3,,"NoSwitchDetected",
123456,"TwoPole",165,51,3,0.8,3,"TopSupport","two-point",2,2,"one-point",1,"degenerate",,,,,2,1,1.3219291661716357,"SwitchDetected",1
123456,"TwoPole",166,51,3,0.8,3,"TopSupport","two-point",2,2,"two-point",2,"degenerate",,,,,1,1,,"NoSwitchDetected",
123456,"TwoPole",167,51,3,0.8,3,"TopSupport","two-point",2,2,"one-point",1,"degenerate",,,,,2,1,3.5850262137536877,"SwitchDetected",1
123456,"TwoPole",168,51,3,0.8,3,"TopSupport","one-point",1,1,"one-point",1,"degenerate",,,,,1,1,,"NoSwitchDetected",
123456,"TwoPole",169,51,3,0.8,3,"TopSupport","two-point",2,2,"one-point",1,"degenerate",,,,,2,1,2.115479157514041,"SwitchDetected",1
123456,"TwoPole",170,51,3,0.8,3,"TopSupport","two-point",2,2,"one-point",1,"degenerate",,,,,2,1,1.5849633566706869,"SwitchDetected",1
123456,"TwoPole",171,51,3,0.8,3,"TopSupport","one-point",1,1,"one-point",1,"degenerate",,,,,3,3,,"NoSwitchDetected",
123456,"TwoPole",172,51,3,0.8,3,"TopSupport","one-point",1,1,"one-point",1,"degenerate",,,,,1,1,,"NoSwitchDetected",
123456,"TwoPole",173,51,3,0.8,3,"TopSupport","two-point",2,2,"two-point",2,"degenerate",,,,,1,1,,"NoSwitchDetected",
123456,"TwoPole",174,51,3,0.8,3,"TopSupport","two-point",2,2,"two-point",2,"degenerate",,,,,1,1,,"NoSwitchDetected",
123456,"TwoPole",175,51,3,0.8,3,"TopSupport","two-point",2,2,"two-point",2,"degenerate",,,,,1,1,,"NoSwitchDetected",
123456,"TwoPole",176,51,3,0.8,3,"TopSupport","one-point",1,1,"one-point",1,"degenerate",,,,,1,1,,"NoSwitchDetected",
123456,"TwoPole",177,51,3,0.8,3,"TopSupport","one-point",1,1,"one-point",1,"degenerate",,,,,2,2,,"NoSwitchDetected",
123456,"TwoPole",178,51,3,0.8,3,"TopSupport","one-point",1,1,"one-point",1,"degenerate",,,,,1,1,,"NoSwitchDetected",
123456,"TwoPole",179,51,3,0.8,3,"TopSupport","one-point",1,1,"one-point",1,"degenerate",,,,,1,1,,"NoSwitchDetected",
123456,"TwoPole",180,51,3,0.8,3,"TopSupport","one-point",1,1,"one-point",1,"degenerate",,,,,2,2,,"NoSwitchDetected",
123456,"TwoPole",181,51,3,0.8,3,"TopSupport","two-point",2,2,"one-point",1,"degenerate",,,,,2,1,1.7369833590336334,"SwitchDetected",1
123456,"TwoPole",182,51,3,0.8,3,"TopSupport","one-point",1,1,"one-point",1,"degenerate",,,,,1,1,,"NoSwitchDetected",
123456,"TwoPole",183,51,3,0.8,3,"TopSupport","one-point",1,1,"one-point",1,"degenerate",,,,,2,2,,"NoSwitchDetected",
123456,"TwoPole",184,51,3,0.8,3,"TopSupport","two-point",2,2,"two-point",2,"degenerate",,,,,1,1,,"NoSwitchDetected",
123456,"TwoPole",185,51,3,0.8,3,"TopSupport","one-point",1,1,"one-point",1,"degenerate",,,,,1,1,,"NoSwitchDetected",
123456,"TwoPole",186,51,3,0.8,3,"TopSupport","one-point",1,1,"one-point",1,"degenerate",,,,,3,3,,"NoSwitchDetected",
123456,"TwoPole",187,51,3,0.8,3,"TopSupport","two-point",2,2,"two-point",2,"degenerate",,,,,1,1,,"NoSwitchDetected",
123456,"TwoPole",188,51,3,0.8,3,"TopSupport","one-point",1,1,"one-point",1,"degenerate",,,,,1,1,,"NoSwitchDetected",
123456,"TwoPole",189,51,3,0.8,3,"TopSupport","one-point",1,1,"one-point",1,"degenerate",,,,,1,1,,"NoSwitchDetected",
123456,"TwoPole",190,51,3,0.8,3,"TopSupport","multi-point",3,3,"one-point",1,"degenerate",,,,,2,1,1.1375103838437979,"SwitchDetected",1
123456,"TwoPole",191,51,3,0.8,3,"TopSupport","one-point",1,1,"one-point",1,"degenerate",,,,,3,3,,"NoSwitchDetected",
123456,"TwoPole",192,51,3,0.8,3,"TopSupport","two-point",2,2,"one-point",1,"degenerate",,,,,2,1,1.7369833590336334,"SwitchDetected",1
123456,"TwoPole",193,51,3,0.8,3,"TopSupport","one-point",1,1,"one-point",1,"degenerate",,,,,3,3,,"NoSwitchDetected",
123456,"TwoPole",194,51,3,0.8,3,"TopSupport","one-point",1,1,"one-point",1,"degenerate",,,,,1,1,,"NoSwitchDetected",
123456,"TwoPole",195,51,3,0.8,3,"TopSupport","one-point",1,1,"one-point",1,"degenerate",,,,,1,1,,"NoSwitchDetected",
123456,"TwoPole",196,51,3,0.8,3,"TopSupport","one-point",1,1,"one-point",1,"degenerate",,,,,1,1,,"NoSwitchDetected",
123456,"TwoPole",197,51,3,0.8,3,"TopSupport","two-point",2,2,"two-point",2,"degenerate",,,,,3,3,,"NoSwitchDetected",
123456,"TwoPole",198,51,3,0.8,3,"TopSupport","two-point",2,2,"two-point",2,"degenerate",,,,,1,1,,"NoSwitchDetected",
123456,"TwoPole",199,51,3,0.8,3,"TopSupport","two-point",2,2,"two-point",2,"degenerate",,,,,1,1,,"NoSwitchDetected",
123456,"TwoPole",200,51,3,0.8,3,"TopSupport","one-point",1,1,"one-point",1,"degenerate",,,,,1,1,,"NoSwitchDetected",
123456,"TwoPole",1,51,5,0.5,1,"TopSupport","multi-point",3,3,"one-point",1,"degenerate",,,,,1,3,1.120893540426807,"SwitchDetected",3
123456,"TwoPole",2,51,5,0.5,1,"TopSupport","multi-point",3,5,"one-point",1,"calibrated",1.264992503748126,0.00957747781101376,4,3,,,,"",
123456,"TwoPole",3,51,5,0.5,1,"TopSupport","multi-point",3,4,"two-point",2,"calibrated",3.2902754082378745,0.018723891635548263,4,3,,,,"",
123456,"TwoPole",4,51,5,0.5,1,"TopSupport","multi-point",3,5,"multi-point",3,"calibrated",1,0.0058400718778077254,3,3,,,,"",
123456,"TwoPole",5,51,5,0.5,1,"TopSupport","multi-point",3,3,"one-point",1,"degenerate",,,,,1,3,1.0820133280346556,"SwitchDetected",3
123456,"TwoPole",6,51,5,0.5,1,"TopSupport","multi-point",3,3,"two-point",2,"calibrated",1.7546139849233169,0.024532957228273613,3,3,,,,"",
123456,"TwoPole",7,51,5,0.5,1,"TopSupport","multi-point",3,5,"one-point",1,"calibrated",1.289152024446142,0.0010565867122657967,3,3,,,,"",
123456,"TwoPole",8,51,5,0.5,1,"TopSupport","multi-point",3,3,"two-point",2,"calibrated",2.7669604427136707,0.03651307391069406,3,3,,,,"",
123456,"TwoPole",9,51,5,0.5,1,"TopSupport","multi-point",3,5,"two-point",2,"calibrated",1.0235414534288638,0.008614546457792707,3,3,,,,"",
123456,"TwoPole",10,51,5,0.5,1,"TopSupport","multi-point",3,5,"multi-point",4,"calibrated",1.0586574654956085,0.007202168878349424,4,3,,,,"",
123456,"TwoPole",11,51,5,0.5,1,"TopSupport","multi-point",3,4,"multi-point",3,"calibrated",1.2016021361815754,0.013672119046522118,4,3,,,,"",
123456,"TwoPole",12,51,5,0.5,1,"TopSupport","multi-point",3,5,"two-point",2,"degenerate",,,,,2,3,1.7277501680006098,"SwitchDetected",3
123456,"TwoPole",13,51,5,0.5,1,"TopSupport","multi-point",3,4,"multi-point",3,"calibrated",1,0.0013227513227513205,3,3,,,,"",
123456,"TwoPole",14,51,5,0.5,1,"TopSupport","multi-point",3,5,"two-point",2,"calibrated",1.2474588800591386,0.035856046392015256,4,3,,,,"",
123456,"TwoPole",15,51,5,0.5,1,"TopSupport","multi-point",3,3,"one-point",1,"degenerate",,,,,1,3,1.039934889818727,"SwitchDetected",3
123456,"TwoPole",16,51,5,0.5,1,"TopSupport","multi-point",3,3,"one-point",1,"calibrated",2.435943702634428,0.00962521596983718,3,3,,,,"",
123456,"TwoPole",17,51,5,0.5,1,"TopSupport","multi-point",3,3,"one-point",1,"calibrated",1.976284584980237,0.011286767375424368,3,3,,,,"",
123456,"TwoPole",18,51,5,0.5,1,"TopSupport","multi-point",3,4,"two-point",2,"degenerate",,,,,3,3,,"NoSwitchDetected",
123456,"TwoPole",19,51,5,0.5,1,"TopSupport","multi-point",3,5,"multi-point",3,"calibrated",1.6550202280250088,0.02308559058367672,5,3,,,,"",
123456,"TwoPole",20,51,5,0.5,1,"TopSupport","multi-point",3,5,"two-point",2,"degenerate",,,,,3,3,,"NoSwitchDetected",
123456,"TwoPole",21,51,5,0.5,1,"TopSupport","multi-point",3,3,"one-point",1,"calibrated",1.4068361817423927,0.012144969058981747,3,3,,,,"",
123456,"TwoPole",22,51,5,0.5,1,"TopSupport","multi-point",3,5,"two-point",2,"calibrated",1.158997252747253,0.01140826207984888,3,3,,,,"",
123456,"TwoPole",23,51,5,0.5,1,"TopSupport","multi-point",3,5,"multi-point",3,"degenerate",,,,,3,3,,"NoSwitchDetected",
123456,"TwoPole",24,51,5,0.5,1,"TopSupport","multi-point",3,5,"two-point",2,"calibrated",1.3923267326732671,0.0122239873066822,4,3,,,,"",
123456,"TwoPole",25,51,5,0.5,1,"TopSupport","multi-point",3,3,"multi-point",3,"calibrated",2.1367521367521367,0.002755886726523507,3,3,,,,"",
123456,"TwoPole",26,51,5,0.5,1,"TopSupport","multi-point",3,3,"two-point",2,"degenerate",,,,,3,3,,"NoSwitchDetected",
123456,"TwoPole",27,51,5,0.5,1,"TopSupport","multi-point",3,5,"two-point",2,"calibrated",1.9200682690940125,0.03071486170978835,4,3,,,,"",
123456,"TwoPole",28,51,5,0.5,1,"TopSupport","multi-point",3,4,"one-point",1,"degenerate",,,,,1,3,1.0824036244401638,"SwitchDetected",3
123456,"TwoPole",29,51,5,0.5,1,"TopSupport","multi-point",3,5,"multi-point",3,"calibrated",1.0746696385925807,0.023665403041904242,4,3,,,,"",
123456,"TwoPole",30,51,5,0.5,1,"TopSupport","multi-point",3,4,"one-point",1,"degenerate",,,,,1,3,1.2575189023112587,"SwitchDetected",3
123456,"TwoPole",31,51,5,0.5,1,"TopSupport","multi-point",3,3,"two-point",2,"calibrated",1.976284584980237,0.03129712641452434,3,3,,,,"",
123456,"TwoPole",32,51,5,0.5,1,"TopSupport","multi-point",3,5,"two-point",2,"degenerate",,,,,3,3,,"NoSwitchDetected",
123456,"TwoPole",33,51,5,0.5,1,"TopSupport","multi-point",3,5,"multi-point",3,"calibrated",1,0.010425354462051685,3,3,,,,"",
123456,"TwoPole",34,51,5,0.5,1,"TopSupport","multi-point",3,5,"two-point",2,"calibrated",1.0877447425670776,0.004778294224932985,3,2,,,,"",
123456,"TwoPole",35,51,5,0.5,1,"TopSupport","multi-point",3,4,"two-point",2,"calibrated",1.9200682690940125,0.0400624359949921,3,3,,,,"",
123456,"TwoPole",36,51,5,0.5,1,"TopSupport","multi-point",3,3,"two-point",2,"degenerate",,,,,3,3,,"NoSwitchDetected",
123456,"TwoPole",37,51,5,0.5,1,"TopSupport","multi-point",3,3,"one-point",1,"degenerate",,,,,1,3,1.000005950963148,"SwitchDetected",3
123456,"TwoPole",38,51,5,0.5,1,"TopSupport","multi-point",3,4,"one-point",1,"calibrated",1.0514018691588785,0.0027010643259342323,3,3,,,,"",
123456,"TwoPole",39,51,5,0.5,1,"TopSupport","multi-point",3,5,"multi-point",3,"calibrated",1,0.009433962264150941,3,3,,,,"",
123456,"TwoPole",40,51,5,0.5,1,"TopSupport","multi-point",3,3,"two-point",2,"calibrated",1.3851836650933715,0.024534630752897628,3,3,,,,"",
123456,"TwoPole",41,51,5,0.5,1,"TopSupport","multi-point",3,4,"two-point",2,"calibrated",1.6550202280250088,0.014822375334505946,4,3,,,,"",
123456,"TwoPole",42,51,5,0.5,1,"TopSupport","multi-point",3,3,"two-point",2,"calibrated",1.6033254156769599,0.035886590560137176,3,3,,,,"",
123456,"TwoPole",43,51,5,0.5,1,"TopSupport","multi-point",3,5,"two-point",2,"degenerate",,,,,3,3,,"NoSwitchDetected",
123456,"TwoPole",44,51,5,0.5,1,"TopSupport","multi-point",3,3,"multi-point",3,"calibrated",3.3615537848605572,0.03611272672345826,3,3,,,,"",
123456,"TwoPole",45,51,5,0.5,1,"TopSupport","multi-point",3,3,"one-point",1,"calibrated",1.3641875505254648,0.009541880053331333,3,3,,,,"",
123456,"TwoPole",46,51,5,0.5,1,"TopSupport","multi-point",3,3,"one-point",1,"degenerate",,,,,1,3,1.1041381763153804,"SwitchDetected",3
123456,"TwoPole",47,51,5,0.5,1,"TopSupport","multi-point",3,5,"two-point",2,"calibrated",2.211302211302211,0.056280100650806984,3,3,,,,"",
123456,"TwoPole",48,51,5,0.5,1,"TopSupport","multi-point",3,5,"multi-point",4,"degenerate",,,,,3,3,,"NoSwitchDetected",
123456,"TwoPole",49,51,5,0.5,1,"TopSupport","multi-point",3,5,"multi-point",3,"calibrated",1.342081717864599,0.015243364885076115,4,3,,,,"",
123456,"TwoPole",50,51,5,0.5,1,"TopSupport","multi-point",3,3,"one-point",1,"calibrated",1.2590934527140458,0.006029848581682674,3,3,,,,"",
123456,"TwoPole",51,51,5,0.5,1,"TopSupport","multi-point",3,3,"two-point",2,"calibrated",1.2830260406766774,0.00808597116261083,3,3,,,,"",
123456,"TwoPole",52,51,5,0.5,1,"TopSupport","multi-point",3,3,"two-point",2,"calibrated",1.6860247283626826,0.026934284970691114,3,3,,,,"",
123456,"TwoPole",53,51,5,0.5,1,"TopSupport","multi-point",3,3,"two-point",2,"calibrated",2.009526644834772,0.04672171446064066,3,3,,,,"",
123456,"TwoPole",54,51,5,0.5,1,"TopSupport","multi-point",3,5,"multi-point",3,"calibrated",1.6251354279523291,0.042479404583007876,4,3,,,,"",
123456,"TwoPole",55,51,5,0.5,1,"TopSupport","multi-point",3,3,"two-point",2,"calibrated",2.795609857113274,0.037245996111604014,3,3,,,,"",
123456,"TwoPole",56,51,5,0.5,1,"TopSupport","multi-point",3,3,"two-point",2,"calibrated",2.039891205802357,0.02536356166964756,3,3,,,,"",
123456,"TwoPole",57,51,5,0.5,1,"TopSupport","multi-point",3,5,"two-point",2,"calibrated",1.801441152922338,0.02033498929864356,4,3,,,,"",
123456,"TwoPole",58,51,5,0.5,1,"TopSupport","multi-point",3,5,"two-point",2,"degenerate",,,,,3,3,,"NoSwitchDetected",
123456,"TwoPole",59,51,5,0.5,1,"TopSupport","multi-point",3,5,"one-point",1,"degenerate",,,,,1,3,1.0985800229619584,"SwitchDetected",2
123456,"TwoPole",60,51,5,0.5,1,"TopSupport","multi-point",3,4,"multi-point",3,"calibrated",1.5028386953133697,0.026775478186765882,4,3,,,,"",
123456,"TwoPole",61,51,5,0.5,1,"TopSupport","multi-point",3,5,"multi-point",3,"calibrated",1.116440621898776,0.03632398491910081,3,3,,,,"",
123456,"TwoPole",62,51,5,0.5,1,"TopSupport","multi-point",3,5,"multi-point",3,"calibrated",2.024595080983803,0.028136032082102653,4,3,,,,"",
123456,"TwoPole",63,51,5,0.5,1,"TopSupport","multi-point",3,3,"two-point",2,"degenerate",,,,,3,3,,"NoSwitchDetected",
123456,"TwoPole",64,51,5,0.5,1,"TopSupport","multi-point",3,5,"multi-point",3,"calibrated",1,0.01168224299065421,3,3,,,,"",
123456,"TwoPole",65,51,5,0.5,1,"TopSupport","multi-point",3,4,"two-point",2,"degenerate",,,,,3,3,,"NoSwitchDetected",
123456,"TwoPole",66,51,5,0.5,1,"TopSupport","multi-point",3,3,"two-point",2,"calibrated",1.7546139849233169,0.03207339881977926,3,3,,,,"",
123456,"TwoPole",67,51,5,0.5,1,"TopSupport","multi-point",3,3,"two-point",2,"calibrated",3.3308660251665434,0.032340843682609303,3,3,,,,"",
123456,"TwoPole",68,51,5,0.5,1,"TopSupport","multi-point",3,5,"two-point",2,"calibrated",1.1857707509881423,0.02021094575696055,4,3,,,,"",
123456,"TwoPole",69,51,5,0.5,1,"TopSupport","multi-point",3,4,"two-point",2,"degenerate",,,,,3,3,,"NoSwitchDetected",
123456,"TwoPole",70,51,5,0.5,1,"TopSupport","multi-point",3,4,"two-point",2,"degenerate",,,,,3,3,,"NoSwitchDetected",
123456,"TwoPole",71,51,5,0.5,1,"TopSupport","multi-point",3,4,"one-point",1,"degenerate",,,,,1,3,1.095950521686897,"SwitchDetected",4
123456,"TwoPole",72,51,5,0.5,1,"TopSupport","multi-point",3,4,"two-point",2,"calibrated",1.9065103798898462,0.028067702234770796,4,3,,,,"",
123456,"TwoPole",73,51,5,0.5,1,"TopSupport","multi-point",3,5,"one-point",1,"degenerate",,,,,1,3,1.000005950963148,"SwitchDetected",5
123456,"TwoPole",74,51,5,0.5,1,"TopSupport","multi-point",3,3,"two-point",2,"calibrated",5.265210608424336,0.05149349119924017,3,3,,,,"",
123456,"TwoPole",75,51,5,0.5,1,"TopSupport","multi-point",3,4,"multi-point",3,"calibrated",2.035892022319409,0.013523343700731424,4,3,,,,"",
123456,"TwoPole",76,51,5,0.5,1,"TopSupport","multi-point",3,3,"two-point",2,"calibrated",1.801441152922338,0.02569811882193006,3,3,,,,"",
123456,"TwoPole",77,51,5,0.5,1,"TopSupport","multi-point",3,4,"multi-point",3,"calibrated",1.179245283018868,0.020042448027036888,4,3,,,,"",
123456,"TwoPole",78,51,5,0.5,1,"TopSupport","multi-point",3,3,"one-point",1,"degenerate",,,,,1,3,1.000005950963148,"SwitchDetected",3
123456,"TwoPole",79,51,5,0.5,1,"TopSupport","multi-point",3,3,"two-point",2,"calibrated",5.9628975265017665,0.04476774190964256,3,3,,,,"",
123456,"TwoPole",80,51,5,0.5,1,"TopSupport","multi-point",3,3,"two-point",2,"calibrated",1.8896976483762593,0.02967824661209466,3,3,,,,"",
123456,"TwoPole",81,51,5,0.5,1,"TopSupport","multi-point",3,3,"two-point",2,"degenerate",,,,,3,3,,"NoSwitchDetected",
123456,"TwoPole",82,51,5,0.5,1,"TopSupport","multi-point",3,5,"two-point",2,"degenerate",,,,,3,3,,"NoSwitchDetected",
123456,"TwoPole",83,51,5,0.5,1,"TopSupport","multi-point",3,5,"multi-point",3,"calibrated",1.4781561370852951,0.027827902825352965,4,3,,,,"",
123456,"TwoPole",84,51,5,0.5,1,"TopSupport","multi-point",3,4,"two-point",2,"calibrated",2.158273381294964,0.05001578430106291,4,3,,,,"",
123456,"TwoPole",85,51,5,0.5,1,"TopSupport","multi-point",3,3,"two-point",2,"calibrated",1.5112504197917833,0.029187764043214236,3,3,,,,"",
123456,"TwoPole",86,51,5,0.5,1,"TopSupport","multi-point",3,5,"one-point",1,"degenerate",,,,,1,3,1.0565160988284918,"SwitchDetected",3
123456,"TwoPole",87,51,5,0.5,1,"TopSupport","multi-point",3,4,"one-point",1,"calibrated",1.342081717864599,0.010031009082700396,3,3,,,,"",
123456,"TwoPole",88,51,5,0.5,1,"TopSupport","multi-point",3,3,"one-point",1,"degenerate",,,,,5,3,1.0199200012699199,"SwitchDetected",3
123456,"TwoPole",89,51,5,0.5,1,"TopSupport","multi-point",3,5,"multi-point",3,"calibrated",1.4216512215669754,0.026044463741000574,4,3,,,,"",
123456,"TwoPole",90,51,5,0.5,1,"TopSupport","multi-point",3,4,"two-point",2,"calibrated",1.3095353574546513,0.01585994240549773,4,3,,,,"",
123456,"TwoPole",91,51,5,0.5,1,"TopSupport","multi-point",3,3,"two-point",2,"calibrated",2.005645520725004,0.04249730308013867,3,3,,,,"",
123456,"TwoPole",92,51,5,0.5,1,"TopSupport","multi-point",3,5,"two-point",2,"degenerate",,,,,3,3,,"NoSwitchDetected",
123456,"TwoPole",93,51,5,0.5,1,"TopSupport","multi-point",3,4,"two-point",2,"degenerate",,,,,3,3,,"NoSwitchDetected",
123456,"TwoPole",94,51,5,0.5,1,"TopSupport","multi-point",3,4,"two-point",2,"calibrated",1.2769580022701477,0.021938223790142822,3,3,,,,"",
123456,"TwoPole",95,51,5,0.5,1,"TopSupport","multi-point",3,3,"one-point",1,"calibrated",1.4621466478934257,0.012349390196346401,3,3,,,,"",
123456,"TwoPole",96,51,5,0.5,1,"TopSupport","multi-point",3,3,"two-point",2,"calibrated",1.7630925950111005,0.009860327744088926,3,3,,,,"",
123456,"TwoPole",97,51,5,0.5,1,"TopSupport","multi-point",3,4,"one-point",1,"calibrated",1.253249164500557,0.011640833493665053,3,3,,,,"",
123456,"TwoPole",98,51,5,0.5,1,"TopSupport","multi-point",3,3,"two-point",2,"calibrated",1.3354436640617273,0.011538315009285404,3,3,,,,"",
123456,"TwoPole",99,51,5,0.5,1,"TopSupport","multi-point",3,4,"one-point",1,"degenerate",,,,,1,3,1.0826058529039693,"SwitchDetected",4
123456,"TwoPole",100,51,5,0.5,1,"TopSupport","multi-point",3,3,"two-point",2,"calibrated",5.710659898477157,0.0334915177135905,3,3,,,,"",
123456,"TwoPole",101,51,5,0.5,1,"TopSupport","multi-point",3,4,"multi-point",3,"calibrated",2.4523160762942773,0.005814476856336206,3,3,,,,"",
123456,"TwoPole",102,51,5,0.5,1,"TopSupport","multi-point",3,3,"one-point",1,"calibrated",1.4367816091954022,0.013853206296040567,3,3,,,,"",
123456,"TwoPole",103,51,5,0.5,1,"TopSupport","multi-point",3,5,"two-point",2,"calibrated",1.1146891255883082,0.023522156051681137,3,3,,,,"",
123456,"TwoPole",104,51,5,0.5,1,"TopSupport","multi-point",3,4,"two-point",2,"calibrated",1.8896976483762593,0.00915307228278922,3,3,,,,"",
123456,"TwoPole",105,51,5,0.5,1,"TopSupport","multi-point",3,5,"two-point",2,"degenerate",,,,,3,3,,"NoSwitchDetected",
123456,"TwoPole",106,51,5,0.5,1,"TopSupport","multi-point",3,5,"one-point",1,"calibrated",1.2345679012345678,0.001843479056561526,4,3,,,,"",
123456,"TwoPole",107,51,5,0.5,1,"TopSupport","multi-point",3,3,"two-point",2,"calibrated",2.211302211302211,0.02299464600445645,3,3,,,,"",
123456,"TwoPole",108,51,5,0.5,1,"TopSupport","multi-point",3,5,"multi-point",3,"calibrated",1,0.015015015015014994,3,3,,,,"",
123456,"TwoPole",109,51,5,0.5,1,"TopSupport","multi-point",3,5,"two-point",2,"calibrated",1.0709186101856258,0.02194740641209458,3,3,,,,"",
123456,"TwoPole",110,51,5,0.5,1,"TopSupport","multi-point",3,4,"two-point",2,"calibrated",1.7403635426066777,0.04473968776523392,3,3,,,,"",
123456,"TwoPole",111,51,5,0.5,1,"TopSupport","multi-point",3,5,"two-point",2,"calibrated",1.047811238745731,0.013321342426234974,3,3,,,,"",
123456,"TwoPole",112,51,5,0.5,1,"TopSupport","multi-point",3,4,"multi-point",3,"degenerate",,,,,3,3,,"NoSwitchDetected",
123456,"TwoPole",113,51,5,0.5,1,"TopSupport","multi-point",3,4,"two-point",2,"calibrated",2.8932704672096015,0.03296297487211003,4,3,,,,"",
123456,"TwoPole",114,51,5,0.5,1,"TopSupport","multi-point",3,5,"multi-point",3,"calibrated",1.2953367875647668,0.01425538682217352,4,3,,,,"",
123456,"TwoPole",115,51,5,0.5,1,"TopSupport","multi-point",3,5,"two-point",2,"degenerate",,,,,3,3,,"NoSwitchDetected",
123456,"TwoPole",116,51,5,0.5,1,"TopSupport","multi-point",3,4,"one-point",1,"degenerate",,,,,1,3,1.099507288664955,"SwitchDetected",3
123456,"TwoPole",117,51,5,0.5,1,"TopSupport","multi-point",3,3,"one-point",1,"calibrated",1.7182130584192439,0.008106073066741609,3,3,,,,"",
123456,"TwoPole",118,51,5,0.5,1,"TopSupport","multi-point",3,4,"two-point",2,"calibrated",2.211302211302211,0.029872416109285514,4,3,,,,"",
123456,"TwoPole",119,51,5,0.5,1,"TopSupport","multi-point",3,3,"two-point",2,"calibrated",1.3032145960034753,0.018970715701072585,3,3,,,,"",
123456,"TwoPole",120,51,5,0.5,1,"TopSupport","multi-point",3,5,"two-point",2,"calibrated",1.378113515720702,0.018741552001965065,4,3,,,,"",
123456,"TwoPole",121,51,5,0.5,1,"TopSupport","multi-point",3,5,"two-point",2,"degenerate",,,,,3,3,,"NoSwitchDetected",
123456,"TwoPole",122,51,5,0.5,1,"TopSupport","multi-point",3,4,"one-point",1,"degenerate",,,,,1,3,1.1365333132627173,"SwitchDetected",3
123456,"TwoPole",123,51,5,0.5,1,"TopSupport","multi-point",3,3,"two-point",2,"calibrated",1.4862930749752286,0.01994338310436929,3,3,,,,"",
123456,"TwoPole",124,51,5,0.5,1,"TopSupport","multi-point",3,5,"multi-point",3,"calibrated",1.6008537886872998,0.014837800552639169,4,3,,,,"",
123456,"TwoPole",125,51,5,0.5,1,"TopSupport","multi-point",3,3,"two-point",2,"calibrated",1.158997252747253,0.0295942755225166,3,3,,,,"",
123456,"TwoPole",126,51,5,0.5,1,"TopSupport","multi-point",3,3,"two-point",2,"calibrated",2.7388922702373706,0.023250829235268326,3,3,,,,"",
123456,"TwoPole",127,51,5,0.5,1,"TopSupport","multi-point",3,5,"one-point",1,"degenerate",,,,,1,3,1.0220166489406497,"SwitchDetected",2
123456,"TwoPole",128,51,5,0.5,1,"TopSupport","multi-point",3,3,"two-point",2,"calibrated",2.2481265611990007,0.03131007629450595,3,3,,,,"",
123456,"TwoPole",129,51,5,0.5,1,"TopSupport","multi-point",3,3,"two-point",2,"calibrated",2.087198515769944,0.04097896114892195,3,3,,,,"",
123456,"TwoPole",130,51,5,0.5,1,"TopSupport","multi-point",3,5,"two-point",2,"calibrated",1.6033254156769599,0.019543076913056175,4,3,,,,"",
123456,"TwoPole",131,51,5,0.5,1,"TopSupport","multi-point",3,3,"one-point",1,"degenerate",,,,,1,3,1.020285364176457,"SwitchDetected",3
123456,"TwoPole",132,51,5,0.5,1,"TopSupport","multi-point",3,3,"one-point",1,"calibrated",1.348786092516735,0.00890770819539904,3,3,,,,"",
123456,"TwoPole",133,51,5,0.5,1,"TopSupport","multi-point",3,3,"one-point",1,"degenerate",,,,,1,3,1.0405981915287534,"SwitchDetected",3
123456,"TwoPole",134,51,5,0.5,1,"TopSupport","multi-point",3,3,"two-point",2,"calibrated",2.5271433919880195,0.04714355185700137,3,3,,,,"",
123456,"TwoPole",135,51,5,0.5,1,"TopSupport","multi-point",3,5,"two-point",2,"degenerate",,,,,2,3,1.108530283972928,"SwitchDetected",3
123456,"TwoPole",136,51,5,0.5,1,"TopSupport","multi-point",3,3,"two-point",2,"calibrated",1.5112504197917833,0.06352741715865122,3,3,,,,"",
123456,"TwoPole",137,51,5,0.5,1,"TopSupport","multi-point",3,5,"one-point",1,"degenerate",,,,,5,3,1.0186463766367884,"SwitchDetected",3
123456,"TwoPole",138,51,5,0.5,1,"TopSupport","multi-point",3,4,"multi-point",3,"calibrated",2.211302211302211,0.0318027713343899,4,3,,,,"",
123456,"TwoPole",139,51,5,0.5,1,"TopSupport","multi-point",3,5,"one-point",1,"calibrated",1.0442450495049505,0.0004982039408596667,3,3,,,,"",
123456,"TwoPole",140,51,5,0.5,1,"TopSupport","multi-point",3,5,"two-point",2,"calibrated",1.0025621031525007,0.022469503197232486,3,3,,,,"",
123456,"TwoPole",141,51,5,0.5,1,"TopSupport","multi-point",3,5,"two-point",2,"calibrated",1.101052116466846,0.020197208373245144,4,3,,,,"",
123456,"TwoPole",142,51,5,0.5,1,"TopSupport","multi-point",3,3,"two-point",2,"calibrated",1.5393386545039909,0.016871917215253617,3,3,,,,"",
123456,"TwoPole",143,51,5,0.5,1,"TopSupport","multi-point",3,5,"multi-point",3,"calibrated",1.7073479195649424,0.04838391895792504,4,3,,,,"",
123456,"TwoPole",144,51,5,0.5,1,"TopSupport","multi-point",3,4,"multi-point",3,"calibrated",1.5112504197917833,0.04421163717768821,4,3,,,,"",
123456,"TwoPole",145,51,5,0.5,1,"TopSupport","multi-point",3,5,"two-point",2,"calibrated",1.1101060768028945,0.010188090967567759,3,3,,,,"",
123456,"TwoPole",146,51,5,0.5,1,"TopSupport","multi-point",3,5,"multi-point",3,"calibrated",3.1278962001853565,0.01354479033494823,5,3,,,,"",
123456,"TwoPole",147,51,5,0.5,1,"TopSupport","multi-point",3,3,"two-point",2,"calibrated",2.1933387489845653,0.029879969286342577,3,3,,,,"",
123456,"TwoPole",148,51,5,0.5,1,"TopSupport","multi-point",3,4,"two-point",2,"calibrated",1.6449372486901424,0.024277629682906116,4,3,,,,"",
123456,"TwoPole",149,51,5,0.5,1,"TopSupport","multi-point",3,5,"two-point",2,"calibrated",1.0285714285714287,0.025463321250627915,3,4,,,,"",
123456,"TwoPole",150,51,5,0.5,1,"TopSupport","multi-point",3,4,"multi-point",3,"calibrated",1.9477708844322608,0.04176986668151138,4,3,,,,"",
123456,"TwoPole",151,51,5,0.5,1,"TopSupport","multi-point",3,5,"multi-point",3,"calibrated",2.141157811260904,0.030323288993778962,4,3,,,,"",
123456,"TwoPole",152,51,5,0.5,1,"TopSupport","multi-point",3,5,"two-point",2,"calibrated",1.0634945643611156,0.009189571542204188,3,3,,,,"",
123456,"TwoPole",153,51,5,0.5,1,"TopSupport","multi-point",3,5,"two-point",2,"calibrated",1.6755616234330397,0.007164093183131443,5,3,,,,"",
123456,"TwoPole",154,51,5,0.5,1,"TopSupport","multi-point",3,4,"two-point",2,"calibrated",1.6860247283626826,0.02363900534877695,3,3,,,,"",
123456,"TwoPole",155,51,5,0.5,1,"TopSupport","multi-point",3,3,"multi-point",3,"calibrated",1,0.003086419753086415,3,3,,,,"",
123456,"TwoPole",156,51,5,0.5,1,"TopSupport","multi-point",3,4,"two-point",2,"calibrated",1.2417218543046358,0.013872323656957066,3,3,,,,"",
123456,"TwoPole",157,51,5,0.5,1,"TopSupport","multi-point",3,3,"two-point",2,"degenerate",,,,,3,3,,"NoSwitchDetected",
123456,"TwoPole",158,51,5,0.5,1,"TopSupport","multi-point",3,5,"two-point",2,"degenerate",,,,,3,3,,"NoSwitchDetected",
123456,"TwoPole",159,51,5,0.5,1,"TopSupport","multi-point",3,3,"one-point",1,"degenerate",,,,,1,3,1.1033262248569284,"SwitchDetected",3
123456,"TwoPole",160,51,5,0.5,1,"TopSupport","multi-point",3,4,"multi-point",3,"calibrated",2.581755593803787,0.02286780405773364,4,3,,,,"",
123456,"TwoPole",161,51,5,0.5,1,"TopSupport","multi-point",3,4,"two-point",2,"calibrated",1.0025621031525007,0.0033038922331220426,4,3,,,,"",
123456,"TwoPole",162,51,5,0.5,1,"TopSupport","multi-point",3,5,"two-point",2,"degenerate",,,,,3,3,,"NoSwitchDetected",
123456,"TwoPole",163,51,5,0.5,1,"TopSupport","multi-point",3,5,"multi-point",3,"calibrated",1.3095353574546513,0.014481216173225203,4,3,,,,"",
123456,"TwoPole",164,51,5,0.5,1,"TopSupport","multi-point",3,3,"two-point",2,"calibrated",1.158997252747253,0.012337580485525242,3,3,,,,"",
123456,"TwoPole",165,51,5,0.5,1,"TopSupport","multi-point",3,5,"one-point",1,"degenerate",,,,,1,3,1.0959362264649468,"SwitchDetected",2
123456,"TwoPole",166,51,5,0.5,1,"TopSupport","multi-point",3,4,"multi-point",3,"calibrated",3.0920751259734307,0.03419407625213193,4,3,,,,"",
123456,"TwoPole",167,51,5,0.5,1,"TopSupport","multi-point",3,5,"one-point",1,"degenerate",,,,,1,3,1.1139239473592069,"SwitchDetected",3
123456,"TwoPole",168,51,5,0.5,1,"TopSupport","multi-point",3,3,"two-point",2,"degenerate",,,,,3,3,,"NoSwitchDetected",
123456,"TwoPole",169,51,5,0.5,1,"TopSupport","multi-point",3,3,"one-point",1,"calibrated",1.1910013233348036,0.008154373758441661,3,3,,,,"",
123456,"TwoPole",170,51,5,0.5,1,"TopSupport","multi-point",3,4,"two-point",2,"calibrated",1.158997252747253,0.005988241243490016,3,3,,,,"",
123456,"TwoPole",171,51,5,0.5,1,"TopSupport","multi-point",3,3,"two-point",2,"calibrated",2.1933387489845653,0.02322119560434385,3,3,,,,"",
123456,"TwoPole",172,51,5,0.5,1,"TopSupport","multi-point",3,5,"one-point",1,"degenerate",,,,,1,3,1.0528488819023123,"SwitchDetected",3
123456,"TwoPole",173,51,5,0.5,1,"TopSupport","multi-point",3,4,"multi-point",3,"calibrated",2.4807056229327453,0.034172002043796966,4,3,,,,"",
123456,"TwoPole",174,51,5,0.5,1,"TopSupport","multi-point",3,5,"one-point",1,"calibrated",1.7895015906680807,0.010082173434101106,4,3,,,,"",
123456,"TwoPole",175,51,5,0.5,1,"TopSupport","multi-point",3,4,"two-point",2,"calibrated",1.854140914709518,0.03238649380913778,3,3,,,,"",
123456,"TwoPole",176,51,5,0.5,1,"TopSupport","multi-point",3,3,"two-point",2,"degenerate",,,,,3,3,,"NoSwitchDetected",
123456,"TwoPole",177,51,5,0.5,1,"TopSupport","multi-point",3,5,"one-point",1,"degenerate",,,,,1,3,1.000005950963148,"SwitchDetected",3
123456,"TwoPole",178,51,5,0.5,1,"TopSupport","multi-point",3,5,"two-point",2,"calibrated",1.0208711433756805,0.008746851134763964,3,3,,,,"",
123456,"TwoPole",179,51,5,0.5,1,"TopSupport","multi-point",3,5,"two-point",2,"calibrated",2.325581395348837,0.0017649366494932655,5,3,,,,"",
123456,"TwoPole",180,51,5,0.5,1,"TopSupport","multi-point",3,3,"one-point",1,"calibrated",2.286198137171888,0.020912071030107476,3,3,,,,"",
123456,"TwoPole",181,51,5,0.5,1,"TopSupport","multi-point",3,3,"one-point",1,"degenerate",,,,,1,3,1.1977348016014149,"SwitchDetected",3
123456,"TwoPole",182,51,5,0.5,1,"TopSupport","multi-point",3,5,"multi-point",3,"calibrated",1,0.026179245283018862,3,3,,,,"",
123456,"TwoPole",183,51,5,0.5,1,"TopSupport","multi-point",3,4,"one-point",1,"degenerate",,,,,1,3,1.020074784108089,"SwitchDetected",3
123456,"TwoPole",184,51,5,0.5,1,"TopSupport","multi-point",3,3,"two-point",2,"calibrated",1.31591773077298,0.016591886440054902,3,3,,,,"",
123456,"TwoPole",185,51,5,0.5,1,"TopSupport","multi-point",3,5,"two-point",2,"degenerate",,,,,3,3,,"NoSwitchDetected",
123456,"TwoPole",186,51,5,0.5,1,"TopSupport","multi-point",3,3,"two-point",2,"calibrated",1.289152024446142,0.01405236697910714,3,3,,,,"",
123456,"TwoPole",187,51,5,0.5,1,"TopSupport","multi-point",3,4,"one-point",1,"degenerate",,,,,5,3,1.0177949494783212,"SwitchDetected",3
123456,"TwoPole",188,51,5,0.5,1,"TopSupport","multi-point",3,3,"one-point",1,"degenerate",,,,,1,3,1.0198581012861516,"SwitchDetected",3
123456,"TwoPole",189,51,5,0.5,1,"TopSupport","multi-point",3,5,"multi-point",3,"calibrated",3.0920751259734307,0.024428635444975783,5,3,,,,"",
123456,"TwoPole",190,51,5,0.5,1,"TopSupport","multi-point",3,5,"two-point",2,"degenerate",,,,,3,3,,"NoSwitchDetected",
123456,"TwoPole",191,51,5,0.5,1,"TopSupport","multi-point",3,4,"two-point",2,"degenerate",,,,,3,3,,"NoSwitchDetected",
123456,"TwoPole",192,51,5,0.5,1,"TopSupport","multi-point",3,4,"two-point",2,"calibrated",3.1278962001853565,0.03577512787327606,4,3,,,,"",
123456,"TwoPole",193,51,5,0.5,1,"TopSupport","multi-point",3,5,"two-point",2,"degenerate",,,,,3,3,,"NoSwitchDetected",
123456,"TwoPole",194,51,5,0.5,1,"TopSupport","multi-point",3,4,"two-point",2,"calibrated",1.2709470909433254,0.033157082104959296,3,3,,,,"",
123456,"TwoPole",195,51,5,0.5,1,"TopSupport","multi-point",3,5,"multi-point",4,"calibrated",1,0.017707820954254796,4,3,,,,"",
123456,"TwoPole",196,51,5,0.5,1,"TopSupport","multi-point",3,5,"two-point",2,"calibrated",1.1101060768028945,0.00739634221777433,3,3,,,,"",
123456,"TwoPole",197,51,5,0.5,1,"TopSupport","multi-point",3,3,"two-point",2,"calibrated",2.5271433919880195,0.03360826568749263,3,3,,,,"",
123456,"TwoPole",198,51,5,0.5,1,"TopSupport","multi-point",3,5,"two-point",2,"calibrated",1.3223626212165736,0.029361775395080336,3,3,,,,"",
123456,"TwoPole",199,51,5,0.5,1,"TopSupport","multi-point",3,3,"one-point",1,"degenerate",,,,,1,3,1.0190231862915757,"SwitchDetected",3
123456,"TwoPole",200,51,5,0.5,1,"TopSupport","multi-point",3,4,"two-point",2,"degenerate",,,,,3,3,,"NoSwitchDetected",
123456,"TwoPole",1,51,5,0.5,2,"TopSupport","multi-point",3,4,"multi-point",4,"degenerate",,,,,3,3,,"NoSwitchDetected",
123456,"TwoPole",2,51,5,0.5,2,"TopSupport","multi-point",3,4,"two-point",2,"degenerate",,,,,3,3,,"NoSwitchDetected",
123456,"TwoPole",3,51,5,0.5,2,"TopSupport","multi-point",3,3,"two-point",2,"calibrated",1.7182130584192439,0.042214640371283266,3,3,,,,"",
123456,"TwoPole",4,51,5,0.5,2,"TopSupport","multi-point",3,4,"one-point",1,"degenerate",,,,,5,3,1.000005950963148,"SwitchDetected",3
123456,"TwoPole",5,51,5,0.5,2,"TopSupport","multi-point",3,3,"multi-point",3,"degenerate",,,,,3,3,,"NoSwitchDetected",
123456,"TwoPole",6,51,5,0.5,2,"TopSupport","multi-point",3,3,"one-point",1,"degenerate",,,,,5,3,1.3963619504152587,"SwitchDetected",3
123456,"TwoPole",7,51,5,0.5,2,"TopSupport","multi-point",3,3,"two-point",2,"calibrated",4.534766543500169,0.04726753535462029,3,3,,,,"",
123456,"TwoPole",8,51,5,0.5,2,"TopSupport","multi-point",3,4,"two-point",2,"calibrated",2.435943702634428,0.009343910407770292,4,3,,,,"",
123456,"TwoPole",9,51,5,0.5,2,"TopSupport","multi-point",3,3,"two-point",2,"calibrated",4.368932038834951,0.009877114692863568,3,3,,,,"",
123456,"TwoPole",10,51,5,0.5,2,"TopSupport","multi-point",3,3,"two-point",2,"degenerate",,,,,3,3,,"NoSwitchDetected",
123456,"TwoPole",11,51,5,0.5,2,"TopSupport","multi-point",3,3,"two-point",2,"degenerate",,,,,3,3,,"NoSwitchDetected",
123456,"TwoPole",12,51,5,0.5,2,"TopSupport","multi-point",3,3,"one-point",1,"calibrated",5.450141299959627,0.025230373345453395,3,3,,,,"",
123456,"TwoPole",13,51,5,0.5,2,"TopSupport","multi-point",3,3,"two-point",2,"calibrated",2.6844303042354345,0.02536356263806773,3,3,,,,"",
123456,"TwoPole",14,51,5,0.5,2,"TopSupport","multi-point",3,3,"multi-point",3,"calibrated",3.0920751259734307,0.05307387777688924,3,3,,,,"",
123456,"TwoPole",15,51,5,0.5,2,"TopSupport","multi-point",3,4,"two-point",2,"calibrated",2.6254375729288215,0.040200510408166544,4,3,,,,"",
123456,"TwoPole",16,51,5,0.5,2,"TopSupport","multi-point",3,4,"two-point",2,"calibrated",1.4216512215669754,0.020440808182394653,3,3,,,,"",
123456,"TwoPole",17,51,5,0.5,2,"TopSupport","multi-point",3,3,"two-point",2,"degenerate",,,,,3,3,,"NoSwitchDetected",
123456,"TwoPole",18,51,5,0.5,2,"TopSupport","multi-point",3,3,"multi-point",3,"calibrated",10.146561443066515,0.005293197483127428,3,3,,,,"",
123456,"TwoPole",19,51,5,0.5,2,"TopSupport","multi-point",3,4,"multi-point",3,"calibrated",8.369497830130193,0.02120770455526323,4,3,,,,"",
123456,"TwoPole",20,51,5,0.5,2,"TopSupport","multi-point",3,3,"two-point",2,"degenerate",,,,,3,3,,"NoSwitchDetected",
123456,"TwoPole",21,51,5,0.5,2,"TopSupport","multi-point",3,5,"multi-point",3,"calibrated",1.7660910518053372,0.024728011867267113,5,3,,,,"",
123456,"TwoPole",22,51,5,0.5,2,"TopSupport","multi-point",3,4,"two-point",2,"calibrated",3.7878787878787876,0.01392431904569136,4,3,,,,"",
123456,"TwoPole",23,51,5,0.5,2,"TopSupport","multi-point",3,4,"one-point",1,"degenerate",,,,,1,3,1.2969128068754427,"SwitchDetected",4
123456,"TwoPole",24,51,5,0.5,2,"TopSupport","two-point",2,2,"two-point",2,"degenerate",,,,,3,3,,"NoSwitchDetected",
123456,"TwoPole",25,51,5,0.5,2,"TopSupport","multi-point",3,4,"two-point",2,"calibrated",2.325581395348837,0.03757409285751078,3,4,,,,"",
123456,"TwoPole",26,51,5,0.5,2,"TopSupport","multi-point",3,3,"one-point",1,"calibrated",1.6755616234330397,0.002758370025076784,3,3,,,,"",
123456,"TwoPole",27,51,5,0.5,2,"TopSupport","multi-point",3,4,"multi-point",3,"calibrated",1.0741138560687433,0.005261400077216052,3,3,,,,"",
123456,"TwoPole",28,51,5,0.5,2,"TopSupport","multi-point",3,5,"multi-point",3,"calibrated",1.1962782454585732,0.014138290833445241,4,3,,,,"",
123456,"TwoPole",29,51,5,0.5,2,"TopSupport","multi-point",3,3,"two-point",2,"calibrated",5.710659898477157,0.036582175135461255,3,3,,,,"",
123456,"TwoPole",30,51,5,0.5,2,"TopSupport","multi-point",3,4,"one-point",1,"degenerate",,,,,5,3,1.2207579518030096,"SwitchDetected",3
123456,"TwoPole",31,51,5,0.5,2,"TopSupport","multi-point",3,4,"two-point",2,"calibrated",1.0025621031525007,0.0016529937430646115,3,3,,,,"",
123456,"TwoPole",32,51,5,0.5,2,"TopSupport","multi-point",3,3,"one-point",1,"calibrated",3.9823008849557513,0.013146084533163039,3,3,,,,"",
123456,"TwoPole",33,51,5,0.5,2,"TopSupport","multi-point",3,5,"one-point",1,"degenerate",,,,,1,3,1.0480226440439449,"SwitchDetected",3
123456,"TwoPole",34,51,5,0.5,2,"TopSupport","multi-point",3,3,"one-point",1,"calibrated",1.4216512215669754,0.0029692712688763113,3,3,,,,"",
123456,"TwoPole",35,51,5,0.5,2,"TopSupport","multi-point",3,4,"two-point",2,"calibrated",1.838235294117647,0.0037430343254200435,3,2,,,,"",
123456,"TwoPole",36,51,5,0.5,2,"TopSupport","multi-point",3,3,"multi-point",3,"calibrated",3.7468776019983348,0.0040302454228657025,3,4,,,,"",
123456,"TwoPole",37,51,5,0.5,2,"TopSupport","two-point",2,2,"one-point",1,"degenerate",,,,,5,2,1.6766541212673047,"SwitchDetected",2
123456,"TwoPole",38,51,5,0.5,2,"TopSupport","multi-point",3,3,"two-point",2,"calibrated",1.7182130584192439,0.01381478730746962,3,3,,,,"",
123456,"TwoPole",39,51,5,0.5,2,"TopSupport","multi-point",3,3,"two-point",2,"calibrated",9.414225941422595,0.03375856176611849,3,3,,,,"",
123456,"TwoPole",40,51,5,0.5,2,"TopSupport","multi-point",3,3,"two-point",2,"degenerate",,,,,3,3,,"NoSwitchDetected",
123456,"TwoPole",41,51,5,0.5,2,"TopSupport","multi-point",3,3,"two-point",2,"calibrated",1.5661252900232019,0.012439456309956331,3,3,,,,"",
123456,"TwoPole",42,51,5,0.5,2,"TopSupport","multi-point",3,5,"multi-point",4,"calibrated",9.64630225080386,0.012962438343896139,5,3,,,,"",
123456,"TwoPole",43,51,5,0.5,2,"TopSupport","multi-point",3,4,"multi-point",4,"degenerate",,,,,4,4,,"NoSwitchDetected",
123456,"TwoPole",44,51,5,0.5,2,"TopSupport","multi-point",3,4,"two-point",2,"degenerate",,,,,3,3,,"NoSwitchDetected",
123456,"TwoPole",45,51,5,0.5,2,"TopSupport","multi-point",3,3,"one-point",1,"calibrated",3.9823008849557513,0.006002441863833148,3,3,,,,"",
123456,"TwoPole",46,51,5,0.5,2,"TopSupport","multi-point",3,4,"multi-point",3,"calibrated",1.342081717864599,0.025671865643144748,4,3,,,,"",
123456,"TwoPole",47,51,5,0.5,2,"TopSupport","multi-point",3,3,"two-point",2,"degenerate",,,,,2,2,,"NoSwitchDetected",
123456,"TwoPole",48,51,5,0.5,2,"TopSupport","multi-point",3,3,"two-point",2,"calibrated",1.4945200929923614,0.009287715503473317,3,3,,,,"",
123456,"TwoPole",49,51,5,0.5,2,"TopSupport","multi-point",3,3,"multi-point",3,"degenerate",,,,,2,2,,"NoSwitchDetected",
123456,"TwoPole",50,51,5,0.5,2,"TopSupport","multi-point",3,4,"multi-point",3,"calibrated",3.9244186046511618,0.0288408226714906,4,3,,,,"",
123456,"TwoPole",51,51,5,0.5,2,"TopSupport","multi-point",3,3,"two-point",2,"degenerate",,,,,3,3,,"NoSwitchDetected",
123456,"TwoPole",52,51,5,0.5,2,"TopSupport","multi-point",3,3,"multi-point",3,"calibrated",2.6254375729288215,0.009691820617345472,3,3,,,,"",
123456,"TwoPole",53,51,5,0.5,2,"TopSupport","multi-point",3,4,"two-point",2,"calibrated",3.597122302158273,0.013444970323050125,4,3,,,,"",
123456,"TwoPole",54,51,5,0.5,2,"TopSupport","multi-point",3,3,"two-point",2,"calibrated",1.369307231970788,0.007158788671849891,3,2,,,,"",
123456,"TwoPole",55,51,5,0.5,2,"TopSupport","multi-point",3,4,"multi-point",3,"calibrated",1.777719252041085,0.008460366840465295,4,4,,,,"",
123456,"TwoPole",56,51,5,0.5,2,"TopSupport","multi-point",3,4,"one-point",1,"degenerate",,,,,5,3,1.2826871293260058,"SwitchDetected",3
123456,"TwoPole",57,51,5,0.5,2,"TopSupport","multi-point",3,3,"two-point",2,"calibrated",8.369497830130193,0.011710906512905503,3,3,,,,"",
123456,"TwoPole",58,51,5,0.5,2,"TopSupport","multi-point",3,5,"two-point",2,"calibrated",1.149131767109295,0.002251258607355677,4,3,,,,"",
123456,"TwoPole",59,51,5,0.5,2,"TopSupport","multi-point",3,3,"two-point",2,"calibrated",2.5573025194165564,0.029800695350489487,3,3,,,,"",
123456,"TwoPole",60,51,5,0.5,2,"TopSupport","multi-point",3,5,"multi-point",3,"calibrated",1.5752625437572931,0.02821469610108259,5,3,,,,"",
123456,"TwoPole",61,51,5,0.5,2,"TopSupport","multi-point",3,5,"two-point",2,"calibrated",2.330801104972376,0.015832247113344203,5,3,,,,"",
123456,"TwoPole",62,51,5,0.5,2,"TopSupport","multi-point",3,3,"multi-point",3,"degenerate",,,,,3,3,,"NoSwitchDetected",
123456,"TwoPole",63,51,5,0.5,2,"TopSupport","multi-point",3,3,"two-point",2,"degenerate",,,,,3,3,,"NoSwitchDetected",
123456,"TwoPole",64,51,5,0.5,2,"TopSupport","multi-point",3,5,"two-point",2,"calibrated",1.2233801540552787,0.02565673090724054,4,3,,,,"",
123456,"TwoPole",65,51,5,0.5,2,"TopSupport","multi-point",3,3,"two-point",2,"calibrated",3.458877786318216,0.04894600511134683,3,3,,,,"",
123456,"TwoPole",66,51,5,0.5,2,"TopSupport","multi-point",3,5,"multi-point",3,"calibrated",2.1933387489845653,0.01765881056620281,5,3,,,,"",
123456,"TwoPole",67,51,5,0.5,2,"TopSupport","multi-point",3,5,"multi-point",3,"calibrated",1.5752625437572931,0.022137081094592843,5,3,,,,"",
123456,"TwoPole",68,51,5,0.5,2,"TopSupport","multi-point",3,5,"two-point",2,"calibrated",11.042944785276074,0.0062502233771282965,3,3,,,,"",
123456,"TwoPole",69,51,5,0.5,2,"TopSupport","multi-point",3,3,"one-point",1,"degenerate",,,,,1,3,1.1525998922251566,"SwitchDetected",3
123456,"TwoPole",70,51,5,0.5,2,"TopSupport","multi-point",3,5,"one-point",1,"calibrated",1.5845070422535212,0.0026784091211343457,5,3,,,,"",
123456,"TwoPole",71,51,5,0.5,2,"TopSupport","multi-point",3,3,"two-point",2,"degenerate",,,,,4,4,,"NoSwitchDetected",
123456,"TwoPole",72,51,5,0.5,2,"TopSupport","multi-point",3,3,"one-point",1,"calibrated",1.179245283018868,0.0012924228398728122,3,3,,,,"",
123456,"TwoPole",73,51,5,0.5,2,"TopSupport","multi-point",3,3,"two-point",2,"calibrated",2.4085637823371986,0.008339402628945246,3,3,,,,"",
123456,"TwoPole",74,51,5,0.5,2,"TopSupport","multi-point",3,4,"two-point",2,"calibrated",1.342081717864599,0.038784610632614215,3,3,,,,"",
123456,"TwoPole",75,51,5,0.5,2,"TopSupport","multi-point",3,3,"two-point",2,"calibrated",2.229562345169281,0.02308735087051079,3,3,,,,"",
123456,"TwoPole",76,51,5,0.5,2,"TopSupport","multi-point",3,4,"two-point",2,"calibrated",3.0228392297357813,0.014658205973662398,4,3,,,,"",
123456,"TwoPole",77,51,5,0.5,2,"TopSupport","multi-point",3,5,"two-point",2,"calibrated",1.2769580022701477,0.005833882875126296,3,2,,,,"",
123456,"TwoPole",78,51,5,0.5,2,"TopSupport","multi-point",3,3,"two-point",2,"calibrated",1.3923267326732671,0.024844262647372675,3,3,,,,"",
123456,"TwoPole",79,51,5,0.5,2,"TopSupport","multi-point",3,4,"two-point",2,"calibrated",1.8931426167437946,0.006258679578702691,4,3,,,,"",
123456,"TwoPole",80,51,5,0.5,2,"TopSupport","multi-point",3,3,"two-point",2,"calibrated",1.0025621031525007,0.0004886691893470844,3,3,,,,"",
123456,"TwoPole",81,51,5,0.5,2,"TopSupport","multi-point",3,3,"one-point",1,"calibrated",1.6449372486901424,0.01369492965375112,3,3,,,,"",
123456,"TwoPole",82,51,5,0.5,2,"TopSupport","multi-point",3,4,"one-point",1,"calibrated",1.4291763709506669,0.003176458224389607,3,3,,,,"",
123456,"TwoPole",83,51,5,0.5,2,"TopSupport","multi-point",3,5,"two-point",2,"calibrated",2.8325639949643304,0.016934540293785758,4,3,,,,"",
123456,"TwoPole",84,51,5,0.5,2,"TopSupport","two-point",2,2,"two-point",2,"degenerate",,,,,4,4,,"NoSwitchDetected",
123456,"TwoPole",85,51,5,0.5,2,"TopSupport","multi-point",3,3,"two-point",2,"calibrated",1.2178619756427604,0.011159019882043323,3,3,,,,"",
123456,"TwoPole",86,51,5,0.5,2,"TopSupport","two-point",2,2,"two-point",2,"degenerate",,,,,2,2,,"NoSwitchDetected",
123456,"TwoPole",87,51,5,0.5,2,"TopSupport","two-point",2,2,"two-point",2,"degenerate",,,,,2,2,,"NoSwitchDetected",
123456,"TwoPole",88,51,5,0.5,2,"TopSupport","multi-point",3,4,"two-point",2,"calibrated",8.057296329453894,0.008143512961638613,4,3,,,,"",
123456,"TwoPole",89,51,5,0.5,2,"TopSupport","multi-point",3,4,"two-point",2,"calibrated",1.4542712485187976,0.01718213102384238,3,3,,,,"",
123456,"TwoPole",90,51,5,0.5,2,"TopSupport","multi-point",3,5,"two-point",2,"calibrated",1.7895015906680807,0.03781736738898678,4,3,,,,"",
123456,"TwoPole",91,51,5,0.5,2,"TopSupport","multi-point",3,4,"one-point",1,"degenerate",,,,,1,3,1.2178736939207782,"SwitchDetected",3
123456,"TwoPole",92,51,5,0.5,2,"TopSupport","multi-point",3,4,"one-point",1,"calibrated",10.146561443066515,0.007893056451416887,3,3,,,,"",
123456,"TwoPole",93,51,5,0.5,2,"TopSupport","multi-point",3,4,"multi-point",3,"calibrated",1,0.00788551401869159,3,3,,,,"",
123456,"TwoPole",94,51,5,0.5,2,"TopSupport","multi-point",3,4,"multi-point",3,"calibrated",3.2798833819241984,0.03487043608206501,3,3,,,,"",
123456,"TwoPole",95,51,5,0.5,2,"TopSupport","multi-point",3,4,"one-point",1,"degenerate",,,,,1,3,1.000005950963148,"SwitchDetected",4
123456,"TwoPole",96,51,5,0.5,2,"TopSupport","multi-point",3,4,"multi-point",3,"calibrated",2.581755593803787,0.01460702182899041,4,4,,,,"",
123456,"TwoPole",97,51,5,0.5,2,"TopSupport","multi-point",3,3,"two-point",2,"calibrated",2.5037091988130564,0.03834631718400377,3,3,,,,"",
123456,"TwoPole",98,51,5,0.5,2,"TopSupport","two-point",2,2,"one-point",1,"degenerate",,,,,2,4,6.55155591455466,"SwitchDetected",4
123456,"TwoPole",99,51,5,0.5,2,"TopSupport","two-point",2,2,"two-point",2,"degenerate",,,,,2,2,,"NoSwitchDetected",
123456,"TwoPole",100,51,5,0.5,2,"TopSupport","multi-point",3,3,"multi-point",3,"degenerate",,,,,3,3,,"NoSwitchDetected",
123456,"TwoPole",101,51,5,0.5,2,"TopSupport","multi-point",3,3,"one-point",1,"calibrated",1.5637669408085255,0.007849128856247079,3,3,,,,"",
123456,"TwoPole",102,51,5,0.5,2,"TopSupport","multi-point",3,3,"two-point",2,"calibrated",5.238649592549476,0.0024706808502576814,3,3,,,,"",
123456,"TwoPole",103,51,5,0.5,2,"TopSupport","multi-point",3,3,"two-point",2,"calibrated",1.0550171928727727,0.021690950334833998,3,3,,,,"",
123456,"TwoPole",104,51,5,0.5,2,"TopSupport","multi-point",3,4,"multi-point",3,"calibrated",1.683291770573566,0.005991461564942452,3,3,,,,"",
123456,"TwoPole",105,51,5,0.5,2,"TopSupport","multi-point",3,3,"one-point",1,"degenerate",,,,,1,3,1.149989024076316,"SwitchDetected",3
123456,"TwoPole",106,51,5,0.5,2,"TopSupport","multi-point",3,4,"one-point",1,"degenerate",,,,,1,3,1.110288123291858,"SwitchDetected",3
123456,"TwoPole",107,51,5,0.5,2,"TopSupport","multi-point",3,4,"two-point",2,"calibrated",1.5028386953133697,0.031163035445198467,3,3,,,,"",
123456,"TwoPole",108,51,5,0.5,2,"TopSupport","multi-point",3,4,"two-point",2,"calibrated",1.0623229461756374,0.010952180893615151,4,3,,,,"",
123456,"TwoPole",109,51,5,0.5,2,"TopSupport","multi-point",3,4,"two-point",2,"degenerate",,,,,3,3,,"NoSwitchDetected",
123456,"TwoPole",110,51,5,0.5,2,"TopSupport","two-point",2,2,"two-point",2,"degenerate",,,,,2,2,,"NoSwitchDetected",
123456,"TwoPole",111,51,5,0.5,2,"TopSupport","multi-point",3,5,"multi-point",3,"degenerate",,,,,3,3,,"NoSwitchDetected",
123456,"TwoPole",112,51,5,0.5,2,"TopSupport","multi-point",3,5,"multi-point",3,"calibrated",2.824858757062147,0.012539244309375898,5,3,,,,"",
123456,"TwoPole",113,51,5,0.5,2,"TopSupport","multi-point",3,5,"two-point",2,"degenerate",,,,,3,3,,"NoSwitchDetected",
123456,"TwoPole",114,51,5,0.5,2,"TopSupport","multi-point",3,5,"multi-point",3,"degenerate",,,,,3,3,,"NoSwitchDetected",
123456,"TwoPole",115,51,5,0.5,2,"TopSupport","multi-point",3,3,"two-point",2,"calibrated",5.0675675675675675,0.020233455312485302,3,3,,,,"",
123456,"TwoPole",116,51,5,0.5,2,"TopSupport","multi-point",3,3,"two-point",2,"calibrated",3.2119914346895073,0.02911133619176134,3,3,,,,"",
123456,"TwoPole",117,51,5,0.5,2,"TopSupport","multi-point",3,5,"two-point",2,"degenerate",,,,,3,3,,"NoSwitchDetected",
123456,"TwoPole",118,51,5,0.5,2,"TopSupport","multi-point",3,3,"two-point",2,"calibrated",2.286198137171888,0.027383797699582,3,3,,,,"",
123456,"TwoPole",119,51,5,0.5,2,"TopSupport","multi-point",3,4,"multi-point",3,"degenerate",,,,,3,3,,"NoSwitchDetected",
123456,"TwoPole",120,51,5,0.5,2,"TopSupport","multi-point",3,4,"multi-point",3,"calibrated",1.446480231436837,0.02871780351957008,4,3,,,,"",
123456,"TwoPole",121,51,5,0.5,2,"TopSupport","multi-point",3,4,"multi-point",3,"degenerate",,,,,2,2,,"NoSwitchDetected",
123456,"TwoPole",122,51,5,0.5,2,"TopSupport","multi-point",3,5,"one-point",1,"degenerate",,,,,1,3,1.000005950963148,"SwitchDetected",3
123456,"TwoPole",123,51,5,0.5,2,"TopSupport","multi-point",3,3,"two-point",2,"calibrated",2.211302211302211,0.04208204945631108,3,3,,,,"",
123456,"TwoPole",124,51,5,0.5,2,"TopSupport","multi-point",3,4,"two-point",2,"degenerate",,,,,3,3,,"NoSwitchDetected",
123456,"TwoPole",125,51,5,0.5,2,"TopSupport","multi-point",3,3,"one-point",1,"calibrated",5.238649592549476,0.0029708637707351595,3,4,,,,"",
123456,"TwoPole",126,51,5,0.5,2,"TopSupport","multi-point",3,3,"two-point",2,"calibrated",2.141157811260904,0.0324536213807138,3,3,,,,"",
123456,"TwoPole",127,51,5,0.5,2,"TopSupport","multi-point",3,5,"multi-point",3,"calibrated",2.371749824314828,0.04066444703694044,5,3,,,,"",
123456,"TwoPole",128,51,5,0.5,2,"TopSupport","multi-point",3,3,"two-point",2,"calibrated",4.249291784702549,0.05038040957108282,3,3,,,,"",
123456,"TwoPole",129,51,5,0.5,2,"TopSupport","multi-point",3,3,"multi-point",3,"calibrated",2.1711161145062716,0.0026000007142137605,3,3,,,,"",
123456,"TwoPole",130,51,5,0.5,2,"TopSupport","two-point",2,2,"two-point",2,"degenerate",,,,,4,4,,"NoSwitchDetected",
123456,"TwoPole",131,51,5,0.5,2,"TopSupport","multi-point",3,4,"two-point",2,"calibrated",1.4291763709506669,0.014563397633035186,3,3,,,,"",
123456,"TwoPole",132,51,5,0.5,2,"TopSupport","multi-point",3,3,"two-point",2,"degenerate",,,,,3,3,,"NoSwitchDetected",
123456,"TwoPole",133,51,5,0.5,2,"TopSupport","multi-point",3,3,"two-point",2,"degenerate",,,,,3,3,,"NoSwitchDetected",
123456,"TwoPole",134,51,5,0.5,2,"TopSupport","multi-point",3,5,"one-point",1,"degenerate",,,,,1,3,1.2990081425864406,"SwitchDetected",3
123456,"TwoPole",135,51,5,0.5,2,"TopSupport","multi-point",3,4,"two-point",2,"calibrated",1.8135411069317569,0.016005200553497943,4,3,,,,"",
123456,"TwoPole",136,51,5,0.5,2,"TopSupport","multi-point",3,3,"two-point",2,"degenerate",,,,,3,3,,"NoSwitchDetected",
123456,"TwoPole",137,51,5,0.5,2,"TopSupport","multi-point",3,4,"multi-point",3,"calibrated",1.9800528014080374,0.024508315752615716,4,3,,,,"",
123456,"TwoPole",138,51,5,0.5,2,"TopSupport","multi-point",3,5,"two-point",2,"calibrated",3.8681948424068757,0.005410954498956735,5,3,,,,"",
123456,"TwoPole",139,51,5,0.5,2,"TopSupport","multi-point",3,4,"two-point",2,"degenerate",,,,,3,3,,"NoSwitchDetected",
123456,"TwoPole",140,51,5,0.5,2,"TopSupport","multi-point",3,5,"two-point",2,"calibrated",1.3711151736745886,0.023122000894625745,3,3,,,,"",
123456,"TwoPole",141,51,5,0.5,2,"TopSupport","multi-point",3,4,"two-point",2,"calibrated",2.229562345169281,0.017284046002075663,3,3,,,,"",
123456,"TwoPole",142,51,5,0.5,2,"TopSupport","multi-point",3,3,"two-point",2,"calibrated",2.087198515769944,0.03140244903132172,3,3,,,,"",
123456,"TwoPole",143,51,5,0.5,2,"TopSupport","multi-point",3,5,"multi-point",3,"calibrated",2.4807056229327453,0.04478272044543849,5,3,,,,"",
123456,"TwoPole",144,51,5,0.5,2,"TopSupport","multi-point",3,4,"two-point",2,"calibrated",2.5037091988130564,0.01223343658779327,4,3,,,,"",
123456,"TwoPole",145,51,5,0.5,2,"TopSupport","multi-point",3,4,"two-point",2,"degenerate",,,,,3,3,,"NoSwitchDetected",
123456,"TwoPole",146,51,5,0.5,2,"TopSupport","multi-point",3,4,"one-point",1,"calibrated",1.4945200929923614,0.007743754534332412,4,3,,,,"",
123456,"TwoPole",147,51,5,0.5,2,"TopSupport","multi-point",3,5,"two-point",2,"degenerate",,,,,3,3,,"NoSwitchDetected",
123456,"TwoPole",148,51,5,0.5,2,"TopSupport","multi-point",3,4,"one-point",1,"calibrated",3.458877786318216,0.005607246746723467,4,3,,,,"",
123456,"TwoPole",149,51,5,0.5,2,"TopSupport","multi-point",3,4,"multi-point",4,"calibrated",1.9477708844322608,0.0031772827005943625,4,3,,,,"",
123456,"TwoPole",150,51,5,0.5,2,"TopSupport","two-point",2,2,"two-point",2,"degenerate",,,,,2,2,,"NoSwitchDetected",
123456,"TwoPole",151,51,5,0.5,2,"TopSupport","multi-point",3,3,"one-point",1,"calibrated",7.246376811594202,0.01425570934034322,3,3,,,,"",
123456,"TwoPole",152,51,5,0.5,2,"TopSupport","multi-point",3,5,"multi-point",3,"calibrated",1.0422698320787493,0.005575551871103758,3,3,,,,"",
123456,"TwoPole",153,51,5,0.5,2,"TopSupport","multi-point",3,4,"multi-point",3,"degenerate",,,,,3,3,,"NoSwitchDetected",
123456,"TwoPole",154,51,5,0.5,2,"TopSupport","multi-point",3,4,"two-point",2,"calibrated",1.289152024446142,0.01365032371136082,3,3,,,,"",
123456,"TwoPole",155,51,5,0.5,2,"TopSupport","multi-point",3,4,"two-point",2,"calibrated",1.0340073529411764,0.006492787069344198,3,3,,,,"",
123456,"TwoPole",156,51,5,0.5,2,"TopSupport","multi-point",3,5,"one-point",1,"degenerate",,,,,1,3,1.1125595677559403,"SwitchDetected",3
123456,"TwoPole",157,51,5,0.5,2,"TopSupport","two-point",2,2,"two-point",2,"degenerate",,,,,2,2,,"NoSwitchDetected",
123456,"TwoPole",158,51,5,0.5,2,"TopSupport","multi-point",3,4,"multi-point",3,"calibrated",1.4142049025769956,0.021853239988674788,4,3,,,,"",
123456,"TwoPole",159,51,5,0.5,2,"TopSupport","multi-point",3,5,"one-point",1,"calibrated",1.6129032258064517,0.006372576738653374,5,3,,,,"",
123456,"TwoPole",160,51,5,0.5,2,"TopSupport","multi-point",3,4,"multi-point",3,"degenerate",,,,,3,3,,"NoSwitchDetected",
123456,"TwoPole",161,51,5,0.5,2,"TopSupport","multi-point",3,5,"one-point",1,"calibrated",2.9246100519930676,0.0010380677714692756,5,3,,,,"",
123456,"TwoPole",162,51,5,0.5,2,"TopSupport","multi-point",3,3,"two-point",2,"calibrated",1.777719252041085,0.024314790187843643,3,3,,,,"",
123456,"TwoPole",163,51,5,0.5,2,"TopSupport","multi-point",3,4,"two-point",2,"calibrated",1.7073479195649424,0.02721332633513574,3,3,,,,"",
123456,"TwoPole",164,51,5,0.5,2,"TopSupport","multi-point",3,4,"multi-point",3,"degenerate",,,,,3,3,,"NoSwitchDetected",
123456,"TwoPole",165,51,5,0.5,2,"TopSupport","multi-point",3,4,"one-point",1,"degenerate",,,,,1,3,1.0589729113255615,"SwitchDetected",3
123456,"TwoPole",166,51,5,0.5,2,"TopSupport","multi-point",3,3,"one-point",1,"calibrated",1.976284584980237,0.02006599809254231,3,3,,,,"",
123456,"TwoPole",167,51,5,0.5,2,"TopSupport","multi-point",3,3,"two-point",2,"calibrated",5.834053586862576,0.011908244334287405,3,3,,,,"",
123456,"TwoPole",168,51,5,0.5,2,"TopSupport","multi-point",3,3,"multi-point",3,"calibrated",2.286198137171888,0.05695597636538879,3,3,,,,"",
123456,"TwoPole",169,51,5,0.5,2,"TopSupport","multi-point",3,3,"two-point",2,"degenerate",,,,,3,3,,"NoSwitchDetected",
123456,"TwoPole",170,51,5,0.5,2,"TopSupport","multi-point",3,3,"two-point",2,"calibrated",4.775380261761585,0.02259035001712696,3,3,,,,"",
123456,"TwoPole",171,51,5,0.5,2,"TopSupport","multi-point",3,3,"two-point",2,"calibrated",2.119974874371859,0.035530464849167276,3,3,,,,"",
123456,"TwoPole",172,51,5,0.5,2,"TopSupport","multi-point",3,4,"multi-point",3,"calibrated",1.8669616927119346,0.019863583934776892,4,3,,,,"",
123456,"TwoPole",173,51,5,0.5,2,"TopSupport","multi-point",3,3,"two-point",2,"degenerate",,,,,3,3,,"NoSwitchDetected",
123456,"TwoPole",174,51,5,0.5,2,"TopSupport","multi-point",3,4,"one-point",1,"degenerate",,,,,1,3,1.1720138067861845,"SwitchDetected",3
123456,"TwoPole",175,51,5,0.5,2,"TopSupport","multi-point",3,3,"two-point",2,"calibrated",2.4807056229327453,0.03221776606739616,3,3,,,,"",
123456,"TwoPole",176,51,5,0.5,2,"TopSupport","multi-point",3,3,"two-point",2,"calibrated",1.7546139849233169,0.020873300062842836,3,3,,,,"",
123456,"TwoPole",177,51,5,0.5,2,"TopSupport","multi-point",3,5,"two-point",2,"degenerate",,,,,3,3,,"NoSwitchDetected",
123456,"TwoPole",178,51,5,0.5,2,"TopSupport","multi-point",3,3,"two-point",2,"calibrated",2.325581395348837,0.042518846111279825,3,3,,,,"",
123456,"TwoPole",179,51,5,0.5,2,"TopSupport","multi-point",3,3,"two-point",2,"degenerate",,,,,3,3,,"NoSwitchDetected",
123456,"TwoPole",180,51,5,0.5,2,"TopSupport","multi-point",3,3,"one-point",1,"degenerate",,,,,1,3,1.039883406627321,"SwitchDetected",3
123456,"TwoPole",181,51,5,0.5,2,"TopSupport","multi-point",3,4,"two-point",2,"calibrated",5.592377796188898,0.028074642881135536,4,3,,,,"",
123456,"TwoPole",182,51,5,0.5,2,"TopSupport","multi-point",3,4,"multi-point",3,"calibrated",1.5393386545039909,0.02218504585121366,4,3,,,,"",
123456,"TwoPole",183,51,5,0.5,2,"TopSupport","two-point",2,2,"two-point",2,"degenerate",,,,,3,3,,"NoSwitchDetected",
123456,"TwoPole",184,51,5,0.5,2,"TopSupport","multi-point",3,4,"two-point",2,"calibrated",3.9823008849557513,0.0069978188485524005,4,2,,,,"",
123456,"TwoPole",185,51,5,0.5,2,"TopSupport","multi-point",3,3,"two-point",2,"calibrated",3.760445682451253,0.04596041333966931,3,3,,,,"",
123456,"TwoPole",186,51,5,0.5,2,"TopSupport","multi-point",3,3,"one-point",1,"degenerate",,,,,5,3,1.0314389309649186,"SwitchDetected",3
123456,"TwoPole",187,51,5,0.5,2,"TopSupport","multi-point",3,4,"two-point",2,"calibrated",2.305721605465414,0.058850878690510096,3,3,,,,"",
123456,"TwoPole",188,51,5,0.5,2,"TopSupport","multi-point",3,3,"one-point",1,"degenerate",,,,,1,3,1.118595419930716,"SwitchDetected",3
123456,"TwoPole",189,51,5,0.5,2,"TopSupport","multi-point",3,4,"two-point",2,"calibrated",1.1639937920331092,0.018276223197402214,3,3,,,,"",
123456,"TwoPole",190,51,5,0.5,2,"TopSupport","multi-point",3,3,"one-point",1,"calibrated",1.180585920419764,0.005336994749848701,3,3,,,,"",
123456,"TwoPole",191,51,5,0.5,2,"TopSupport","multi-point",3,3,"multi-point",3,"degenerate",,,,,3,3,,"NoSwitchDetected",
123456,"TwoPole",192,51,5,0.5,2,"TopSupport","multi-point",3,4,"one-point",1,"degenerate",,,,,1,3,1.0716421981354183,"SwitchDetected",3
123456,"TwoPole",193,51,5,0.5,2,"TopSupport","two-point",2,2,"two-point",2,"degenerate",,,,,2,2,,"NoSwitchDetected",
123456,"TwoPole",194,51,5,0.5,2,"TopSupport","two-point",2,2,"two-point",2,"degenerate",,,,,3,3,,"NoSwitchDetected",
123456,"TwoPole",195,51,5,0.5,2,"TopSupport","multi-point",3,3,"two-point",2,"calibrated",1.5112504197917833,0.013328154502843543,3,3,,,,"",
123456,"TwoPole",196,51,5,0.5,2,"TopSupport","multi-point",3,4,"multi-point",3,"calibrated",1.8669616927119346,0.017416311024518613,4,4,,,,"",
123456,"TwoPole",197,51,5,0.5,2,"TopSupport","multi-point",3,4,"two-point",2,"calibrated",1.7516543402101983,0.003453591013882762,3,3,,,,"",
123456,"TwoPole",198,51,5,0.5,2,"TopSupport","multi-point",3,4,"two-point",2,"calibrated",2.229562345169281,0.035924760154965686,3,3,,,,"",
123456,"TwoPole",199,51,5,0.5,2,"TopSupport","multi-point",3,4,"one-point",1,"degenerate",,,,,1,3,1.338694703213043,"SwitchDetected",4
123456,"TwoPole",200,51,5,0.5,2,"TopSupport","multi-point",3,3,"two-point",2,"degenerate",,,,,3,3,,"NoSwitchDetected",
123456,"TwoPole",1,51,5,0.5,3,"TopSupport","multi-point",3,4,"two-point",2,"degenerate",,,,,3,3,,"NoSwitchDetected",
123456,"TwoPole",2,51,5,0.5,3,"TopSupport","multi-point",3,3,"multi-point",3,"degenerate",,,,,3,3,,"NoSwitchDetected",
123456,"TwoPole",3,51,5,0.5,3,"TopSupport","two-point",2,2,"one-point",1,"degenerate",,,,,2,3,2.889038967817475,"SwitchDetected",3
123456,"TwoPole",4,51,5,0.5,3,"TopSupport","multi-point",3,3,"multi-point",3,"degenerate",,,,,3,3,,"NoSwitchDetected",
123456,"TwoPole",5,51,5,0.5,3,"TopSupport","two-point",2,2,"one-point",1,"degenerate",,,,,1,4,1.1725617403781983,"SwitchDetected",4
123456,"TwoPole",6,51,5,0.5,3,"TopSupport","multi-point",3,4,"two-point",2,"calibrated",1.0822510822510822,0.01940348255554012,3,3,,,,"",
123456,"TwoPole",7,51,5,0.5,3,"TopSupport","multi-point",3,3,"multi-point",3,"calibrated",3.1645569620253164,0.001146005336418963,3,4,,,,"",
123456,"TwoPole",8,51,5,0.5,3,"TopSupport","multi-point",3,4,"two-point",2,"calibrated",2.458120903131828,0.017977883827892508,4,3,,,,"",
123456,"TwoPole",9,51,5,0.5,3,"TopSupport","multi-point",3,3,"one-point",1,"degenerate",,,,,1,2,1.0826058529039693,"SwitchDetected",2
123456,"TwoPole",10,51,5,0.5,3,"TopSupport","two-point",2,2,"two-point",2,"degenerate",,,,,2,2,,"NoSwitchDetected",
123456,"TwoPole",11,51,5,0.5,3,"TopSupport","multi-point",3,3,"two-point",2,"calibrated",1.0025621031525007,0.0015740228975651316,3,3,,,,"",
123456,"TwoPole",12,51,5,0.5,3,"TopSupport","multi-point",3,3,"two-point",2,"degenerate",,,,,2,2,,"NoSwitchDetected",
123456,"TwoPole",13,51,5,0.5,3,"TopSupport","multi-point",3,3,"two-point",2,"calibrated",1.6652275811027506,0.02333968448418254,3,2,,,,"",
123456,"TwoPole",14,51,5,0.5,3,"TopSupport","multi-point",3,4,"two-point",2,"calibrated",1.4542712485187976,0.003478100643518043,3,4,,,,"",
123456,"TwoPole",15,51,5,0.5,3,"TopSupport","multi-point",3,3,"two-point",2,"calibrated",1.119310173285797,0.010847261170567262,3,3,,,,"",
123456,"TwoPole",16,51,5,0.5,3,"TopSupport","two-point",2,2,"one-point",1,"degenerate",,,,,1,3,1.1060495183986045,"SwitchDetected",3
123456,"TwoPole",17,51,5,0.5,3,"TopSupport","multi-point",3,4,"two-point",2,"calibrated",1.3851836650933715,0.015638389807629566,3,3,,,,"",
123456,"TwoPole",18,51,5,0.5,3,"TopSupport","multi-point",3,4,"two-point",2,"calibrated",1.0634945643611156,0.002977605182540067,3,2,,,,"",
123456,"TwoPole",19,51,5,0.5,3,"TopSupport","multi-point",3,3,"multi-point",3,"degenerate",,,,,3,3,,"NoSwitchDetected",
123456,"TwoPole",20,51,5,0.5,3,"TopSupport","one-point",1,1,"one-point",1,"degenerate",,,,,2,2,,"NoSwitchDetected",
123456,"TwoPole",21,51,5,0.5,3,"TopSupport","multi-point",3,3,"two-point",2,"calibrated",2.581755593803787,0.03320024053022216,3,4,,,,"",
123456,"TwoPole",22,51,5,0.5,3,"TopSupport","multi-point",3,3,"multi-point",3,"calibrated",2.020655590480467,0.009737427635948082,3,2,,,,"",
123456,"TwoPole",23,51,5,0.5,3,"TopSupport","multi-point",3,3,"two-point",2,"calibrated",2.286198137171888,0.004069779671405641,3,3,,,,"",
123456,"TwoPole",24,51,5,0.5,3,"TopSupport","two-point",2,2,"two-point",2,"degenerate",,,,,3,3,,"NoSwitchDetected",
123456,"TwoPole",25,51,5,0.5,3,"TopSupport","multi-point",3,5,"one-point",1,"degenerate",,,,,1,3,1.3952720936000709,"SwitchDetected",3
123456,"TwoPole",26,51,5,0.5,3,"TopSupport","multi-point",3,5,"two-point",2,"degenerate",,,,,3,3,,"NoSwitchDetected",
123456,"TwoPole",27,51,5,0.5,3,"TopSupport","multi-point",3,3,"two-point",2,"calibrated",1.1442617392778438,0.0024821387533518987,3,3,,,,"",
123456,"TwoPole",28,51,5,0.5,3,"TopSupport","two-point",2,2,"two-point",2,"degenerate",,,,,2,2,,"NoSwitchDetected",
123456,"TwoPole",29,51,5,0.5,3,"TopSupport","multi-point",3,4,"one-point",1,"calibrated",5.478896103896104,0.0019416546855439874,3,2,,,,"",
123456,"TwoPole",30,51,5,0.5,3,"TopSupport","multi-point",3,4,"multi-point",3,"degenerate",,,,,3,3,,"NoSwitchDetected",
123456,"TwoPole",31,51,5,0.5,3,"TopSupport","multi-point",3,3,"two-point",2,"calibrated",2.119974874371859,0.008249486043225382,3,2,,,,"",
123456,"TwoPole",32,51,5,0.5,3,"TopSupport","multi-point",3,3,"two-point",2,"calibrated",8.587786259541986,0.003376138935060466,3,4,,,,"",
123456,"TwoPole",33,51,5,0.5,3,"TopSupport","two-point",2,2,"two-point",2,"degenerate",,,,,3,3,,"NoSwitchDetected",
123456,"TwoPole",34,51,5,0.5,3,"TopSupport","one-point",1,1,"one-point",1,"degenerate",,,,,2,2,,"NoSwitchDetected",
123456,"TwoPole",35,51,5,0.5,3,"TopSupport","multi-point",3,3,"one-point",1,"degenerate",,,,,1,3,1.33215734238513,"SwitchDetected",3
123456,"TwoPole",36,51,5,0.5,3,"TopSupport","two-point",2,2,"two-point",2,"degenerate",,,,,3,3,,"NoSwitchDetected",
123456,"TwoPole",37,51,5,0.5,3,"TopSupport","multi-point",3,5,"multi-point",3,"calibrated",6.2183325656379544,0.026526511343816055,5,3,,,,"",
123456,"TwoPole",38,51,5,0.5,3,"TopSupport","two-point",2,2,"two-point",2,"degenerate",,,,,2,2,,"NoSwitchDetected",
123456,"TwoPole",39,51,5,0.5,3,"TopSupport","two-point",2,2,"one-point",1,"degenerate",,,,,5,2,1.090969867151246,"SwitchDetected",2
123456,"TwoPole",40,51,5,0.5,3,"TopSupport","multi-point",3,3,"two-point",2,"calibrated",1.4068361817423927,0.024884200720998954,3,3,,,,"",
123456,"TwoPole",41,51,5,0.5,3,"TopSupport","multi-point",3,4,"two-point",2,"calibrated",1.3095353574546513,0.024912217471093234,3,3,,,,"",
123456,"TwoPole",42,51,5,0.5,3,"TopSupport","multi-point",3,3,"two-point",2,"calibrated",2.286198137171888,0.016542475121287963,3,3,,,,"",
123456,"TwoPole",43,51,5,0.5,3,"TopSupport","multi-point",3,4,"multi-point",3,"calibrated",3.057065217391304,0.02690245978978191,4,3,,,,"",
123456,"TwoPole",44,51,5,0.5,3,"TopSupport","multi-point",3,3,"one-point",1,"calibrated",12.064343163538874,0.0002883693525856455,3,3,,,,"",
123456,"TwoPole",45,51,5,0.5,3,"TopSupport","multi-point",3,4,"two-point",2,"degenerate",,,,,4,4,,"NoSwitchDetected",
123456,"TwoPole",46,51,5,0.5,3,"TopSupport","multi-point",3,3,"one-point",1,"degenerate",,,,,5,3,1.5318369936203067,"SwitchDetected",3
123456,"TwoPole",47,51,5,0.5,3,"TopSupport","multi-point",3,4,"two-point",2,"calibrated",1.369307231970788,0.03150201889924235,3,3,,,,"",
123456,"TwoPole",48,51,5,0.5,3,"TopSupport","two-point",2,2,"two-point",2,"degenerate",,,,,3,3,,"NoSwitchDetected",
123456,"TwoPole",49,51,5,0.5,3,"TopSupport","multi-point",3,3,"one-point",1,"calibrated",3.7468776019983348,0.0024012313628756893,3,2,,,,"",
123456,"TwoPole",50,51,5,0.5,3,"TopSupport","multi-point",3,3,"one-point",1,"calibrated",2.795609857113274,0.008563982375513438,3,3,,,,"",
123456,"TwoPole",51,51,5,0.5,3,"TopSupport","multi-point",3,4,"multi-point",3,"calibrated",2.6512175962293796,0.004659076617250355,4,3,,,,"",
123456,"TwoPole",52,51,5,0.5,3,"TopSupport","multi-point",3,3,"two-point",2,"degenerate",,,,,3,3,,"NoSwitchDetected",
123456,"TwoPole",53,51,5,0.5,3,"TopSupport","multi-point",3,3,"two-point",2,"calibrated",2.055420219244823,0.003721196932036605,3,3,,,,"",
123456,"TwoPole",54,51,5,0.5,3,"TopSupport","multi-point",3,3,"two-point",2,"calibrated",2.1367521367521367,0.005002633581423056,3,2,,,,"",
123456,"TwoPole",55,51,5,0.5,3,"TopSupport","multi-point",3,3,"one-point",1,"calibrated",1.6860247283626826,0.0054206150651686345,3,3,,,,"",
123456,"TwoPole",56,51,5,0.5,3,"TopSupport","multi-point",3,4,"multi-point",4,"calibrated",1.976284584980237,0.014940030291461352,4,3,,,,"",
123456,"TwoPole",57,51,5,0.5,3,"TopSupport","multi-point",3,4,"multi-point",3,"degenerate",,,,,3,3,,"NoSwitchDetected",
123456,"TwoPole",58,51,5,0.5,3,"TopSupport","multi-point",3,3,"two-point",2,"degenerate",,,,,2,2,,"NoSwitchDetected",
123456,"TwoPole",59,51,5,0.5,3,"TopSupport","multi-point",3,3,"two-point",2,"degenerate",,,,,3,3,,"NoSwitchDetected",
123456,"TwoPole",60,51,5,0.5,3,"TopSupport","two-point",2,2,"one-point",1,"degenerate",,,,,1,3,2.202775989822379,"SwitchDetected",3
123456,"TwoPole",61,51,5,0.5,3,"TopSupport","multi-point",3,4,"two-point",2,"calibrated",1.2002133712660028,0.004844011994539163,3,3,,,,"",
123456,"TwoPole",62,51,5,0.5,3,"TopSupport","two-point",2,2,"two-point",2,"degenerate",,,,,3,3,,"NoSwitchDetected",
123456,"TwoPole",63,51,5,0.5,3,"TopSupport","multi-point",3,4,"one-point",1,"calibrated",5.042958535674262,0.005313517273762656,4,3,,,,"",
123456,"TwoPole",64,51,5,0.5,3,"TopSupport","multi-point",3,4,"multi-point",4,"calibrated",3.2798833819241984,0.013648816239110198,4,3,,,,"",
123456,"TwoPole",65,51,5,0.5,3,"TopSupport","two-point",2,2,"two-point",2,"degenerate",,,,,2,2,,"NoSwitchDetected",
123456,"TwoPole",66,51,5,0.5,3,"TopSupport","multi-point",3,3,"two-point",2,"calibrated",2.862595419847328,0.03756533352715151,3,3,,,,"",
123456,"TwoPole",67,51,5,0.5,3,"TopSupport","multi-point",3,3,"two-point",2,"calibrated",6.873727087576376,0.00011629316999879428,3,3,,,,"",
123456,"TwoPole",68,51,5,0.5,3,"TopSupport","multi-point",3,3,"two-point",2,"degenerate",,,,,4,4,,"NoSwitchDetected",
123456,"TwoPole",69,51,5,0.5,3,"TopSupport","multi-point",3,4,"two-point",2,"calibrated",2.229562345169281,0.011408661105737957,4,3,,,,"",
123456,"TwoPole",70,51,5,0.5,3,"TopSupport","multi-point",3,3,"multi-point",3,"degenerate",,,,,4,4,,"NoSwitchDetected",
123456,"TwoPole",71,51,5,0.5,3,"TopSupport","multi-point",3,4,"multi-point",3,"calibrated",2.3510971786833856,0.0008613541294055503,4,2,,,,"",
123456,"TwoPole",72,51,5,0.5,3,"TopSupport","multi-point",3,3,"one-point",1,"calibrated",1.838235294117647,0.0004045551004688112,3,3,,,,"",
123456,"TwoPole",73,51,5,0.5,3,"TopSupport","multi-point",3,3,"one-point",1,"degenerate",,,,,1,3,1.966610591537597,"SwitchDetected",3
123456,"TwoPole",74,51,5,0.5,3,"TopSupport","two-point",2,2,"two-point",2,"degenerate",,,,,3,3,,"NoSwitchDetected",
123456,"TwoPole",75,51,5,0.5,3,"TopSupport","multi-point",3,4,"multi-point",3,"calibrated",1,0.012345679012345703,3,3,,,,"",
123456,"TwoPole",76,51,5,0.5,3,"TopSupport","multi-point",3,3,"two-point",2,"calibrated",5.0675675675675675,0.04665318026339914,3,3,,,,"",
123456,"TwoPole",77,51,5,0.5,3,"TopSupport","multi-point",3,3,"multi-point",3,"calibrated",1.4142049025769956,0.005118861490209477,3,3,,,,"",
123456,"TwoPole",78,51,5,0.5,3,"TopSupport","multi-point",3,3,"two-point",2,"calibrated",2.956636005256242,0.023097718991280283,3,3,,,,"",
123456,"TwoPole",79,51,5,0.5,3,"TopSupport","multi-point",3,3,"two-point",2,"calibrated",3.2119914346895073,0.014963288725521738,3,2,,,,"",
123456,"TwoPole",80,51,5,0.5,3,"TopSupport","multi-point",3,4,"multi-point",3,"calibrated",2.862595419847328,0.032586877558163876,4,4,,,,"",
123456,"TwoPole",81,51,5,0.5,3,"TopSupport","two-point",2,2,"one-point",1,"degenerate",,,,,4,3,5.445618186849121,"SwitchDetected",3
123456,"TwoPole",82,51,5,0.5,3,"TopSupport","multi-point",3,3,"multi-point",3,"degenerate",,,,,2,2,,"NoSwitchDetected",
123456,"TwoPole",83,51,5,0.5,3,"TopSupport","multi-point",3,3,"two-point",2,"calibrated",3.658536585365854,0.017773040082426503,3,3,,,,"",
123456,"TwoPole",84,51,5,0.5,3,"TopSupport","multi-point",3,4,"two-point",2,"calibrated",1.3032145960034753,0.02096702750523928,4,2,,,,"",
123456,"TwoPole",85,51,5,0.5,3,"TopSupport","multi-point",3,3,"two-point",2,"calibrated",3.4151277510751323,0.02324544881306497,3,3,,,,"",
123456,"TwoPole",86,51,5,0.5,3,"TopSupport","multi-point",3,3,"two-point",2,"calibrated",1.801441152922338,0.02099987352431664,3,3,,,,"",
123456,"TwoPole",87,51,5,0.5,3,"TopSupport","two-point",2,2,"one-point",1,"degenerate",,,,,5,3,1.699477963395979,"SwitchDetected",3
123456,"TwoPole",88,51,5,0.5,3,"TopSupport","multi-point",3,4,"two-point",2,"calibrated",1.0784470362677743,0.008955495218201229,4,3,,,,"",
123456,"TwoPole",89,51,5,0.5,3,"TopSupport","multi-point",3,4,"two-point",2,"calibrated",1.7895015906680807,0.004143125015515017,4,3,,,,"",
123456,"TwoPole",90,51,5,0.5,3,"TopSupport","two-point",2,2,"one-point",1,"degenerate",,,,,1,4,1.1412959811530126,"SwitchDetected",4
123456,"TwoPole",91,51,5,0.5,3,"TopSupport","multi-point",3,4,"two-point",2,"calibrated",9.890109890109892,0.0010671790893335656,4,2,,,,"",
123456,"TwoPole",92,51,5,0.5,3,"TopSupport","two-point",2,2,"two-point",2,"degenerate",,,,,3,3,,"NoSwitchDetected",
123456,"TwoPole",93,51,5,0.5,3,"TopSupport","two-point",2,2,"two-point",2,"degenerate",,,,,2,2,,"NoSwitchDetected",
123456,"TwoPole",94,51,5,0.5,3,"TopSupport","multi-point",3,4,"multi-point",3,"calibrated",1,0.007398753894080998,3,3,,,,"",
123456,"TwoPole",95,51,5,0.5,3,"TopSupport","multi-point",3,3,"two-point",2,"calibrated",1.0025621031525007,0.007607821275218378,3,3,,,,"",
123456,"TwoPole",96,51,5,0.5,3,"TopSupport","two-point",2,2,"two-point",2,"degenerate",,,,,2,2,,"NoSwitchDetected",
123456,"TwoPole",97,51,5,0.5,3,"TopSupport","multi-point",3,3,"multi-point",3,"calibrated",2.366345311130587,0.027497544262999274,3,3,,,,"",
123456,"TwoPole",98,51,5,0.5,3,"TopSupport","multi-point",3,3,"multi-point",3,"calibrated",1,0.0023391812865497068,3,3,,,,"",
123456,"TwoPole",99,51,5,0.5,3,"TopSupport","multi-point",3,4,"multi-point",4,"degenerate",,,,,3,3,,"NoSwitchDetected",
123456,"TwoPole",100,51,5,0.5,3,"TopSupport","multi-point",3,3,"two-point",2,"calibrated",1.7182130584192439,0.00907381839192249,3,3,,,,"",
123456,"TwoPole",101,51,5,0.5,3,"TopSupport","two-point",2,2,"two-point",2,"degenerate",,,,,4,4,,"NoSwitchDetected",
123456,"TwoPole",102,51,5,0.5,3,"TopSupport","multi-point",3,3,"two-point",2,"calibrated",5.369928400954653,0.013291145165368431,3,3,,,,"",
123456,"TwoPole",103,51,5,0.5,3,"TopSupport","multi-point",3,5,"two-point",2,"calibrated",1.236037355795642,0.03807097045746256,3,3,,,,"",
123456,"TwoPole",104,51,5,0.5,3,"TopSupport","multi-point",3,4,"two-point",2,"calibrated",1.8669616927119346,0.026978737396317405,3,3,,,,"",
123456,"TwoPole",105,51,5,0.5,3,"TopSupport","multi-point",3,4,"multi-point",3,"calibrated",1,0.0031468531468531406,3,3,,,,"",
123456,"TwoPole",106,51,5,0.5,3,"TopSupport","two-point",2,2,"one-point",1,"degenerate",,,,,1,2,1.5729756183498778,"SwitchDetected",2
123456,"TwoPole",107,51,5,0.5,3,"TopSupport","two-point",2,2,"two-point",2,"degenerate",,,,,3,2,4.582267346940203,"SwitchDetected",2
123456,"TwoPole",108,51,5,0.5,3,"TopSupport","multi-point",3,3,"multi-point",3,"calibrated",7.736389684813753,0.0022851080357252597,3,3,,,,"",
123456,"TwoPole",109,51,5,0.5,3,"TopSupport","two-point",2,2,"two-point",2,"degenerate",,,,,3,3,,"NoSwitchDetected",
123456,"TwoPole",110,51,5,0.5,3,"TopSupport","two-point",2,2,"one-point",1,"degenerate",,,,,1,4,1.0516957502736117,"SwitchDetected",4
123456,"TwoPole",111,51,5,0.5,3,"TopSupport","multi-point",3,5,"one-point",1,"calibrated",9.202453987730062,0.0064571864473641424,5,3,,,,"",
123456,"TwoPole",112,51,5,0.5,3,"TopSupport","multi-point",3,3,"one-point",1,"calibrated",3.9823008849557513,0.005303875993340063,3,3,,,,"",
123456,"TwoPole",113,51,5,0.5,3,"TopSupport","two-point",2,2,"two-point",2,"degenerate",,,,,3,3,,"NoSwitchDetected",
123456,"TwoPole",114,51,5,0.5,3,"TopSupport","multi-point",3,5,"multi-point",3,"calibrated",1.8765638031693075,0.009782732230152696,4,3,,,,"",
123456,"TwoPole",115,51,5,0.5,3,"TopSupport","multi-point",3,3,"multi-point",3,"degenerate",,,,,2,2,,"NoSwitchDetected",
123456,"TwoPole",116,51,5,0.5,3,"TopSupport","multi-point",3,3,"two-point",2,"calibrated",2.6066808264143657,0.006129907446562967,3,3,,,,"",
123456,"TwoPole",117,51,5,0.5,3,"TopSupport","multi-point",3,3,"multi-point",3,"calibrated",9.890109890109892,0.00472322640924555,3,3,,,,"",
123456,"TwoPole",118,51,5,0.5,3,"TopSupport","two-point",2,2,"one-point",1,"degenerate",,,,,4,3,3.7561957513537805,"SwitchDetected",3
123456,"TwoPole",119,51,5,0.5,3,"TopSupport","multi-point",3,3,"multi-point",3,"calibrated",2.055420219244823,0.001550956379730952,3,3,,,,"",
123456,"TwoPole",120,51,5,0.5,3,"TopSupport","multi-point",3,3,"two-point",2,"calibrated",3.3308660251665434,0.01389158045102481,3,3,,,,"",
123456,"TwoPole",121,51,5,0.5,3,"TopSupport","multi-point",3,4,"one-point",1,"degenerate",,,,,1,3,1.4124533661503451,"SwitchDetected",3
123456,"TwoPole",122,51,5,0.5,3,"TopSupport","one-point",1,1,"one-point",1,"degenerate",,,,,4,4,,"NoSwitchDetected",
123456,"TwoPole",123,51,5,0.5,3,"TopSupport","multi-point",3,4,"one-point",1,"calibrated",2.1034590215020255,0.0019511810881824338,3,3,,,,"",
123456,"TwoPole",124,51,5,0.5,3,"TopSupport","multi-point",3,5,"one-point",1,"calibrated",2.458120903131828,0.009794861198802712,5,3,,,,"",
123456,"TwoPole",125,51,5,0.5,3,"TopSupport","multi-point",3,4,"two-point",2,"calibrated",2.6844303042354345,0.018078767048743474,3,3,,,,"",
123456,"TwoPole",126,51,5,0.5,3,"TopSupport","two-point",2,2,"one-point",1,"degenerate",,,,,1,4,1.1608167660937212,"SwitchDetected",4
123456,"TwoPole",127,51,5,0.5,3,"TopSupport","two-point",2,2,"two-point",2,"degenerate",,,,,3,3,,"NoSwitchDetected",
123456,"TwoPole",128,51,5,0.5,3,"TopSupport","multi-point",3,3,"multi-point",3,"calibrated",1,0.015476190476190435,3,3,,,,"",
123456,"TwoPole",129,51,5,0.5,3,"TopSupport","multi-point",3,3,"multi-point",3,"degenerate",,,,,3,3,,"NoSwitchDetected",
123456,"TwoPole",130,51,5,0.5,3,"TopSupport","multi-point",3,3,"two-point",2,"calibrated",3.1645569620253164,0.013917228546421143,3,3,,,,"",
123456,"TwoPole",131,51,5,0.5,3,"TopSupport","multi-point",3,4,"two-point",2,"calibrated",3.4151277510751323,0.017090711886096163,4,3,,,,"",
123456,"TwoPole",132,51,5,0.5,3,"TopSupport","two-point",2,2,"one-point",1,"degenerate",,,,,1,3,2.2037003847127705,"SwitchDetected",3
123456,"TwoPole",133,51,5,0.5,3,"TopSupport","multi-point",3,4,"multi-point",3,"calibrated",6.097560975609756,0.001204930987215109,4,3,,,,"",
123456,"TwoPole",134,51,5,0.5,3,"TopSupport","multi-point",3,4,"two-point",2,"calibrated",4.612230953194397,0.008079461419058995,4,3,,,,"",
123456,"TwoPole",135,51,5,0.5,3,"TopSupport","multi-point",3,3,"multi-point",3,"degenerate",,,,,2,2,,"NoSwitchDetected",
123456,"TwoPole",136,51,5,0.5,3,"TopSupport","two-point",2,2,"two-point",2,"degenerate",,,,,3,3,,"NoSwitchDetected",
123456,"TwoPole",137,51,5,0.5,3,"TopSupport","multi-point",3,4,"one-point",1,"degenerate",,,,,1,3,1.0336277580532545,"SwitchDetected",3
123456,"TwoPole",138,51,5,0.5,3,"TopSupport","multi-point",3,5,"two-point",2,"calibrated",1.9477708844322608,0.0070900282129811795,4,4,,,,"",
123456,"TwoPole",139,51,5,0.5,3,"TopSupport","multi-point",3,4,"multi-point",3,"calibrated",1.3833384568090992,0.006129566243235464,3,3,,,,"",
123456,"TwoPole",140,51,5,0.5,3,"TopSupport","multi-point",3,3,"two-point",2,"calibrated",2.1887159533073928,0.03291356345422078,3,3,,,,"",
123456,"TwoPole",141,51,5,0.5,3,"TopSupport","multi-point",3,3,"two-point",2,"calibrated",1.6652275811027506,0.017655412376945043,3,3,,,,"",
123456,"TwoPole",142,51,5,0.5,3,"TopSupport","multi-point",3,4,"multi-point",3,"calibrated",9.890109890109892,0.0016176705455994169,4,4,,,,"",
123456,"TwoPole",143,51,5,0.5,3,"TopSupport","multi-point",3,3,"two-point",2,"degenerate",,,,,3,3,,"NoSwitchDetected",
123456,"TwoPole",144,51,5,0.5,3,"TopSupport","two-point",2,2,"one-point",1,"degenerate",,,,,1,3,2.4067395759120394,"SwitchDetected",3
123456,"TwoPole",145,51,5,0.5,3,"TopSupport","multi-point",3,3,"one-point",1,"degenerate",,,,,1,3,1.000005950963148,"SwitchDetected",3
123456,"TwoPole",146,51,5,0.5,3,"TopSupport","multi-point",3,3,"multi-point",3,"calibrated",5.342303126236644,0.01808711260763431,3,3,,,,"",
123456,"TwoPole",147,51,5,0.5,3,"TopSupport","multi-point",3,3,"one-point",1,"degenerate",,,,,1,2,1.0866101364994294,"SwitchDetected",2
123456,"TwoPole",148,51,5,0.5,3,"TopSupport","multi-point",3,3,"two-point",2,"calibrated",1.6755616234330397,0.006407512321530678,3,3,,,,"",
123456,"TwoPole",149,51,5,0.5,3,"TopSupport","multi-point",3,3,"multi-point",3,"calibrated",2.824858757062147,0.012960789432419944,3,2,,,,"",
123456,"TwoPole",150,51,5,0.5,3,"TopSupport","multi-point",3,4,"two-point",2,"calibrated",3.9244186046511618,0.03592533918446672,4,3,,,,"",
123456,"TwoPole",151,51,5,0.5,3,"TopSupport","multi-point",3,3,"two-point",2,"degenerate",,,,,2,2,,"NoSwitchDetected",
123456,"TwoPole",152,51,5,0.5,3,"TopSupport","multi-point",3,3,"one-point",1,"calibrated",5.478896103896105,0.006845843345932845,3,3,,,,"",
123456,"TwoPole",153,51,5,0.5,3,"TopSupport","multi-point",3,3,"one-point",1,"calibrated",6.540697674418604,0.004237910350625543,3,3,,,,"",
123456,"TwoPole",154,51,5,0.5,3,"TopSupport","multi-point",3,3,"one-point",1,"calibrated",7.246376811594202,0.0013255923018034726,3,3,,,,"",
123456,"TwoPole",155,51,5,0.5,3,"TopSupport","one-point",1,1,"one-point",1,"degenerate",,,,,2,2,,"NoSwitchDetected",
123456,"TwoPole",156,51,5,0.5,3,"TopSupport","multi-point",3,4,"one-point",1,"degenerate",,,,,1,3,1.6518655953670331,"SwitchDetected",3
123456,"TwoPole",157,51,5,0.5,3,"TopSupport","multi-point",3,3,"one-point",1,"degenerate",,,,,5,3,1.000005950963148,"SwitchDetected",3
123456,"TwoPole",158,51,5,0.5,3,"TopSupport","multi-point",3,4,"two-point",2,"calibrated",2.071187480822338,0.003501031196928735,4,4,,,,"",
123456,"TwoPole",159,51,5,0.5,3,"TopSupport","two-point",2,2,"one-point",1,"degenerate",,,,,2,3,1.3464715115753487,"SwitchDetected",3
123456,"TwoPole",160,51,5,0.5,3,"TopSupport","one-point",1,1,"one-point",1,"degenerate",,,,,4,4,,"NoSwitchDetected",
123456,"TwoPole",161,51,5,0.5,3,"TopSupport","multi-point",3,3,"two-point",2,"calibrated",7.246376811594202,0.020113621393046375,3,4,,,,"",
123456,"TwoPole",162,51,5,0.5,3,"TopSupport","multi-point",3,4,"two-point",2,"calibrated",4.249291784702549,0.027691103920963935,4,3,,,,"",
123456,"TwoPole",163,51,5,0.5,3,"TopSupport","multi-point",3,4,"two-point",2,"calibrated",1.519756838905775,0.0077891488035907895,3,4,,,,"",
123456,"TwoPole",164,51,5,0.5,3,"TopSupport","multi-point",3,3,"two-point",2,"degenerate",,,,,4,4,,"NoSwitchDetected",
123456,"TwoPole",165,51,5,0.5,3,"TopSupport","multi-point",3,4,"two-point",2,"degenerate",,,,,3,3,,"NoSwitchDetected",
123456,"TwoPole",166,51,5,0.5,3,"TopSupport","multi-point",3,3,"two-point",2,"degenerate",,,,,3,3,,"NoSwitchDetected",
123456,"TwoPole",167,51,5,0.5,3,"TopSupport","multi-point",3,3,"multi-point",3,"degenerate",,,,,4,4,,"NoSwitchDetected",
123456,"TwoPole",168,51,5,0.5,3,"TopSupport","multi-point",3,4,"two-point",2,"calibrated",1.3995438523740409,0.013651562997595306,3,3,,,,"",
123456,"TwoPole",169,51,5,0.5,3,"TopSupport","multi-point",3,3,"one-point",1,"degenerate",,,,,5,3,1.2704199911255145,"SwitchDetected",3
123456,"TwoPole",170,51,5,0.5,3,"TopSupport","multi-point",3,3,"one-point",1,"calibrated",5.592377796188898,0.0034582055243543323,3,3,,,,"",
123456,"TwoPole",171,51,5,0.5,3,"TopSupport","two-point",2,2,"one-point",1,"degenerate",,,,,2,3,3.1440669265613597,"SwitchDetected",3
123456,"TwoPole",172,51,5,0.5,3,"TopSupport","two-point",2,2,"two-point",2,"degenerate",,,,,3,3,,"NoSwitchDetected",
123456,"TwoPole",173,51,5,0.5,3,"TopSupport","two-point",2,2,"two-point",2,"degenerate",,,,,3,3,,"NoSwitchDetected",
123456,"TwoPole",174,51,5,0.5,3,"TopSupport","multi-point",3,5,"multi-point",3,"calibrated",1,0.012834821428571432,3,4,,,,"",
123456,"TwoPole",175,51,5,0.5,3,"TopSupport","multi-point",3,4,"two-point",2,"degenerate",,,,,2,3,2.366807489593574,"SwitchDetected",3
123456,"TwoPole",176,51,5,0.5,3,"TopSupport","two-point",2,2,"two-point",2,"degenerate",,,,,3,3,,"NoSwitchDetected",
123456,"TwoPole",177,51,5,0.5,3,"TopSupport","multi-point",3,4,"one-point",1,"calibrated",1.879961008216126,0.002431631734330193,3,3,,,,"",
123456,"TwoPole",178,51,5,0.5,3,"TopSupport","multi-point",3,3,"multi-point",3,"degenerate",,,,,3,3,,"NoSwitchDetected",
123456,"TwoPole",179,51,5,0.5,3,"TopSupport","two-point",2,2,"one-point",1,"degenerate",,,,,5,5,1.1870990646993989,"SwitchDetected",2
123456,"TwoPole",180,51,5,0.5,3,"TopSupport","two-point",2,2,"two-point",2,"degenerate",,,,,4,4,,"NoSwitchDetected",
123456,"TwoPole",181,51,5,0.5,3,"TopSupport","two-point",2,2,"two-point",2,"degenerate",,,,,2,2,,"NoSwitchDetected",
123456,"TwoPole",182,51,5,0.5,3,"TopSupport","two-point",2,2,"one-point",1,"degenerate",,,,,5,3,1.14582521060238,"SwitchDetected",3
123456,"TwoPole",183,51,5,0.5,3,"TopSupport","multi-point",3,4,"two-point",2,"calibrated",3.4151277510751323,0.026652659018006602,3,4,,,,"",
123456,"TwoPole",184,51,5,0.5,3,"TopSupport","multi-point",3,3,"two-point",2,"calibrated",5.369928400954653,0.009483615353340549,3,3,,,,"",
123456,"TwoPole",185,51,5,0.5,3,"TopSupport","multi-point",3,4,"two-point",2,"degenerate",,,,,3,3,,"NoSwitchDetected",
123456,"TwoPole",186,51,5,0.5,3,"TopSupport","multi-point",3,3,"two-point",2,"calibrated",4.44078947368421,0.010894410755542315,3,3,,,,"",
123456,"TwoPole",187,51,5,0.5,3,"TopSupport","multi-point",3,3,"one-point",1,"degenerate",,,,,1,3,1.2696233091804754,"SwitchDetected",3
123456,"TwoPole",188,51,5,0.5,3,"TopSupport","multi-point",3,3,"two-point",2,"calibrated",1.0395010395010396,0.002600459516178825,3,3,,,,"",
123456,"TwoPole",189,51,5,0.5,3,"TopSupport","two-point",2,2,"one-point",1,"degenerate",,,,,1,4,1.000005950963148,"SwitchDetected",4
123456,"TwoPole",190,51,5,0.5,3,"TopSupport","multi-point",3,3,"multi-point",3,"calibrated",1.9477708844322608,0.03367085130686044,3,3,,,,"",
123456,"TwoPole",191,51,5,0.5,3,"TopSupport","multi-point",3,4,"multi-point",3,"calibrated",1.4216512215669754,0.024827122013200947,4,3,,,,"",
123456,"TwoPole",192,51,5,0.5,3,"TopSupport","multi-point",3,3,"multi-point",3,"calibrated",3.5037633013236436,0.007612654515557494,3,3,,,,"",
123456,"TwoPole",193,51,5,0.5,3,"TopSupport","multi-point",3,4,"two-point",2,"calibrated",2.6580035440047256,0.021076782807012775,4,3,,,,"",
123456,"TwoPole",194,51,5,0.5,3,"TopSupport","multi-point",3,3,"one-point",1,"calibrated",1.6652275811027504,0.001911817108131702,3,3,,,,"",
123456,"TwoPole",195,51,5,0.5,3,"TopSupport","multi-point",3,3,"multi-point",3,"calibrated",2.854726157750053,0.00429446230143873,3,4,,,,"",
123456,"TwoPole",196,51,5,0.5,3,"TopSupport","multi-point",3,4,"multi-point",3,"calibrated",1.4068361817423927,0.008784434532518101,4,3,,,,"",
123456,"TwoPole",197,51,5,0.5,3,"TopSupport","multi-point",3,3,"one-point",1,"degenerate",,,,,2,3,1.0651618481702283,"SwitchDetected",3
123456,"TwoPole",198,51,5,0.5,3,"TopSupport","multi-point",3,3,"one-point",1,"calibrated",7.246376811594202,0.004445698233228695,3,3,,,,"",
123456,"TwoPole",199,51,5,0.5,3,"TopSupport","multi-point",3,4,"multi-point",3,"calibrated",6.919528446950282,0.006740109488491024,4,3,,,,"",
123456,"TwoPole",200,51,5,0.5,3,"TopSupport","multi-point",3,4,"two-point",2,"calibrated",1.2953367875647668,0.008849444342951665,3,3,,,,"",
123456,"TwoPole",1,51,5,0.6,1,"TopSupport","multi-point",3,3,"two-point",2,"calibrated",2.305721605465414,0.033653622029525015,3,3,,,,"",
123456,"TwoPole",2,51,5,0.6,1,"TopSupport","multi-point",3,3,"one-point",1,"calibrated",2.17566478646253,0.015727369702202218,3,3,,,,"",
123456,"TwoPole",3,51,5,0.6,1,"TopSupport","multi-point",3,3,"one-point",1,"degenerate",,,,,1,3,1.2461419342276794,"SwitchDetected",3
123456,"TwoPole",4,51,5,0.6,1,"TopSupport","multi-point",3,3,"two-point",2,"calibrated",2.632092025736011,0.048531265891136995,3,3,,,,"",
123456,"TwoPole",5,51,5,0.6,1,"TopSupport","multi-point",3,3,"one-point",1,"degenerate",,,,,1,3,1.3528563339484245,"SwitchDetected",3
123456,"TwoPole",6,51,5,0.6,1,"TopSupport","multi-point",3,3,"one-point",1,"degenerate",,,,,1,3,1.4150462671072566,"SwitchDetected",3
123456,"TwoPole",7,51,5,0.6,1,"TopSupport","multi-point",3,3,"one-point",1,"calibrated",1.9338203695745597,0.015743554786048875,3,3,,,,"",
123456,"TwoPole",8,51,5,0.6,1,"TopSupport","multi-point",3,3,"two-point",2,"calibrated",3.5037633013236436,0.027216773100641245,3,3,,,,"",
123456,"TwoPole",9,51,5,0.6,1,"TopSupport","multi-point",3,3,"one-point",1,"calibrated",1.4142049025769956,0.001216386592699411,3,3,,,,"",
123456,"TwoPole",10,51,5,0.6,1,"TopSupport","multi-point",3,3,"one-point",1,"calibrated",2.039891205802357,0.023705206585740726,3,3,,,,"",
123456,"TwoPole",11,51,5,0.6,1,"TopSupport","multi-point",3,3,"one-point",1,"calibrated",2.6254375729288215,0.020091251398145264,3,3,,,,"",
123456,"TwoPole",12,51,5,0.6,1,"TopSupport","multi-point",3,3,"one-point",1,"degenerate",,,,,1,3,1.4263002399438498,"SwitchDetected",3
123456,"TwoPole",13,51,5,0.6,1,"TopSupport","multi-point",3,3,"one-point",1,"calibrated",2.7113878288813016,0.03011555617777235,3,3,,,,"",
123456,"TwoPole",14,51,5,0.6,1,"TopSupport","multi-point",3,4,"one-point",1,"degenerate",,,,,1,3,1.6860750362049728,"SwitchDetected",3
123456,"TwoPole",15,51,5,0.6,1,"TopSupport","multi-point",3,3,"one-point",1,"degenerate",,,,,1,3,1.5622128329052518,"SwitchDetected",3
123456,"TwoPole",16,51,5,0.6,1,"TopSupport","multi-point",3,3,"one-point",1,"calibrated",2.1933387489845653,0.026136365474621545,3,3,,,,"",
123456,"TwoPole",17,51,5,0.6,1,"TopSupport","multi-point",3,4,"one-point",1,"calibrated",2.5037091988130564,0.029269704475889065,3,3,,,,"",
123456,"TwoPole",18,51,5,0.6,1,"TopSupport","multi-point",3,3,"one-point",1,"calibrated",1.6860247283626826,0.00159656300237092,3,3,,,,"",
123456,"TwoPole",19,51,5,0.6,1,"TopSupport","multi-point",3,4,"one-point",1,"degenerate",,,,,1,3,1.1921267536920168,"SwitchDetected",2
123456,"TwoPole",20,51,5,0.6,1,"TopSupport","multi-point",3,3,"one-point",1,"degenerate",,,,,1,3,1.640848967083372,"SwitchDetected",3
123456,"TwoPole",21,51,5,0.6,1,"TopSupport","multi-point",3,3,"one-point",1,"calibrated",1.5547621789704016,0.0006654359526731743,3,3,,,,"",
123456,"TwoPole",22,51,5,0.6,1,"TopSupport","multi-point",3,3,"one-point",1,"calibrated",3.8681948424068757,0.02211190173430466,3,3,,,,"",
123456,"TwoPole",23,51,5,0.6,1,"TopSupport","multi-point",3,3,"two-point",2,"calibrated",3.2506621719239104,0.04403177248183523,3,3,,,,"",
123456,"TwoPole",24,51,5,0.6,1,"TopSupport","multi-point",3,4,"one-point",1,"calibrated",2.2481265611990007,0.005786828981746662,3,3,,,,"",
123456,"TwoPole",25,51,5,0.6,1,"TopSupport","multi-point",3,3,"two-point",2,"calibrated",3.597122302158273,0.0426956634679586,3,3,,,,"",
123456,"TwoPole",26,51,5,0.6,1,"TopSupport","multi-point",3,4,"one-point",1,"degenerate",,,,,1,3,1.7033712642910372,"SwitchDetected",3
123456,"TwoPole",27,51,5,0.6,1,"TopSupport","multi-point",3,4,"one-point",1,"degenerate",,,,,1,3,1.6890238449363952,"SwitchDetected",3
123456,"TwoPole",28,51,5,0.6,1,"TopSupport","multi-point",3,4,"one-point",1,"calibrated",1.777719252041085,0.004228106079934282,3,3,,,,"",
123456,"TwoPole",29,51,5,0.6,1,"TopSupport","multi-point",3,3,"one-point",1,"calibrated",1.825804706518799,0.01445970963381639,3,3,,,,"",
123456,"TwoPole",30,51,5,0.6,1,"TopSupport","multi-point",3,4,"one-point",1,"degenerate",,,,,1,3,1.3704207348069848,"SwitchDetected",3
123456,"TwoPole",31,51,5,0.6,1,"TopSupport","multi-point",3,3,"one-point",1,"calibrated",1.9200682690940125,0.017118200522802107,3,3,,,,"",
123456,"TwoPole",32,51,5,0.6,1,"TopSupport","multi-point",3,3,"one-point",1,"calibrated",2.005645520725004,0.004929797102962562,3,3,,,,"",
123456,"TwoPole",33,51,5,0.6,1,"TopSupport","multi-point",3,3,"one-point",1,"calibrated",1.6129032258064517,0.008529202858690032,3,3,,,,"",
123456,"TwoPole",34,51,5,0.6,1,"TopSupport","multi-point",3,3,"one-point",1,"calibrated",1.5570934256055362,0.005044484206627048,3,3,,,,"",
123456,"TwoPole",35,51,5,0.6,1,"TopSupport","multi-point",3,3,"one-point",1,"calibrated",2.17566478646253,0.014320047823174729,3,3,,,,"",
123456,"TwoPole",36,51,5,0.6,1,"TopSupport","multi-point",3,3,"one-point",1,"calibrated",2.7388922702373706,0.023194274213917745,3,3,,,,"",
123456,"TwoPole",37,51,5,0.6,1,"TopSupport","multi-point",3,3,"one-point",1,"calibrated",1.6755616234330397,0.011952098032561491,3,3,,,,"",
123456,"TwoPole",38,51,5,0.6,1,"TopSupport","multi-point",3,3,"one-point",1,"degenerate",,,,,1,3,1.4035228990149256,"SwitchDetected",3
123456,"TwoPole",39,51,5,0.6,1,"TopSupport","multi-point",3,3,"two-point",2,"calibrated",2.5510204081632653,0.04074017799583774,3,3,,,,"",
123456,"TwoPole",40,51,5,0.6,1,"TopSupport","multi-point",3,3,"two-point",2,"calibrated",2.5510204081632653,0.033918310606640474,3,3,,,,"",
123456,"TwoPole",41,51,5,0.6,1,"TopSupport","multi-point",3,3,"one-point",1,"calibrated",2.7669604427136707,0.012284437491143118,3,3,,,,"",
123456,"TwoPole",42,51,5,0.6,1,"TopSupport","multi-point",3,4,"one-point",1,"degenerate",,,,,1,3,1.6540443651163619,"SwitchDetected",2
123456,"TwoPole",43,51,5,0.6,1,"TopSupport","multi-point",3,4,"one-point",1,"degenerate",,,,,1,3,1.1977348016014149,"SwitchDetected",3
123456,"TwoPole",44,51,5,0.6,1,"TopSupport","multi-point",3,4,"one-point",1,"calibrated",2.6254375729288215,0.0019092736792382936,3,3,,,,"",
123456,"TwoPole",45,51,5,0.6,1,"TopSupport","multi-point",3,4,"one-point",1,"degenerate",,,,,1,3,1.268176483507765,"SwitchDetected",3
123456,"TwoPole",46,51,5,0.6,1,"TopSupport","multi-point",3,4,"one-point",1,"calibrated",2.087198515769944,0.01693133471349113,3,3,,,,"",
123456,"TwoPole",47,51,5,0.6,1,"TopSupport","multi-point",3,3,"two-point",2,"calibrated",2.5271433919880195,0.03268243292671973,3,3,,,,"",
123456,"TwoPole",48,51,5,0.6,1,"TopSupport","multi-point",3,3,"one-point",1,"calibrated",2.5271433919880195,0.020161120764817676,3,3,,,,"",
123456,"TwoPole",49,51,5,0.6,1,"TopSupport","multi-point",3,3,"one-point",1,"calibrated",1.6652275811027506,0.011397002777780699,3,3,,,,"",
123456,"TwoPole",50,51,5,0.6,1,"TopSupport","multi-point",3,4,"one-point",1,"calibrated",1.7660910518053372,0.0028632014297863212,3,3,,,,"",
123456,"TwoPole",51,51,5,0.6,1,"TopSupport","multi-point",3,3,"two-point",2,"calibrated",3.813559322033898,0.052916741818592836,3,3,,,,"",
123456,"TwoPole",52,51,5,0.6,1,"TopSupport","multi-point",3,3,"one-point",1,"calibrated",2.7388922702373706,0.02103841084792792,3,3,,,,"",
123456,"TwoPole",53,51,5,0.6,1,"TopSupport","multi-point",3,3,"one-point",1,"degenerate",,,,,1,3,1.3823139077619324,"SwitchDetected",3
123456,"TwoPole",54,51,5,0.6,1,"TopSupport","multi-point",3,4,"one-point",1,"calibrated",2.7669604427136707,0.023485447822473318,3,3,,,,"",
123456,"TwoPole",55,51,5,0.6,1,"TopSupport","multi-point",3,3,"one-point",1,"degenerate",,,,,1,3,1.4605909447194763,"SwitchDetected",2
123456,"TwoPole",56,51,5,0.6,1,"TopSupport","multi-point",3,4,"one-point",1,"calibrated",2.9163966299416724,0.027940732637175388,3,3,,,,"",
123456,"TwoPole",57,51,5,0.6,1,"TopSupport","multi-point",3,3,"one-point",1,"degenerate",,,,,1,3,1.7020427837707561,"SwitchDetected",3
123456,"TwoPole",58,51,5,0.6,1,"TopSupport","multi-point",3,4,"one-point",1,"calibrated",1.8135411069317569,0.011765642237915357,3,3,,,,"",
123456,"TwoPole",59,51,5,0.6,1,"TopSupport","multi-point",3,3,"one-point",1,"degenerate",,,,,1,3,1.4884055578102797,"SwitchDetected",3
123456,"TwoPole",60,51,5,0.6,1,"TopSupport","multi-point",3,3,"one-point",1,"calibrated",1.5752625437572931,0.009271887779965344,3,3,,,,"",
123456,"TwoPole",61,51,5,0.6,1,"TopSupport","multi-point",3,3,"one-point",1,"calibrated",1.9946808510638294,0.01614916449446505,3,3,,,,"",
123456,"TwoPole",62,51,5,0.6,1,"TopSupport","multi-point",3,3,"one-point",1,"degenerate",,,,,1,3,1.4164059822058814,"SwitchDetected",3
123456,"TwoPole",63,51,5,0.6,1,"TopSupport","multi-point",3,3,"one-point",1,"calibrated",3.597122302158273,0.02168392121633962,3,3,,,,"",
123456,"TwoPole",64,51,5,0.6,1,"TopSupport","multi-point",3,3,"one-point",1,"calibrated",1.6652275811027506,0.002559929713169011,3,3,,,,"",
123456,"TwoPole",65,51,5,0.6,1,"TopSupport","multi-point",3,3,"one-point",1,"degenerate",,,,,1,3,1.4371075754050582,"SwitchDetected",3
123456,"TwoPole",66,51,5,0.6,1,"TopSupport","multi-point",3,4,"one-point",1,"degenerate",,,,,1,3,1.2586208982615414,"SwitchDetected",2
123456,"TwoPole",67,51,5,0.6,1,"TopSupport","multi-point",3,3,"one-point",1,"calibrated",1.6966193288927987,0.014871222590853874,3,3,,,,"",
123456,"TwoPole",68,51,5,0.6,1,"TopSupport","multi-point",3,3,"one-point",1,"calibrated",2.9893711248892822,0.02088998267419513,3,3,,,,"",
123456,"TwoPole",69,51,5,0.6,1,"TopSupport","multi-point",3,3,"one-point",1,"calibrated",1.6966193288927987,0.00227872494059413,3,3,,,,"",
123456,"TwoPole",70,51,5,0.6,1,"TopSupport","multi-point",3,3,"one-point",1,"calibrated",2.158273381294964,0.015412308111900754,3,3,,,,"",
123456,"TwoPole",71,51,5,0.6,1,"TopSupport","multi-point",3,3,"one-point",1,"calibrated",1.9065103798898462,0.01023740029772772,3,3,,,,"",
123456,"TwoPole",72,51,5,0.6,1,"TopSupport","multi-point",3,4,"one-point",1,"degenerate",,,,,1,3,1.269738430318415,"SwitchDetected",3
123456,"TwoPole",73,51,5,0.6,1,"TopSupport","multi-point",3,3,"one-point",1,"calibrated",2.458120903131828,0.019190751223353817,3,3,,,,"",
123456,"TwoPole",74,51,5,0.6,1,"TopSupport","multi-point",3,4,"one-point",1,"degenerate",,,,,1,3,1.37425367117349,"SwitchDetected",3
123456,"TwoPole",75,51,5,0.6,1,"TopSupport","multi-point",3,3,"one-point",1,"degenerate",,,,,1,3,1.2589697947911507,"SwitchDetected",3
123456,"TwoPole",76,51,5,0.6,1,"TopSupport","multi-point",3,3,"two-point",2,"calibrated",4.861361181130716,0.039893832819579825,3,3,,,,"",
123456,"TwoPole",77,51,5,0.6,1,"TopSupport","multi-point",3,3,"one-point",1,"calibrated",2.458120903131828,0.019199831649984973,3,3,,,,"",
123456,"TwoPole",78,51,5,0.6,1,"TopSupport","multi-point",3,4,"one-point",1,"calibrated",1.6652275811027506,0.001192589248474619,3,3,,,,"",
123456,"TwoPole",79,51,5,0.6,1,"TopSupport","multi-point",3,4,"one-point",1,"calibrated",2.17566478646253,0.016097665678187583,3,3,,,,"",
123456,"TwoPole",80,51,5,0.6,1,"TopSupport","multi-point",3,3,"one-point",1,"degenerate",,,,,1,3,1.1616432956027327,"SwitchDetected",3
123456,"TwoPole",81,51,5,0.6,1,"TopSupport","multi-point",3,3,"one-point",1,"degenerate",,,,,1,3,1.5976514991025157,"SwitchDetected",3
123456,"TwoPole",82,51,5,0.6,1,"TopSupport","multi-point",3,4,"one-point",1,"degenerate",,,,,1,3,1.8059019176134405,"SwitchDetected",3
123456,"TwoPole",83,51,5,0.6,1,"TopSupport","multi-point",3,3,"one-point",1,"calibrated",2.024595080983803,0.011937732450182877,3,3,,,,"",
123456,"TwoPole",84,51,5,0.6,1,"TopSupport","multi-point",3,4,"one-point",1,"calibrated",1.5661252900232019,0.0013519308133058583,3,3,,,,"",
123456,"TwoPole",85,51,5,0.6,1,"TopSupport","multi-point",3,3,"two-point",2,"calibrated",3.3202164289227745,0.08518331391185796,3,3,,,,"",
123456,"TwoPole",86,51,5,0.6,1,"TopSupport","multi-point",3,3,"one-point",1,"calibrated",1.6251354279523291,0.0071414580141572655,3,3,,,,"",
123456,"TwoPole",87,51,5,0.6,1,"TopSupport","multi-point",3,3,"two-point",2,"calibrated",3.057065217391304,0.03518532615208899,3,3,,,,"",
123456,"TwoPole",88,51,5,0.6,1,"TopSupport","multi-point",3,3,"one-point",1,"calibrated",1.530612244897959,0.002555686765182149,3,3,,,,"",
123456,"TwoPole",89,51,5,0.6,1,"TopSupport","multi-point",3,4,"one-point",1,"calibrated",2.581755593803787,0.015914079901147148,3,3,,,,"",
123456,"TwoPole",90,51,5,0.6,1,"TopSupport","multi-point",3,3,"one-point",1,"calibrated",2.862595419847328,0.009128553397519444,3,3,,,,"",
123456,"TwoPole",91,51,5,0.6,1,"TopSupport","multi-point",3,3,"two-point",2,"calibrated",4.249291784702549,0.030785264497098657,3,3,,,,"",
123456,"TwoPole",92,51,5,0.6,1,"TopSupport","multi-point",3,4,"one-point",1,"degenerate",,,,,1,3,1.5485650324771916,"SwitchDetected",3
123456,"TwoPole",93,51,5,0.6,1,"TopSupport","multi-point",3,3,"one-point",1,"degenerate",,,,,1,3,1.726968895007111,"SwitchDetected",2
123456,"TwoPole",94,51,5,0.6,1,"TopSupport","multi-point",3,3,"one-point",1,"degenerate",,,,,1,3,1.2221785422029798,"SwitchDetected",3
123456,"TwoPole",95,51,5,0.6,1,"TopSupport","multi-point",3,4,"one-point",1,"calibrated",1.801441152922338,0.010424565291367078,3,3,,,,"",
123456,"TwoPole",96,51,5,0.6,1,"TopSupport","multi-point",3,4,"one-point",1,"degenerate",,,,,1,3,1.8157366428266268,"SwitchDetected",3
123456,"TwoPole",97,51,5,0.6,1,"TopSupport","multi-point",3,3,"one-point",1,"calibrated",2.039891205802357,0.009153029043074214,3,3,,,,"",
123456,"TwoPole",98,51,5,0.6,1,"TopSupport","multi-point",3,4,"one-point",1,"degenerate",,,,,1,3,1.7192652093032772,"SwitchDetected",3
123456,"TwoPole",99,51,5,0.6,1,"TopSupport","multi-point",3,3,"one-point",1,"calibrated",2.2481265611990007,0.005959540505517975,3,3,,,,"",
123456,"TwoPole",100,51,5,0.6,1,"TopSupport","multi-point",3,3,"one-point",1,"calibrated",2.325581395348837,0.01835014229537402,3,3,,,,"",
123456,"TwoPole",101,51,5,0.6,1,"TopSupport","multi-point",3,4,"one-point",1,"calibrated",2.862595419847328,0.029512007095587732,3,3,,,,"",
123456,"TwoPole",102,51,5,0.6,1,"TopSupport","multi-point",3,4,"one-point",1,"degenerate",,,,,1,3,1.4889726597573876,"SwitchDetected",3
123456,"TwoPole",103,51,5,0.6,1,"TopSupport","multi-point",3,3,"two-point",2,"calibrated",3.9823008849557513,0.05909328971429122,3,3,,,,"",
123456,"TwoPole",104,51,5,0.6,1,"TopSupport","multi-point",3,3,"one-point",1,"calibrated",2.9246100519930676,0.0338086890642669,3,3,,,,"",
123456,"TwoPole",105,51,5,0.6,1,"TopSupport","multi-point",3,3,"two-point",2,"calibrated",2.4807056229327453,0.051300812238618376,3,3,,,,"",
123456,"TwoPole",106,51,5,0.6,1,"TopSupport","multi-point",3,3,"one-point",1,"degenerate",,,,,1,3,1.5025124026740577,"SwitchDetected",3
123456,"TwoPole",107,51,5,0.6,1,"TopSupport","multi-point",3,3,"one-point",1,"calibrated",3.0920751259734307,0.02129132128218398,3,3,,,,"",
123456,"TwoPole",108,51,5,0.6,1,"TopSupport","multi-point",3,3,"one-point",1,"degenerate",,,,,1,3,1.4505424261968813,"SwitchDetected",3
123456,"TwoPole",109,51,5,0.6,1,"TopSupport","multi-point",3,3,"one-point",1,"calibrated",2.2481265611990007,0.013922781631604512,3,3,,,,"",
123456,"TwoPole",110,51,5,0.6,1,"TopSupport","multi-point",3,3,"one-point",1,"calibrated",2.17566478646253,0.013328803341921939,3,3,,,,"",
123456,"TwoPole",111,51,5,0.6,1,"TopSupport","multi-point",3,3,"one-point",1,"calibrated",3.8681948424068757,0.027785777965257635,3,3,,,,"",
123456,"TwoPole",112,51,5,0.6,1,"TopSupport","multi-point",3,3,"one-point",1,"degenerate",,,,,1,3,1.4056949348566274,"SwitchDetected",3
123456,"TwoPole",113,51,5,0.6,1,"TopSupport","multi-point",3,4,"one-point",1,"calibrated",2.055420219244823,0.01707060458795151,3,3,,,,"",
123456,"TwoPole",114,51,5,0.6,1,"TopSupport","multi-point",3,4,"one-point",1,"calibrated",2.039891205802357,0.011122630569205719,3,3,,,,"",
123456,"TwoPole",115,51,5,0.6,1,"TopSupport","multi-point",3,3,"one-point",1,"calibrated",1.6755616234330397,0.0026480553506331504,3,3,,,,"",
123456,"TwoPole",116,51,5,0.6,1,"TopSupport","multi-point",3,3,"one-point",1,"calibrated",2.7388922702373706,0.02173712853249007,3,3,,,,"",
123456,"TwoPole",117,51,5,0.6,1,"TopSupport","multi-point",3,3,"one-point",1,"degenerate",,,,,1,3,1.4976648120297662,"SwitchDetected",3
123456,"TwoPole",118,51,5,0.6,1,"TopSupport","multi-point",3,3,"one-point",1,"degenerate",,,,,1,3,1.5145513497523742,"SwitchDetected",3
123456,"TwoPole",119,51,5,0.6,1,"TopSupport","multi-point",3,4,"one-point",1,"degenerate",,,,,1,3,1.2618437444042458,"SwitchDetected",3
123456,"TwoPole",120,51,5,0.6,1,"TopSupport","multi-point",3,3,"one-point",1,"calibrated",2.119974874371859,0.00875966361052668,3,3,,,,"",
123456,"TwoPole",121,51,5,0.6,1,"TopSupport","multi-point",3,3,"one-point",1,"calibrated",1.7321016166281755,0.002602694435084832,3,3,,,,"",
123456,"TwoPole",122,51,5,0.6,1,"TopSupport","multi-point",3,4,"two-point",2,"calibrated",4.3172369683402625,0.004011217628975142,4,3,,,,"",
123456,"TwoPole",123,51,5,0.6,1,"TopSupport","multi-point",3,3,"one-point",1,"calibrated",2.6844303042354345,0.018000904774355585,3,3,,,,"",
123456,"TwoPole",124,51,5,0.6,1,"TopSupport","multi-point",3,3,"one-point",1,"calibrated",2.229562345169281,0.029276621069993482,3,3,,,,"",
123456,"TwoPole",125,51,5,0.6,1,"TopSupport","multi-point",3,4,"one-point",1,"calibrated",1.4387722476819782,0.002544306837421629,3,3,,,,"",
123456,"TwoPole",126,51,5,0.6,1,"TopSupport","multi-point",3,3,"one-point",1,"calibrated",1.9200682690940125,0.024554469214108646,3,3,,,,"",
123456,"TwoPole",127,51,5,0.6,1,"TopSupport","multi-point",3,3,"two-point",2,"calibrated",2.6844303042354345,0.04672268967244239,3,3,,,,"",
123456,"TwoPole",128,51,5,0.6,1,"TopSupport","multi-point",3,4,"one-point",1,"calibrated",2.267002518891687,0.010555837135592341,3,3,,,,"",
123456,"TwoPole",129,51,5,0.6,1,"TopSupport","multi-point",3,3,"one-point",1,"calibrated",3.5498290823034444,0.02492724252936119,3,3,,,,"",
123456,"TwoPole",130,51,5,0.6,1,"TopSupport","multi-point",3,4,"one-point",1,"degenerate",,,,,1,3,1.2140900845357647,"SwitchDetected",2
123456,"TwoPole",131,51,5,0.6,1,"TopSupport","multi-point",3,3,"one-point",1,"calibrated",1.5752625437572931,0.004304608756957396,3,3,,,,"",
123456,"TwoPole",132,51,5,0.6,1,"TopSupport","multi-point",3,4,"one-point",1,"degenerate",,,,,1,3,1.1796820928124823,"SwitchDetected",2
123456,"TwoPole",133,51,5,0.6,1,"TopSupport","multi-point",3,3,"one-point",1,"calibrated",3.3724706470147385,0.026922282368292052,3,3,,,,"",
123456,"TwoPole",134,51,5,0.6,1,"TopSupport","multi-point",3,3,"one-point",1,"calibrated",2.862595419847328,0.01686645546000628,3,3,,,,"",
123456,"TwoPole",135,51,5,0.6,1,"TopSupport","multi-point",3,3,"two-point",2,"calibrated",2.8932704672096015,0.032284248609691465,3,3,,,,"",
123456,"TwoPole",136,51,5,0.6,1,"TopSupport","multi-point",3,3,"one-point",1,"calibrated",1.825804706518799,0.016955950440202174,3,3,,,,"",
123456,"TwoPole",137,51,5,0.6,1,"TopSupport","multi-point",3,4,"one-point",1,"degenerate",,,,,1,3,1.315296706419658,"SwitchDetected",2
123456,"TwoPole",138,51,5,0.6,1,"TopSupport","multi-point",3,3,"one-point",1,"calibrated",1.4142049025769956,0.008283962893716782,3,3,,,,"",
123456,"TwoPole",139,51,5,0.6,1,"TopSupport","multi-point",3,3,"one-point",1,"degenerate",,,,,1,3,1.358082586988178,"SwitchDetected",3
123456,"TwoPole",140,51,5,0.6,1,"TopSupport","multi-point",3,4,"one-point",1,"calibrated",1.4621466478934257,0.006616610518340795,3,3,,,,"",
123456,"TwoPole",141,51,5,0.6,1,"TopSupport","multi-point",3,4,"one-point",1,"degenerate",,,,,1,3,1.5525568053945282,"SwitchDetected",3
123456,"TwoPole",142,51,5,0.6,1,"TopSupport","multi-point",3,3,"one-point",1,"degenerate",,,,,1,3,1.415988247919803,"SwitchDetected",3
123456,"TwoPole",143,51,5,0.6,1,"TopSupport","multi-point",3,4,"one-point",1,"degenerate",,,,,1,3,1.657781119062965,"SwitchDetected",3
123456,"TwoPole",144,51,5,0.6,1,"TopSupport","multi-point",3,3,"one-point",1,"degenerate",,,,,1,3,1.610637046569028,"SwitchDetected",3
123456,"TwoPole",145,51,5,0.6,1,"TopSupport","multi-point",3,3,"one-point",1,"calibrated",3.9823008849557513,0.022233582903044065,3,3,,,,"",
123456,"TwoPole",146,51,5,0.6,1,"TopSupport","multi-point",3,3,"one-point",1,"calibrated",2.956636005256242,0.031174955296040936,3,3,,,,"",
123456,"TwoPole",147,51,5,0.6,1,"TopSupport","multi-point",3,3,"one-point",1,"calibrated",2.087198515769944,0.018501731252031545,3,3,,,,"",
123456,"TwoPole",148,51,5,0.6,1,"TopSupport","multi-point",3,3,"one-point",1,"calibrated",1.7895015906680807,0.01457857227990061,3,3,,,,"",
123456,"TwoPole",149,51,5,0.6,1,"TopSupport","multi-point",3,3,"one-point",1,"degenerate",,,,,1,3,1.1265217523587665,"SwitchDetected",3
123456,"TwoPole",150,51,5,0.6,1,"TopSupport","multi-point",3,3,"two-point",2,"calibrated",3.2020872865275143,0.0368839001439318,3,3,,,,"",
123456,"TwoPole",151,51,5,0.6,1,"TopSupport","multi-point",3,3,"one-point",1,"calibrated",1.5028386953133697,0.002364103376871598,3,3,,,,"",
123456,"TwoPole",152,51,5,0.6,1,"TopSupport","multi-point",3,3,"one-point",1,"calibrated",5.0675675675675675,0.03595202624904536,3,3,,,,"",
123456,"TwoPole",153,51,5,0.6,1,"TopSupport","multi-point",3,3,"one-point",1,"calibrated",2.435943702634428,0.030660357208107038,3,3,,,,"",
123456,"TwoPole",154,51,5,0.6,1,"TopSupport","multi-point",3,3,"one-point",1,"degenerate",,,,,1,3,1.3548851926239636,"SwitchDetected",3
123456,"TwoPole",155,51,5,0.6,1,"TopSupport","multi-point",3,4,"one-point",1,"degenerate",,,,,1,3,1.4863912282595777,"SwitchDetected",2
123456,"TwoPole",156,51,5,0.6,1,"TopSupport","multi-point",3,3,"one-point",1,"degenerate",,,,,1,3,1.3754797892453332,"SwitchDetected",3
123456,"TwoPole",157,51,5,0.6,1,"TopSupport","multi-point",3,3,"two-point",2,"calibrated",2.17566478646253,0.03852707258454342,3,3,,,,"",
123456,"TwoPole",158,51,5,0.6,1,"TopSupport","multi-point",3,4,"one-point",1,"degenerate",,,,,1,3,1.5421131533997388,"SwitchDetected",3
123456,"TwoPole",159,51,5,0.6,1,"TopSupport","multi-point",3,4,"one-point",1,"calibrated",1.7073479195649424,0.006576427348074845,3,3,,,,"",
123456,"TwoPole",160,51,5,0.6,1,"TopSupport","multi-point",3,3,"one-point",1,"calibrated",2.119974874371859,0.02374832048646576,3,3,,,,"",
123456,"TwoPole",161,51,5,0.6,1,"TopSupport","multi-point",3,3,"one-point",1,"degenerate",,,,,1,3,1.5643943688868467,"SwitchDetected",3
123456,"TwoPole",162,51,5,0.6,1,"TopSupport","multi-point",3,3,"one-point",1,"calibrated",2.087198515769944,0.013087324833719294,3,3,,,,"",
123456,"TwoPole",163,51,5,0.6,1,"TopSupport","multi-point",3,3,"one-point",1,"calibrated",2.5037091988130564,0.007268090522089576,3,3,,,,"",
123456,"TwoPole",164,51,5,0.6,1,"TopSupport","multi-point",3,3,"two-point",2,"calibrated",2.3510971786833856,0.0337493911237176,3,3,,,,"",
123456,"TwoPole",165,51,5,0.6,1,"TopSupport","multi-point",3,3,"one-point",1,"calibrated",1.5938606847697756,0.004363422453070344,3,3,,,,"",
123456,"TwoPole",166,51,5,0.6,1,"TopSupport","multi-point",3,3,"two-point",2,"calibrated",3.6456926816095057,0.054147291243162546,3,3,,,,"",
123456,"TwoPole",167,51,5,0.6,1,"TopSupport","multi-point",3,4,"one-point",1,"calibrated",2.6066808264143657,0.008422440887165268,3,3,,,,"",
123456,"TwoPole",168,51,5,0.6,1,"TopSupport","multi-point",3,4,"one-point",1,"calibrated",1.7546139849233169,0.00828977425937336,3,3,,,,"",
123456,"TwoPole",169,51,5,0.6,1,"TopSupport","multi-point",3,3,"one-point",1,"calibrated",1.348786092516735,0.008977136542053841,3,3,,,,"",
123456,"TwoPole",170,51,5,0.6,1,"TopSupport","multi-point",3,4,"two-point",2,"calibrated",1.7660910518053372,0.13703703078809512,3,3,,,,"",
123456,"TwoPole",171,51,5,0.6,1,"TopSupport","multi-point",3,3,"one-point",1,"calibrated",1.3995438523740409,0.0008455741921273193,3,3,,,,"",
123456,"TwoPole",172,51,5,0.6,1,"TopSupport","multi-point",3,3,"one-point",1,"calibrated",3.0228392297357813,0.012000737755064383,3,3,,,,"",
123456,"TwoPole",173,51,5,0.6,1,"TopSupport","multi-point",3,3,"two-point",2,"calibrated",3.5498290823034444,0.041239031722523224,3,3,,,,"",
123456,"TwoPole",174,51,5,0.6,1,"TopSupport","multi-point",3,3,"two-point",2,"calibrated",2.3927685218007797,0.04088469036713126,3,3,,,,"",
123456,"TwoPole",175,51,5,0.6,1,"TopSupport","multi-point",3,4,"one-point",1,"calibrated",1.3851836650933715,0.0008848578150803451,3,3,,,,"",
123456,"TwoPole",176,51,5,0.6,1,"TopSupport","multi-point",3,3,"one-point",1,"calibrated",3.2119914346895073,0.02014267725432386,3,3,,,,"",
123456,"TwoPole",177,51,5,0.6,1,"TopSupport","multi-point",3,3,"two-point",2,"calibrated",4.249291784702549,0.07161151772391798,3,3,,,,"",
123456,"TwoPole",178,51,5,0.6,1,"TopSupport","multi-point",3,3,"two-point",2,"calibrated",2.7388922702373706,0.03691452658374829,3,3,,,,"",
123456,"TwoPole",179,51,5,0.6,1,"TopSupport","multi-point",3,4,"one-point",1,"degenerate",,,,,1,3,1.7023359063881494,"SwitchDetected",2
123456,"TwoPole",180,51,5,0.6,1,"TopSupport","multi-point",3,3,"one-point",1,"degenerate",,,,,1,3,1.2588094669632621,"SwitchDetected",3
123456,"TwoPole",181,51,5,0.6,1,"TopSupport","multi-point",3,3,"one-point",1,"calibrated",4.861361181130716,0.025557755969096464,3,3,,,,"",
123456,"TwoPole",182,51,5,0.6,1,"TopSupport","multi-point",3,3,"two-point",2,"calibrated",3.813559322033898,0.03448489999482642,3,3,,,,"",
123456,"TwoPole",183,51,5,0.6,1,"TopSupport","multi-point",3,3,"one-point",1,"calibrated",2.119974874371859,0.011560538169854676,3,3,,,,"",
123456,"TwoPole",184,51,5,0.6,1,"TopSupport","multi-point",3,3,"one-point",1,"calibrated",3.8681948424068757,0.033620001187113426,3,3,,,,"",
123456,"TwoPole",185,51,5,0.6,1,"TopSupport","multi-point",3,4,"one-point",1,"degenerate",,,,,1,3,1.4463225765445742,"SwitchDetected",3
123456,"TwoPole",186,51,5,0.6,1,"TopSupport","multi-point",3,3,"one-point",1,"calibrated",2.286198137171888,0.019051042507834515,3,3,,,,"",
123456,"TwoPole",187,51,5,0.6,1,"TopSupport","multi-point",3,3,"one-point",1,"calibrated",1.9200682690940125,0.006365335627921935,3,3,,,,"",
123456,"TwoPole",188,51,5,0.6,1,"TopSupport","multi-point",3,3,"one-point",1,"calibrated",3.1645569620253164,0.022961781898513407,3,3,,,,"",
123456,"TwoPole",189,51,5,0.6,1,"TopSupport","multi-point",3,3,"two-point",2,"calibrated",2.7388922702373706,0.03147828136958122,3,3,,,,"",
123456,"TwoPole",190,51,5,0.6,1,"TopSupport","multi-point",3,3,"one-point",1,"calibrated",2.119974874371859,0.010114653475861973,3,3,,,,"",
123456,"TwoPole",191,51,5,0.6,1,"TopSupport","multi-point",3,3,"one-point",1,"calibrated",5.592377796188898,0.024657191590107874,3,3,,,,"",
123456,"TwoPole",192,51,5,0.6,1,"TopSupport","multi-point",3,3,"one-point",1,"calibrated",3.9244186046511618,0.03378665537170641,3,3,,,,"",
123456,"TwoPole",193,51,5,0.6,1,"TopSupport","multi-point",3,3,"one-point",1,"calibrated",1.6652275811027506,0.004364326406453514,3,3,,,,"",
123456,"TwoPole",194,51,5,0.6,1,"TopSupport","multi-point",3,4,"one-point",1,"degenerate",,,,,1,3,1.4054245320952379,"SwitchDetected",3
123456,"TwoPole",195,51,5,0.6,1,"TopSupport","multi-point",3,3,"two-point",2,"calibrated",3.9244186046511618,0.03697080292304252,3,3,,,,"",
123456,"TwoPole",196,51,5,0.6,1,"TopSupport","multi-point",3,3,"one-point",1,"calibrated",2.158273381294964,0.01899864889671369,3,3,,,,"",
123456,"TwoPole",197,51,5,0.6,1,"TopSupport","multi-point",3,3,"one-point",1,"degenerate",,,,,1,3,1.5448067259059441,"SwitchDetected",3
123456,"TwoPole",198,51,5,0.6,1,"TopSupport","multi-point",3,3,"one-point",1,"calibrated",1.5112504197917833,0.00045276658719007413,3,3,,,,"",
123456,"TwoPole",199,51,5,0.6,1,"TopSupport","multi-point",3,3,"one-point",1,"degenerate",,,,,1,3,1.5638411370682797,"SwitchDetected",3
123456,"TwoPole",200,51,5,0.6,1,"TopSupport","multi-point",3,4,"one-point",1,"degenerate",,,,,1,3,1.3900781728074019,"SwitchDetected",3
123456,"TwoPole",1,51,5,0.6,2,"TopSupport","multi-point",3,3,"one-point",1,"calibrated",2.956636005256242,0.020782316918043962,3,3,,,,"",
123456,"TwoPole",2,51,5,0.6,2,"TopSupport","two-point",2,2,"one-point",1,"degenerate",,,,,1,3,2.5517198683802205,"SwitchDetected",3
123456,"TwoPole",3,51,5,0.6,2,"TopSupport","multi-point",3,3,"two-point",2,"calibrated",4.231974921630094,0.038124778263799064,3,3,,,,"",
123456,"TwoPole",4,51,5,0.6,2,"TopSupport","multi-point",3,3,"one-point",1,"calibrated",3.2506621719239104,0.015508075216552534,3,3,,,,"",
123456,"TwoPole",5,51,5,0.6,2,"TopSupport","multi-point",3,3,"one-point",1,"degenerate",,,,,1,3,1.2452554278513417,"SwitchDetected",3
123456,"TwoPole",6,51,5,0.6,2,"TopSupport","multi-point",3,3,"two-point",2,"degenerate",,,,,3,3,,"NoSwitchDetected",
123456,"TwoPole",7,51,5,0.6,2,"TopSupport","multi-point",3,3,"one-point",1,"calibrated",3.2506621719239104,0.008493080620567865,3,3,,,,"",
123456,"TwoPole",8,51,5,0.6,2,"TopSupport","multi-point",3,3,"two-point",2,"calibrated",3.2798833819241984,0.026603234253192276,3,3,,,,"",
123456,"TwoPole",9,51,5,0.6,2,"TopSupport","two-point",2,2,"one-point",1,"degenerate",,,,,1,3,1.1849895299043687,"SwitchDetected",3
123456,"TwoPole",10,51,5,0.6,2,"TopSupport","multi-point",3,4,"one-point",1,"degenerate",,,,,1,3,1.510711631483732,"SwitchDetected",3
123456,"TwoPole",11,51,5,0.6,2,"TopSupport","multi-point",3,3,"one-point",1,"calibrated",7.364975450081833,0.005643293130989867,3,3,,,,"",
123456,"TwoPole",12,51,5,0.6,2,"TopSupport","multi-point",3,3,"one-point",1,"degenerate",,,,,1,3,1.4718875673383618,"SwitchDetected",3
123456,"TwoPole",13,51,5,0.6,2,"TopSupport","multi-point",3,3,"one-point",1,"degenerate",,,,,1,3,1.5976059313460444,"SwitchDetected",3
123456,"TwoPole",14,51,5,0.6,2,"TopSupport","multi-point",3,3,"one-point",1,"degenerate",,,,,1,3,1.6685298957245194,"SwitchDetected",3
123456,"TwoPole",15,51,5,0.6,2,"TopSupport","multi-point",3,3,"two-point",2,"calibrated",8.982035928143713,0.013627211378215896,3,3,,,,"",
123456,"TwoPole",16,51,5,0.6,2,"TopSupport","multi-point",3,3,"one-point",1,"degenerate",,,,,1,3,1.8826433190091654,"SwitchDetected",3
123456,"TwoPole",17,51,5,0.6,2,"TopSupport","multi-point",3,3,"one-point",1,"degenerate",,,,,1,3,1.505865052101883,"SwitchDetected",3
123456,"TwoPole",18,51,5,0.6,2,"TopSupport","multi-point",3,3,"two-point",2,"calibrated",2.854726157750053,0.023114470734815415,3,3,,,,"",
123456,"TwoPole",19,51,5,0.6,2,"TopSupport","two-point",2,2,"one-point",1,"degenerate",,,,,2,3,5.899690143837359,"SwitchDetected",3
123456,"TwoPole",20,51,5,0.6,2,"TopSupport","multi-point",3,3,"one-point",1,"degenerate",,,,,1,3,1.0926795174109951,"SwitchDetected",3
123456,"TwoPole",21,51,5,0.6,2,"TopSupport","two-point",2,2,"one-point",1,"degenerate",,,,,1,2,1.7546123633559745,"SwitchDetected",2
123456,"TwoPole",22,51,5,0.6,2,"TopSupport","multi-point",3,3,"one-point",1,"degenerate",,,,,1,3,1.4331609600971302,"SwitchDetected",3
123456,"TwoPole",23,51,5,0.6,2,"TopSupport","multi-point",3,3,"one-point",1,"calibrated",1.5283595607381408,0.0022437823180625487,3,3,,,,"",
123456,"TwoPole",24,51,5,0.6,2,"TopSupport","two-point",2,2,"one-point",1,"degenerate",,,,,1,2,1.0358514352333636,"SwitchDetected",2
123456,"TwoPole",25,51,5,0.6,2,"TopSupport","multi-point",3,3,"one-point",1,"calibrated",11.042944785276074,0.00404239821122106,3,3,,,,"",
123456,"TwoPole",26,51,5,0.6,2,"TopSupport","multi-point",3,3,"one-point",1,"degenerate",,,,,1,2,1.688039763309708,"SwitchDetected",2
123456,"TwoPole",27,51,5,0.6,2,"TopSupport","multi-point",3,3,"one-point",1,"calibrated",4.861361181130716,0.0019234954519023878,3,3,,,,"",
123456,"TwoPole",28,51,5,0.6,2,"TopSupport","multi-point",3,3,"one-point",1,"calibrated",2.371749824314828,0.007758239444345566,3,3,,,,"",
123456,"TwoPole",29,51,5,0.6,2,"TopSupport","multi-point",3,3,"one-point",1,"calibrated",3.7087912087912085,0.01319840271500253,3,3,,,,"",
123456,"TwoPole",30,51,5,0.6,2,"TopSupport","multi-point",3,4,"one-point",1,"calibrated",3.4151277510751323,0.025779861531914337,3,3,,,,"",
123456,"TwoPole",31,51,5,0.6,2,"TopSupport","multi-point",3,3,"one-point",1,"degenerate",,,,,1,3,2.248882096000939,"SwitchDetected",3
123456,"TwoPole",32,51,5,0.6,2,"TopSupport","multi-point",3,4,"one-point",1,"degenerate",,,,,1,3,1.0320977746336648,"SwitchDetected",3
123456,"TwoPole",33,51,5,0.6,2,"TopSupport","two-point",2,2,"one-point",1,"degenerate",,,,,1,2,1.1833539569210478,"SwitchDetected",2
123456,"TwoPole",34,51,5,0.6,2,"TopSupport","two-point",2,2,"one-point",1,"degenerate",,,,,1,2,1.2080415426492894,"SwitchDetected",2
123456,"TwoPole",35,51,5,0.6,2,"TopSupport","multi-point",3,4,"one-point",1,"degenerate",,,,,1,3,2.0179526845273874,"SwitchDetected",2
123456,"TwoPole",36,51,5,0.6,2,"TopSupport","two-point",2,2,"one-point",1,"degenerate",,,,,1,2,1.1984096057094153,"SwitchDetected",2
123456,"TwoPole",37,51,5,0.6,2,"TopSupport","two-point",2,2,"two-point",2,"degenerate",,,,,2,2,,"NoSwitchDetected",
123456,"TwoPole",38,51,5,0.6,2,"TopSupport","multi-point",3,4,"one-point",1,"calibrated",5.342303126236644,0.013161839724508406,4,3,,,,"",
123456,"TwoPole",39,51,5,0.6,2,"TopSupport","multi-point",3,4,"multi-point",3,"calibrated",3.8681948424068757,0.05182813878167371,4,3,,,,"",
123456,"TwoPole",40,51,5,0.6,2,"TopSupport","multi-point",3,3,"one-point",1,"degenerate",,,,,1,3,1.4506551256473728,"SwitchDetected",3
123456,"TwoPole",41,51,5,0.6,2,"TopSupport","multi-point",3,3,"one-point",1,"calibrated",2.9246100519930676,0.008224062830168894,3,3,,,,"",
123456,"TwoPole",42,51,5,0.6,2,"TopSupport","multi-point",3,3,"one-point",1,"calibrated",2.7881040892193307,0.006914151136624393,3,2,,,,"",
123456,"TwoPole",43,51,5,0.6,2,"TopSupport","multi-point",3,4,"one-point",1,"calibrated",2.119974874371859,0.00025708970018955234,3,3,,,,"",
123456,"TwoPole",44,51,5,0.6,2,"TopSupport","multi-point",3,3,"one-point",1,"calibrated",4.612230953194397,0.014462490089535103,3,3,,,,"",
123456,"TwoPole",45,51,5,0.6,2,"TopSupport","two-point",2,2,"one-point",1,"degenerate",,,,,1,2,1.3535537498350296,"SwitchDetected",2
123456,"TwoPole",46,51,5,0.6,2,"TopSupport","multi-point",3,3,"two-point",2,"calibrated",3.760445682451253,0.031205808050266376,3,3,,,,"",
123456,"TwoPole",47,51,5,0.6,2,"TopSupport","two-point",2,2,"two-point",2,"degenerate",,,,,2,2,,"NoSwitchDetected",
123456,"TwoPole",48,51,5,0.6,2,"TopSupport","multi-point",3,3,"one-point",1,"degenerate",,,,,1,3,1.4700848412305678,"SwitchDetected",3
123456,"TwoPole",49,51,5,0.6,2,"TopSupport","multi-point",3,3,"one-point",1,"calibrated",1.801441152922338,0.0027000106047202804,3,3,,,,"",
123456,"TwoPole",50,51,5,0.6,2,"TopSupport","multi-point",3,3,"two-point",2,"calibrated",4.231974921630094,0.012367940344561144,3,3,,,,"",
123456,"TwoPole",51,51,5,0.6,2,"TopSupport","multi-point",3,3,"one-point",1,"degenerate",,,,,1,3,1.915608131630246,"SwitchDetected",3
123456,"TwoPole",52,51,5,0.6,2,"TopSupport","multi-point",3,3,"one-point",1,"calibrated",5.9628975265017665,0.016156143243275592,3,3,,,,"",
123456,"TwoPole",53,51,5,0.6,2,"TopSupport","two-point",2,2,"one-point",1,"degenerate",,,,,1,2,1.6124298024935877,"SwitchDetected",2
123456,"TwoPole",54,51,5,0.6,2,"TopSupport","multi-point",3,3,"one-point",1,"calibrated",17.704918032786885,0.00005133031016038827,3,3,,,,"",
123456,"TwoPole",55,51,5,0.6,2,"TopSupport","multi-point",3,3,"one-point",1,"calibrated",2.286198137171888,0.004618516945028333,3,3,,,,"",
123456,"TwoPole",56,51,5,0.6,2,"TopSupport","multi-point",3,3,"one-point",1,"degenerate",,,,,1,4,1.93577753209041,"SwitchDetected",4
123456,"TwoPole",57,51,5,0.6,2,"TopSupport","multi-point",3,3,"two-point",2,"calibrated",3.853839566086212,0.023385402013909103,3,3,,,,"",
123456,"TwoPole",58,51,5,0.6,2,"TopSupport","multi-point",3,3,"one-point",1,"degenerate",,,,,1,3,1.068942693410677,"SwitchDetected",3
123456,"TwoPole",59,51,5,0.6,2,"TopSupport","multi-point",3,4,"one-point",1,"degenerate",,,,,1,3,1.3972675930756624,"SwitchDetected",2
123456,"TwoPole",60,51,5,0.6,2,"TopSupport","multi-point",3,3,"one-point",1,"degenerate",,,,,1,3,1.700888518042224,"SwitchDetected",3
123456,"TwoPole",61,51,5,0.6,2,"TopSupport","multi-point",3,3,"two-point",2,"calibrated",2.1933387489845653,0.015432711389316235,3,3,,,,"",
123456,"TwoPole",62,51,5,0.6,2,"TopSupport","multi-point",3,4,"one-point",1,"degenerate",,,,,1,3,1.1240726777752086,"SwitchDetected",3
123456,"TwoPole",63,51,5,0.6,2,"TopSupport","two-point",2,2,"one-point",1,"degenerate",,,,,1,3,1.1959361965411357,"SwitchDetected",3
123456,"TwoPole",64,51,5,0.6,2,"TopSupport","multi-point",3,3,"one-point",1,"calibrated",3.9244186046511618,0.01428496479578156,3,3,,,,"",
123456,"TwoPole",65,51,5,0.6,2,"TopSupport","multi-point",3,3,"two-point",2,"calibrated",4.183452122714595,0.031409690776010905,3,3,,,,"",
123456,"TwoPole",66,51,5,0.6,2,"TopSupport","multi-point",3,3,"one-point",1,"calibrated",5.9628975265017665,0.0026480633453032877,3,4,,,,"",
123456,"TwoPole",67,51,5,0.6,2,"TopSupport","multi-point",3,4,"one-point",1,"degenerate",,,,,1,3,1.172169138912846,"SwitchDetected",2
123456,"TwoPole",68,51,5,0.6,2,"TopSupport","multi-point",3,3,"one-point",1,"degenerate",,,,,1,3,1.4410759869851064,"SwitchDetected",3
123456,"TwoPole",69,51,5,0.6,2,"TopSupport","multi-point",3,4,"one-point",1,"degenerate",,,,,1,3,1.2992893718224547,"SwitchDetected",2
123456,"TwoPole",70,51,5,0.6,2,"TopSupport","multi-point",3,3,"two-point",2,"calibrated",1.3851836650933715,0.01820735218679066,3,3,,,,"",
123456,"TwoPole",71,51,5,0.6,2,"TopSupport","multi-point",3,3,"one-point",1,"degenerate",,,,,1,3,1.7680149435247425,"SwitchDetected",3
123456,"TwoPole",72,51,5,0.6,2,"TopSupport","multi-point",3,3,"one-point",1,"calibrated",3.057065217391304,0.016272520899346655,3,3,,,,"",
123456,"TwoPole",73,51,5,0.6,2,"TopSupport","multi-point",3,3,"one-point",1,"calibrated",1.976284584980237,0.0033875518784187595,3,3,,,,"",
123456,"TwoPole",74,51,5,0.6,2,"TopSupport","multi-point",3,3,"one-point",1,"degenerate",,,,,1,3,2.2693212258545277,"SwitchDetected",4
123456,"TwoPole",75,51,5,0.6,2,"TopSupport","multi-point",3,4,"one-point",1,"degenerate",,,,,1,3,1.4272572686979064,"SwitchDetected",3
123456,"TwoPole",76,51,5,0.6,2,"TopSupport","multi-point",3,3,"one-point",1,"calibrated",1.7073479195649424,0.004286210490851213,3,3,,,,"",
123456,"TwoPole",77,51,5,0.6,2,"TopSupport","two-point",2,2,"one-point",1,"degenerate",,,,,1,2,1.3730409559495964,"SwitchDetected",2
123456,"TwoPole",78,51,5,0.6,2,"TopSupport","multi-point",3,3,"one-point",1,"degenerate",,,,,1,3,2.0713067317152722,"SwitchDetected",3
123456,"TwoPole",79,51,5,0.6,2,"TopSupport","multi-point",3,3,"one-point",1,"calibrated",2.267002518891687,0.010671871425502235,3,3,,,,"",
123456,"TwoPole",80,51,5,0.6,2,"TopSupport","multi-point",3,4,"one-point",1,"calibrated",2.8932704672096015,0.006224067239603621,3,3,,,,"",
123456,"TwoPole",81,51,5,0.6,2,"TopSupport","multi-point",3,3,"one-point",1,"degenerate",,,,,1,3,2.2975562521955033,"SwitchDetected",3
123456,"TwoPole",82,51,5,0.6,2,"TopSupport","two-point",2,2,"one-point",1,"degenerate",,,,,1,2,1.237078218166415,"SwitchDetected",2
123456,"TwoPole",83,51,5,0.6,2,"TopSupport","two-point",2,2,"two-point",2,"degenerate",,,,,2,2,,"NoSwitchDetected",
123456,"TwoPole",84,51,5,0.6,2,"TopSupport","multi-point",3,3,"one-point",1,"calibrated",3.1278962001853565,0.009223786354055973,3,3,,,,"",
123456,"TwoPole",85,51,5,0.6,2,"TopSupport","two-point",2,2,"one-point",1,"degenerate",,,,,1,3,1.711560213433147,"SwitchDetected",3
123456,"TwoPole",86,51,5,0.6,2,"TopSupport","multi-point",3,3,"one-point",1,"calibrated",4.775380261761585,0.004374625032959576,3,3,,,,"",
123456,"TwoPole",87,51,5,0.6,2,"TopSupport","multi-point",3,4,"one-point",1,"degenerate",,,,,1,3,1.6080938630568309,"SwitchDetected",3
123456,"TwoPole",88,51,5,0.6,2,"TopSupport","multi-point",3,3,"one-point",1,"calibrated",12.064343163538874,0.003778764947367184,3,3,,,,"",
123456,"TwoPole",89,51,5,0.6,2,"TopSupport","multi-point",3,3,"two-point",2,"calibrated",3.1742299553256523,0.020422905809505676,3,3,,,,"",
123456,"TwoPole",90,51,5,0.6,2,"TopSupport","multi-point",3,3,"one-point",1,"calibrated",3.3308660251665434,0.0008881213962908714,3,3,,,,"",
123456,"TwoPole",91,51,5,0.6,2,"TopSupport","multi-point",3,3,"one-point",1,"degenerate",,,,,1,3,1.6261611049836169,"SwitchDetected",3
123456,"TwoPole",92,51,5,0.6,2,"TopSupport","multi-point",3,4,"one-point",1,"degenerate",,,,,1,3,2.383897921910029,"SwitchDetected",3
123456,"TwoPole",93,51,5,0.6,2,"TopSupport","multi-point",3,3,"two-point",2,"calibrated",5.164498852333589,0.0543930458102631,3,3,,,,"",
123456,"TwoPole",94,51,5,0.6,2,"TopSupport","two-point",2,2,"one-point",1,"degenerate",,,,,1,2,1.1423977453263248,"SwitchDetected",2
123456,"TwoPole",95,51,5,0.6,2,"TopSupport","two-point",2,2,"two-point",2,"degenerate",,,,,2,2,,"NoSwitchDetected",
123456,"TwoPole",96,51,5,0.6,2,"TopSupport","multi-point",3,3,"one-point",1,"calibrated",3.3724706470147385,0.007927129051182808,3,3,,,,"",
123456,"TwoPole",97,51,5,0.6,2,"TopSupport","multi-point",3,4,"one-point",1,"calibrated",2.371749824314828,0.0036156411246402237,3,3,,,,"",
123456,"TwoPole",98,51,5,0.6,2,"TopSupport","multi-point",3,3,"one-point",1,"calibrated",1.8669616927119346,0.0014374096784696116,3,3,,,,"",
123456,"TwoPole",99,51,5,0.6,2,"TopSupport","multi-point",3,3,"one-point",1,"calibrated",4.3172369683402625,0.010736783704151768,3,3,,,,"",
123456,"TwoPole",100,51,5,0.6,2,"TopSupport","multi-point",3,3,"one-point",1,"degenerate",,,,,1,3,1.349184994351976,"SwitchDetected",3
123456,"TwoPole",101,51,5,0.6,2,"TopSupport","multi-point",3,3,"one-point",1,"calibrated",5.592377796188898,0.017002549799857505,3,3,,,,"",
123456,"TwoPole",102,51,5,0.6,2,"TopSupport","multi-point",3,3,"one-point",1,"degenerate",,,,,1,3,1.868596089451739,"SwitchDetected",3
123456,"TwoPole",103,51,5,0.6,2,"TopSupport","multi-point",3,3,"one-point",1,"calibrated",3.0920751259734307,0.01257300704397615,3,3,,,,"",
123456,"TwoPole",104,51,5,0.6,2,"TopSupport","multi-point",3,3,"one-point",1,"degenerate",,,,,1,3,1.2914110798167953,"SwitchDetected",3
123456,"TwoPole",105,51,5,0.6,2,"TopSupport","multi-point",3,3,"one-point",1,"calibrated",9.486999297259311,0.009986471861682056,3,3,,,,"",
123456,"TwoPole",106,51,5,0.6,2,"TopSupport","multi-point",3,3,"one-point",1,"degenerate",,,,,1,3,1.7063289557275123,"SwitchDetected",3
123456,"TwoPole",107,51,5,0.6,2,"TopSupport","multi-point",3,4,"two-point",2,"calibrated",3.3308660251665434,0.05081660337858482,3,3,,,,"",
123456,"TwoPole",108,51,5,0.6,2,"TopSupport","two-point",2,2,"two-point",2,"degenerate",,,,,2,2,,"NoSwitchDetected",
123456,"TwoPole",109,51,5,0.6,2,"TopSupport","multi-point",3,3,"one-point",1,"degenerate",,,,,1,3,1.4641670494495966,"SwitchDetected",3
123456,"TwoPole",110,51,5,0.6,2,"TopSupport","multi-point",3,4,"one-point",1,"degenerate",,,,,1,3,1.2998220321183136,"SwitchDetected",3
123456,"TwoPole",111,51,5,0.6,2,"TopSupport","two-point",2,2,"one-point",1,"degenerate",,,,,1,2,1.1274135976718194,"SwitchDetected",2
123456,"TwoPole",112,51,5,0.6,2,"TopSupport","multi-point",3,3,"two-point",2,"degenerate",,,,,2,2,,"NoSwitchDetected",
123456,"TwoPole",113,51,5,0.6,2,"TopSupport","two-point",2,2,"two-point",2,"degenerate",,,,,2,2,,"NoSwitchDetected",
123456,"TwoPole",114,51,5,0.6,2,"TopSupport","multi-point",3,3,"one-point",1,"calibrated",4.249291784702549,0.01689866293728397,3,3,,,,"",
123456,"TwoPole",115,51,5,0.6,2,"TopSupport","two-point",2,2,"one-point",1,"degenerate",,,,,1,2,1.1929137978894293,"SwitchDetected",2
123456,"TwoPole",116,51,5,0.6,2,"TopSupport","multi-point",3,3,"one-point",1,"calibrated",3.1645569620253164,0.011155665064073264,3,3,,,,"",
123456,"TwoPole",117,51,5,0.6,2,"TopSupport","two-point",2,2,"one-point",1,"degenerate",,,,,1,2,1.9524437424142305,"SwitchDetected",2
123456,"TwoPole",118,51,5,0.6,2,"TopSupport","two-point",2,2,"one-point",1,"degenerate",,,,,1,2,1.1730364848426702,"SwitchDetected",2
123456,"TwoPole",119,51,5,0.6,2,"TopSupport","multi-point",3,3,"one-point",1,"calibrated",4.103343465045592,0.012216151420023922,3,3,,,,"",
123456,"TwoPole",120,51,5,0.6,2,"TopSupport","multi-point",3,3,"two-point",2,"calibrated",2.6844303042354345,0.03412191374250659,3,3,,,,"",
123456,"TwoPole",121,51,5,0.6,2,"TopSupport","two-point",2,2,"one-point",1,"degenerate",,,,,1,3,2.041710892416703,"SwitchDetected",3
123456,"TwoPole",122,51,5,0.6,2,"TopSupport","two-point",2,2,"two-point",2,"degenerate",,,,,2,2,,"NoSwitchDetected",
123456,"TwoPole",123,51,5,0.6,2,"TopSupport","multi-point",3,3,"one-point",1,"calibrated",2.071187480822338,0.003552625907215347,3,3,,,,"",
123456,"TwoPole",124,51,5,0.6,2,"TopSupport","two-point",2,2,"two-point",2,"degenerate",,,,,2,2,,"NoSwitchDetected",
123456,"TwoPole",125,51,5,0.6,2,"TopSupport","multi-point",3,3,"one-point",1,"degenerate",,,,,1,3,1.8703847565468894,"SwitchDetected",3
123456,"TwoPole",126,51,5,0.6,2,"TopSupport","two-point",2,2,"two-point",2,"degenerate",,,,,2,2,,"NoSwitchDetected",
123456,"TwoPole",127,51,5,0.6,2,"TopSupport","multi-point",3,3,"one-point",1,"degenerate",,,,,2,3,1.7790774347688347,"SwitchDetected",3
123456,"TwoPole",128,51,5,0.6,2,"TopSupport","two-point",2,2,"one-point",1,"degenerate",,,,,1,3,1.3622331177960825,"SwitchDetected",3
123456,"TwoPole",129,51,5,0.6,2,"TopSupport","two-point",2,2,"one-point",1,"degenerate",,,,,2,3,2.5940653472040256,"SwitchDetected",3
123456,"TwoPole",130,51,5,0.6,2,"TopSupport","two-point",2,2,"one-point",1,"degenerate",,,,,2,3,6.541354584218344,"SwitchDetected",3
123456,"TwoPole",131,51,5,0.6,2,"TopSupport","multi-point",3,3,"one-point",1,"calibrated",1.9477708844322608,0.0005990069029169736,3,3,,,,"",
123456,"TwoPole",132,51,5,0.6,2,"TopSupport","multi-point",3,3,"two-point",2,"calibrated",3.458877786318216,0.017167141464903436,3,3,,,,"",
123456,"TwoPole",133,51,5,0.6,2,"TopSupport","multi-point",3,3,"one-point",1,"degenerate",,,,,1,3,1.7343122360100025,"SwitchDetected",3
123456,"TwoPole",134,51,5,0.6,2,"TopSupport","multi-point",3,3,"one-point",1,"calibrated",2.4141630901287554,0.0015656091624930905,3,3,,,,"",
123456,"TwoPole",135,51,5,0.6,2,"TopSupport","multi-point",3,3,"two-point",2,"degenerate",,,,,3,3,,"NoSwitchDetected",
123456,"TwoPole",136,51,5,0.6,2,"TopSupport","multi-point",3,3,"two-point",2,"degenerate",,,,,2,2,,"NoSwitchDetected",
123456,"TwoPole",137,51,5,0.6,2,"TopSupport","multi-point",3,3,"one-point",1,"calibrated",3.609625668449198,0.03741814648499846,3,3,,,,"",
123456,"TwoPole",138,51,5,0.6,2,"TopSupport","two-point",2,2,"one-point",1,"degenerate",,,,,1,3,3.9307818678771227,"SwitchDetected",3
123456,"TwoPole",139,51,5,0.6,2,"TopSupport","multi-point",3,3,"one-point",1,"degenerate",,,,,1,2,1.3335104944565592,"SwitchDetected",2
123456,"TwoPole",140,51,5,0.6,2,"TopSupport","multi-point",3,3,"one-point",1,"degenerate",,,,,1,3,2.7727242726760415,"SwitchDetected",3
123456,"TwoPole",141,51,5,0.6,2,"TopSupport","multi-point",3,3,"one-point",1,"calibrated",4.51505016722408,0.000587729612084713,3,3,,,,"",
123456,"TwoPole",142,51,5,0.6,2,"TopSupport","multi-point",3,3,"one-point",1,"degenerate",,,,,1,3,1.0591664785187314,"SwitchDetected",3
123456,"TwoPole",143,51,5,0.6,2,"TopSupport","two-point",2,2,"one-point",1,"degenerate",,,,,1,3,2.1391233106536736,"SwitchDetected",3
123456,"TwoPole",144,51,5,0.6,2,"TopSupport","multi-point",3,3,"one-point",1,"calibrated",4.775380261761585,0.021692190144309842,3,3,,,,"",
123456,"TwoPole",145,51,5,0.6,2,"TopSupport","multi-point",3,3,"one-point",1,"calibrated",2.6254375729288215,0.008006955733702638,3,3,,,,"",
123456,"TwoPole",146,51,5,0.6,2,"TopSupport","multi-point",3,3,"two-point",2,"calibrated",3.8681948424068757,0.03264510890124793,3,3,,,,"",
123456,"TwoPole",147,51,5,0.6,2,"TopSupport","multi-point",3,3,"one-point",1,"degenerate",,,,,1,3,2.4879476747430567,"SwitchDetected",3
123456,"TwoPole",148,51,5,0.6,2,"TopSupport","multi-point",3,3,"two-point",2,"calibrated",2.7669604427136707,0.025197467603665008,3,3,,,,"",
123456,"TwoPole",149,51,5,0.6,2,"TopSupport","multi-point",3,3,"one-point",1,"degenerate",,,,,1,3,1.068385403862594,"SwitchDetected",3
123456,"TwoPole",150,51,5,0.6,2,"TopSupport","multi-point",3,3,"one-point",1,"degenerate",,,,,1,3,1.2556771413725079,"SwitchDetected",3
123456,"TwoPole",151,51,5,0.6,2,"TopSupport","two-point",2,2,"one-point",1,"degenerate",,,,,2,3,2.9012094275140337,"SwitchDetected",3
123456,"TwoPole",152,51,5,0.6,2,"TopSupport","multi-point",3,3,"one-point",1,"degenerate",,,,,1,3,1.4201527071552633,"SwitchDetected",3
123456,"TwoPole",153,51,5,0.6,2,"TopSupport","multi-point",3,3,"two-point",2,"calibrated",2.435943702634428,0.04336325113941837,3,3,,,,"",
123456,"TwoPole",154,51,5,0.6,2,"TopSupport","multi-point",3,3,"one-point",1,"degenerate",,,,,1,3,1.413284912683249,"SwitchDetected",3
123456,"TwoPole",155,51,5,0.6,2,"TopSupport","multi-point",3,3,"one-point",1,"calibrated",8.057296329453894,0.008971643351784395,3,3,,,,"",
123456,"TwoPole",156,51,5,0.6,2,"TopSupport","multi-point",3,3,"one-point",1,"degenerate",,,,,1,3,1.6294725273905588,"SwitchDetected",3
123456,"TwoPole",157,51,5,0.6,2,"TopSupport","multi-point",3,4,"one-point",1,"degenerate",,,,,1,3,1.0574335711601517,"SwitchDetected",3
123456,"TwoPole",158,51,5,0.6,2,"TopSupport","multi-point",3,4,"one-point",1,"degenerate",,,,,1,3,1.0592866592692027,"SwitchDetected",3
123456,"TwoPole",159,51,5,0.6,2,"TopSupport","multi-point",3,3,"one-point",1,"calibrated",1.879961008216126,0.005116558830807419,3,3,,,,"",
123456,"TwoPole",160,51,5,0.6,2,"TopSupport","multi-point",3,3,"one-point",1,"calibrated",4.861361181130716,0.002548569721629824,3,3,,,,"",
123456,"TwoPole",161,51,5,0.6,2,"TopSupport","multi-point",3,3,"one-point",1,"degenerate",,,,,1,3,1.7970759674269015,"SwitchDetected",3
123456,"TwoPole",162,51,5,0.6,2,"TopSupport","multi-point",3,4,"one-point",1,"degenerate",,,,,1,3,1.178201545526588,"SwitchDetected",3
123456,"TwoPole",163,51,5,0.6,2,"TopSupport","two-point",2,2,"one-point",1,"degenerate",,,,,1,3,1.7412670948982065,"SwitchDetected",3
123456,"TwoPole",164,51,5,0.6,2,"TopSupport","multi-point",3,3,"two-point",2,"calibrated",3.9244186046511618,0.031073179454687017,3,3,,,,"",
123456,"TwoPole",165,51,5,0.6,2,"TopSupport","two-point",2,2,"one-point",1,"degenerate",,,,,1,2,1.4273057600115688,"SwitchDetected",2
123456,"TwoPole",166,51,5,0.6,2,"TopSupport","multi-point",3,3,"one-point",1,"degenerate",,,,,1,3,2.4630408572536737,"SwitchDetected",3
123456,"TwoPole",167,51,5,0.6,2,"TopSupport","multi-point",3,3,"two-point",2,"calibrated",8.982035928143713,0.018745706891785754,3,3,,,,"",
123456,"TwoPole",168,51,5,0.6,2,"TopSupport","multi-point",3,3,"one-point",1,"degenerate",,,,,1,3,1.2410250272875527,"SwitchDetected",3
123456,"TwoPole",169,51,5,0.6,2,"TopSupport","multi-point",3,3,"one-point",1,"degenerate",,,,,1,3,1.0942662558715626,"SwitchDetected",3
123456,"TwoPole",170,51,5,0.6,2,"TopSupport","two-point",2,2,"two-point",2,"degenerate",,,,,3,3,,"NoSwitchDetected",
123456,"TwoPole",171,51,5,0.6,2,"TopSupport","multi-point",3,3,"one-point",1,"degenerate",,,,,1,3,1.690298066690636,"SwitchDetected",3
123456,"TwoPole",172,51,5,0.6,2,"TopSupport","two-point",2,2,"one-point",1,"degenerate",,,,,2,3,2.867152691980583,"SwitchDetected",3
123456,"TwoPole",173,51,5,0.6,2,"TopSupport","two-point",2,2,"one-point",1,"degenerate",,,,,1,3,1.0627905256998889,"SwitchDetected",3
123456,"TwoPole",174,51,5,0.6,2,"TopSupport","multi-point",3,3,"two-point",2,"calibrated",4.9504950495049505,0.02854085159453728,3,3,,,,"",
123456,"TwoPole",175,51,5,0.6,2,"TopSupport","multi-point",3,3,"one-point",1,"calibrated",3.7087912087912085,0.004873933350678483,3,3,,,,"",
123456,"TwoPole",176,51,5,0.6,2,"TopSupport","two-point",2,2,"one-point",1,"degenerate",,,,,2,3,2.8968582154635545,"SwitchDetected",3
123456,"TwoPole",177,51,5,0.6,2,"TopSupport","multi-point",3,3,"one-point",1,"degenerate",,,,,1,3,1.1958510886576803,"SwitchDetected",3
123456,"TwoPole",178,51,5,0.6,2,"TopSupport","multi-point",3,3,"one-point",1,"calibrated",6.2183325656379544,0.021709415978368597,3,3,,,,"",
123456,"TwoPole",179,51,5,0.6,2,"TopSupport","multi-point",3,3,"two-point",2,"degenerate",,,,,3,3,,"NoSwitchDetected",
123456,"TwoPole",180,51,5,0.6,2,"TopSupport","multi-point",3,3,"one-point",1,"calibrated",2.632092025736011,0.009391996169456383,3,3,,,,"",
123456,"TwoPole",181,51,5,0.6,2,"TopSupport","multi-point",3,3,"two-point",2,"calibrated",2.17566478646253,0.020626586302327787,3,3,,,,"",
123456,"TwoPole",182,51,5,0.6,2,"TopSupport","multi-point",3,4,"one-point",1,"calibrated",9.64630225080386,0.003570480883855191,3,3,,,,"",
123456,"TwoPole",183,51,5,0.6,2,"TopSupport","two-point",2,2,"one-point",1,"degenerate",,,,,1,3,1.697366512649442,"SwitchDetected",3
123456,"TwoPole",184,51,5,0.6,2,"TopSupport","two-point",2,2,"one-point",1,"degenerate",,,,,1,3,1.9278934434090205,"SwitchDetected",3
123456,"TwoPole",185,51,5,0.6,2,"TopSupport","multi-point",3,3,"one-point",1,"degenerate",,,,,1,3,1.3300274768707419,"SwitchDetected",3
123456,"TwoPole",186,51,5,0.6,2,"TopSupport","multi-point",3,3,"two-point",2,"degenerate",,,,,2,2,,"NoSwitchDetected",
123456,"TwoPole",187,51,5,0.6,2,"TopSupport","multi-point",3,3,"one-point",1,"calibrated",7.936507936507937,0.005252559570198991,3,3,,,,"",
123456,"TwoPole",188,51,5,0.6,2,"TopSupport","multi-point",3,4,"one-point",1,"degenerate",,,,,1,3,1.6909614221043356,"SwitchDetected",3
123456,"TwoPole",189,51,5,0.6,2,"TopSupport","multi-point",3,3,"one-point",1,"degenerate",,,,,1,3,1.2513012112051947,"SwitchDetected",3
123456,"TwoPole",190,51,5,0.6,2,"TopSupport","two-point",2,2,"one-point",1,"degenerate",,,,,1,3,2.2250598314161367,"SwitchDetected",3
123456,"TwoPole",191,51,5,0.6,2,"TopSupport","multi-point",3,3,"one-point",1,"degenerate",,,,,1,3,2.0163545751644043,"SwitchDetected",3
123456,"TwoPole",192,51,5,0.6,2,"TopSupport","multi-point",3,3,"one-point",1,"degenerate",,,,,1,3,1.439027426849183,"SwitchDetected",3
123456,"TwoPole",193,51,5,0.6,2,"TopSupport","multi-point",3,4,"one-point",1,"calibrated",1.2709470909433254,0.000739960296561687,3,3,,,,"",
123456,"TwoPole",194,51,5,0.6,2,"TopSupport","two-point",2,2,"one-point",1,"degenerate",,,,,1,2,1.000005950963148,"SwitchDetected",2
123456,"TwoPole",195,51,5,0.6,2,"TopSupport","multi-point",3,3,"one-point",1,"calibrated",3.2902754082378745,0.01772102744976925,3,3,,,,"",
123456,"TwoPole",196,51,5,0.6,2,"TopSupport","two-point",2,2,"one-point",1,"degenerate",,,,,1,3,1.894401346800958,"SwitchDetected",3
123456,"TwoPole",197,51,5,0.6,2,"TopSupport","multi-point",3,3,"one-point",1,"calibrated",2.8325639949643304,0.0186537546851731,3,3,,,,"",
123456,"TwoPole",198,51,5,0.6,2,"TopSupport","multi-point",3,3,"two-point",2,"degenerate",,,,,3,3,,"NoSwitchDetected",
123456,"TwoPole",199,51,5,0.6,2,"TopSupport","multi-point",3,3,"one-point",1,"degenerate",,,,,1,3,1.4019538276809298,"SwitchDetected",3
123456,"TwoPole",200,51,5,0.6,2,"TopSupport","two-point",2,2,"two-point",2,"degenerate",,,,,3,3,,"NoSwitchDetected",
123456,"TwoPole",1,51,5,0.6,3,"TopSupport","two-point",2,2,"one-point",1,"degenerate",,,,,1,1,2.4481848929479457,"SwitchDetected",2
123456,"TwoPole",2,51,5,0.6,3,"TopSupport","two-point",2,2,"one-point",1,"degenerate",,,,,1,2,1.255789747194133,"SwitchDetected",2
123456,"TwoPole",3,51,5,0.6,3,"TopSupport","multi-point",3,3,"one-point",1,"calibrated",7.053291536050157,0.0017360918157331242,3,2,,,,"",
123456,"TwoPole",4,51,5,0.6,3,"TopSupport","two-point",2,2,"one-point",1,"degenerate",,,,,1,2,1.4595633514546413,"SwitchDetected",2
123456,"TwoPole",5,51,5,0.6,3,"TopSupport","multi-point",3,3,"two-point",2,"calibrated",6.346967559943582,0.019748784594558474,3,3,,,,"",
123456,"TwoPole",6,51,5,0.6,3,"TopSupport","two-point",2,2,"two-point",2,"degenerate",,,,,2,2,,"NoSwitchDetected",
123456,"TwoPole",7,51,5,0.6,3,"TopSupport","multi-point",3,3,"one-point",1,"calibrated",5.834053586862576,0.012075509268577396,3,3,,,,"",
123456,"TwoPole",8,51,5,0.6,3,"TopSupport","multi-point",3,3,"one-point",1,"degenerate",,,,,1,2,2.5352810101510275,"SwitchDetected",2
123456,"TwoPole",9,51,5,0.6,3,"TopSupport","one-point",1,1,"one-point",1,"degenerate",,,,,1,1,,"NoSwitchDetected",
123456,"TwoPole",10,51,5,0.6,3,"TopSupport","multi-point",3,4,"multi-point",3,"calibrated",1,0.01566416040100251,3,3,,,,"",
123456,"TwoPole",11,51,5,0.6,3,"TopSupport","multi-point",3,3,"one-point",1,"calibrated",11.363636363636365,0.002768679173641084,3,3,,,,"",
123456,"TwoPole",12,51,5,0.6,3,"TopSupport","two-point",2,2,"one-point",1,"degenerate",,,,,1,3,2.1929447383681344,"SwitchDetected",3
123456,"TwoPole",13,51,5,0.6,3,"TopSupport","multi-point",3,3,"two-point",2,"calibrated",6.097560975609756,0.01533334291464499,3,3,,,,"",
123456,"TwoPole",14,51,5,0.6,3,"TopSupport","multi-point",3,3,"one-point",1,"degenerate",,,,,1,2,1.2218408526933784,"SwitchDetected",2
123456,"TwoPole",15,51,5,0.6,3,"TopSupport","two-point",2,2,"one-point",1,"degenerate",,,,,1,3,4.301682248143581,"SwitchDetected",3
123456,"TwoPole",16,51,5,0.6,3,"TopSupport","two-point",2,2,"two-point",2,"degenerate",,,,,2,2,,"NoSwitchDetected",
123456,"TwoPole",17,51,5,0.6,3,"TopSupport","two-point",2,2,"one-point",1,"degenerate",,,,,1,3,2.1740493427196252,"SwitchDetected",3
123456,"TwoPole",18,51,5,0.6,3,"TopSupport","multi-point",3,3,"two-point",2,"degenerate",,,,,2,2,,"NoSwitchDetected",
123456,"TwoPole",19,51,5,0.6,3,"TopSupport","multi-point",3,3,"one-point",1,"calibrated",8.934480476505627,0.006494401117375678,3,3,,,,"",
123456,"TwoPole",20,51,5,0.6,3,"TopSupport","two-point",2,2,"one-point",1,"degenerate",,,,,2,3,2.372722668125482,"SwitchDetected",3
123456,"TwoPole",21,51,5,0.6,3,"TopSupport","multi-point",3,3,"two-point",2,"calibrated",1.838235294117647,0.01240538804273186,3,3,,,,"",
123456,"TwoPole",22,51,5,0.6,3,"TopSupport","multi-point",3,3,"one-point",1,"calibrated",5.710659898477157,0.003648868845668084,3,3,,,,"",
123456,"TwoPole",23,51,5,0.6,3,"TopSupport","two-point",2,2,"one-point",1,"degenerate",,,,,1,2,1.5435012957111174,"SwitchDetected",2
123456,"TwoPole",24,51,5,0.6,3,"TopSupport","multi-point",3,4,"one-point",1,"degenerate",,,,,1,3,2.4988246723857688,"SwitchDetected",3
123456,"TwoPole",25,51,5,0.6,3,"TopSupport","one-point",1,1,"one-point",1,"degenerate",,,,,1,1,,"NoSwitchDetected",
123456,"TwoPole",26,51,5,0.6,3,"TopSupport","multi-point",3,3,"two-point",2,"calibrated",2.8932704672096015,0.015215447144002378,3,3,,,,"",
123456,"TwoPole",27,51,5,0.6,3,"TopSupport","two-point",2,2,"one-point",1,"degenerate",,,,,1,3,2.609858491956096,"SwitchDetected",3
123456,"TwoPole",28,51,5,0.6,3,"TopSupport","two-point",2,2,"one-point",1,"degenerate",,,,,1,3,1.7754683781268665,"SwitchDetected",3
123456,"TwoPole",29,51,5,0.6,3,"TopSupport","multi-point",3,4,"multi-point",3,"calibrated",7.079181961195594,0.03526516076664389,4,3,,,,"",
123456,"TwoPole",30,51,5,0.6,3,"TopSupport","two-point",2,2,"one-point",1,"degenerate",,,,,1,2,1.1527343052610564,"SwitchDetected",2
123456,"TwoPole",31,51,5,0.6,3,"TopSupport","multi-point",3,3,"one-point",1,"degenerate",,,,,1,3,1.5684829135259393,"SwitchDetected",3
123456,"TwoPole",32,51,5,0.6,3,"TopSupport","multi-point",3,3,"one-point",1,"calibrated",6.481036965914546,0.0014224953372771916,3,3,,,,"",
123456,"TwoPole",33,51,5,0.6,3,"TopSupport","multi-point",3,3,"one-point",1,"degenerate",,,,,1,3,1.311774929398222,"SwitchDetected",3
123456,"TwoPole",34,51,5,0.6,3,"TopSupport","two-point",2,2,"one-point",1,"degenerate",,,,,1,2,2.4009281908667575,"SwitchDetected",2
123456,"TwoPole",35,51,5,0.6,3,"TopSupport","two-point",2,2,"two-point",2,"degenerate",,,,,2,2,,"NoSwitchDetected",
123456,"TwoPole",36,51,5,0.6,3,"TopSupport","multi-point",3,3,"one-point",1,"degenerate",,,,,1,2,1.0832269571712465,"SwitchDetected",2
123456,"TwoPole",37,51,5,0.6,3,"TopSupport","two-point",2,2,"one-point",1,"degenerate",,,,,2,3,2.8800272815084287,"SwitchDetected",3
123456,"TwoPole",38,51,5,0.6,3,"TopSupport","multi-point",3,3,"two-point",2,"degenerate",,,,,3,3,,"NoSwitchDetected",
123456,"TwoPole",39,51,5,0.6,3,"TopSupport","multi-point",3,4,"one-point",1,"degenerate",,,,,1,3,2.00001159674693,"SwitchDetected",3
123456,"TwoPole",40,51,5,0.6,3,"TopSupport","two-point",2,2,"one-point",1,"degenerate",,,,,1,3,1.383554457295402,"SwitchDetected",3
123456,"TwoPole",41,51,5,0.6,3,"TopSupport","multi-point",3,3,"one-point",1,"calibrated",7.421660252886201,0.008280553078268072,3,3,,,,"",
123456,"TwoPole",42,51,5,0.6,3,"TopSupport","two-point",2,2,"one-point",1,"degenerate",,,,,1,3,1.000005950963148,"SwitchDetected",3
123456,"TwoPole",43,51,5,0.6,3,"TopSupport","multi-point",3,3,"one-point",1,"calibrated",5.592377796188898,0.0018406762289910718,3,3,,,,"",
123456,"TwoPole",44,51,5,0.6,3,"TopSupport","two-point",2,2,"one-point",1,"degenerate",,,,,1,3,2.1331222431113592,"SwitchDetected",3
123456,"TwoPole",45,51,5,0.6,3,"TopSupport","multi-point",3,4,"one-point",1,"degenerate",,,,,1,3,1.1239448653730622,"SwitchDetected",2
123456,"TwoPole",46,51,5,0.6,3,"TopSupport","two-point",2,2,"one-point",1,"degenerate",,,,,1,3,1.799269540933135,"SwitchDetected",3
123456,"TwoPole",47,51,5,0.6,3,"TopSupport","two-point",2,2,"two-point",2,"degenerate",,,,,2,2,,"NoSwitchDetected",
123456,"TwoPole",48,51,5,0.6,3,"TopSupport","multi-point",3,3,"one-point",1,"degenerate",,,,,1,3,1.6381456778835086,"SwitchDetected",3
123456,"TwoPole",49,51,5,0.6,3,"TopSupport","multi-point",3,3,"one-point",1,"calibrated",7.079181961195594,0.00450217533334945,3,4,,,,"",
123456,"TwoPole",50,51,5,0.6,3,"TopSupport","two-point",2,2,"two-point",2,"degenerate",,,,,2,2,,"NoSwitchDetected",
123456,"TwoPole",51,51,5,0.6,3,"TopSupport","two-point",2,2,"one-point",1,"degenerate",,,,,1,3,4.817824539323465,"SwitchDetected",3
123456,"TwoPole",52,51,5,0.6,3,"TopSupport","two-point",2,2,"one-point",1,"degenerate",,,,,1,4,1.7841775661777255,"SwitchDetected",4
123456,"TwoPole",53,51,5,0.6,3,"TopSupport","multi-point",3,3,"two-point",2,"degenerate",,,,,3,3,,"NoSwitchDetected",
123456,"TwoPole",54,51,5,0.6,3,"TopSupport","multi-point",3,4,"one-point",1,"calibrated",3.1645569620253164,0.008675694074723302,3,3,,,,"",
123456,"TwoPole",55,51,5,0.6,3,"TopSupport","two-point",2,2,"one-point",1,"degenerate",,,,,1,3,1.3219291661716357,"SwitchDetected",3
123456,"TwoPole",56,51,5,0.6,3,"TopSupport","two-point",2,2,"one-point",1,"degenerate",,,,,1,3,1.27208376311322,"SwitchDetected",2
123456,"TwoPole",57,51,5,0.6,3,"TopSupport","multi-point",3,4,"one-point",1,"calibrated",4.534766543500169,0.003560039884397354,3,3,,,,"",
123456,"TwoPole",58,51,5,0.6,3,"TopSupport","multi-point",3,3,"one-point",1,"degenerate",,,,,1,3,2.0840481719899424,"SwitchDetected",3
123456,"TwoPole",59,51,5,0.6,3,"TopSupport","multi-point",3,3,"one-point",1,"degenerate",,,,,1,3,1.438313037191901,"SwitchDetected",3
123456,"TwoPole",60,51,5,0.6,3,"TopSupport","two-point",2,2,"one-point",1,"degenerate",,,,,1,3,3.9094741036712173,"SwitchDetected",3
123456,"TwoPole",61,51,5,0.6,3,"TopSupport","multi-point",3,4,"multi-point",3,"calibrated",2.5037091988130564,0.04524441823495491,4,3,,,,"",
123456,"TwoPole",62,51,5,0.6,3,"TopSupport","two-point",2,2,"one-point",1,"degenerate",,,,,1,3,1.5657645729041212,"SwitchDetected",3
123456,"TwoPole",63,51,5,0.6,3,"TopSupport","multi-point",3,3,"two-point",2,"calibrated",2.039891205802357,0.022562567522579777,3,3,,,,"",
123456,"TwoPole",64,51,5,0.6,3,"TopSupport","two-point",2,2,"two-point",2,"degenerate",,,,,2,2,,"NoSwitchDetected",
123456,"TwoPole",65,51,5,0.6,3,"TopSupport","multi-point",3,3,"one-point",1,"calibrated",7.736389684813753,0.003508742051754264,3,3,,,,"",
123456,"TwoPole",66,51,5,0.6,3,"TopSupport","two-point",2,2,"two-point",2,"degenerate",,,,,2,2,,"NoSwitchDetected",
123456,"TwoPole",67,51,5,0.6,3,"TopSupport","two-point",2,2,"two-point",2,"degenerate",,,,,2,2,,"NoSwitchDetected",
123456,"TwoPole",68,51,5,0.6,3,"TopSupport","two-point",2,2,"one-point",1,"degenerate",,,,,2,3,1.7222960548498316,"SwitchDetected",3
123456,"TwoPole",69,51,5,0.6,3,"TopSupport","two-point",2,2,"one-point",1,"degenerate",,,,,1,2,1.5252880687217498,"SwitchDetected",2
123456,"TwoPole",70,51,5,0.6,3,"TopSupport","two-point",2,2,"two-point",2,"degenerate",,,,,2,2,,"NoSwitchDetected",
123456,"TwoPole",71,51,5,0.6,3,"TopSupport","one-point",1,1,"one-point",1,"degenerate",,,,,1,1,,"NoSwitchDetected",
123456,"TwoPole",72,51,5,0.6,3,"TopSupport","multi-point",3,3,"one-point",1,"calibrated",3.0228392297357813,0.001972054224932162,3,3,,,,"",
123456,"TwoPole",73,51,5,0.6,3,"TopSupport","two-point",2,2,"one-point",1,"degenerate",,,,,1,3,1.6802082006035686,"SwitchDetected",3
123456,"TwoPole",74,51,5,0.6,3,"TopSupport","multi-point",3,3,"two-point",2,"degenerate",,,,,2,2,,"NoSwitchDetected",
123456,"TwoPole",75,51,5,0.6,3,"TopSupport","multi-point",3,3,"multi-point",3,"calibrated",1,0.004645760743321719,3,3,,,,"",
123456,"TwoPole",76,51,5,0.6,3,"TopSupport","two-point",2,2,"one-point",1,"degenerate",,,,,1,3,3.5959199126479424,"SwitchDetected",3
123456,"TwoPole",77,51,5,0.6,3,"TopSupport","two-point",2,2,"two-point",2,"degenerate",,,,,2,2,,"NoSwitchDetected",
123456,"TwoPole",78,51,5,0.6,3,"TopSupport","two-point",2,2,"two-point",2,"degenerate",,,,,1,1,,"NoSwitchDetected",
123456,"TwoPole",79,51,5,0.6,3,"TopSupport","two-point",2,2,"two-point",2,"degenerate",,,,,2,2,,"NoSwitchDetected",
123456,"TwoPole",80,51,5,0.6,3,"TopSupport","two-point",2,2,"two-point",2,"degenerate",,,,,2,2,,"NoSwitchDetected",
123456,"TwoPole",81,51,5,0.6,3,"TopSupport","multi-point",3,3,"one-point",1,"degenerate",,,,,1,3,1.0789841914393496,"SwitchDetected",3
123456,"TwoPole",82,51,5,0.6,3,"TopSupport","two-point",2,2,"two-point",2,"degenerate",,,,,2,2,,"NoSwitchDetected",
123456,"TwoPole",83,51,5,0.6,3,"TopSupport","two-point",2,2,"one-point",1,"degenerate",,,,,1,2,1.3281038164745993,"SwitchDetected",2
123456,"TwoPole",84,51,5,0.6,3,"TopSupport","two-point",2,2,"two-point",2,"degenerate",,,,,3,3,,"NoSwitchDetected",
123456,"TwoPole",85,51,5,0.6,3,"TopSupport","one-point",1,1,"one-point",1,"degenerate",,,,,2,2,,"NoSwitchDetected",
123456,"TwoPole",86,51,5,0.6,3,"TopSupport","multi-point",3,3,"one-point",1,"calibrated",2.7669604427136707,0.0025195235946339476,3,3,,,,"",
123456,"TwoPole",87,51,5,0.6,3,"TopSupport","multi-point",3,3,"one-point",1,"degenerate",,,,,1,2,1.6518655953670331,"SwitchDetected",2
123456,"TwoPole",88,51,5,0.6,3,"TopSupport","two-point",2,2,"two-point",2,"degenerate",,,,,2,2,,"NoSwitchDetected",
123456,"TwoPole",89,51,5,0.6,3,"TopSupport","two-point",2,2,"two-point",2,"degenerate",,,,,2,2,,"NoSwitchDetected",
123456,"TwoPole",90,51,5,0.6,3,"TopSupport","multi-point",3,4,"one-point",1,"degenerate",,,,,1,3,2.479248175254277,"SwitchDetected",3
123456,"TwoPole",91,51,5,0.6,3,"TopSupport","two-point",2,2,"one-point",1,"degenerate",,,,,1,4,1.5423113065567295,"SwitchDetected",2
123456,"TwoPole",92,51,5,0.6,3,"TopSupport","multi-point",3,4,"two-point",2,"calibrated",3.0920751259734307,0.01224947874311072,4,3,,,,"",
123456,"TwoPole",93,51,5,0.6,3,"TopSupport","two-point",2,2,"two-point",2,"degenerate",,,,,3,3,,"NoSwitchDetected",
123456,"TwoPole",94,51,5,0.6,3,"TopSupport","one-point",1,1,"one-point",1,"degenerate",,,,,2,2,,"NoSwitchDetected",
123456,"TwoPole",95,51,5,0.6,3,"TopSupport","multi-point",3,3,"one-point",1,"degenerate",,,,,1,3,1.575394082897133,"SwitchDetected",3
123456,"TwoPole",96,51,5,0.6,3,"TopSupport","multi-point",3,3,"two-point",2,"calibrated",3.2902754082378745,0.022373764864542907,3,3,,,,"",
123456,"TwoPole",97,51,5,0.6,3,"TopSupport","multi-point",3,3,"one-point",1,"calibrated",7.079181961195594,0.012604289265250089,3,3,,,,"",
123456,"TwoPole",98,51,5,0.6,3,"TopSupport","multi-point",3,3,"one-point",1,"calibrated",3.813559322033898,0.003312948830829289,3,2,,,,"",
123456,"TwoPole",99,51,5,0.6,3,"TopSupport","two-point",2,2,"two-point",2,"degenerate",,,,,2,2,,"NoSwitchDetected",
123456,"TwoPole",100,51,5,0.6,3,"TopSupport","multi-point",3,3,"one-point",1,"degenerate",,,,,1,3,1.6985160014689926,"SwitchDetected",2
123456,"TwoPole",101,51,5,0.6,3,"TopSupport","multi-point",3,3,"one-point",1,"calibrated",3.7468776019983348,0.005009604714990023,3,3,,,,"",
123456,"TwoPole",102,51,5,0.6,3,"TopSupport","multi-point",3,4,"one-point",1,"calibrated",3.695592663564194,0.01207601542996392,3,3,,,,"",
123456,"TwoPole",103,51,5,0.6,3,"TopSupport","multi-point",3,4,"one-point",1,"degenerate",,,,,1,3,2.5392269414706177,"SwitchDetected",3
123456,"TwoPole",104,51,5,0.6,3,"TopSupport","multi-point",3,3,"one-point",1,"calibrated",2.071187480822338,0.0069031074084470595,3,3,,,,"",
123456,"TwoPole",105,51,5,0.6,3,"TopSupport","two-point",2,2,"one-point",1,"degenerate",,,,,1,3,3.340176509083348,"SwitchDetected",3
123456,"TwoPole",106,51,5,0.6,3,"TopSupport","two-point",2,2,"one-point",1,"degenerate",,,,,1,2,3.160268267889831,"SwitchDetected",2
123456,"TwoPole",107,51,5,0.6,3,"TopSupport","multi-point",3,3,"one-point",1,"degenerate",,,,,1,3,1.0334243456143408,"SwitchDetected",3
123456,"TwoPole",108,51,5,0.6,3,"TopSupport","two-point",2,2,"one-point",1,"degenerate",,,,,1,3,3.092910977814065,"SwitchDetected",3
123456,"TwoPole",109,51,5,0.6,3,"TopSupport","two-point",2,2,"two-point",2,"degenerate",,,,,2,2,,"NoSwitchDetected",
123456,"TwoPole",110,51,5,0.6,3,"TopSupport","multi-point",3,4,"one-point",1,"degenerate",,,,,1,3,1.737935475008559,"SwitchDetected",3
123456,"TwoPole",111,51,5,0.6,3,"TopSupport","two-point",2,2,"one-point",1,"degenerate",,,,,1,2,1.1298088982449654,"SwitchDetected",2
123456,"TwoPole",112,51,5,0.6,3,"TopSupport","multi-point",3,3,"one-point",1,"degenerate",,,,,1,2,1.2152578501010152,"SwitchDetected",2
123456,"TwoPole",113,51,5,0.6,3,"TopSupport","two-point",2,2,"one-point",1,"degenerate",,,,,1,2,2.00001159674693,"SwitchDetected",2
123456,"TwoPole",114,51,5,0.6,3,"TopSupport","two-point",2,2,"one-point",1,"degenerate",,,,,1,2,1.000005950963148,"SwitchDetected",2
123456,"TwoPole",115,51,5,0.6,3,"TopSupport","multi-point",3,3,"one-point",1,"calibrated",14.594594594594591,0.0019333752089129477,3,3,,,,"",
123456,"TwoPole",116,51,5,0.6,3,"TopSupport","multi-point",3,3,"one-point",1,"calibrated",3.5037633013236436,0.0019015173303591755,3,3,,,,"",
123456,"TwoPole",117,51,5,0.6,3,"TopSupport","two-point",2,2,"one-point",1,"degenerate",,,,,1,3,2.9575822342887474,"SwitchDetected",3
123456,"TwoPole",118,51,5,0.6,3,"TopSupport","two-point",2,2,"one-point",1,"degenerate",,,,,1,3,7.204941083863421,"SwitchDetected",3
123456,"TwoPole",119,51,5,0.6,3,"TopSupport","multi-point",3,3,"one-point",1,"calibrated",3.2902754082378745,0.018633596101550836,3,3,,,,"",
123456,"TwoPole",120,51,5,0.6,3,"TopSupport","multi-point",3,3,"two-point",2,"degenerate",,,,,3,3,,"NoSwitchDetected",
123456,"TwoPole",121,51,5,0.6,3,"TopSupport","multi-point",3,3,"one-point",1,"degenerate",,,,,1,3,2.0657558167940375,"SwitchDetected",3
123456,"TwoPole",122,51,5,0.6,3,"TopSupport","two-point",2,2,"one-point",1,"degenerate",,,,,2,3,2.00001159674693,"SwitchDetected",3
123456,"TwoPole",123,51,5,0.6,3,"TopSupport","multi-point",3,3,"one-point",1,"degenerate",,,,,1,3,2.1313906595550933,"SwitchDetected",3
123456,"TwoPole",124,51,5,0.6,3,"TopSupport","two-point",2,2,"one-point",1,"degenerate",,,,,1,3,4.549885169829241,"SwitchDetected",3
123456,"TwoPole",125,51,5,0.6,3,"TopSupport","multi-point",3,3,"one-point",1,"calibrated",3.597122302158273,0.0022839337248255075,3,3,,,,"",
123456,"TwoPole",126,51,5,0.6,3,"TopSupport","two-point",2,2,"two-point",2,"degenerate",,,,,2,2,,"NoSwitchDetected",
123456,"TwoPole",127,51,5,0.6,3,"TopSupport","two-point",2,2,"one-point",1,"degenerate",,,,,1,4,1.2459017141414483,"SwitchDetected",4
123456,"TwoPole",128,51,5,0.6,3,"TopSupport","two-point",2,2,"one-point",1,"degenerate",,,,,1,2,1.571196018306965,"SwitchDetected",2
123456,"TwoPole",129,51,5,0.6,3,"TopSupport","two-point",2,2,"two-point",2,"degenerate",,,,,3,3,,"NoSwitchDetected",
123456,"TwoPole",130,51,5,0.6,3,"TopSupport","two-point",2,2,"one-point",1,"degenerate",,,,,1,3,5.940568929852776,"SwitchDetected",3
123456,"TwoPole",131,51,5,0.6,3,"TopSupport","multi-point",3,3,"one-point",1,"degenerate",,,,,1,3,1.8842054329035014,"SwitchDetected",3
123456,"TwoPole",132,51,5,0.6,3,"TopSupport","two-point",2,2,"one-point",1,"degenerate",,,,,1,2,1.0802743609401433,"SwitchDetected",2
123456,"TwoPole",133,51,5,0.6,3,"TopSupport","multi-point",3,3,"one-point",1,"calibrated",3.0228392297357813,0.0050767483789346535,3,3,,,,"",
123456,"TwoPole",134,51,5,0.6,3,"TopSupport","multi-point",3,3,"one-point",1,"degenerate",,,,,1,3,1.5888747733157482,"SwitchDetected",3
123456,"TwoPole",135,51,5,0.6,3,"TopSupport","multi-point",3,3,"one-point",1,"degenerate",,,,,1,3,3.302496727033045,"SwitchDetected",3
123456,"TwoPole",136,51,5,0.6,3,"TopSupport","multi-point",3,3,"one-point",1,"degenerate",,,,,1,3,1.5293275915097306,"SwitchDetected",3
123456,"TwoPole",137,51,5,0.6,3,"TopSupport","two-point",2,2,"two-point",2,"degenerate",,,,,2,2,,"NoSwitchDetected",
123456,"TwoPole",138,51,5,0.6,3,"TopSupport","two-point",2,2,"one-point",1,"degenerate",,,,,1,3,1.6616990984846278,"SwitchDetected",3
123456,"TwoPole",139,51,5,0.6,3,"TopSupport","multi-point",3,3,"one-point",1,"calibrated",3.658536585365854,0.025222090449876482,3,3,,,,"",
123456,"TwoPole",140,51,5,0.6,3,"TopSupport","two-point",2,2,"one-point",1,"degenerate",,,,,1,3,2.242609442530054,"SwitchDetected",3
123456,"TwoPole",141,51,5,0.6,3,"TopSupport","multi-point",3,3,"one-point",1,"calibrated",15.428571428571425,0.00009537553043921787,3,3,,,,"",
123456,"TwoPole",142,51,5,0.6,3,"TopSupport","multi-point",3,3,"one-point",1,"degenerate",,,,,1,2,1.341387608334304,"SwitchDetected",3
123456,"TwoPole",143,51,5,0.6,3,"TopSupport","two-point",2,2,"one-point",1,"degenerate",,,,,1,2,1.1804776633113285,"SwitchDetected",2
123456,"TwoPole",144,51,5,0.6,3,"TopSupport","multi-point",3,3,"one-point",1,"degenerate",,,,,1,2,1.2955229970355737,"SwitchDetected",2
123456,"TwoPole",145,51,5,0.6,3,"TopSupport","multi-point",3,3,"one-point",1,"degenerate",,,,,1,3,1.3090363174884463,"SwitchDetected",3
123456,"TwoPole",146,51,5,0.6,3,"TopSupport","multi-point",3,4,"one-point",1,"degenerate",,,,,1,3,2.064309333931392,"SwitchDetected",4
123456,"TwoPole",147,51,5,0.6,3,"TopSupport","multi-point",3,3,"one-point",1,"calibrated",8.057296329453894,0.0034559221498126854,3,3,,,,"",
123456,"TwoPole",148,51,5,0.6,3,"TopSupport","two-point",2,2,"two-point",2,"degenerate",,,,,2,2,,"NoSwitchDetected",
123456,"TwoPole",149,51,5,0.6,3,"TopSupport","one-point",1,1,"one-point",1,"degenerate",,,,,2,2,,"NoSwitchDetected",
123456,"TwoPole",150,51,5,0.6,3,"TopSupport","two-point",2,2,"one-point",1,"degenerate",,,,,1,2,1.9805175770330554,"SwitchDetected",2
123456,"TwoPole",151,51,5,0.6,3,"TopSupport","two-point",2,2,"one-point",1,"degenerate",,,,,1,4,2.5979153568605566,"SwitchDetected",2
123456,"TwoPole",152,51,5,0.6,3,"TopSupport","two-point",2,2,"one-point",1,"degenerate",,,,,1,2,1.6191571271227099,"SwitchDetected",2
123456,"TwoPole",153,51,5,0.6,3,"TopSupport","multi-point",3,3,"two-point",2,"calibrated",3.7996059667886293,0.0013416222661796354,3,3,,,,"",
123456,"TwoPole",154,51,5,0.6,3,"TopSupport","two-point",2,2,"two-point",2,"degenerate",,,,,3,3,,"NoSwitchDetected",
123456,"TwoPole",155,51,5,0.6,3,"TopSupport","multi-point",3,3,"one-point",1,"calibrated",5.138941758660068,0.00864673821997811,3,3,,,,"",
123456,"TwoPole",156,51,5,0.6,3,"TopSupport","two-point",2,2,"two-point",2,"degenerate",,,,,3,3,,"NoSwitchDetected",
123456,"TwoPole",157,51,5,0.6,3,"TopSupport","two-point",2,2,"two-point",2,"degenerate",,,,,3,3,,"NoSwitchDetected",
123456,"TwoPole",158,51,5,0.6,3,"TopSupport","multi-point",3,3,"one-point",1,"degenerate",,,,,1,3,2.271775573420892,"SwitchDetected",3
123456,"TwoPole",159,51,5,0.6,3,"TopSupport","multi-point",3,3,"one-point",1,"degenerate",,,,,1,4,1.7825120919847608,"SwitchDetected",4
123456,"TwoPole",160,51,5,0.6,3,"TopSupport","two-point",2,2,"one-point",1,"degenerate",,,,,1,3,3.6239930280602883,"SwitchDetected",3
123456,"TwoPole",161,51,5,0.6,3,"TopSupport","one-point",1,1,"one-point",1,"degenerate",,,,,2,2,,"NoSwitchDetected",
123456,"TwoPole",162,51,5,0.6,3,"TopSupport","one-point",1,1,"one-point",1,"degenerate",,,,,2,2,,"NoSwitchDetected",
123456,"TwoPole",163,51,5,0.6,3,"TopSupport","two-point",2,2,"one-point",1,"degenerate",,,,,1,3,1.5560070905450059,"SwitchDetected",3
123456,"TwoPole",164,51,5,0.6,3,"TopSupport","multi-point",3,3,"two-point",2,"degenerate",,,,,2,3,8.290942029443878,"SwitchDetected",3
123456,"TwoPole",165,51,5,0.6,3,"TopSupport","one-point",1,1,"one-point",1,"degenerate",,,,,2,2,,"NoSwitchDetected",
123456,"TwoPole",166,51,5,0.6,3,"TopSupport","two-point",2,2,"one-point",1,"degenerate",,,,,1,2,1.000005950963148,"SwitchDetected",2
123456,"TwoPole",167,51,5,0.6,3,"TopSupport","multi-point",3,3,"one-point",1,"degenerate",,,,,1,3,1.3082006671551925,"SwitchDetected",3
123456,"TwoPole",168,51,5,0.6,3,"TopSupport","multi-point",3,3,"one-point",1,"calibrated",4.166666666666666,0.0035897329493318753,3,3,,,,"",
123456,"TwoPole",169,51,5,0.6,3,"TopSupport","multi-point",3,3,"one-point",1,"calibrated",4.44078947368421,0.0013778418254828074,3,3,,,,"",
123456,"TwoPole",170,51,5,0.6,3,"TopSupport","multi-point",3,3,"two-point",2,"calibrated",4.775380261761585,0.02460798187199936,3,3,,,,"",
123456,"TwoPole",171,51,5,0.6,3,"TopSupport","multi-point",3,4,"two-point",2,"calibrated",8.057296329453894,0.009750334316202012,3,3,,,,"",
123456,"TwoPole",172,51,5,0.6,3,"TopSupport","two-point",2,2,"one-point",1,"degenerate",,,,,1,3,1.3051017977809127,"SwitchDetected",3
123456,"TwoPole",173,51,5,0.6,3,"TopSupport","two-point",2,2,"one-point",1,"degenerate",,,,,1,3,2.364443014130881,"SwitchDetected",3
123456,"TwoPole",174,51,5,0.6,3,"TopSupport","multi-point",3,3,"two-point",2,"calibrated",5.0675675675675675,0.026199043355054876,3,3,,,,"",
123456,"TwoPole",175,51,5,0.6,3,"TopSupport","two-point",2,2,"one-point",1,"degenerate",,,,,1,2,1.206480339926425,"SwitchDetected",2
123456,"TwoPole",176,51,5,0.6,3,"TopSupport","multi-point",3,3,"two-point",2,"calibrated",2.862595419847328,0.004195086573410778,3,3,,,,"",
123456,"TwoPole",177,51,5,0.6,3,"TopSupport","two-point",2,2,"two-point",2,"degenerate",,,,,3,3,,"NoSwitchDetected",
123456,"TwoPole",178,51,5,0.6,3,"TopSupport","multi-point",3,3,"two-point",2,"degenerate",,,,,3,3,,"NoSwitchDetected",
123456,"TwoPole",179,51,5,0.6,3,"TopSupport","multi-point",3,3,"two-point",2,"calibrated",4.368932038834951,0.004884635635723222,3,3,,,,"",
123456,"TwoPole",180,51,5,0.6,3,"TopSupport","multi-point",3,4,"one-point",1,"calibrated",6.481036965914546,0.0088840519506584,4,3,,,,"",
123456,"TwoPole",181,51,5,0.6,3,"TopSupport","multi-point",3,3,"two-point",2,"calibrated",1.7321016166281755,0.018604917331377098,3,3,,,,"",
123456,"TwoPole",182,51,5,0.6,3,"TopSupport","multi-point",3,3,"two-point",2,"calibrated",2.2481265611990007,0.056717586742950125,3,3,,,,"",
123456,"TwoPole",183,51,5,0.6,3,"TopSupport","multi-point",3,3,"two-point",2,"calibrated",2.7669604427136707,0.010042926944893739,3,3,,,,"",
123456,"TwoPole",184,51,5,0.6,3,"TopSupport","two-point",2,2,"one-point",1,"degenerate",,,,,1,3,1.3158322715413926,"SwitchDetected",3
123456,"TwoPole",185,51,5,0.6,3,"TopSupport","multi-point",3,3,"one-point",1,"calibrated",8.681672025723472,0.0017301168282563043,3,4,,,,"",
123456,"TwoPole",186,51,5,0.6,3,"TopSupport","multi-point",3,3,"two-point",2,"calibrated",4.387390315242119,0.013715952817138447,3,3,,,,"",
123456,"TwoPole",187,51,5,0.6,3,"TopSupport","two-point",2,2,"one-point",1,"degenerate",,,,,1,2,2.4702461162111793,"SwitchDetected",2
123456,"TwoPole",188,51,5,0.6,3,"TopSupport","two-point",2,2,"one-point",1,"degenerate",,,,,1,3,1.712118247346434,"SwitchDetected",3
123456,"TwoPole",189,51,5,0.6,3,"TopSupport","multi-point",3,4,"one-point",1,"degenerate",,,,,1,3,1.6312599750890353,"SwitchDetected",3
123456,"TwoPole",190,51,5,0.6,3,"TopSupport","multi-point",3,3,"one-point",1,"degenerate",,,,,1,3,1.4370707053873484,"SwitchDetected",3
123456,"TwoPole",191,51,5,0.6,3,"TopSupport","multi-point",3,3,"two-point",2,"degenerate",,,,,3,3,,"NoSwitchDetected",
123456,"TwoPole",192,51,5,0.6,3,"TopSupport","multi-point",3,3,"one-point",1,"degenerate",,,,,1,3,1.2490132498015065,"SwitchDetected",3
123456,"TwoPole",193,51,5,0.6,3,"TopSupport","two-point",2,2,"one-point",1,"degenerate",,,,,1,4,5.230844872118232,"SwitchDetected",4
123456,"TwoPole",194,51,5,0.6,3,"TopSupport","two-point",2,2,"one-point",1,"degenerate",,,,,1,3,1.587838844630153,"SwitchDetected",3
123456,"TwoPole",195,51,5,0.6,3,"TopSupport","two-point",2,2,"one-point",1,"degenerate",,,,,1,3,1.9217860974892387,"SwitchDetected",3
123456,"TwoPole",196,51,5,0.6,3,"TopSupport","two-point",2,2,"one-point",1,"degenerate",,,,,1,2,1.000005950963148,"SwitchDetected",2
123456,"TwoPole",197,51,5,0.6,3,"TopSupport","two-point",2,2,"one-point",1,"degenerate",,,,,1,2,2.8772164897309067,"SwitchDetected",2
123456,"TwoPole",198,51,5,0.6,3,"TopSupport","multi-point",3,3,"one-point",1,"degenerate",,,,,1,3,1.6877345917861488,"SwitchDetected",3
123456,"TwoPole",199,51,5,0.6,3,"TopSupport","multi-point",3,3,"two-point",2,"calibrated",4.103343465045592,0.028241657062764075,3,3,,,,"",
123456,"TwoPole",200,51,5,0.6,3,"TopSupport","multi-point",3,3,"one-point",1,"calibrated",7.546115148127446,0.007233567722999775,3,3,,,,"",
123456,"TwoPole",1,51,5,0.7,1,"TopSupport","multi-point",3,4,"one-point",1,"calibrated",2.458120903131828,0.007647851609468292,3,3,,,,"",
123456,"TwoPole",2,51,5,0.7,1,"TopSupport","multi-point",3,3,"one-point",1,"calibrated",3.9823008849557513,0.024972878620974064,3,3,,,,"",
123456,"TwoPole",3,51,5,0.7,1,"TopSupport","multi-point",3,3,"one-point",1,"calibrated",5.834053586862576,0.011115787569116879,3,3,,,,"",
123456,"TwoPole",4,51,5,0.7,1,"TopSupport","multi-point",3,3,"one-point",1,"calibrated",2.795609857113274,0.021649857649293128,3,3,,,,"",
123456,"TwoPole",5,51,5,0.7,1,"TopSupport","multi-point",3,3,"one-point",1,"calibrated",3.609625668449198,0.037004166778694475,3,3,,,,"",
123456,"TwoPole",6,51,5,0.7,1,"TopSupport","multi-point",3,3,"one-point",1,"degenerate",,,,,1,3,2.5748668385706694,"SwitchDetected",3
123456,"TwoPole",7,51,5,0.7,1,"TopSupport","multi-point",3,3,"one-point",1,"calibrated",2.862595419847328,0.0071823845613138695,3,3,,,,"",
123456,"TwoPole",8,51,5,0.7,1,"TopSupport","multi-point",3,3,"one-point",1,"calibrated",2.1933387489845653,0.0063558103712386856,3,3,,,,"",
123456,"TwoPole",9,51,5,0.7,1,"TopSupport","multi-point",3,3,"one-point",1,"calibrated",4.9504950495049505,0.018041338912772018,3,3,,,,"",
123456,"TwoPole",10,51,5,0.7,1,"TopSupport","multi-point",3,3,"one-point",1,"calibrated",3.597122302158273,0.014059857548339404,3,3,,,,"",
123456,"TwoPole",11,51,5,0.7,1,"TopSupport","multi-point",3,3,"one-point",1,"calibrated",2.956636005256242,0.0030505012034209604,3,3,,,,"",
123456,"TwoPole",12,51,5,0.7,1,"TopSupport","multi-point",3,3,"one-point",1,"calibrated",4.387390315242119,0.014607497091823712,3,3,,,,"",
123456,"TwoPole",13,51,5,0.7,1,"TopSupport","multi-point",3,3,"one-point",1,"calibrated",2.8852318871553755,0.027606825634927144,3,3,,,,"",
123456,"TwoPole",14,51,5,0.7,1,"TopSupport","multi-point",3,3,"one-point",1,"degenerate",,,,,1,3,1.6889898919872206,"SwitchDetected",3
123456,"TwoPole",15,51,5,0.7,1,"TopSupport","multi-point",3,3,"one-point",1,"calibrated",5.369928400954653,0.04224398540103039,3,3,,,,"",
123456,"TwoPole",16,51,5,0.7,1,"TopSupport","multi-point",3,3,"one-point",1,"calibrated",2.956636005256242,0.005241098615530256,3,3,,,,"",
123456,"TwoPole",17,51,5,0.7,1,"TopSupport","multi-point",3,4,"one-point",1,"degenerate",,,,,1,3,1.4590437626302148,"SwitchDetected",2
123456,"TwoPole",18,51,5,0.7,1,"TopSupport","multi-point",3,3,"one-point",1,"calibrated",5.0675675675675675,0.015404411326320377,3,3,,,,"",
123456,"TwoPole",19,51,5,0.7,1,"TopSupport","multi-point",3,3,"one-point",1,"calibrated",2.7388922702373706,0.006040883140465452,3,3,,,,"",
123456,"TwoPole",20,51,5,0.7,1,"TopSupport","multi-point",3,3,"one-point",1,"calibrated",4.04191616766467,0.024709001445901914,3,3,,,,"",
123456,"TwoPole",21,51,5,0.7,1,"TopSupport","multi-point",3,3,"one-point",1,"calibrated",2.824858757062147,0.01791077694021342,3,3,,,,"",
123456,"TwoPole",22,51,5,0.7,1,"TopSupport","multi-point",3,3,"one-point",1,"calibrated",3.0920751259734307,0.019962239109126628,3,3,,,,"",
123456,"TwoPole",23,51,5,0.7,1,"TopSupport","multi-point",3,3,"one-point",1,"degenerate",,,,,1,3,1.9439287376416992,"SwitchDetected",3
123456,"TwoPole",24,51,5,0.7,1,"TopSupport","multi-point",3,3,"one-point",1,"calibrated",3.3308660251665434,0.006323330949739215,3,3,,,,"",
123456,"TwoPole",25,51,5,0.7,1,"TopSupport","multi-point",3,3,"one-point",1,"calibrated",2.4141630901287554,0.006358212248991803,3,3,,,,"",
123456,"TwoPole",26,51,5,0.7,1,"TopSupport","multi-point",3,3,"one-point",1,"calibrated",4.166666666666666,0.04617923858498527,3,3,,,,"",
123456,"TwoPole",27,51,5,0.7,1,"TopSupport","multi-point",3,3,"one-point",1,"calibrated",5.0675675675675675,0.03580032563791485,3,3,,,,"",
123456,"TwoPole",28,51,5,0.7,1,"TopSupport","multi-point",3,3,"one-point",1,"calibrated",2.5037091988130564,0.0031902327107006913,3,3,,,,"",
123456,"TwoPole",29,51,5,0.7,1,"TopSupport","multi-point",3,3,"one-point",1,"degenerate",,,,,1,3,1.3841470639359108,"SwitchDetected",2
123456,"TwoPole",30,51,5,0.7,1,"TopSupport","multi-point",3,3,"one-point",1,"calibrated",1.7660910518053372,0.0013815616079813557,3,3,,,,"",
123456,"TwoPole",31,51,5,0.7,1,"TopSupport","multi-point",3,3,"one-point",1,"calibrated",3.3724706470147385,0.02596324869690561,3,3,,,,"",
123456,"TwoPole",32,51,5,0.7,1,"TopSupport","multi-point",3,3,"one-point",1,"calibrated",2.267002518891687,0.0013849363754386277,3,3,,,,"",
123456,"TwoPole",33,51,5,0.7,1,"TopSupport","multi-point",3,3,"one-point",1,"calibrated",1.8931426167437946,0.004069351253329497,3,3,,,,"",
123456,"TwoPole",34,51,5,0.7,1,"TopSupport","multi-point",3,3,"two-point",2,"calibrated",9.64630225080386,0.04468631755139451,3,3,,,,"",
123456,"TwoPole",35,51,5,0.7,1,"TopSupport","multi-point",3,3,"one-point",1,"calibrated",4.166666666666666,0.016155544254654618,3,3,,,,"",
123456,"TwoPole",36,51,5,0.7,1,"TopSupport","multi-point",3,3,"one-point",1,"calibrated",3.597122302158273,0.019334069356614747,3,3,,,,"",
123456,"TwoPole",37,51,5,0.7,1,"TopSupport","multi-point",3,3,"one-point",1,"calibrated",3.3308660251665434,0.024825792258258303,3,3,,,,"",
123456,"TwoPole",38,51,5,0.7,1,"TopSupport","multi-point",3,3,"one-point",1,"calibrated",4.3172369683402625,0.04937389012423612,3,3,,,,"",
123456,"TwoPole",39,51,5,0.7,1,"TopSupport","multi-point",3,3,"one-point",1,"calibrated",2.581755593803787,0.008671338867540493,3,3,,,,"",
123456,"TwoPole",40,51,5,0.7,1,"TopSupport","multi-point",3,3,"one-point",1,"calibrated",2.7669604427136707,0.02207480151478333,3,3,,,,"",
123456,"TwoPole",41,51,5,0.7,1,"TopSupport","multi-point",3,3,"one-point",1,"calibrated",4.103343465045592,0.04198896103402556,3,3,,,,"",
123456,"TwoPole",42,51,5,0.7,1,"TopSupport","multi-point",3,3,"one-point",1,"calibrated",2.956636005256242,0.006938059917590536,3,3,,,,"",
123456,"TwoPole",43,51,5,0.7,1,"TopSupport","multi-point",3,3,"one-point",1,"calibrated",3.7087912087912085,0.01465352804467528,3,3,,,,"",
123456,"TwoPole",44,51,5,0.7,1,"TopSupport","multi-point",3,3,"one-point",1,"degenerate",,,,,1,3,2.2685859553704457,"SwitchDetected",2
123456,"TwoPole",45,51,5,0.7,1,"TopSupport","multi-point",3,3,"one-point",1,"calibrated",4.04191616766467,0.029127202225959818,3,3,,,,"",
123456,"TwoPole",46,51,5,0.7,1,"TopSupport","multi-point",3,3,"one-point",1,"calibrated",3.1278962001853565,0.009455733147519258,3,3,,,,"",
123456,"TwoPole",47,51,5,0.7,1,"TopSupport","multi-point",3,3,"one-point",1,"calibrated",3.813559322033898,0.03415993461303338,3,3,,,,"",
123456,"TwoPole",48,51,5,0.7,1,"TopSupport","multi-point",3,3,"one-point",1,"degenerate",,,,,1,3,1.7242223030217565,"SwitchDetected",3
123456,"TwoPole",49,51,5,0.7,1,"TopSupport","multi-point",3,3,"one-point",1,"calibrated",2.6844303042354345,0.00339005527427545,3,3,,,,"",
123456,"TwoPole",50,51,5,0.7,1,"TopSupport","multi-point",3,3,"one-point",1,"degenerate",,,,,1,3,1.8190190409126628,"SwitchDetected",3
123456,"TwoPole",51,51,5,0.7,1,"TopSupport","multi-point",3,4,"one-point",1,"degenerate",,,,,1,3,1.7866626245751165,"SwitchDetected",2
123456,"TwoPole",52,51,5,0.7,1,"TopSupport","multi-point",3,3,"one-point",1,"calibrated",2.305721605465414,0.008134024666891337,3,3,,,,"",
123456,"TwoPole",53,51,5,0.7,1,"TopSupport","multi-point",3,3,"one-point",1,"degenerate",,,,,1,3,2.186353837295188,"SwitchDetected",3
123456,"TwoPole",54,51,5,0.7,1,"TopSupport","multi-point",3,3,"one-point",1,"calibrated",3.9244186046511618,0.02092013007553699,3,3,,,,"",
123456,"TwoPole",55,51,5,0.7,1,"TopSupport","multi-point",3,3,"one-point",1,"calibrated",6.481036965914546,0.029000041827034424,3,3,,,,"",
123456,"TwoPole",56,51,5,0.7,1,"TopSupport","multi-point",3,3,"one-point",1,"calibrated",4.166666666666666,0.02056952818703566,3,3,,,,"",
123456,"TwoPole",57,51,5,0.7,1,"TopSupport","multi-point",3,3,"one-point",1,"calibrated",3.7087912087912085,0.020726319809876326,3,3,,,,"",
123456,"TwoPole",58,51,5,0.7,1,"TopSupport","multi-point",3,3,"one-point",1,"calibrated",2.824858757062147,0.017296484538620566,3,3,,,,"",
123456,"TwoPole",59,51,5,0.7,1,"TopSupport","multi-point",3,3,"one-point",1,"calibrated",6.346967559943582,0.0209892845163493,3,3,,,,"",
123456,"TwoPole",60,51,5,0.7,1,"TopSupport","multi-point",3,3,"one-point",1,"degenerate",,,,,1,3,2.0795863166672803,"SwitchDetected",2
123456,"TwoPole",61,51,5,0.7,1,"TopSupport","multi-point",3,3,"one-point",1,"calibrated",4.3172369683402625,0.03890325801618752,3,3,,,,"",
123456,"TwoPole",62,51,5,0.7,1,"TopSupport","two-point",2,2,"one-point",1,"degenerate",,,,,1,3,2.3883703971227024,"SwitchDetected",3
123456,"TwoPole",63,51,5,0.7,1,"TopSupport","multi-point",3,3,"one-point",1,"calibrated",3.8681948424068757,0.022861131042382184,3,3,,,,"",
123456,"TwoPole",64,51,5,0.7,1,"TopSupport","multi-point",3,3,"one-point",1,"calibrated",2.7113878288813016,0.01145392672394468,3,3,,,,"",
123456,"TwoPole",65,51,5,0.7,1,"TopSupport","multi-point",3,3,"one-point",1,"degenerate",,,,,1,3,1.889650805587065,"SwitchDetected",3
123456,"TwoPole",66,51,5,0.7,1,"TopSupport","multi-point",3,3,"one-point",1,"calibrated",4.9504950495049505,0.01825376702132094,3,3,,,,"",
123456,"TwoPole",67,51,5,0.7,1,"TopSupport","multi-point",3,3,"one-point",1,"calibrated",2.5271433919880195,0.013533052856429218,3,3,,,,"",
123456,"TwoPole",68,51,5,0.7,1,"TopSupport","multi-point",3,3,"one-point",1,"degenerate",,,,,1,3,1.8742650053308567,"SwitchDetected",3
123456,"TwoPole",69,51,5,0.7,1,"TopSupport","multi-point",3,3,"one-point",1,"degenerate",,,,,1,3,1.723196790882539,"SwitchDetected",3
123456,"TwoPole",70,51,5,0.7,1,"TopSupport","two-point",2,2,"one-point",1,"degenerate",,,,,1,3,2.4562364817230837,"SwitchDetected",3
123456,"TwoPole",71,51,5,0.7,1,"TopSupport","multi-point",3,3,"one-point",1,"calibrated",2.9893711248892822,0.021335252424689755,3,3,,,,"",
123456,"TwoPole",72,51,5,0.7,1,"TopSupport","multi-point",3,3,"one-point",1,"calibrated",2.1933387489845653,0.009310553788633933,3,3,,,,"",
123456,"TwoPole",73,51,5,0.7,1,"TopSupport","multi-point",3,4,"one-point",1,"calibrated",3.2119914346895073,0.030472306276572752,3,3,,,,"",
123456,"TwoPole",74,51,5,0.7,1,"TopSupport","multi-point",3,3,"one-point",1,"calibrated",2.305721605465414,0.015889685287855233,3,3,,,,"",
123456,"TwoPole",75,51,5,0.7,1,"TopSupport","multi-point",3,3,"one-point",1,"calibrated",5.478896103896105,0.018095535736826086,3,3,,,,"",
123456,"TwoPole",76,51,5,0.7,1,"TopSupport","multi-point",3,3,"one-point",1,"degenerate",,,,,1,3,2.139668060223873,"SwitchDetected",3
123456,"TwoPole",77,51,5,0.7,1,"TopSupport","multi-point",3,4,"one-point",1,"calibrated",3.3308660251665434,0.012098399623889691,3,3,,,,"",
123456,"TwoPole",78,51,5,0.7,1,"TopSupport","multi-point",3,3,"one-point",1,"calibrated",2.3927685218007797,0.0024560864746844637,3,3,,,,"",
123456,"TwoPole",79,51,5,0.7,1,"TopSupport","multi-point",3,3,"one-point",1,"calibrated",4.974207811348563,0.02007330036307204,3,3,,,,"",
123456,"TwoPole",80,51,5,0.7,1,"TopSupport","two-point",2,2,"one-point",1,"degenerate",,,,,1,3,2.3228044631474187,"SwitchDetected",3
123456,"TwoPole",81,51,5,0.7,1,"TopSupport","multi-point",3,3,"one-point",1,"calibrated",4.3172369683402625,0.022038740444024464,3,3,,,,"",
123456,"TwoPole",82,51,5,0.7,1,"TopSupport","multi-point",3,3,"one-point",1,"calibrated",3.9244186046511618,0.024018875879679453,3,3,,,,"",
123456,"TwoPole",83,51,5,0.7,1,"TopSupport","multi-point",3,3,"one-point",1,"calibrated",3.5498290823034444,0.0163503183024417,3,3,,,,"",
123456,"TwoPole",84,51,5,0.7,1,"TopSupport","multi-point",3,3,"one-point",1,"calibrated",2.158273381294964,0.0034189729769141955,3,3,,,,"",
123456,"TwoPole",85,51,5,0.7,1,"TopSupport","multi-point",3,3,"one-point",1,"calibrated",3.9244186046511618,0.012885466582511548,3,3,,,,"",
123456,"TwoPole",86,51,5,0.7,1,"TopSupport","multi-point",3,4,"one-point",1,"calibrated",2.119974874371859,0.0017701784444605906,3,3,,,,"",
123456,"TwoPole",87,51,5,0.7,1,"TopSupport","multi-point",3,3,"one-point",1,"calibrated",6.620892594409023,0.03416105282625792,3,3,,,,"",
123456,"TwoPole",88,51,5,0.7,1,"TopSupport","multi-point",3,3,"one-point",1,"calibrated",2.7388922702373706,0.0155827827424361,3,3,,,,"",
123456,"TwoPole",89,51,5,0.7,1,"TopSupport","multi-point",3,3,"one-point",1,"calibrated",3.4151277510751323,0.009822228610296758,3,3,,,,"",
123456,"TwoPole",90,51,5,0.7,1,"TopSupport","multi-point",3,3,"one-point",1,"calibrated",4.4598612487611495,0.014335182194932827,3,3,,,,"",
123456,"TwoPole",91,51,5,0.7,1,"TopSupport","two-point",2,2,"one-point",1,"degenerate",,,,,1,3,2.7377597458749383,"SwitchDetected",3
123456,"TwoPole",92,51,5,0.7,1,"TopSupport","multi-point",3,3,"one-point",1,"calibrated",4.249291784702549,0.018985284603654357,3,3,,,,"",
123456,"TwoPole",93,51,5,0.7,1,"TopSupport","multi-point",3,3,"one-point",1,"calibrated",2.5510204081632653,0.006304910919950865,3,3,,,,"",
123456,"TwoPole",94,51,5,0.7,1,"TopSupport","multi-point",3,3,"one-point",1,"calibrated",3.057065217391304,0.016821204900718912,3,3,,,,"",
123456,"TwoPole",95,51,5,0.7,1,"TopSupport","multi-point",3,3,"one-point",1,"degenerate",,,,,1,3,1.9240084762531628,"SwitchDetected",3
123456,"TwoPole",96,51,5,0.7,1,"TopSupport","multi-point",3,3,"one-point",1,"calibrated",2.7113878288813016,0.026027272751466275,3,3,,,,"",
123456,"TwoPole",97,51,5,0.7,1,"TopSupport","multi-point",3,3,"one-point",1,"calibrated",2.5510204081632653,0.006836462784209787,3,3,,,,"",
123456,"TwoPole",98,51,5,0.7,1,"TopSupport","multi-point",3,3,"one-point",1,"calibrated",2.6066808264143657,0.004639762838240414,3,3,,,,"",
123456,"TwoPole",99,51,5,0.7,1,"TopSupport","multi-point",3,3,"one-point",1,"calibrated",3.3724706470147385,0.024480017870157057,3,3,,,,"",
123456,"TwoPole",100,51,5,0.7,1,"TopSupport","multi-point",3,3,"one-point",1,"degenerate",,,,,1,3,1.9892391196791286,"SwitchDetected",3
123456,"TwoPole",101,51,5,0.7,1,"TopSupport","multi-point",3,3,"one-point",1,"calibrated",2.3927685218007797,0.006455816529542421,3,3,,,,"",
123456,"TwoPole",102,51,5,0.7,1,"TopSupport","multi-point",3,3,"one-point",1,"calibrated",3.0228392297357813,0.03588557450054399,3,3,,,,"",
123456,"TwoPole",103,51,5,0.7,1,"TopSupport","multi-point",3,3,"one-point",1,"degenerate",,,,,1,3,2.1312825289207393,"SwitchDetected",3
123456,"TwoPole",104,51,5,0.7,1,"TopSupport","multi-point",3,3,"one-point",1,"calibrated",2.956636005256242,0.0073449249615238025,3,3,,,,"",
123456,"TwoPole",105,51,5,0.7,1,"TopSupport","multi-point",3,3,"one-point",1,"degenerate",,,,,1,3,2.1752594770959814,"SwitchDetected",3
123456,"TwoPole",106,51,5,0.7,1,"TopSupport","multi-point",3,3,"one-point",1,"degenerate",,,,,1,3,2.1556426914351556,"SwitchDetected",3
123456,"TwoPole",107,51,5,0.7,1,"TopSupport","multi-point",3,3,"one-point",1,"calibrated",2.3457862728062553,0.003008912773842365,3,3,,,,"",
123456,"TwoPole",108,51,5,0.7,1,"TopSupport","multi-point",3,3,"one-point",1,"calibrated",2.5510204081632653,0.008230031198675285,3,3,,,,"",
123456,"TwoPole",109,51,5,0.7,1,"TopSupport","multi-point",3,4,"one-point",1,"calibrated",4.041916167664669,0.030457013105447087,3,3,,,,"",
123456,"TwoPole",110,51,5,0.7,1,"TopSupport","multi-point",3,3,"one-point",1,"calibrated",3.658536585365854,0.0316434709724634,3,3,,,,"",
123456,"TwoPole",111,51,5,0.7,1,"TopSupport","multi-point",3,3,"one-point",1,"calibrated",1.838235294117647,0.0009793669308738593,3,3,,,,"",
123456,"TwoPole",112,51,5,0.7,1,"TopSupport","multi-point",3,3,"one-point",1,"calibrated",4.3172369683402625,0.039591773565031595,3,3,,,,"",
123456,"TwoPole",113,51,5,0.7,1,"TopSupport","multi-point",3,3,"one-point",1,"degenerate",,,,,1,3,1.8536725548074544,"SwitchDetected",3
123456,"TwoPole",114,51,5,0.7,1,"TopSupport","multi-point",3,3,"one-point",1,"calibrated",2.435943702634428,0.008365651710163152,3,3,,,,"",
123456,"TwoPole",115,51,5,0.7,1,"TopSupport","multi-point",3,3,"one-point",1,"calibrated",3.240518482957273,0.02205470185138755,3,3,,,,"",
123456,"TwoPole",116,51,5,0.7,1,"TopSupport","multi-point",3,3,"one-point",1,"calibrated",2.795609857113274,0.00892921247578147,3,3,,,,"",
123456,"TwoPole",117,51,5,0.7,1,"TopSupport","two-point",2,2,"two-point",2,"degenerate",,,,,2,2,,"NoSwitchDetected",
123456,"TwoPole",118,51,5,0.7,1,"TopSupport","multi-point",3,3,"one-point",1,"calibrated",5.164498852333589,0.026056555717855034,3,3,,,,"",
123456,"TwoPole",119,51,5,0.7,1,"TopSupport","multi-point",3,3,"one-point",1,"calibrated",3.2902754082378745,0.02289160472455739,3,3,,,,"",
123456,"TwoPole",120,51,5,0.7,1,"TopSupport","multi-point",3,3,"one-point",1,"degenerate",,,,,1,3,1.4663774306398507,"SwitchDetected",3
123456,"TwoPole",121,51,5,0.7,1,"TopSupport","multi-point",3,3,"one-point",1,"calibrated",2.267002518891687,0.002752300929406321,3,3,,,,"",
123456,"TwoPole",122,51,5,0.7,1,"TopSupport","multi-point",3,3,"one-point",1,"degenerate",,,,,1,3,2.4081536814774345,"SwitchDetected",3
123456,"TwoPole",123,51,5,0.7,1,"TopSupport","multi-point",3,3,"one-point",1,"calibrated",2.3510971786833856,0.005236063986894464,3,3,,,,"",
123456,"TwoPole",124,51,5,0.7,1,"TopSupport","multi-point",3,3,"one-point",1,"calibrated",2.6844303042354345,0.0242291430468622,3,3,,,,"",
123456,"TwoPole",125,51,5,0.7,1,"TopSupport","multi-point",3,3,"one-point",1,"calibrated",2.9246100519930676,0.013240151182357829,3,3,,,,"",
123456,"TwoPole",126,51,5,0.7,1,"TopSupport","multi-point",3,3,"one-point",1,"calibrated",2.5271433919880195,0.003706345184345217,3,3,,,,"",
123456,"TwoPole",127,51,5,0.7,1,"TopSupport","multi-point",3,3,"one-point",1,"calibrated",2.7113878288813016,0.010035818610269552,3,3,,,,"",
123456,"TwoPole",128,51,5,0.7,1,"TopSupport","multi-point",3,4,"one-point",1,"calibrated",2.7113878288813016,0.002963653881509736,3,3,,,,"",
123456,"TwoPole",129,51,5,0.7,1,"TopSupport","multi-point",3,3,"one-point",1,"calibrated",3.2020872865275143,0.019387960877843446,3,3,,,,"",
123456,"TwoPole",130,51,5,0.7,1,"TopSupport","multi-point",3,3,"one-point",1,"degenerate",,,,,1,3,2.075041026831215,"SwitchDetected",3
123456,"TwoPole",131,51,5,0.7,1,"TopSupport","multi-point",3,3,"one-point",1,"calibrated",3.458877786318216,0.017198011358526402,3,3,,,,"",
123456,"TwoPole",132,51,5,0.7,1,"TopSupport","multi-point",3,3,"one-point",1,"calibrated",2.5037091988130564,0.0017778111400069178,3,3,,,,"",
123456,"TwoPole",133,51,5,0.7,1,"TopSupport","multi-point",3,3,"one-point",1,"calibrated",5.0675675675675675,0.05067925002093796,3,3,,,,"",
123456,"TwoPole",134,51,5,0.7,1,"TopSupport","multi-point",3,3,"one-point",1,"calibrated",3.813559322033898,0.029439663135505514,3,3,,,,"",
123456,"TwoPole",135,51,5,0.7,1,"TopSupport","multi-point",3,4,"one-point",1,"degenerate",,,,,1,3,1.7088797549534855,"SwitchDetected",2
123456,"TwoPole",136,51,5,0.7,1,"TopSupport","multi-point",3,3,"one-point",1,"calibrated",2.956636005256242,0.018960939427219773,3,3,,,,"",
123456,"TwoPole",137,51,5,0.7,1,"TopSupport","multi-point",3,3,"two-point",2,"calibrated",3.2119914346895073,0.040331738584558366,3,3,,,,"",
123456,"TwoPole",138,51,5,0.7,1,"TopSupport","multi-point",3,3,"one-point",1,"calibrated",8.403361344537814,0.04469398021006961,3,3,,,,"",
123456,"TwoPole",139,51,5,0.7,1,"TopSupport","multi-point",3,3,"one-point",1,"degenerate",,,,,1,3,1.8102987258078058,"SwitchDetected",3
123456,"TwoPole",140,51,5,0.7,1,"TopSupport","multi-point",3,3,"one-point",1,"calibrated",3.0228392297357813,0.005031251703564564,3,3,,,,"",
123456,"TwoPole",141,51,5,0.7,1,"TopSupport","multi-point",3,4,"one-point",1,"degenerate",,,,,1,3,2.5912252767826045,"SwitchDetected",3
123456,"TwoPole",142,51,5,0.7,1,"TopSupport","multi-point",3,3,"one-point",1,"calibrated",5.0675675675675675,0.01842395284568178,3,3,,,,"",
123456,"TwoPole",143,51,5,0.7,1,"TopSupport","multi-point",3,3,"one-point",1,"calibrated",2.286198137171888,0.0003000176153406687,3,3,,,,"",
123456,"TwoPole",144,51,5,0.7,1,"TopSupport","multi-point",3,3,"one-point",1,"degenerate",,,,,1,3,2.00001159674693,"SwitchDetected",3
123456,"TwoPole",145,51,5,0.7,1,"TopSupport","multi-point",3,3,"one-point",1,"calibrated",3.4151277510751323,0.029614088662241085,3,3,,,,"",
123456,"TwoPole",146,51,5,0.7,1,"TopSupport","multi-point",3,3,"one-point",1,"calibrated",4.103343465045592,0.03032519271868074,3,3,,,,"",
123456,"TwoPole",147,51,5,0.7,1,"TopSupport","multi-point",3,3,"one-point",1,"calibrated",5.0675675675675675,0.022845856355959027,3,3,,,,"",
123456,"TwoPole",148,51,5,0.7,1,"TopSupport","multi-point",3,3,"one-point",1,"calibrated",2.17566478646253,0.007125851432954774,3,3,,,,"",
123456,"TwoPole",149,51,5,0.7,1,"TopSupport","multi-point",3,3,"one-point",1,"calibrated",2.458120903131828,0.011355803630303918,3,3,,,,"",
123456,"TwoPole",150,51,5,0.7,1,"TopSupport","multi-point",3,3,"one-point",1,"calibrated",4.103343465045592,0.044377619041697125,3,3,,,,"",
123456,"TwoPole",151,51,5,0.7,1,"TopSupport","multi-point",3,3,"one-point",1,"calibrated",1.8669616927119346,0.0018620990131568706,3,3,,,,"",
123456,"TwoPole",152,51,5,0.7,1,"TopSupport","multi-point",3,3,"one-point",1,"calibrated",3.760445682451253,0.030739511073247953,3,3,,,,"",
123456,"TwoPole",153,51,5,0.7,1,"TopSupport","multi-point",3,3,"one-point",1,"calibrated",8.22669104204753,0.028277324027339817,3,3,,,,"",
123456,"TwoPole",154,51,5,0.7,1,"TopSupport","multi-point",3,3,"one-point",1,"calibrated",1.9200682690940125,0.00019027501893861148,3,3,,,,"",
123456,"TwoPole",155,51,5,0.7,1,"TopSupport","multi-point",3,3,"one-point",1,"degenerate",,,,,1,3,2.2024006758832155,"SwitchDetected",3
123456,"TwoPole",156,51,5,0.7,1,"TopSupport","multi-point",3,3,"one-point",1,"degenerate",,,,,1,3,2.326502734180307,"SwitchDetected",3
123456,"TwoPole",157,51,5,0.7,1,"TopSupport","multi-point",3,3,"one-point",1,"calibrated",3.0228392297357813,0.006763296808736234,3,3,,,,"",
123456,"TwoPole",158,51,5,0.7,1,"TopSupport","multi-point",3,3,"one-point",1,"calibrated",4.249291784702549,0.021543441209702762,3,3,,,,"",
123456,"TwoPole",159,51,5,0.7,1,"TopSupport","multi-point",3,3,"one-point",1,"degenerate",,,,,1,3,1.622800425212538,"SwitchDetected",3
123456,"TwoPole",160,51,5,0.7,1,"TopSupport","multi-point",3,3,"one-point",1,"calibrated",5.164498852333589,0.022915503984827553,3,3,,,,"",
123456,"TwoPole",161,51,5,0.7,1,"TopSupport","multi-point",3,3,"one-point",1,"calibrated",3.2798833819241984,0.018620097251697755,3,3,,,,"",
123456,"TwoPole",162,51,5,0.7,1,"TopSupport","multi-point",3,3,"one-point",1,"calibrated",3.695592663564194,0.03520234736279513,3,3,,,,"",
123456,"TwoPole",163,51,5,0.7,1,"TopSupport","multi-point",3,3,"one-point",1,"degenerate",,,,,1,3,1.9710626492710928,"SwitchDetected",2
123456,"TwoPole",164,51,5,0.7,1,"TopSupport","multi-point",3,3,"one-point",1,"calibrated",2.9246100519930676,0.033555794311954136,3,3,,,,"",
123456,"TwoPole",165,51,5,0.7,1,"TopSupport","multi-point",3,3,"one-point",1,"calibrated",4.534766543500169,0.01968440657512973,3,3,,,,"",
123456,"TwoPole",166,51,5,0.7,1,"TopSupport","multi-point",3,3,"one-point",1,"degenerate",,,,,1,3,1.8582026052150238,"SwitchDetected",3
123456,"TwoPole",167,51,5,0.7,1,"TopSupport","multi-point",3,3,"one-point",1,"calibrated",2.632092025736011,0.008915071656547697,3,3,,,,"",
123456,"TwoPole",168,51,5,0.7,1,"TopSupport","multi-point",3,3,"one-point",1,"calibrated",3.658536585365854,0.011655956109163436,3,3,,,,"",
123456,"TwoPole",169,51,5,0.7,1,"TopSupport","multi-point",3,3,"one-point",1,"calibrated",6.346967559943582,0.035167287482701606,3,3,,,,"",
123456,"TwoPole",170,51,5,0.7,1,"TopSupport","multi-point",3,3,"one-point",1,"calibrated",6.2183325656379544,0.0260583089241573,3,3,,,,"",
123456,"TwoPole",171,51,5,0.7,1,"TopSupport","multi-point",3,3,"one-point",1,"calibrated",2.371749824314828,0.006478183781932345,3,3,,,,"",
123456,"TwoPole",172,51,5,0.7,1,"TopSupport","multi-point",3,3,"one-point",1,"degenerate",,,,,1,2,1.365998119084621,"SwitchDetected",2
123456,"TwoPole",173,51,5,0.7,1,"TopSupport","multi-point",3,4,"one-point",1,"degenerate",,,,,1,3,2.0944643833033454,"SwitchDetected",3
123456,"TwoPole",174,51,5,0.7,1,"TopSupport","multi-point",3,3,"one-point",1,"calibrated",1.9338203695745597,0.005530899432812949,3,3,,,,"",
123456,"TwoPole",175,51,5,0.7,1,"TopSupport","multi-point",3,3,"one-point",1,"degenerate",,,,,1,3,1.8788333664934889,"SwitchDetected",3
123456,"TwoPole",176,51,5,0.7,1,"TopSupport","multi-point",3,3,"one-point",1,"calibrated",2.8932704672096015,0.014909817685727208,3,3,,,,"",
123456,"TwoPole",177,51,5,0.7,1,"TopSupport","multi-point",3,3,"one-point",1,"calibrated",2.6066808264143657,0.01941069345138724,3,3,,,,"",
123456,"TwoPole",178,51,5,0.7,1,"TopSupport","multi-point",3,3,"one-point",1,"calibrated",2.8325639949643304,0.005104138727800005,3,3,,,,"",
123456,"TwoPole",179,51,5,0.7,1,"TopSupport","multi-point",3,3,"one-point",1,"degenerate",,,,,1,3,2.010444272721723,"SwitchDetected",3
123456,"TwoPole",180,51,5,0.7,1,"TopSupport","multi-point",3,3,"one-point",1,"calibrated",2.039891205802357,0.0021754861191729535,3,3,,,,"",
123456,"TwoPole",181,51,5,0.7,1,"TopSupport","multi-point",3,3,"one-point",1,"calibrated",3.2119914346895073,0.033586458884250575,3,3,,,,"",
123456,"TwoPole",182,51,5,0.7,1,"TopSupport","multi-point",3,3,"one-point",1,"calibrated",4.04191616766467,0.013022697856952458,3,3,,,,"",
123456,"TwoPole",183,51,5,0.7,1,"TopSupport","multi-point",3,3,"one-point",1,"calibrated",3.597122302158273,0.02181887757953585,3,3,,,,"",
123456,"TwoPole",184,51,5,0.7,1,"TopSupport","multi-point",3,3,"one-point",1,"calibrated",6.7669172932330826,0.02747390941440452,3,3,,,,"",
123456,"TwoPole",185,51,5,0.7,1,"TopSupport","multi-point",3,3,"one-point",1,"degenerate",,,,,1,3,2.064309333931392,"SwitchDetected",3
123456,"TwoPole",186,51,5,0.7,1,"TopSupport","multi-point",3,3,"one-point",1,"calibrated",2.862595419847328,0.026261349601579942,3,3,,,,"",
123456,"TwoPole",187,51,5,0.7,1,"TopSupport","multi-point",3,3,"one-point",1,"calibrated",2.7669604427136707,0.006245355372167034,3,3,,,,"",
123456,"TwoPole",188,51,5,0.7,1,"TopSupport","multi-point",3,3,"one-point",1,"calibrated",3.9823008849557513,0.017909874128623174,3,3,,,,"",
123456,"TwoPole",189,51,5,0.7,1,"TopSupport","multi-point",3,3,"one-point",1,"calibrated",2.009526644834772,0.002202708952706356,3,3,,,,"",
123456,"TwoPole",190,51,5,0.7,1,"TopSupport","multi-point",3,3,"one-point",1,"calibrated",2.854726157750053,0.009232917688850963,3,3,,,,"",
123456,"TwoPole",191,51,5,0.7,1,"TopSupport","multi-point",3,3,"one-point",1,"calibrated",2.1933387489845653,0.018182964368562843,3,3,,,,"",
123456,"TwoPole",192,51,5,0.7,1,"TopSupport","multi-point",3,3,"one-point",1,"degenerate",,,,,1,3,2.3100002255859597,"SwitchDetected",3
123456,"TwoPole",193,51,5,0.7,1,"TopSupport","multi-point",3,3,"one-point",1,"degenerate",,,,,1,3,1.8152462850132773,"SwitchDetected",3
123456,"TwoPole",194,51,5,0.7,1,"TopSupport","multi-point",3,3,"one-point",1,"calibrated",3.2902754082378745,0.019515321272516803,3,3,,,,"",
123456,"TwoPole",195,51,5,0.7,1,"TopSupport","multi-point",3,3,"one-point",1,"calibrated",2.581755593803787,0.016793137702964256,3,3,,,,"",
123456,"TwoPole",196,51,5,0.7,1,"TopSupport","multi-point",3,3,"one-point",1,"calibrated",5.164498852333589,0.02014605763496444,3,3,,,,"",
123456,"TwoPole",197,51,5,0.7,1,"TopSupport","multi-point",3,3,"one-point",1,"calibrated",2.824858757062147,0.00884657551121399,3,3,,,,"",
123456,"TwoPole",198,51,5,0.7,1,"TopSupport","multi-point",3,3,"one-point",1,"calibrated",2.4085637823371986,0.012678939556441537,3,3,,,,"",
123456,"TwoPole",199,51,5,0.7,1,"TopSupport","multi-point",3,3,"one-point",1,"degenerate",,,,,1,3,2.2206198869088607,"SwitchDetected",3
123456,"TwoPole",200,51,5,0.7,1,"TopSupport","multi-point",3,3,"one-point",1,"calibrated",2.956636005256242,0.0042232780958272875,3,3,,,,"",
123456,"TwoPole",1,51,5,0.7,2,"TopSupport","multi-point",3,3,"one-point",1,"calibrated",3.5037633013236436,0.006639601496416123,3,3,,,,"",
123456,"TwoPole",2,51,5,0.7,2,"TopSupport","two-point",2,2,"two-point",2,"degenerate",,,,,2,2,,"NoSwitchDetected",
123456,"TwoPole",3,51,5,0.7,2,"TopSupport","multi-point",3,3,"one-point",1,"calibrated",5.478896103896105,0.013517113520189425,3,3,,,,"",
123456,"TwoPole",4,51,5,0.7,2,"TopSupport","multi-point",3,3,"one-point",1,"calibrated",5.164498852333589,0.004583049187852797,3,3,,,,"",
123456,"TwoPole",5,51,5,0.7,2,"TopSupport","multi-point",3,3,"one-point",1,"calibrated",5.834053586862576,0.005495846853889786,3,3,,,,"",
123456,"TwoPole",6,51,5,0.7,2,"TopSupport","two-point",2,2,"one-point",1,"degenerate",,,,,1,2,1.082689555752994,"SwitchDetected",2
123456,"TwoPole",7,51,5,0.7,2,"TopSupport","multi-point",3,3,"one-point",1,"calibrated",6.481036965914546,0.015054611199017943,3,3,,,,"",
123456,"TwoPole",8,51,5,0.7,2,"TopSupport","multi-point",3,3,"two-point",2,"calibrated",4.692387904066736,0.02922233019758429,3,3,,,,"",
123456,"TwoPole",9,51,5,0.7,2,"TopSupport","multi-point",3,3,"two-point",2,"degenerate",,,,,3,3,,"NoSwitchDetected",
123456,"TwoPole",10,51,5,0.7,2,"TopSupport","two-point",2,2,"one-point",1,"degenerate",,,,,1,2,1.980237510054383,"SwitchDetected",2
123456,"TwoPole",11,51,5,0.7,2,"TopSupport","two-point",2,2,"one-point",1,"degenerate",,,,,1,2,1.6565064436826735,"SwitchDetected",2
123456,"TwoPole",12,51,5,0.7,2,"TopSupport","multi-point",3,3,"one-point",1,"degenerate",,,,,1,3,2.212375339522781,"SwitchDetected",3
123456,"TwoPole",13,51,5,0.7,2,"TopSupport","two-point",2,2,"one-point",1,"degenerate",,,,,1,3,1.66092715500331,"SwitchDetected",2
123456,"TwoPole",14,51,5,0.7,2,"TopSupport","multi-point",3,3,"one-point",1,"calibrated",7.936507936507937,0.030487680237004912,3,3,,,,"",
123456,"TwoPole",15,51,5,0.7,2,"TopSupport","multi-point",3,3,"one-point",1,"degenerate",,,,,1,3,2.25455453661329,"SwitchDetected",3
123456,"TwoPole",16,51,5,0.7,2,"TopSupport","two-point",2,2,"one-point",1,"degenerate",,,,,1,2,2.753460732429966,"SwitchDetected",2
123456,"TwoPole",17,51,5,0.7,2,"TopSupport","multi-point",3,3,"one-point",1,"calibrated",4.2993630573248405,0.015687079449257856,3,3,,,,"",
123456,"TwoPole",18,51,5,0.7,2,"TopSupport","two-point",2,2,"one-point",1,"degenerate",,,,,1,2,1.8785183163848382,"SwitchDetected",2
123456,"TwoPole",19,51,5,0.7,2,"TopSupport","multi-point",3,3,"one-point",1,"calibrated",5.265210608424336,0.01775869975425977,3,3,,,,"",
123456,"TwoPole",20,51,5,0.7,2,"TopSupport","one-point",1,1,"one-point",1,"degenerate",,,,,1,1,,"NoSwitchDetected",
123456,"TwoPole",21,51,5,0.7,2,"TopSupport","multi-point",3,3,"one-point",1,"calibrated",2.862595419847328,0.005768129213669544,3,3,,,,"",
123456,"TwoPole",22,51,5,0.7,2,"TopSupport","multi-point",3,3,"one-point",1,"calibrated",7.364975450081833,0.004174975878936119,3,3,,,,"",
123456,"TwoPole",23,51,5,0.7,2,"TopSupport","two-point",2,2,"one-point",1,"degenerate",,,,,2,3,5.102043199520439,"SwitchDetected",3
123456,"TwoPole",24,51,5,0.7,2,"TopSupport","multi-point",3,3,"one-point",1,"degenerate",,,,,1,3,2.6317670539195808,"SwitchDetected",3
123456,"TwoPole",25,51,5,0.7,2,"TopSupport","multi-point",3,3,"one-point",1,"calibrated",5.342303126236644,0.01588992175353454,3,3,,,,"",
123456,"TwoPole",26,51,5,0.7,2,"TopSupport","two-point",2,2,"one-point",1,"degenerate",,,,,1,2,1.9301078087256565,"SwitchDetected",2
123456,"TwoPole",27,51,5,0.7,2,"TopSupport","two-point",2,2,"one-point",1,"degenerate",,,,,1,2,1.6406407050429122,"SwitchDetected",2
123456,"TwoPole",28,51,5,0.7,2,"TopSupport","two-point",2,2,"one-point",1,"degenerate",,,,,1,2,1.1625514257291136,"SwitchDetected",2
123456,"TwoPole",29,51,5,0.7,2,"TopSupport","multi-point",3,3,"one-point",1,"calibrated",12.396694214876034,0.0012116285035927228,3,3,,,,"",
123456,"TwoPole",30,51,5,0.7,2,"TopSupport","multi-point",3,3,"one-point",1,"calibrated",5.710659898477157,0.018164814427076115,3,3,,,,"",
123456,"TwoPole",31,51,5,0.7,2,"TopSupport","multi-point",3,3,"one-point",1,"calibrated",2.6580035440047256,0.006841371147813238,3,3,,,,"",
123456,"TwoPole",32,51,5,0.7,2,"TopSupport","multi-point",3,3,"one-point",1,"degenerate",,,,,1,3,1.5778051809290115,"SwitchDetected",3
123456,"TwoPole",33,51,5,0.7,2,"TopSupport","two-point",2,2,"one-point",1,"degenerate",,,,,1,2,2.169642354639326,"SwitchDetected",2
123456,"TwoPole",34,51,5,0.7,2,"TopSupport","multi-point",3,3,"one-point",1,"calibrated",4.103343465045592,0.012022677104036402,3,3,,,,"",
123456,"TwoPole",35,51,5,0.7,2,"TopSupport","two-point",2,2,"two-point",2,"degenerate",,,,,2,2,,"NoSwitchDetected",
123456,"TwoPole",36,51,5,0.7,2,"TopSupport","two-point",2,2,"one-point",1,"degenerate",,,,,1,2,1.6505675714951693,"SwitchDetected",2
123456,"TwoPole",37,51,5,0.7,2,"TopSupport","multi-point",3,3,"one-point",1,"calibrated",4.387390315242119,0.02178014589652823,3,3,,,,"",
123456,"TwoPole",38,51,5,0.7,2,"TopSupport","two-point",2,2,"one-point",1,"degenerate",,,,,1,2,1.5114046058450235,"SwitchDetected",2
123456,"TwoPole",39,51,5,0.7,2,"TopSupport","two-point",2,2,"one-point",1,"degenerate",,,,,1,2,1.7453907048144186,"SwitchDetected",2
123456,"TwoPole",40,51,5,0.7,2,"TopSupport","multi-point",3,3,"one-point",1,"calibrated",5.265210608424336,0.002215064460571304,3,3,,,,"",
123456,"TwoPole",41,51,5,0.7,2,"TopSupport","multi-point",3,3,"one-point",1,"degenerate",,,,,1,3,2.3697112601421266,"SwitchDetected",3
123456,"TwoPole",42,51,5,0.7,2,"TopSupport","multi-point",3,3,"one-point",1,"calibrated",2.3927685218007797,0.004147358008623223,3,3,,,,"",
123456,"TwoPole",43,51,5,0.7,2,"TopSupport","multi-point",3,3,"one-point",1,"calibrated",3.9823008849557513,0.005614245594537196,3,3,,,,"",
123456,"TwoPole",44,51,5,0.7,2,"TopSupport","multi-point",3,3,"one-point",1,"calibrated",6.2183325656379544,0.008365772037749004,3,3,,,,"",
123456,"TwoPole",45,51,5,0.7,2,"TopSupport","multi-point",3,3,"one-point",1,"degenerate",,,,,1,3,2.6146095938969034,"SwitchDetected",3
123456,"TwoPole",46,51,5,0.7,2,"TopSupport","two-point",2,2,"one-point",1,"degenerate",,,,,1,3,8.437054240412792,"SwitchDetected",3
123456,"TwoPole",47,51,5,0.7,2,"TopSupport","two-point",2,2,"one-point",1,"degenerate",,,,,1,2,1.519206830125434,"SwitchDetected",2
123456,"TwoPole",48,51,5,0.7,2,"TopSupport","multi-point",3,3,"one-point",1,"degenerate",,,,,1,3,2.067051757668965,"SwitchDetected",3
123456,"TwoPole",49,51,5,0.7,2,"TopSupport","two-point",2,2,"one-point",1,"degenerate",,,,,1,3,2.3826134946173427,"SwitchDetected",3
123456,"TwoPole",50,51,5,0.7,2,"TopSupport","two-point",2,2,"one-point",1,"degenerate",,,,,1,2,1.10534380499965,"SwitchDetected",2
123456,"TwoPole",51,51,5,0.7,2,"TopSupport","multi-point",3,3,"one-point",1,"degenerate",,,,,1,3,1.7597941178366046,"SwitchDetected",3
123456,"TwoPole",52,51,5,0.7,2,"TopSupport","multi-point",3,3,"one-point",1,"calibrated",2.6066808264143657,0.008770351222983924,3,3,,,,"",
123456,"TwoPole",53,51,5,0.7,2,"TopSupport","two-point",2,2,"one-point",1,"degenerate",,,,,1,2,2.859346804002807,"SwitchDetected",2
123456,"TwoPole",54,51,5,0.7,2,"TopSupport","multi-point",3,3,"one-point",1,"calibrated",7.364975450081833,0.01882024373109753,3,3,,,,"",
123456,"TwoPole",55,51,5,0.7,2,"TopSupport","two-point",2,2,"one-point",1,"degenerate",,,,,1,2,1.9248459500578607,"SwitchDetected",2
123456,"TwoPole",56,51,5,0.7,2,"TopSupport","multi-point",3,3,"one-point",1,"calibrated",6.346967559943582,0.017460140125010973,3,3,,,,"",
123456,"TwoPole",57,51,5,0.7,2,"TopSupport","multi-point",3,3,"one-point",1,"calibrated",2.6844303042354345,0.0078771083064929,3,3,,,,"",
123456,"TwoPole",58,51,5,0.7,2,"TopSupport","two-point",2,2,"one-point",1,"degenerate",,,,,1,2,1.7914243649677255,"SwitchDetected",2
123456,"TwoPole",59,51,5,0.7,2,"TopSupport","two-point",2,2,"one-point",1,"degenerate",,,,,1,3,1.9705079283658313,"SwitchDetected",2
123456,"TwoPole",60,51,5,0.7,2,"TopSupport","multi-point",3,3,"one-point",1,"calibrated",3.0228392297357813,0.003148766311591558,3,3,,,,"",
123456,"TwoPole",61,51,5,0.7,2,"TopSupport","two-point",2,2,"one-point",1,"degenerate",,,,,1,3,3.4406416343047774,"SwitchDetected",3
123456,"TwoPole",62,51,5,0.7,2,"TopSupport","multi-point",3,3,"one-point",1,"degenerate",,,,,1,3,3.3326908926145937,"SwitchDetected",3
123456,"TwoPole",63,51,5,0.7,2,"TopSupport","multi-point",3,3,"one-point",1,"calibrated",7.246376811594202,0.012677273043439343,3,3,,,,"",
123456,"TwoPole",64,51,5,0.7,2,"TopSupport","two-point",2,2,"one-point",1,"degenerate",,,,,1,2,1.4423004974633857,"SwitchDetected",2
123456,"TwoPole",65,51,5,0.7,2,"TopSupport","two-point",2,2,"one-point",1,"degenerate",,,,,1,2,1.1778216697189339,"SwitchDetected",2
123456,"TwoPole",66,51,5,0.7,2,"TopSupport","two-point",2,2,"one-point",1,"degenerate",,,,,1,2,1.0670014939583905,"SwitchDetected",2
123456,"TwoPole",67,51,5,0.7,2,"TopSupport","multi-point",3,3,"one-point",1,"calibrated",8.78048780487805,0.022485319388846455,3,3,,,,"",
123456,"TwoPole",68,51,5,0.7,2,"TopSupport","multi-point",3,3,"one-point",1,"calibrated",4.4598612487611495,0.005889332033751008,3,3,,,,"",
123456,"TwoPole",69,51,5,0.7,2,"TopSupport","two-point",2,2,"one-point",1,"degenerate",,,,,1,2,2.214941527247066,"SwitchDetected",2
123456,"TwoPole",70,51,5,0.7,2,"TopSupport","multi-point",3,3,"one-point",1,"degenerate",,,,,1,3,2.123445349698102,"SwitchDetected",3
123456,"TwoPole",71,51,5,0.7,2,"TopSupport","multi-point",3,3,"one-point",1,"calibrated",5.450141299959628,0.030779756680895727,3,3,,,,"",
123456,"TwoPole",72,51,5,0.7,2,"TopSupport","multi-point",3,3,"one-point",1,"calibrated",9.890109890109892,0.011800180228034867,3,3,,,,"",
123456,"TwoPole",73,51,5,0.7,2,"TopSupport","multi-point",3,3,"one-point",1,"calibrated",3.0920751259734307,0.01618948932054922,3,3,,,,"",
123456,"TwoPole",74,51,5,0.7,2,"TopSupport","multi-point",3,3,"one-point",1,"degenerate",,,,,1,3,2.650070299487544,"SwitchDetected",2
123456,"TwoPole",75,51,5,0.7,2,"TopSupport","multi-point",3,3,"one-point",1,"calibrated",2.824858757062147,0.00935131066122191,3,3,,,,"",
123456,"TwoPole",76,51,5,0.7,2,"TopSupport","multi-point",3,3,"one-point",1,"calibrated",2.1034590215020255,0.0003625441993810063,3,3,,,,"",
123456,"TwoPole",77,51,5,0.7,2,"TopSupport","multi-point",3,3,"one-point",1,"degenerate",,,,,1,3,2.1218365982493945,"SwitchDetected",3
123456,"TwoPole",78,51,5,0.7,2,"TopSupport","multi-point",3,3,"one-point",1,"calibrated",3.1278962001853565,0.0023759827161646775,3,3,,,,"",
123456,"TwoPole",79,51,5,0.7,2,"TopSupport","multi-point",3,3,"one-point",1,"calibrated",3.658536585365854,0.01326059063399323,3,3,,,,"",
123456,"TwoPole",80,51,5,0.7,2,"TopSupport","two-point",2,2,"one-point",1,"degenerate",,,,,1,2,1.108530283972928,"SwitchDetected",2
123456,"TwoPole",81,51,5,0.7,2,"TopSupport","two-point",2,2,"one-point",1,"degenerate",,,,,1,2,1.627326450337069,"SwitchDetected",2
123456,"TwoPole",82,51,5,0.7,2,"TopSupport","two-point",2,2,"one-point",1,"degenerate",,,,,1,2,1.1432915793023333,"SwitchDetected",2
123456,"TwoPole",83,51,5,0.7,2,"TopSupport","multi-point",3,3,"one-point",1,"calibrated",19.285714285714285,0.00020955705894655925,3,3,,,,"",
123456,"TwoPole",84,51,5,0.7,2,"TopSupport","multi-point",3,3,"one-point",1,"calibrated",4.861361181130716,0.029140483505951012,3,3,,,,"",
123456,"TwoPole",85,51,5,0.7,2,"TopSupport","two-point",2,2,"one-point",1,"degenerate",,,,,1,2,1.3810869315997816,"SwitchDetected",2
123456,"TwoPole",86,51,5,0.7,2,"TopSupport","multi-point",3,3,"one-point",1,"calibrated",6.7669172932330826,0.03196543295446109,3,3,,,,"",
123456,"TwoPole",87,51,5,0.7,2,"TopSupport","multi-point",3,3,"one-point",1,"calibrated",7.736389684813753,0.0007732848666259757,3,3,,,,"",
123456,"TwoPole",88,51,5,0.7,2,"TopSupport","one-point",1,1,"one-point",1,"degenerate",,,,,2,2,,"NoSwitchDetected",
123456,"TwoPole",89,51,5,0.7,2,"TopSupport","multi-point",3,3,"one-point",1,"degenerate",,,,,1,3,2.115132999444236,"SwitchDetected",3
123456,"TwoPole",90,51,5,0.7,2,"TopSupport","multi-point",3,3,"one-point",1,"calibrated",6.385998107852411,0.019439561569300923,3,3,,,,"",
123456,"TwoPole",91,51,5,0.7,2,"TopSupport","two-point",2,2,"one-point",1,"degenerate",,,,,1,2,1.3004054440984996,"SwitchDetected",2
123456,"TwoPole",92,51,5,0.7,2,"TopSupport","two-point",2,2,"one-point",1,"degenerate",,,,,1,3,1.9228196347299913,"SwitchDetected",3
123456,"TwoPole",93,51,5,0.7,2,"TopSupport","multi-point",3,3,"one-point",1,"calibrated",4.9504950495049505,0.0024156975377436695,3,3,,,,"",
123456,"TwoPole",94,51,5,0.7,2,"TopSupport","two-point",2,2,"one-point",1,"degenerate",,,,,1,2,1.0821666251926396,"SwitchDetected",2
123456,"TwoPole",95,51,5,0.7,2,"TopSupport","multi-point",3,3,"one-point",1,"calibrated",4.612230953194397,0.017112340886994894,3,3,,,,"",
123456,"TwoPole",96,51,5,0.7,2,"TopSupport","multi-point",3,3,"one-point",1,"degenerate",,,,,1,3,3.050630807852061,"SwitchDetected",3
123456,"TwoPole",97,51,5,0.7,2,"TopSupport","multi-point",3,3,"one-point",1,"degenerate",,,,,1,3,1.4922650910931567,"SwitchDetected",3
123456,"TwoPole",98,51,5,0.7,2,"TopSupport","multi-point",3,3,"one-point",1,"degenerate",,,,,1,3,2.2608638655404207,"SwitchDetected",3
123456,"TwoPole",99,51,5,0.7,2,"TopSupport","multi-point",3,3,"one-point",1,"calibrated",5.710659898477157,0.007604784412031104,3,3,,,,"",
123456,"TwoPole",100,51,5,0.7,2,"TopSupport","one-point",1,1,"one-point",1,"degenerate",,,,,2,2,,"NoSwitchDetected",
123456,"TwoPole",101,51,5,0.7,2,"TopSupport","two-point",2,2,"one-point",1,"degenerate",,,,,1,2,1.7800385580861977,"SwitchDetected",2
123456,"TwoPole",102,51,5,0.7,2,"TopSupport","two-point",2,2,"two-point",2,"degenerate",,,,,2,2,,"NoSwitchDetected",
123456,"TwoPole",103,51,5,0.7,2,"TopSupport","two-point",2,2,"one-point",1,"degenerate",,,,,1,2,1.691710448433885,"SwitchDetected",2
123456,"TwoPole",104,51,5,0.7,2,"TopSupport","multi-point",3,3,"one-point",1,"calibrated",6.238447319778189,0.00016524606151084603,3,3,,,,"",
123456,"TwoPole",105,51,5,0.7,2,"TopSupport","one-point",1,1,"one-point",1,"degenerate",,,,,1,1,,"NoSwitchDetected",
123456,"TwoPole",106,51,5,0.7,2,"TopSupport","multi-point",3,3,"one-point",1,"degenerate",,,,,1,3,2.294450514882454,"SwitchDetected",3
123456,"TwoPole",107,51,5,0.7,2,"TopSupport","two-point",2,2,"one-point",1,"degenerate",,,,,1,2,1.9822931758855686,"SwitchDetected",2
123456,"TwoPole",108,51,5,0.7,2,"TopSupport","multi-point",3,3,"one-point",1,"calibrated",9.193054136874363,0.020111632813037555,3,3,,,,"",
123456,"TwoPole",109,51,5,0.7,2,"TopSupport","multi-point",3,3,"one-point",1,"degenerate",,,,,1,3,2.3786001479366186,"SwitchDetected",3
123456,"TwoPole",110,51,5,0.7,2,"TopSupport","multi-point",3,3,"one-point",1,"calibrated",4.9504950495049505,0.009423679061103389,3,3,,,,"",
123456,"TwoPole",111,51,5,0.7,2,"TopSupport","two-point",2,2,"one-point",1,"degenerate",,,,,1,2,2.469338618457493,"SwitchDetected",2
123456,"TwoPole",112,51,5,0.7,2,"TopSupport","two-point",2,2,"one-point",1,"degenerate",,,,,1,2,1.5910260073613114,"SwitchDetected",2
123456,"TwoPole",113,51,5,0.7,2,"TopSupport","multi-point",3,3,"one-point",1,"calibrated",4.534766543500169,0.011283581175513448,3,3,,,,"",
123456,"TwoPole",114,51,5,0.7,2,"TopSupport","multi-point",3,3,"one-point",1,"calibrated",4.4598612487611495,0.0059825511815870674,3,3,,,,"",
123456,"TwoPole",115,51,5,0.7,2,"TopSupport","multi-point",3,3,"one-point",1,"degenerate",,,,,1,3,1.8682429206119344,"SwitchDetected",3
123456,"TwoPole",116,51,5,0.7,2,"TopSupport","multi-point",3,3,"one-point",1,"calibrated",6.2183325656379544,0.006195318060826207,3,3,,,,"",
123456,"TwoPole",117,51,5,0.7,2,"TopSupport","multi-point",3,3,"one-point",1,"calibrated",4.612230953194397,0.010234674828335046,3,3,,,,"",
123456,"TwoPole",118,51,5,0.7,2,"TopSupport","multi-point",3,3,"one-point",1,"calibrated",3.9244186046511618,0.0038543320273194404,3,3,,,,"",
123456,"TwoPole",119,51,5,0.7,2,"TopSupport","two-point",2,2,"one-point",1,"degenerate",,,,,1,2,1.3003148803276183,"SwitchDetected",2
123456,"TwoPole",120,51,5,0.7,2,"TopSupport","two-point",2,2,"two-point",2,"degenerate",,,,,2,2,,"NoSwitchDetected",
123456,"TwoPole",121,51,5,0.7,2,"TopSupport","multi-point",3,3,"one-point",1,"calibrated",7.079181961195594,0.009739242461662462,3,3,,,,"",
123456,"TwoPole",122,51,5,0.7,2,"TopSupport","two-point",2,2,"one-point",1,"degenerate",,,,,1,2,1.6314341838933215,"SwitchDetected",2
123456,"TwoPole",123,51,5,0.7,2,"TopSupport","two-point",2,2,"one-point",1,"degenerate",,,,,1,3,2.947207851545918,"SwitchDetected",3
123456,"TwoPole",124,51,5,0.7,2,"TopSupport","multi-point",3,3,"one-point",1,"degenerate",,,,,1,3,1.580327698078702,"SwitchDetected",3
123456,"TwoPole",125,51,5,0.7,2,"TopSupport","multi-point",3,3,"one-point",1,"calibrated",4.183452122714595,0.0155724768405162,3,3,,,,"",
123456,"TwoPole",126,51,5,0.7,2,"TopSupport","two-point",2,2,"one-point",1,"degenerate",,,,,1,2,2.237086217048839,"SwitchDetected",2
123456,"TwoPole",127,51,5,0.7,2,"TopSupport","multi-point",3,3,"one-point",1,"calibrated",3.0228392297357813,0.0027665503862384817,3,3,,,,"",
123456,"TwoPole",128,51,5,0.7,2,"TopSupport","two-point",2,2,"two-point",2,"degenerate",,,,,2,2,,"NoSwitchDetected",
123456,"TwoPole",129,51,5,0.7,2,"TopSupport","two-point",2,2,"one-point",1,"degenerate",,,,,1,2,1.5778940738443639,"SwitchDetected",2
123456,"TwoPole",130,51,5,0.7,2,"TopSupport","multi-point",3,3,"one-point",1,"calibrated",8.403361344537814,0.01704857512964265,3,3,,,,"",
123456,"TwoPole",131,51,5,0.7,2,"TopSupport","multi-point",3,3,"one-point",1,"calibrated",6.620892594409023,0.016171078154721262,3,3,,,,"",
123456,"TwoPole",132,51,5,0.7,2,"TopSupport","two-point",2,2,"one-point",1,"degenerate",,,,,1,3,2.5141906604814466,"SwitchDetected",3
123456,"TwoPole",133,51,5,0.7,2,"TopSupport","two-point",2,2,"one-point",1,"degenerate",,,,,1,2,1.000005950963148,"SwitchDetected",2
123456,"TwoPole",134,51,5,0.7,2,"TopSupport","multi-point",3,3,"one-point",1,"degenerate",,,,,1,3,2.584967147535138,"SwitchDetected",2
123456,"TwoPole",135,51,5,0.7,2,"TopSupport","two-point",2,2,"one-point",1,"degenerate",,,,,1,3,4.311173356717099,"SwitchDetected",3
123456,"TwoPole",136,51,5,0.7,2,"TopSupport","multi-point",3,3,"one-point",1,"calibrated",4.2993630573248405,0.019176186731111454,3,3,,,,"",
123456,"TwoPole",137,51,5,0.7,2,"TopSupport","two-point",2,2,"one-point",1,"degenerate",,,,,1,3,2.1776837919131697,"SwitchDetected",3
123456,"TwoPole",138,51,5,0.7,2,"TopSupport","multi-point",3,3,"one-point",1,"calibrated",3.0920751259734307,0.0034347895446141087,3,3,,,,"",
123456,"TwoPole",139,51,5,0.7,2,"TopSupport","two-point",2,2,"one-point",1,"degenerate",,,,,1,2,1.4775821726969254,"SwitchDetected",2
123456,"TwoPole",140,51,5,0.7,2,"TopSupport","multi-point",3,3,"one-point",1,"calibrated",5.478896103896105,0.0069401008090871396,3,3,,,,"",
123456,"TwoPole",141,51,5,0.7,2,"TopSupport","two-point",2,2,"one-point",1,"degenerate",,,,,1,2,1.0802743609401433,"SwitchDetected",2
123456,"TwoPole",142,51,5,0.7,2,"TopSupport","two-point",2,2,"one-point",1,"degenerate",,,,,1,2,1.5650791709971266,"SwitchDetected",2
123456,"TwoPole",143,51,5,0.7,2,"TopSupport","multi-point",3,3,"one-point",1,"degenerate",,,,,1,3,3.4773805247376557,"SwitchDetected",3
123456,"TwoPole",144,51,5,0.7,2,"TopSupport","two-point",2,2,"one-point",1,"degenerate",,,,,1,2,2.070388011361608,"SwitchDetected",2
123456,"TwoPole",145,51,5,0.7,2,"TopSupport","multi-point",3,3,"one-point",1,"calibrated",3.9244186046511618,0.0151796606922569,3,3,,,,"",
123456,"TwoPole",146,51,5,0.7,2,"TopSupport","two-point",2,2,"one-point",1,"degenerate",,,,,1,2,1.288796286372517,"SwitchDetected",2
123456,"TwoPole",147,51,5,0.7,2,"TopSupport","one-point",1,1,"one-point",1,"degenerate",,,,,2,2,,"NoSwitchDetected",
123456,"TwoPole",148,51,5,0.7,2,"TopSupport","two-point",2,2,"one-point",1,"degenerate",,,,,1,2,1.7276080657912463,"SwitchDetected",2
123456,"TwoPole",149,51,5,0.7,2,"TopSupport","multi-point",3,3,"one-point",1,"calibrated",2.8932704672096015,0.010315302009041964,3,3,,,,"",
123456,"TwoPole",150,51,5,0.7,2,"TopSupport","multi-point",3,3,"one-point",1,"calibrated",7.079181961195594,0.015418902771127577,3,3,,,,"",
123456,"TwoPole",151,51,5,0.7,2,"TopSupport","two-point",2,2,"one-point",1,"degenerate",,,,,1,3,5.48454208726595,"SwitchDetected",3
123456,"TwoPole",152,51,5,0.7,2,"TopSupport","multi-point",3,3,"one-point",1,"calibrated",6.620892594409023,0.0274573054533213,3,3,,,,"",
123456,"TwoPole",153,51,5,0.7,2,"TopSupport","two-point",2,2,"one-point",1,"degenerate",,,,,1,2,1.7312211533584678,"SwitchDetected",2
123456,"TwoPole",154,51,5,0.7,2,"TopSupport","multi-point",3,3,"one-point",1,"calibrated",5.9628975265017665,0.022340107841069125,3,3,,,,"",
123456,"TwoPole",155,51,5,0.7,2,"TopSupport","multi-point",3,3,"one-point",1,"calibrated",3.0920751259734307,0.0032421816776076863,3,3,,,,"",
123456,"TwoPole",156,51,5,0.7,2,"TopSupport","two-point",2,2,"one-point",1,"degenerate",,,,,1,2,1.000005950963148,"SwitchDetected",2
123456,"TwoPole",157,51,5,0.7,2,"TopSupport","multi-point",3,3,"one-point",1,"calibrated",3.1645569620253164,0.015082535374025662,3,3,,,,"",
123456,"TwoPole",158,51,5,0.7,2,"TopSupport","multi-point",3,3,"one-point",1,"calibrated",4.861361181130716,0.019191926957844805,3,3,,,,"",
123456,"TwoPole",159,51,5,0.7,2,"TopSupport","multi-point",3,3,"one-point",1,"calibrated",3.9823008849557513,0.022712873844286285,3,3,,,,"",
123456,"TwoPole",160,51,5,0.7,2,"TopSupport","two-point",2,2,"one-point",1,"degenerate",,,,,1,2,2.4049484632931244,"SwitchDetected",2
123456,"TwoPole",161,51,5,0.7,2,"TopSupport","two-point",2,2,"one-point",1,"degenerate",,,,,1,3,4.813960013927106,"SwitchDetected",3
123456,"TwoPole",162,51,5,0.7,2,"TopSupport","multi-point",3,3,"one-point",1,"calibrated",4.9504950495049505,0.014928847161344436,3,3,,,,"",
123456,"TwoPole",163,51,5,0.7,2,"TopSupport","two-point",2,2,"one-point",1,"degenerate",,,,,1,3,2.673555074353355,"SwitchDetected",3
123456,"TwoPole",164,51,5,0.7,2,"TopSupport","multi-point",3,3,"one-point",1,"degenerate",,,,,1,3,3.1308865956528953,"SwitchDetected",3
123456,"TwoPole",165,51,5,0.7,2,"TopSupport","multi-point",3,3,"one-point",1,"degenerate",,,,,1,3,2.7448253909751137,"SwitchDetected",3
123456,"TwoPole",166,51,5,0.7,2,"TopSupport","multi-point",3,3,"two-point",2,"calibrated",3.597122302158273,0.0390532183762525,3,3,,,,"",
123456,"TwoPole",167,51,5,0.7,2,"TopSupport","multi-point",3,3,"one-point",1,"calibrated",3.7087912087912085,0.01723091583738718,3,3,,,,"",
123456,"TwoPole",168,51,5,0.7,2,"TopSupport","two-point",2,2,"one-point",1,"degenerate",,,,,1,2,2.875198082265342,"SwitchDetected",2
123456,"TwoPole",169,51,5,0.7,2,"TopSupport","multi-point",3,3,"two-point",2,"calibrated",5.834053586862576,0.04799956953562057,3,3,,,,"",
123456,"TwoPole",170,51,5,0.7,2,"TopSupport","two-point",2,2,"two-point",2,"degenerate",,,,,2,2,,"NoSwitchDetected",
123456,"TwoPole",171,51,5,0.7,2,"TopSupport","multi-point",3,3,"one-point",1,"calibrated",11.363636363636365,0.0027930147318912914,3,3,,,,"",
123456,"TwoPole",172,51,5,0.7,2,"TopSupport","multi-point",3,3,"one-point",1,"calibrated",4.103343465045592,0.016923712902231988,3,3,,,,"",
123456,"TwoPole",173,51,5,0.7,2,"TopSupport","multi-point",3,3,"one-point",1,"degenerate",,,,,1,3,1.867703038180814,"SwitchDetected",3
123456,"TwoPole",174,51,5,0.7,2,"TopSupport","two-point",2,2,"one-point",1,"degenerate",,,,,1,2,1.656000386103606,"SwitchDetected",2
123456,"TwoPole",175,51,5,0.7,2,"TopSupport","multi-point",3,3,"one-point",1,"calibrated",6.7669172932330826,0.01956838870174003,3,3,,,,"",
123456,"TwoPole",176,51,5,0.7,2,"TopSupport","multi-point",3,3,"one-point",1,"degenerate",,,,,1,3,2.3456304508187484,"SwitchDetected",3
123456,"TwoPole",177,51,5,0.7,2,"TopSupport","multi-point",3,3,"one-point",1,"degenerate",,,,,1,3,3.4212378182091556,"SwitchDetected",3
123456,"TwoPole",178,51,5,0.7,2,"TopSupport","multi-point",3,3,"one-point",1,"calibrated",6.097560975609756,0.005621163207749724,3,3,,,,"",
123456,"TwoPole",179,51,5,0.7,2,"TopSupport","multi-point",3,3,"one-point",1,"calibrated",2.5510204081632653,0.0019353819682201392,3,3,,,,"",
123456,"TwoPole",180,51,5,0.7,2,"TopSupport","multi-point",3,3,"one-point",1,"degenerate",,,,,1,3,1.8966892446467498,"SwitchDetected",3
123456,"TwoPole",181,51,5,0.7,2,"TopSupport","multi-point",3,3,"one-point",1,"calibrated",6.873727087576376,0.00258686387309133,3,3,,,,"",
123456,"TwoPole",182,51,5,0.7,2,"TopSupport","two-point",2,2,"one-point",1,"degenerate",,,,,1,2,1.965391523349371,"SwitchDetected",2
123456,"TwoPole",183,51,5,0.7,2,"TopSupport","two-point",2,2,"one-point",1,"degenerate",,,,,1,2,2.6453977804589486,"SwitchDetected",2
123456,"TwoPole",184,51,5,0.7,2,"TopSupport","multi-point",3,3,"one-point",1,"calibrated",2.862595419847328,0.015648778442761437,3,3,,,,"",
123456,"TwoPole",185,51,5,0.7,2,"TopSupport","multi-point",3,3,"one-point",1,"calibrated",3.458877786318216,0.022867036531023066,3,3,,,,"",
123456,"TwoPole",186,51,5,0.7,2,"TopSupport","multi-point",3,3,"one-point",1,"calibrated",5.592377796188898,0.0035973406365560623,3,3,,,,"",
123456,"TwoPole",187,51,5,0.7,2,"TopSupport","multi-point",3,3,"one-point",1,"calibrated",5.9628975265017665,0.014965005952448504,3,3,,,,"",
123456,"TwoPole",188,51,5,0.7,2,"TopSupport","multi-point",3,3,"one-point",1,"calibrated",6.097560975609756,0.030462348460768465,3,3,,,,"",
123456,"TwoPole",189,51,5,0.7,2,"TopSupport","multi-point",3,3,"two-point",2,"calibrated",3.240518482957273,0.02180325328241626,3,3,,,,"",
123456,"TwoPole",190,51,5,0.7,2,"TopSupport","two-point",2,2,"one-point",1,"degenerate",,,,,1,3,6.318513390782547,"SwitchDetected",3
123456,"TwoPole",191,51,5,0.7,2,"TopSupport","multi-point",3,3,"one-point",1,"calibrated",5.834053586862576,0.010487633326862894,3,3,,,,"",
123456,"TwoPole",192,51,5,0.7,2,"TopSupport","multi-point",3,3,"one-point",1,"calibrated",3.9244186046511618,0.025698999644853546,3,3,,,,"",
123456,"TwoPole",193,51,5,0.7,2,"TopSupport","multi-point",3,3,"one-point",1,"calibrated",6.481036965914546,0.0051414302345192415,3,3,,,,"",
123456,"TwoPole",194,51,5,0.7,2,"TopSupport","multi-point",3,3,"one-point",1,"calibrated",5.238649592549476,0.003010533839054387,3,3,,,,"",
123456,"TwoPole",195,51,5,0.7,2,"TopSupport","multi-point",3,3,"one-point",1,"calibrated",5.369928400954653,0.02511844074927394,3,3,,,,"",
123456,"TwoPole",196,51,5,0.7,2,"TopSupport","multi-point",3,3,"one-point",1,"calibrated",4.775380261761585,0.007813352626262458,3,3,,,,"",
123456,"TwoPole",197,51,5,0.7,2,"TopSupport","two-point",2,2,"one-point",1,"degenerate",,,,,1,2,2.767245033940301,"SwitchDetected",2
123456,"TwoPole",198,51,5,0.7,2,"TopSupport","multi-point",3,3,"one-point",1,"calibrated",5.042958535674262,0.018376467269674634,3,3,,,,"",
123456,"TwoPole",199,51,5,0.7,2,"TopSupport","two-point",2,2,"one-point",1,"degenerate",,,,,1,2,1.3673430427430318,"SwitchDetected",2
123456,"TwoPole",200,51,5,0.7,2,"TopSupport","two-point",2,2,"two-point",2,"degenerate",,,,,2,2,,"NoSwitchDetected",
123456,"TwoPole",1,51,5,0.7,3,"TopSupport","two-point",2,2,"one-point",1,"degenerate",,,,,1,3,3.802002990039583,"SwitchDetected",3
123456,"TwoPole",2,51,5,0.7,3,"TopSupport","two-point",2,2,"one-point",1,"degenerate",,,,,1,3,8.407926050894536,"SwitchDetected",3
123456,"TwoPole",3,51,5,0.7,3,"TopSupport","two-point",2,2,"one-point",1,"degenerate",,,,,1,3,3.6630175851225695,"SwitchDetected",3
123456,"TwoPole",4,51,5,0.7,3,"TopSupport","one-point",1,1,"one-point",1,"degenerate",,,,,2,2,,"NoSwitchDetected",
123456,"TwoPole",5,51,5,0.7,3,"TopSupport","two-point",2,2,"two-point",2,"degenerate",,,,,2,2,,"NoSwitchDetected",
123456,"TwoPole",6,51,5,0.7,3,"TopSupport","multi-point",3,3,"one-point",1,"degenerate",,,,,1,3,2.4753404556279284,"SwitchDetected",3
123456,"TwoPole",7,51,5,0.7,3,"TopSupport","multi-point",3,3,"one-point",1,"calibrated",2.458120903131828,0.008325702719233954,3,3,,,,"",
123456,"TwoPole",8,51,5,0.7,3,"TopSupport","two-point",2,2,"one-point",1,"degenerate",,,,,1,2,1.922929650926182,"SwitchDetected",2
123456,"TwoPole",9,51,5,0.7,3,"TopSupport","two-point",2,2,"two-point",2,"degenerate",,,,,2,2,,"NoSwitchDetected",
123456,"TwoPole",10,51,5,0.7,3,"TopSupport","two-point",2,2,"one-point",1,"degenerate",,,,,1,2,1.5584169759396076,"SwitchDetected",2
123456,"TwoPole",11,51,5,0.7,3,"TopSupport","multi-point",3,3,"one-point",1,"degenerate",,,,,1,3,4.145064611675324,"SwitchDetected",3
123456,"TwoPole",12,51,5,0.7,3,"TopSupport","two-point",2,2,"one-point",1,"degenerate",,,,,1,2,2.00001159674693,"SwitchDetected",2
123456,"TwoPole",13,51,5,0.7,3,"TopSupport","two-point",2,2,"one-point",1,"degenerate",,,,,1,2,2.797884680326221,"SwitchDetected",2
123456,"TwoPole",14,51,5,0.7,3,"TopSupport","two-point",2,2,"one-point",1,"degenerate",,,,,1,2,1.000005950963148,"SwitchDetected",2
123456,"TwoPole",15,51,5,0.7,3,"TopSupport","two-point",2,2,"one-point",1,"degenerate",,,,,1,2,2.7468444358754582,"SwitchDetected",2
123456,"TwoPole",16,51,5,0.7,3,"TopSupport","multi-point",3,3,"one-point",1,"degenerate",,,,,1,3,1.8492052362169515,"SwitchDetected",3
123456,"TwoPole",17,51,5,0.7,3,"TopSupport","two-point",2,2,"one-point",1,"degenerate",,,,,1,2,1.5535328317032966,"SwitchDetected",2
123456,"TwoPole",18,51,5,0.7,3,"TopSupport","two-point",2,2,"one-point",1,"degenerate",,,,,1,2,1.5790802705562825,"SwitchDetected",2
123456,"TwoPole",19,51,5,0.7,3,"TopSupport","two-point",2,2,"one-point",1,"degenerate",,,,,1,2,2.6174196434276955,"SwitchDetected",2
123456,"TwoPole",20,51,5,0.7,3,"TopSupport","two-point",2,2,"one-point",1,"degenerate",,,,,1,2,2.509160103680505,"SwitchDetected",2
123456,"TwoPole",21,51,5,0.7,3,"TopSupport","two-point",2,2,"one-point",1,"degenerate",,,,,1,3,3.000034790442517,"SwitchDetected",3
123456,"TwoPole",22,51,5,0.7,3,"TopSupport","two-point",2,2,"one-point",1,"degenerate",,,,,1,3,2.286458309710854,"SwitchDetected",3
123456,"TwoPole",23,51,5,0.7,3,"TopSupport","multi-point",3,3,"two-point",2,"calibrated",3.1278962001853565,0.013531397646587479,3,3,,,,"",
123456,"TwoPole",24,51,5,0.7,3,"TopSupport","two-point",2,2,"one-point",1,"degenerate",,,,,1,2,1.664447775462094,"SwitchDetected",2
123456,"TwoPole",25,51,5,0.7,3,"TopSupport","one-point",1,1,"one-point",1,"degenerate",,,,,1,1,,"NoSwitchDetected",
123456,"TwoPole",26,51,5,0.7,3,"TopSupport","two-point",2,2,"one-point",1,"degenerate",,,,,1,2,2.2910719997762627,"SwitchDetected",2
123456,"TwoPole",27,51,5,0.7,3,"TopSupport","multi-point",3,3,"one-point",1,"degenerate",,,,,1,3,1.821029703157376,"SwitchDetected",3
123456,"TwoPole",28,51,5,0.7,3,"TopSupport","two-point",2,2,"one-point",1,"degenerate",,,,,1,3,4.6522953031949745,"SwitchDetected",3
123456,"TwoPole",29,51,5,0.7,3,"TopSupport","two-point",2,2,"one-point",1,"degenerate",,,,,1,2,1.5509232745457937,"SwitchDetected",2
123456,"TwoPole",30,51,5,0.7,3,"TopSupport","one-point",1,1,"one-point",1,"degenerate",,,,,1,1,,"NoSwitchDetected",
123456,"TwoPole",31,51,5,0.7,3,"TopSupport","two-point",2,2,"one-point",1,"degenerate",,,,,1,2,4.142918552608289,"SwitchDetected",2
123456,"TwoPole",32,51,5,0.7,3,"TopSupport","two-point",2,2,"one-point",1,"degenerate",,,,,1,2,1.0841284755766711,"SwitchDetected",2
123456,"TwoPole",33,51,5,0.7,3,"TopSupport","two-point",2,2,"one-point",1,"degenerate",,,,,1,2,2.2482803242194778,"SwitchDetected",2
123456,"TwoPole",34,51,5,0.7,3,"TopSupport","two-point",2,2,"one-point",1,"degenerate",,,,,1,2,2.1009323336037937,"SwitchDetected",2
123456,"TwoPole",35,51,5,0.7,3,"TopSupport","two-point",2,2,"one-point",1,"degenerate",,,,,1,2,1.3332565690899552,"SwitchDetected",2
123456,"TwoPole",36,51,5,0.7,3,"TopSupport","multi-point",3,3,"one-point",1,"calibrated",4.692387904066736,0.0017727225672656544,3,3,,,,"",
123456,"TwoPole",37,51,5,0.7,3,"TopSupport","two-point",2,2,"one-point",1,"degenerate",,,,,1,2,1.208954111543431,"SwitchDetected",2
123456,"TwoPole",38,51,5,0.7,3,"TopSupport","multi-point",3,3,"one-point",1,"degenerate",,,,,1,3,2.1549792298487778,"SwitchDetected",2
123456,"TwoPole",39,51,5,0.7,3,"TopSupport","two-point",2,2,"one-point",1,"degenerate",,,,,1,2,3.4455093661116587,"SwitchDetected",2
123456,"TwoPole",40,51,5,0.7,3,"TopSupport","two-point",2,2,"two-point",2,"degenerate",,,,,2,2,,"NoSwitchDetected",
123456,"TwoPole",41,51,5,0.7,3,"TopSupport","one-point",1,1,"one-point",1,"degenerate",,,,,1,1,,"NoSwitchDetected",
123456,"TwoPole",42,51,5,0.7,3,"TopSupport","one-point",1,1,"one-point",1,"degenerate",,,,,2,2,,"NoSwitchDetected",
123456,"TwoPole",43,51,5,0.7,3,"TopSupport","two-point",2,2,"one-point",1,"degenerate",,,,,1,2,3.687291402696602,"SwitchDetected",2
123456,"TwoPole",44,51,5,0.7,3,"TopSupport","multi-point",3,3,"one-point",1,"degenerate",,,,,1,3,2.7519276006547253,"SwitchDetected",3
123456,"TwoPole",45,51,5,0.7,3,"TopSupport","multi-point",3,3,"one-point",1,"calibrated",5.592377796188898,0.0016332910850667766,3,3,,,,"",
123456,"TwoPole",46,51,5,0.7,3,"TopSupport","multi-point",3,3,"two-point",2,"calibrated",4.103343465045592,0.0052298669070898465,3,3,,,,"",
123456,"TwoPole",47,51,5,0.7,3,"TopSupport","two-point",2,2,"one-point",1,"degenerate",,,,,1,2,3.6333960188766286,"SwitchDetected",2
123456,"TwoPole",48,51,5,0.7,3,"TopSupport","multi-point",3,3,"one-point",1,"calibrated",6.7669172932330826,0.0024114961753909673,3,3,,,,"",
123456,"TwoPole",49,51,5,0.7,3,"TopSupport","multi-point",3,3,"two-point",2,"calibrated",2.158273381294964,0.0034096861195297033,3,3,,,,"",
123456,"TwoPole",50,51,5,0.7,3,"TopSupport","two-point",2,2,"one-point",1,"degenerate",,,,,1,2,1.000005950963148,"SwitchDetected",2
123456,"TwoPole",51,51,5,0.7,3,"TopSupport","multi-point",3,3,"one-point",1,"calibrated",9.890109890109892,0.002857571023670221,3,3,,,,"",
123456,"TwoPole",52,51,5,0.7,3,"TopSupport","two-point",2,2,"one-point",1,"degenerate",,,,,1,2,1.843322638559297,"SwitchDetected",2
123456,"TwoPole",53,51,5,0.7,3,"TopSupport","two-point",2,2,"one-point",1,"degenerate",,,,,1,3,7.471470102035,"SwitchDetected",3
123456,"TwoPole",54,51,5,0.7,3,"TopSupport","multi-point",3,3,"one-point",1,"calibrated",4.041916167664669,0.0015286341730309941,3,3,,,,"",
123456,"TwoPole",55,51,5,0.7,3,"TopSupport","two-point",2,2,"one-point",1,"degenerate",,,,,1,2,1.7053419179840246,"SwitchDetected",2
123456,"TwoPole",56,51,5,0.7,3,"TopSupport","multi-point",3,3,"one-point",1,"calibrated",4.9504950495049505,0.0002477934367479847,3,3,,,,"",
123456,"TwoPole",57,51,5,0.7,3,"TopSupport","two-point",2,2,"one-point",1,"degenerate",,,,,1,3,2.1983381642252806,"SwitchDetected",3
123456,"TwoPole",58,51,5,0.7,3,"TopSupport","two-point",2,2,"one-point",1,"degenerate",,,,,1,2,1.7764819444583744,"SwitchDetected",2
123456,"TwoPole",59,51,5,0.7,3,"TopSupport","multi-point",3,3,"one-point",1,"calibrated",20,0.00003866986352403305,3,2,,,,"",
123456,"TwoPole",60,51,5,0.7,3,"TopSupport","two-point",2,2,"one-point",1,"degenerate",,,,,1,2,2.753460732429966,"SwitchDetected",2
123456,"TwoPole",61,51,5,0.7,3,"TopSupport","multi-point",3,3,"one-point",1,"calibrated",13.6986301369863,0.0008628756349134403,3,3,,,,"",
123456,"TwoPole",62,51,5,0.7,3,"TopSupport","multi-point",3,3,"one-point",1,"calibrated",4.387390315242119,0.01582884909862952,3,3,,,,"",
123456,"TwoPole",63,51,5,0.7,3,"TopSupport","one-point",1,1,"one-point",1,"degenerate",,,,,1,1,,"NoSwitchDetected",
123456,"TwoPole",64,51,5,0.7,3,"TopSupport","two-point",2,2,"one-point",1,"degenerate",,,,,1,2,1.6698729300491004,"SwitchDetected",2
123456,"TwoPole",65,51,5,0.7,3,"TopSupport","two-point",2,2,"one-point",1,"degenerate",,,,,1,2,2.450076733131329,"SwitchDetected",2
123456,"TwoPole",66,51,5,0.7,3,"TopSupport","multi-point",3,3,"one-point",1,"degenerate",,,,,1,3,3.425701543280219,"SwitchDetected",3
123456,"TwoPole",67,51,5,0.7,3,"TopSupport","two-point",2,2,"one-point",1,"degenerate",,,,,1,3,2.774143271191384,"SwitchDetected",3
123456,"TwoPole",68,51,5,0.7,3,"TopSupport","multi-point",3,3,"one-point",1,"calibrated",4.9504950495049505,0.005607250385347413,3,3,,,,"",
123456,"TwoPole",69,51,5,0.7,3,"TopSupport","two-point",2,2,"one-point",1,"degenerate",,,,,1,2,1.0817834637142993,"SwitchDetected",2
123456,"TwoPole",70,51,5,0.7,3,"TopSupport","multi-point",3,3,"one-point",1,"calibrated",6.919528446950282,0.002275035718733671,3,3,,,,"",
123456,"TwoPole",71,51,5,0.7,3,"TopSupport","multi-point",3,3,"one-point",1,"calibrated",3.9823008849557513,0.001038471859435311,3,3,,,,"",
123456,"TwoPole",72,51,5,0.7,3,"TopSupport","one-point",1,1,"one-point",1,"degenerate",,,,,2,2,,"NoSwitchDetected",
123456,"TwoPole",73,51,5,0.7,3,"TopSupport","one-point",1,1,"one-point",1,"degenerate",,,,,1,1,,"NoSwitchDetected",
123456,"TwoPole",74,51,5,0.7,3,"TopSupport","multi-point",3,3,"one-point",1,"calibrated",4.041916167664669,0.004108248959900275,3,3,,,,"",
123456,"TwoPole",75,51,5,0.7,3,"TopSupport","one-point",1,1,"one-point",1,"degenerate",,,,,1,1,,"NoSwitchDetected",
123456,"TwoPole",76,51,5,0.7,3,"TopSupport","two-point",2,2,"one-point",1,"degenerate",,,,,1,2,3.044937169364409,"SwitchDetected",2
123456,"TwoPole",77,51,5,0.7,3,"TopSupport","multi-point",3,3,"one-point",1,"calibrated",9.64630225080386,0.0017194236372867408,3,3,,,,"",
123456,"TwoPole",78,51,5,0.7,3,"TopSupport","two-point",2,2,"one-point",1,"degenerate",,,,,1,4,8.728938851076869,"SwitchDetected",4
123456,"TwoPole",79,51,5,0.7,3,"TopSupport","two-point",2,2,"one-point",1,"degenerate",,,,,1,2,1.8880160131045647,"SwitchDetected",2
123456,"TwoPole",80,51,5,0.7,3,"TopSupport","one-point",1,1,"one-point",1,"degenerate",,,,,1,1,,"NoSwitchDetected",
123456,"TwoPole",81,51,5,0.7,3,"TopSupport","two-point",2,2,"one-point",1,"degenerate",,,,,1,2,1.2274546330063103,"SwitchDetected",2
123456,"TwoPole",82,51,5,0.7,3,"TopSupport","multi-point",3,3,"one-point",1,"degenerate",,,,,1,3,1.6910294879975767,"SwitchDetected",2
123456,"TwoPole",83,51,5,0.7,3,"TopSupport","multi-point",3,3,"one-point",1,"degenerate",,,,,1,3,1.909382972939822,"SwitchDetected",3
123456,"TwoPole",84,51,5,0.7,3,"TopSupport","two-point",2,2,"one-point",1,"degenerate",,,,,1,2,2.00001159674693,"SwitchDetected",2
123456,"TwoPole",85,51,5,0.7,3,"TopSupport","two-point",2,2,"one-point",1,"degenerate",,,,,1,2,1.3374906784230443,"SwitchDetected",2
123456,"TwoPole",86,51,5,0.7,3,"TopSupport","two-point",2,2,"one-point",1,"degenerate",,,,,1,2,1.647735244025024,"SwitchDetected",2
123456,"TwoPole",87,51,5,0.7,3,"TopSupport","multi-point",3,3,"one-point",1,"calibrated",4.9504950495049505,0.0007736177405339,3,2,,,,"",
123456,"TwoPole",88,51,5,0.7,3,"TopSupport","two-point",2,2,"two-point",2,"degenerate",,,,,1,2,2.9118168597999463,"SwitchDetected",2
123456,"TwoPole",89,51,5,0.7,3,"TopSupport","one-point",1,1,"one-point",1,"degenerate",,,,,2,2,,"NoSwitchDetected",
123456,"TwoPole",90,51,5,0.7,3,"TopSupport","two-point",2,2,"one-point",1,"degenerate",,,,,1,2,4.025800110571903,"SwitchDetected",2
123456,"TwoPole",91,51,5,0.7,3,"TopSupport","one-point",1,1,"one-point",1,"degenerate",,,,,1,1,,"NoSwitchDetected",
123456,"TwoPole",92,51,5,0.7,3,"TopSupport","multi-point",3,3,"one-point",1,"calibrated",4.3172369683402625,0.007645256247721298,3,3,,,,"",
123456,"TwoPole",93,51,5,0.7,3,"TopSupport","multi-point",3,3,"one-point",1,"calibrated",12.064343163538874,0.0024769956952489874,3,3,,,,"",
123456,"TwoPole",94,51,5,0.7,3,"TopSupport","two-point",2,2,"one-point",1,"degenerate",,,,,1,2,1.259394389184305,"SwitchDetected",2
123456,"TwoPole",95,51,5,0.7,3,"TopSupport","two-point",2,2,"one-point",1,"degenerate",,,,,1,2,1.4130472280677546,"SwitchDetected",2
123456,"TwoPole",96,51,5,0.7,3,"TopSupport","two-point",2,2,"one-point",1,"degenerate",,,,,1,3,8.153758870895501,"SwitchDetected",3
123456,"TwoPole",97,51,5,0.7,3,"TopSupport","two-point",2,2,"two-point",2,"degenerate",,,,,2,2,,"NoSwitchDetected",
123456,"TwoPole",98,51,5,0.7,3,"TopSupport","one-point",1,1,"one-point",1,"degenerate",,,,,2,2,,"NoSwitchDetected",
123456,"TwoPole",99,51,5,0.7,3,"TopSupport","multi-point",3,3,"one-point",1,"calibrated",4.775380261761585,0.0044604996997745575,3,3,,,,"",
123456,"TwoPole",100,51,5,0.7,3,"TopSupport","one-point",1,1,"one-point",1,"degenerate",,,,,1,1,,"NoSwitchDetected",
123456,"TwoPole",101,51,5,0.7,3,"TopSupport","multi-point",3,3,"one-point",1,"calibrated",6.873727087576374,0.01704562027885447,3,3,,,,"",
123456,"TwoPole",102,51,5,0.7,3,"TopSupport","multi-point",3,3,"one-point",1,"degenerate",,,,,1,3,1.3674431842129753,"SwitchDetected",3
123456,"TwoPole",103,51,5,0.7,3,"TopSupport","multi-point",3,3,"one-point",1,"calibrated",4.249291784702549,0.014040636350634817,3,3,,,,"",
123456,"TwoPole",104,51,5,0.7,3,"TopSupport","one-point",1,1,"one-point",1,"degenerate",,,,,1,1,,"NoSwitchDetected",
123456,"TwoPole",105,51,5,0.7,3,"TopSupport","two-point",2,2,"one-point",1,"degenerate",,,,,1,2,2.7519276006547253,"SwitchDetected",2
123456,"TwoPole",106,51,5,0.7,3,"TopSupport","two-point",2,2,"one-point",1,"degenerate",,,,,1,2,1.6151109082583686,"SwitchDetected",2
123456,"TwoPole",107,51,5,0.7,3,"TopSupport","multi-point",3,3,"one-point",1,"calibrated",6.346967559943582,0.003929256258470618,3,3,,,,"",
123456,"TwoPole",108,51,5,0.7,3,"TopSupport","multi-point",3,3,"one-point",1,"degenerate",,,,,1,3,2.360954901351886,"SwitchDetected",3
123456,"TwoPole",109,51,5,0.7,3,"TopSupport","two-point",2,2,"one-point",1,"degenerate",,,,,1,2,1.7405636912826008,"SwitchDetected",2
123456,"TwoPole",110,51,5,0.7,3,"TopSupport","two-point",2,2,"two-point",2,"degenerate",,,,,1,3,2.888889966423531,"SwitchDetected",3
123456,"TwoPole",111,51,5,0.7,3,"TopSupport","two-point",2,2,"one-point",1,"degenerate",,,,,1,2,1.000005950963148,"SwitchDetected",2
123456,"TwoPole",112,51,5,0.7,3,"TopSupport","two-point",2,2,"one-point",1,"degenerate",,,,,1,3,2.245576331811863,"SwitchDetected",3
123456,"TwoPole",113,51,5,0.7,3,"TopSupport","one-point",1,1,"one-point",1,"degenerate",,,,,1,2,5.837590355006663,"SwitchDetected",2
123456,"TwoPole",114,51,5,0.7,3,"TopSupport","two-point",2,2,"one-point",1,"degenerate",,,,,1,2,1.5445653388187528,"SwitchDetected",2
123456,"TwoPole",115,51,5,0.7,3,"TopSupport","two-point",2,2,"one-point",1,"degenerate",,,,,1,2,2.036070535478225,"SwitchDetected",2
123456,"TwoPole",116,51,5,0.7,3,"TopSupport","two-point",2,2,"one-point",1,"degenerate",,,,,1,3,2.169642354639326,"SwitchDetected",3
123456,"TwoPole",117,51,5,0.7,3,"TopSupport","multi-point",3,3,"one-point",1,"calibrated",6.919528446950282,0.005714619341664746,3,3,,,,"",
123456,"TwoPole",118,51,5,0.7,3,"TopSupport","two-point",2,2,"one-point",1,"degenerate",,,,,1,2,3.9660354955819646,"SwitchDetected",2
123456,"TwoPole",119,51,5,0.7,3,"TopSupport","two-point",2,2,"one-point",1,"degenerate",,,,,1,2,1.294315585407429,"SwitchDetected",2
123456,"TwoPole",120,51,5,0.7,3,"TopSupport","two-point",2,2,"two-point",2,"degenerate",,,,,2,2,,"NoSwitchDetected",
123456,"TwoPole",121,51,5,0.7,3,"TopSupport","two-point",2,2,"two-point",2,"degenerate",,,,,2,2,,"NoSwitchDetected",
123456,"TwoPole",122,51,5,0.7,3,"TopSupport","multi-point",3,3,"one-point",1,"calibrated",5.679427850231384,0.005179067561720619,3,2,,,,"",
123456,"TwoPole",123,51,5,0.7,3,"TopSupport","multi-point",3,3,"one-point",1,"calibrated",11.363636363636365,0.0031869679758661324,3,3,,,,"",
123456,"TwoPole",124,51,5,0.7,3,"TopSupport","two-point",2,2,"one-point",1,"degenerate",,,,,1,3,6.572825514630295,"SwitchDetected",3
123456,"TwoPole",125,51,5,0.7,3,"TopSupport","two-point",2,2,"one-point",1,"degenerate",,,,,1,2,3.687291402696602,"SwitchDetected",2
123456,"TwoPole",126,51,5,0.7,3,"TopSupport","multi-point",3,3,"one-point",1,"calibrated",4.387390315242119,0.012556337090509245,3,3,,,,"",
123456,"TwoPole",127,51,5,0.7,3,"TopSupport","two-point",2,2,"one-point",1,"degenerate",,,,,2,3,5.117892867545941,"SwitchDetected",3
123456,"TwoPole",128,51,5,0.7,3,"TopSupport","two-point",2,2,"one-point",1,"degenerate",,,,,2,3,1.553446662374714,"SwitchDetected",3
123456,"TwoPole",129,51,5,0.7,3,"TopSupport","two-point",2,2,"two-point",2,"degenerate",,,,,2,2,,"NoSwitchDetected",
123456,"TwoPole",130,51,5,0.7,3,"TopSupport","two-point",2,2,"one-point",1,"degenerate",,,,,1,2,5.482931514390439,"SwitchDetected",2
123456,"TwoPole",131,51,5,0.7,3,"TopSupport","two-point",2,2,"one-point",1,"degenerate",,,,,1,2,1.2070956654995275,"SwitchDetected",2
123456,"TwoPole",132,51,5,0.7,3,"TopSupport","two-point",2,2,"one-point",1,"degenerate",,,,,1,2,1.2389571253835348,"SwitchDetected",2
123456,"TwoPole",133,51,5,0.7,3,"TopSupport","two-point",2,2,"one-point",1,"degenerate",,,,,1,2,1.8216811635454737,"SwitchDetected",2
123456,"TwoPole",134,51,5,0.7,3,"TopSupport","multi-point",3,3,"one-point",1,"degenerate",,,,,1,3,1.7047191138665283,"SwitchDetected",3
123456,"TwoPole",135,51,5,0.7,3,"TopSupport","multi-point",3,3,"one-point",1,"calibrated",3.658536585365854,0.0020007965867887634,3,3,,,,"",
123456,"TwoPole",136,51,5,0.7,3,"TopSupport","multi-point",3,3,"one-point",1,"degenerate",,,,,1,3,3.064036377951431,"SwitchDetected",3
123456,"TwoPole",137,51,5,0.7,3,"TopSupport","two-point",2,2,"one-point",1,"degenerate",,,,,1,2,1.5286319937899329,"SwitchDetected",2
123456,"TwoPole",138,51,5,0.7,3,"TopSupport","two-point",2,2,"two-point",2,"degenerate",,,,,2,2,,"NoSwitchDetected",
123456,"TwoPole",139,51,5,0.7,3,"TopSupport","multi-point",3,3,"one-point",1,"calibrated",7.246376811594202,0.005792434486072478,3,3,,,,"",
123456,"TwoPole",140,51,5,0.7,3,"TopSupport","one-point",1,1,"one-point",1,"degenerate",,,,,1,1,,"NoSwitchDetected",
123456,"TwoPole",141,51,5,0.7,3,"TopSupport","one-point",1,1,"one-point",1,"degenerate",,,,,1,1,,"NoSwitchDetected",
123456,"TwoPole",142,51,5,0.7,3,"TopSupport","two-point",2,2,"one-point",1,"degenerate",,,,,1,2,1.000005950963148,"SwitchDetected",2
123456,"TwoPole",143,51,5,0.7,3,"TopSupport","multi-point",3,3,"one-point",1,"calibrated",3.7087912087912085,0.002728110046691937,3,3,,,,"",
123456,"TwoPole",144,51,5,0.7,3,"TopSupport","two-point",2,2,"one-point",1,"degenerate",,,,,1,3,4.573661804731664,"SwitchDetected",3
123456,"TwoPole",145,51,5,0.7,3,"TopSupport","multi-point",3,3,"one-point",1,"degenerate",,,,,1,3,2.4271450935456005,"SwitchDetected",3
123456,"TwoPole",146,51,5,0.7,3,"TopSupport","multi-point",3,3,"one-point",1,"calibrated",5.9628975265017665,0.006340274236757696,3,3,,,,"",
123456,"TwoPole",147,51,5,0.7,3,"TopSupport","two-point",2,2,"one-point",1,"degenerate",,,,,1,2,2.615627030487445,"SwitchDetected",2
123456,"TwoPole",148,51,5,0.7,3,"TopSupport","multi-point",3,3,"one-point",1,"calibrated",5.834053586862576,0.001922361460898823,3,3,,,,"",
123456,"TwoPole",149,51,5,0.7,3,"TopSupport","two-point",2,2,"one-point",1,"degenerate",,,,,1,3,5.621036344267894,"SwitchDetected",3
123456,"TwoPole",150,51,5,0.7,3,"TopSupport","two-point",2,2,"one-point",1,"degenerate",,,,,1,2,3.0552899509137768,"SwitchDetected",2
123456,"TwoPole",151,51,5,0.7,3,"TopSupport","two-point",2,2,"one-point",1,"degenerate",,,,,1,2,1.7021117447164829,"SwitchDetected",2
123456,"TwoPole",152,51,5,0.7,3,"TopSupport","two-point",2,2,"one-point",1,"degenerate",,,,,1,3,4.95038735330731,"SwitchDetected",3
123456,"TwoPole",153,51,5,0.7,3,"TopSupport","two-point",2,2,"one-point",1,"degenerate",,,,,1,2,2.0578629512761633,"SwitchDetected",2
123456,"TwoPole",154,51,5,0.7,3,"TopSupport","two-point",2,2,"two-point",2,"degenerate",,,,,2,2,,"NoSwitchDetected",
123456,"TwoPole",155,51,5,0.7,3,"TopSupport","two-point",2,2,"one-point",1,"degenerate",,,,,1,3,3.199682843936856,"SwitchDetected",3
123456,"TwoPole",156,51,5,0.7,3,"TopSupport","multi-point",3,3,"one-point",1,"degenerate",,,,,1,3,2.133013936715206,"SwitchDetected",3
123456,"TwoPole",157,51,5,0.7,3,"TopSupport","multi-point",3,3,"one-point",1,"calibrated",7.936507936507937,0.005770254072474445,3,3,,,,"",
123456,"TwoPole",158,51,5,0.7,3,"TopSupport","one-point",1,1,"one-point",1,"degenerate",,,,,1,1,,"NoSwitchDetected",
123456,"TwoPole",159,51,5,0.7,3,"TopSupport","two-point",2,2,"two-point",2,"degenerate",,,,,1,3,2.7097261289526315,"SwitchDetected",2
123456,"TwoPole",160,51,5,0.7,3,"TopSupport","two-point",2,2,"one-point",1,"degenerate",,,,,1,2,3.376485674820566,"SwitchDetected",2
123456,"TwoPole",161,51,5,0.7,3,"TopSupport","two-point",2,2,"two-point",2,"degenerate",,,,,2,1,4.8896004966000515,"SwitchDetected",1
123456,"TwoPole",162,51,5,0.7,3,"TopSupport","two-point",2,2,"one-point",1,"degenerate",,,,,1,3,2.499456523811885,"SwitchDetected",3
123456,"TwoPole",163,51,5,0.7,3,"TopSupport","one-point",1,1,"one-point",1,"degenerate",,,,,2,2,,"NoSwitchDetected",
123456,"TwoPole",164,51,5,0.7,3,"TopSupport","two-point",2,2,"one-point",1,"degenerate",,,,,1,2,1.0416108730849856,"SwitchDetected",2
123456,"TwoPole",165,51,5,0.7,3,"TopSupport","two-point",2,2,"two-point",2,"degenerate",,,,,2,2,,"NoSwitchDetected",
123456,"TwoPole",166,51,5,0.7,3,"TopSupport","two-point",2,2,"one-point",1,"degenerate",,,,,1,3,4.699656145458719,"SwitchDetected",3
123456,"TwoPole",167,51,5,0.7,3,"TopSupport","two-point",2,2,"one-point",1,"degenerate",,,,,1,2,1.6309591565878572,"SwitchDetected",2
123456,"TwoPole",168,51,5,0.7,3,"TopSupport","two-point",2,2,"one-point",1,"degenerate",,,,,1,2,2.2665664161094443,"SwitchDetected",2
123456,"TwoPole",169,51,5,0.7,3,"TopSupport","two-point",2,2,"one-point",1,"degenerate",,,,,1,2,1.5458441286417068,"SwitchDetected",2
123456,"TwoPole",170,51,5,0.7,3,"TopSupport","multi-point",3,3,"one-point",1,"degenerate",,,,,1,3,5.167626949313321,"SwitchDetected",3
123456,"TwoPole",171,51,5,0.7,3,"TopSupport","two-point",2,2,"one-point",1,"degenerate",,,,,1,3,4.626549572191005,"SwitchDetected",3
123456,"TwoPole",172,51,5,0.7,3,"TopSupport","two-point",2,2,"one-point",1,"degenerate",,,,,1,2,1.2648069999779987,"SwitchDetected",2
123456,"TwoPole",173,51,5,0.7,3,"TopSupport","two-point",2,2,"two-point",2,"degenerate",,,,,2,2,,"NoSwitchDetected",
123456,"TwoPole",174,51,5,0.7,3,"TopSupport","multi-point",3,3,"one-point",1,"degenerate",,,,,1,2,2.663005251162241,"SwitchDetected",2
123456,"TwoPole",175,51,5,0.7,3,"TopSupport","multi-point",3,3,"one-point",1,"degenerate",,,,,1,3,2.7331287601581096,"SwitchDetected",3
123456,"TwoPole",176,51,5,0.7,3,"TopSupport","multi-point",3,3,"one-point",1,"calibrated",3.2902754082378745,0.0003315803473884526,3,3,,,,"",
123456,"TwoPole",177,51,5,0.7,3,"TopSupport","multi-point",3,3,"two-point",2,"calibrated",5.450141299959628,0.02086369082262612,3,3,,,,"",
123456,"TwoPole",178,51,5,0.7,3,"TopSupport","two-point",2,2,"one-point",1,"degenerate",,,,,1,2,1.7875178687689783,"SwitchDetected",2
123456,"TwoPole",179,51,5,0.7,3,"TopSupport","multi-point",3,3,"one-point",1,"calibrated",3.9823008849557513,0.00203008528190326,3,3,,,,"",
123456,"TwoPole",180,51,5,0.7,3,"TopSupport","two-point",2,2,"one-point",1,"degenerate",,,,,1,2,1.4697633904312426,"SwitchDetected",2
123456,"TwoPole",181,51,5,0.7,3,"TopSupport","two-point",2,2,"one-point",1,"degenerate",,,,,1,2,3.6699775386353957,"SwitchDetected",2
123456,"TwoPole",182,51,5,0.7,3,"TopSupport","two-point",2,2,"one-point",1,"degenerate",,,,,1,2,2.515658569672142,"SwitchDetected",2
123456,"TwoPole",183,51,5,0.7,3,"TopSupport","two-point",2,2,"one-point",1,"degenerate",,,,,1,2,1.68187305471836,"SwitchDetected",2
123456,"TwoPole",184,51,5,0.7,3,"TopSupport","multi-point",3,3,"one-point",1,"calibrated",4.103343465045592,0.010385951475395715,3,3,,,,"",
123456,"TwoPole",185,51,5,0.7,3,"TopSupport","multi-point",3,3,"one-point",1,"calibrated",3.1278962001853565,0.0017698977998367217,3,3,,,,"",
123456,"TwoPole",186,51,5,0.7,3,"TopSupport","two-point",2,2,"one-point",1,"degenerate",,,,,1,2,3.1564690855217408,"SwitchDetected",2
123456,"TwoPole",187,51,5,0.7,3,"TopSupport","multi-point",3,3,"one-point",1,"calibrated",6.481036965914546,0.0048747497446035605,3,3,,,,"",
123456,"TwoPole",188,51,5,0.7,3,"TopSupport","multi-point",3,3,"one-point",1,"calibrated",5.478896103896105,0.01069053977158225,3,3,,,,"",
123456,"TwoPole",189,51,5,0.7,3,"TopSupport","one-point",1,1,"one-point",1,"degenerate",,,,,1,1,,"NoSwitchDetected",
123456,"TwoPole",190,51,5,0.7,3,"TopSupport","two-point",2,2,"two-point",2,"degenerate",,,,,2,2,,"NoSwitchDetected",
123456,"TwoPole",191,51,5,0.7,3,"TopSupport","two-point",2,2,"one-point",1,"degenerate",,,,,1,2,3.489584387176885,"SwitchDetected",2
123456,"TwoPole",192,51,5,0.7,3,"TopSupport","two-point",2,2,"one-point",1,"degenerate",,,,,1,2,1.2125832152253797,"SwitchDetected",2
123456,"TwoPole",193,51,5,0.7,3,"TopSupport","two-point",2,2,"one-point",1,"degenerate",,,,,1,3,3.458557576307699,"SwitchDetected",3
123456,"TwoPole",194,51,5,0.7,3,"TopSupport","multi-point",3,3,"one-point",1,"degenerate",,,,,1,3,2.5323391408609783,"SwitchDetected",3
123456,"TwoPole",195,51,5,0.7,3,"TopSupport","two-point",2,2,"one-point",1,"degenerate",,,,,1,2,2.2606813710762075,"SwitchDetected",2
123456,"TwoPole",196,51,5,0.7,3,"TopSupport","multi-point",3,3,"one-point",1,"degenerate",,,,,1,3,2.3741976993438865,"SwitchDetected",3
123456,"TwoPole",197,51,5,0.7,3,"TopSupport","one-point",1,1,"one-point",1,"degenerate",,,,,1,1,,"NoSwitchDetected",
123456,"TwoPole",198,51,5,0.7,3,"TopSupport","one-point",1,1,"one-point",1,"degenerate",,,,,1,1,,"NoSwitchDetected",
123456,"TwoPole",199,51,5,0.7,3,"TopSupport","multi-point",3,3,"one-point",1,"calibrated",16.363636363636363,0.0028181751801450343,3,2,,,,"",
123456,"TwoPole",200,51,5,0.7,3,"TopSupport","two-point",2,2,"one-point",1,"degenerate",,,,,1,2,1.6359448557577216,"SwitchDetected",2
123456,"TwoPole",1,51,5,0.8,1,"TopSupport","multi-point",3,3,"one-point",1,"calibrated",5.0675675675675675,0.0460901538885162,3,3,,,,"",
123456,"TwoPole",2,51,5,0.8,1,"TopSupport","multi-point",3,3,"one-point",1,"calibrated",4.103343465045592,0.009431187586303824,3,3,,,,"",
123456,"TwoPole",3,51,5,0.8,1,"TopSupport","multi-point",3,3,"one-point",1,"calibrated",6.7669172932330826,0.021808041124224457,3,3,,,,"",
123456,"TwoPole",4,51,5,0.8,1,"TopSupport","multi-point",3,3,"one-point",1,"calibrated",3.3308660251665434,0.0023255892997828785,3,3,,,,"",
123456,"TwoPole",5,51,5,0.8,1,"TopSupport","multi-point",3,3,"one-point",1,"calibrated",3.760445682451253,0.010420846681291599,3,3,,,,"",
123456,"TwoPole",6,51,5,0.8,1,"TopSupport","multi-point",3,3,"one-point",1,"calibrated",7.936507936507937,0.013397350213384248,3,3,,,,"",
123456,"TwoPole",7,51,5,0.8,1,"TopSupport","multi-point",3,3,"one-point",1,"calibrated",5.164498852333589,0.011618257475092002,3,3,,,,"",
123456,"TwoPole",8,51,5,0.8,1,"TopSupport","multi-point",3,3,"one-point",1,"calibrated",4.4598612487611495,0.010449913849227062,3,3,,,,"",
123456,"TwoPole",9,51,5,0.8,1,"TopSupport","multi-point",3,3,"one-point",1,"calibrated",3.8681948424068757,0.014030920163850326,3,3,,,,"",
123456,"TwoPole",10,51,5,0.8,1,"TopSupport","multi-point",3,3,"one-point",1,"calibrated",4.317236968340262,0.027398881560897904,3,3,,,,"",
123456,"TwoPole",11,51,5,0.8,1,"TopSupport","multi-point",3,3,"one-point",1,"calibrated",5.369928400954653,0.05794782870306719,3,3,,,,"",
123456,"TwoPole",12,51,5,0.8,1,"TopSupport","multi-point",3,3,"one-point",1,"calibrated",5.265210608424336,0.02593584214650356,3,3,,,,"",
123456,"TwoPole",13,51,5,0.8,1,"TopSupport","multi-point",3,3,"one-point",1,"calibrated",4.612230953194397,0.020955780056102668,3,3,,,,"",
123456,"TwoPole",14,51,5,0.8,1,"TopSupport","multi-point",3,3,"one-point",1,"calibrated",4.4598612487611495,0.012001872107903735,3,3,,,,"",
123456,"TwoPole",15,51,5,0.8,1,"TopSupport","multi-point",3,3,"one-point",1,"calibrated",4.04191616766467,0.003599868264408656,3,3,,,,"",
123456,"TwoPole",16,51,5,0.8,1,"TopSupport","multi-point",3,3,"one-point",1,"calibrated",4.166666666666666,0.01344366299370831,3,3,,,,"",
123456,"TwoPole",17,51,5,0.8,1,"TopSupport","multi-point",3,3,"one-point",1,"degenerate",,,,,1,3,3.293628796334874,"SwitchDetected",3
123456,"TwoPole",18,51,5,0.8,1,"TopSupport","multi-point",3,3,"one-point",1,"degenerate",,,,,1,3,3.03175253764016,"SwitchDetected",3
123456,"TwoPole",19,51,5,0.8,1,"TopSupport","multi-point",3,3,"one-point",1,"degenerate",,,,,1,3,2.7493611771038156,"SwitchDetected",3
123456,"TwoPole",20,51,5,0.8,1,"TopSupport","multi-point",3,3,"one-point",1,"calibrated",4.692387904066736,0.03756282383227927,3,3,,,,"",
123456,"TwoPole",21,51,5,0.8,1,"TopSupport","two-point",2,2,"one-point",1,"degenerate",,,,,1,2,1.3597309585070017,"SwitchDetected",2
123456,"TwoPole",22,51,5,0.8,1,"TopSupport","multi-point",3,3,"one-point",1,"calibrated",5.0675675675675675,0.01243416198335201,3,3,,,,"",
123456,"TwoPole",23,51,5,0.8,1,"TopSupport","multi-point",3,3,"one-point",1,"calibrated",3.813559322033898,0.008665362730648994,3,3,,,,"",
123456,"TwoPole",24,51,5,0.8,1,"TopSupport","two-point",2,2,"one-point",1,"degenerate",,,,,1,2,1.6353876160113072,"SwitchDetected",2
123456,"TwoPole",25,51,5,0.8,1,"TopSupport","multi-point",3,3,"one-point",1,"calibrated",5.478896103896105,0.02466886085977376,3,3,,,,"",
123456,"TwoPole",26,51,5,0.8,1,"TopSupport","multi-point",3,3,"one-point",1,"degenerate",,,,,1,3,2.851486527056838,"SwitchDetected",3
123456,"TwoPole",27,51,5,0.8,1,"TopSupport","multi-point",3,3,"one-point",1,"calibrated",5.834053586862576,0.03967007224061259,3,3,,,,"",
123456,"TwoPole",28,51,5,0.8,1,"TopSupport","multi-point",3,3,"one-point",1,"degenerate",,,,,1,3,3.3375228914877284,"SwitchDetected",3
123456,"TwoPole",29,51,5,0.8,1,"TopSupport","two-point",2,2,"one-point",1,"degenerate",,,,,1,2,1.257678901542142,"SwitchDetected",2
123456,"TwoPole",30,51,5,0.8,1,"TopSupport","multi-point",3,3,"one-point",1,"calibrated",5.9628975265017665,0.011342255176488398,3,3,,,,"",
123456,"TwoPole",31,51,5,0.8,1,"TopSupport","multi-point",3,3,"one-point",1,"calibrated",5.369928400954653,0.01343299728416489,3,3,,,,"",
123456,"TwoPole",32,51,5,0.8,1,"TopSupport","multi-point",3,3,"one-point",1,"calibrated",4.387390315242119,0.010027084502940249,3,3,,,,"",
123456,"TwoPole",33,51,5,0.8,1,"TopSupport","multi-point",3,3,"one-point",1,"degenerate",,,,,1,3,2.011840313858877,"SwitchDetected",2
123456,"TwoPole",34,51,5,0.8,1,"TopSupport","multi-point",3,3,"one-point",1,"calibrated",5.9628975265017665,0.02638975812627039,3,3,,,,"",
123456,"TwoPole",35,51,5,0.8,1,"TopSupport","two-point",2,2,"one-point",1,"degenerate",,,,,1,2,1.664711599180853,"SwitchDetected",2
123456,"TwoPole",36,51,5,0.8,1,"TopSupport","two-point",2,2,"one-point",1,"degenerate",,,,,1,2,1.3561426416390585,"SwitchDetected",2
123456,"TwoPole",37,51,5,0.8,1,"TopSupport","two-point",2,2,"one-point",1,"degenerate",,,,,1,2,1.5567134097168693,"SwitchDetected",2
123456,"TwoPole",38,51,5,0.8,1,"TopSupport","two-point",2,2,"one-point",1,"degenerate",,,,,1,2,1.6582555372390155,"SwitchDetected",2
123456,"TwoPole",39,51,5,0.8,1,"TopSupport","multi-point",3,3,"one-point",1,"calibrated",6.7669172932330826,0.03390175388525439,3,3,,,,"",
123456,"TwoPole",40,51,5,0.8,1,"TopSupport","multi-point",3,3,"one-point",1,"calibrated",3.4151277510751323,0.010850412027615254,3,3,,,,"",
123456,"TwoPole",41,51,5,0.8,1,"TopSupport","multi-point",3,3,"one-point",1,"calibrated",4.3172369683402625,0.010120058794233278,3,3,,,,"",
123456,"TwoPole",42,51,5,0.8,1,"TopSupport","multi-point",3,3,"one-point",1,"calibrated",4.249291784702549,0.020399086130459376,3,3,,,,"",
123456,"TwoPole",43,51,5,0.8,1,"TopSupport","multi-point",3,3,"one-point",1,"calibrated",4.9504950495049505,0.026281943587769852,3,3,,,,"",
123456,"TwoPole",44,51,5,0.8,1,"TopSupport","multi-point",3,3,"one-point",1,"degenerate",,,,,1,3,2.610588306527427,"SwitchDetected",2
123456,"TwoPole",45,51,5,0.8,1,"TopSupport","multi-point",3,3,"one-point",1,"calibrated",4.612230953194397,0.008470868386699328,3,3,,,,"",
123456,"TwoPole",46,51,5,0.8,1,"TopSupport","multi-point",3,3,"one-point",1,"degenerate",,,,,1,3,3.1015881820100697,"SwitchDetected",3
123456,"TwoPole",47,51,5,0.8,1,"TopSupport","multi-point",3,3,"one-point",1,"calibrated",4.368932038834951,0.03419454875052437,3,3,,,,"",
123456,"TwoPole",48,51,5,0.8,1,"TopSupport","multi-point",3,3,"one-point",1,"calibrated",5.0675675675675675,0.014238004585470374,3,3,,,,"",
123456,"TwoPole",49,51,5,0.8,1,"TopSupport","multi-point",3,3,"one-point",1,"calibrated",2.9893711248892822,0.015231082217085516,3,3,,,,"",
123456,"TwoPole",50,51,5,0.8,1,"TopSupport","two-point",2,2,"one-point",1,"degenerate",,,,,1,2,1.2800295006798985,"SwitchDetected",2
123456,"TwoPole",51,51,5,0.8,1,"TopSupport","multi-point",3,3,"one-point",1,"calibrated",4.775380261761585,0.006523290132433905,3,3,,,,"",
123456,"TwoPole",52,51,5,0.8,1,"TopSupport","multi-point",3,3,"one-point",1,"calibrated",5.369928400954653,0.020200621181150364,3,3,,,,"",
123456,"TwoPole",53,51,5,0.8,1,"TopSupport","multi-point",3,3,"one-point",1,"calibrated",7.079181961195594,0.019884325091326666,3,3,,,,"",
123456,"TwoPole",54,51,5,0.8,1,"TopSupport","multi-point",3,3,"one-point",1,"calibrated",6.7669172932330826,0.017842260702903227,3,3,,,,"",
123456,"TwoPole",55,51,5,0.8,1,"TopSupport","multi-point",3,3,"one-point",1,"calibrated",5.592377796188898,0.01708786359899967,3,3,,,,"",
123456,"TwoPole",56,51,5,0.8,1,"TopSupport","multi-point",3,3,"one-point",1,"calibrated",6.7669172932330826,0.010778713635784889,3,3,,,,"",
123456,"TwoPole",57,51,5,0.8,1,"TopSupport","two-point",2,2,"one-point",1,"degenerate",,,,,1,2,1.799944081327063,"SwitchDetected",2
123456,"TwoPole",58,51,5,0.8,1,"TopSupport","multi-point",3,3,"one-point",1,"calibrated",6.7669172932330826,0.03998454740738835,3,3,,,,"",
123456,"TwoPole",59,51,5,0.8,1,"TopSupport","multi-point",3,3,"one-point",1,"degenerate",,,,,1,3,2.691023406844831,"SwitchDetected",3
123456,"TwoPole",60,51,5,0.8,1,"TopSupport","multi-point",3,3,"one-point",1,"calibrated",4.775380261761585,0.022987639870569683,3,3,,,,"",
123456,"TwoPole",61,51,5,0.8,1,"TopSupport","multi-point",3,3,"one-point",1,"calibrated",4.775380261761585,0.013180862484248119,3,3,,,,"",
123456,"TwoPole",62,51,5,0.8,1,"TopSupport","multi-point",3,3,"one-point",1,"calibrated",4.4598612487611495,0.023889588200017145,3,3,,,,"",
123456,"TwoPole",63,51,5,0.8,1,"TopSupport","multi-point",3,3,"one-point",1,"calibrated",5.164498852333589,0.025942494959274757,3,3,,,,"",
123456,"TwoPole",64,51,5,0.8,1,"TopSupport","multi-point",3,3,"one-point",1,"degenerate",,,,,1,3,3.194634013180986,"SwitchDetected",2
123456,"TwoPole",65,51,5,0.8,1,"TopSupport","multi-point",3,3,"one-point",1,"calibrated",5.834053586862576,0.012886208146066681,3,3,,,,"",
123456,"TwoPole",66,51,5,0.8,1,"TopSupport","multi-point",3,3,"one-point",1,"calibrated",4.861361181130716,0.008233871359342355,3,3,,,,"",
123456,"TwoPole",67,51,5,0.8,1,"TopSupport","multi-point",3,3,"one-point",1,"degenerate",,,,,1,3,2.1985107317287547,"SwitchDetected",2
123456,"TwoPole",68,51,5,0.8,1,"TopSupport","multi-point",3,3,"one-point",1,"calibrated",4.974207811348563,0.01642786374457046,3,3,,,,"",
123456,"TwoPole",69,51,5,0.8,1,"TopSupport","multi-point",3,3,"one-point",1,"calibrated",6.919528446950282,0.03466208983660176,3,3,,,,"",
123456,"TwoPole",70,51,5,0.8,1,"TopSupport","two-point",2,2,"one-point",1,"degenerate",,,,,1,2,1.9339952128188564,"SwitchDetected",2
123456,"TwoPole",71,51,5,0.8,1,"TopSupport","multi-point",3,3,"one-point",1,"calibrated",4.3172369683402625,0.022028581493833275,3,3,,,,"",
123456,"TwoPole",72,51,5,0.8,1,"TopSupport","multi-point",3,3,"one-point",1,"calibrated",7.079181961195594,0.01657746004350294,3,3,,,,"",
123456,"TwoPole",73,51,5,0.8,1,"TopSupport","multi-point",3,3,"one-point",1,"calibrated",5.265210608424336,0.01063278836315371,3,3,,,,"",
123456,"TwoPole",74,51,5,0.8,1,"TopSupport","multi-point",3,3,"one-point",1,"calibrated",4.3172369683402625,0.011595803022620274,3,3,,,,"",
123456,"TwoPole",75,51,5,0.8,1,"TopSupport","multi-point",3,3,"one-point",1,"calibrated",3.4151277510751323,0.0019637954581095945,3,3,,,,"",
123456,"TwoPole",76,51,5,0.8,1,"TopSupport","multi-point",3,3,"one-point",1,"calibrated",4.612230953194397,0.021832094624862786,3,3,,,,"",
123456,"TwoPole",77,51,5,0.8,1,"TopSupport","multi-point",3,3,"one-point",1,"calibrated",5.164498852333589,0.028654802143496954,3,3,,,,"",
123456,"TwoPole",78,51,5,0.8,1,"TopSupport","multi-point",3,3,"one-point",1,"degenerate",,,,,1,3,3.9055669943355698,"SwitchDetected",3
123456,"TwoPole",79,51,5,0.8,1,"TopSupport","multi-point",3,3,"one-point",1,"degenerate",,,,,1,3,2.8357513404005,"SwitchDetected",2
123456,"TwoPole",80,51,5,0.8,1,"TopSupport","multi-point",3,3,"one-point",1,"calibrated",4.692387904066736,0.013956474541395123,3,3,,,,"",
123456,"TwoPole",81,51,5,0.8,1,"TopSupport","multi-point",3,3,"one-point",1,"calibrated",4.612230953194397,0.0054954878840610425,3,3,,,,"",
123456,"TwoPole",82,51,5,0.8,1,"TopSupport","multi-point",3,3,"one-point",1,"calibrated",4.166666666666666,0.005783197625483997,3,3,,,,"",
123456,"TwoPole",83,51,5,0.8,1,"TopSupport","multi-point",3,3,"one-point",1,"calibrated",3.597122302158273,0.0023861151948517466,3,3,,,,"",
123456,"TwoPole",84,51,5,0.8,1,"TopSupport","multi-point",3,3,"one-point",1,"calibrated",4.387390315242119,0.019678792015792246,3,3,,,,"",
123456,"TwoPole",85,51,5,0.8,1,"TopSupport","multi-point",3,3,"one-point",1,"calibrated",4.534766543500169,0.006049121114481825,3,3,,,,"",
123456,"TwoPole",86,51,5,0.8,1,"TopSupport","multi-point",3,3,"one-point",1,"degenerate",,,,,1,3,2.4610208189383243,"SwitchDetected",2
123456,"TwoPole",87,51,5,0.8,1,"TopSupport","multi-point",3,3,"one-point",1,"calibrated",3.458877786318216,0.006487055080020249,3,3,,,,"",
123456,"TwoPole",88,51,5,0.8,1,"TopSupport","multi-point",3,3,"one-point",1,"calibrated",4.775380261761585,0.011029669378608187,3,3,,,,"",
123456,"TwoPole",89,51,5,0.8,1,"TopSupport","two-point",2,2,"one-point",1,"degenerate",,,,,1,2,1.6531981903009314,"SwitchDetected",2
123456,"TwoPole",90,51,5,0.8,1,"TopSupport","multi-point",3,3,"one-point",1,"calibrated",4.9504950495049505,0.02322703284115364,3,3,,,,"",
123456,"TwoPole",91,51,5,0.8,1,"TopSupport","multi-point",3,3,"one-point",1,"calibrated",4.974207811348563,0.013302030431528085,3,3,,,,"",
123456,"TwoPole",92,51,5,0.8,1,"TopSupport","multi-point",3,3,"one-point",1,"calibrated",4.9504950495049505,0.018905597238552015,3,3,,,,"",
123456,"TwoPole",93,51,5,0.8,1,"TopSupport","multi-point",3,3,"one-point",1,"calibrated",6.7669172932330826,0.01477862246620332,3,3,,,,"",
123456,"TwoPole",94,51,5,0.8,1,"TopSupport","multi-point",3,3,"one-point",1,"degenerate",,,,,1,3,2.5511775099626175,"SwitchDetected",2
123456,"TwoPole",95,51,5,0.8,1,"TopSupport","multi-point",3,3,"one-point",1,"calibrated",4.612230953194397,0.006830010983266278,3,3,,,,"",
123456,"TwoPole",96,51,5,0.8,1,"TopSupport","multi-point",3,3,"one-point",1,"calibrated",2.795609857113274,0.0001730700266946974,3,3,,,,"",
123456,"TwoPole",97,51,5,0.8,1,"TopSupport","multi-point",3,3,"one-point",1,"degenerate",,,,,1,3,2.8980572456516542,"SwitchDetected",2
123456,"TwoPole",98,51,5,0.8,1,"TopSupport","multi-point",3,3,"one-point",1,"calibrated",4.3172369683402625,0.018568559507264576,3,3,,,,"",
123456,"TwoPole",99,51,5,0.8,1,"TopSupport","multi-point",3,3,"one-point",1,"calibrated",6.481036965914546,0.028084745983351495,3,3,,,,"",
123456,"TwoPole",100,51,5,0.8,1,"TopSupport","multi-point",3,3,"one-point",1,"calibrated",4.249291784702549,0.013894086073862616,3,3,,,,"",
123456,"TwoPole",101,51,5,0.8,1,"TopSupport","multi-point",3,3,"one-point",1,"calibrated",5.369928400954653,0.008029707321111863,3,3,,,,"",
123456,"TwoPole",102,51,5,0.8,1,"TopSupport","multi-point",3,3,"one-point",1,"calibrated",4.3172369683402625,0.012240654541164613,3,3,,,,"",
123456,"TwoPole",103,51,5,0.8,1,"TopSupport","multi-point",3,3,"one-point",1,"calibrated",4.103343465045592,0.005648707728782435,3,3,,,,"",
123456,"TwoPole",104,51,5,0.8,1,"TopSupport","multi-point",3,3,"one-point",1,"degenerate",,,,,1,3,2.8731825046964983,"SwitchDetected",3
123456,"TwoPole",105,51,5,0.8,1,"TopSupport","multi-point",3,3,"one-point",1,"calibrated",6.919528446950282,0.01784862051228258,3,3,,,,"",
123456,"TwoPole",106,51,5,0.8,1,"TopSupport","multi-point",3,3,"one-point",1,"calibrated",6.097560975609756,0.018262183025167373,3,3,,,,"",
123456,"TwoPole",107,51,5,0.8,1,"TopSupport","multi-point",3,3,"one-point",1,"calibrated",4.166666666666666,0.00644051194900067,3,3,,,,"",
123456,"TwoPole",108,51,5,0.8,1,"TopSupport","multi-point",3,3,"one-point",1,"calibrated",10.452961672473869,0.01987280264418461,3,3,,,,"",
123456,"TwoPole",109,51,5,0.8,1,"TopSupport","multi-point",3,3,"one-point",1,"calibrated",6.346967559943582,0.03477859326766213,3,3,,,,"",
123456,"TwoPole",110,51,5,0.8,1,"TopSupport","multi-point",3,3,"one-point",1,"calibrated",4.04191616766467,0.02109575340113367,3,3,,,,"",
123456,"TwoPole",111,51,5,0.8,1,"TopSupport","multi-point",3,3,"one-point",1,"calibrated",7.546115148127446,0.0449504449719717,3,3,,,,"",
123456,"TwoPole",112,51,5,0.8,1,"TopSupport","multi-point",3,3,"one-point",1,"degenerate",,,,,1,3,2.8205675565869486,"SwitchDetected",3
123456,"TwoPole",113,51,5,0.8,1,"TopSupport","multi-point",3,3,"one-point",1,"calibrated",4.534766543500169,0.01455173662585316,3,3,,,,"",
123456,"TwoPole",114,51,5,0.8,1,"TopSupport","multi-point",3,3,"one-point",1,"calibrated",4.9504950495049505,0.005273904026451033,3,3,,,,"",
123456,"TwoPole",115,51,5,0.8,1,"TopSupport","multi-point",3,3,"one-point",1,"degenerate",,,,,1,3,2.7951388740797105,"SwitchDetected",2
123456,"TwoPole",116,51,5,0.8,1,"TopSupport","multi-point",3,3,"one-point",1,"calibrated",4.3172369683402625,0.00872594216653472,3,3,,,,"",
123456,"TwoPole",117,51,5,0.8,1,"TopSupport","multi-point",3,3,"one-point",1,"calibrated",5.710659898477157,0.012093340877274945,3,3,,,,"",
123456,"TwoPole",118,51,5,0.8,1,"TopSupport","multi-point",3,3,"one-point",1,"degenerate",,,,,1,3,3.2187435230743096,"SwitchDetected",3
123456,"TwoPole",119,51,5,0.8,1,"TopSupport","multi-point",3,3,"one-point",1,"calibrated",5.9628975265017665,0.012181204726814757,3,3,,,,"",
123456,"TwoPole",120,51,5,0.8,1,"TopSupport","multi-point",3,3,"one-point",1,"degenerate",,,,,1,3,3.425701543280219,"SwitchDetected",3
123456,"TwoPole",121,51,5,0.8,1,"TopSupport","multi-point",3,3,"one-point",1,"calibrated",4.775380261761585,0.013427535733002621,3,3,,,,"",
123456,"TwoPole",122,51,5,0.8,1,"TopSupport","multi-point",3,3,"one-point",1,"calibrated",4.166666666666666,0.0035310162403963457,3,3,,,,"",
123456,"TwoPole",123,51,5,0.8,1,"TopSupport","multi-point",3,3,"one-point",1,"calibrated",9.414225941422595,0.024128966409937492,3,3,,,,"",
123456,"TwoPole",124,51,5,0.8,1,"TopSupport","multi-point",3,3,"one-point",1,"calibrated",6.481036965914546,0.033549444488202206,3,3,,,,"",
123456,"TwoPole",125,51,5,0.8,1,"TopSupport","multi-point",3,3,"one-point",1,"degenerate",,,,,1,3,2.664694385137303,"SwitchDetected",3
123456,"TwoPole",126,51,5,0.8,1,"TopSupport","multi-point",3,3,"one-point",1,"calibrated",4.692387904066736,0.018773279432673994,3,3,,,,"",
123456,"TwoPole",127,51,5,0.8,1,"TopSupport","multi-point",3,3,"one-point",1,"calibrated",8.057296329453894,0.02902396099078758,3,3,,,,"",
123456,"TwoPole",128,51,5,0.8,1,"TopSupport","two-point",2,2,"one-point",1,"degenerate",,,,,1,3,3.3830794406273075,"SwitchDetected",3
123456,"TwoPole",129,51,5,0.8,1,"TopSupport","multi-point",3,3,"one-point",1,"degenerate",,,,,1,3,2.743077951447822,"SwitchDetected",2
123456,"TwoPole",130,51,5,0.8,1,"TopSupport","multi-point",3,3,"one-point",1,"calibrated",2.7113878288813016,0.0015104778349542365,3,3,,,,"",
123456,"TwoPole",131,51,5,0.8,1,"TopSupport","multi-point",3,3,"one-point",1,"calibrated",4.775380261761585,0.007365420716442407,3,3,,,,"",
123456,"TwoPole",132,51,5,0.8,1,"TopSupport","multi-point",3,3,"one-point",1,"calibrated",3.5037633013236436,0.003162927932934262,3,3,,,,"",
123456,"TwoPole",133,51,5,0.8,1,"TopSupport","multi-point",3,3,"one-point",1,"calibrated",4.9504950495049505,0.022276656962810396,3,3,,,,"",
123456,"TwoPole",134,51,5,0.8,1,"TopSupport","multi-point",3,3,"one-point",1,"calibrated",8.22669104204753,0.041292563460756146,3,3,,,,"",
123456,"TwoPole",135,51,5,0.8,1,"TopSupport","multi-point",3,3,"one-point",1,"calibrated",4.534766543500169,0.009338902593947512,3,3,,,,"",
123456,"TwoPole",136,51,5,0.8,1,"TopSupport","multi-point",3,3,"one-point",1,"calibrated",3.9244186046511618,0.0034168725796008097,3,3,,,,"",
123456,"TwoPole",137,51,5,0.8,1,"TopSupport","multi-point",3,3,"one-point",1,"degenerate",,,,,1,3,2.6025827265961747,"SwitchDetected",3
123456,"TwoPole",138,51,5,0.8,1,"TopSupport","multi-point",3,3,"one-point",1,"calibrated",7.079181961195594,0.01362430251198937,3,3,,,,"",
123456,"TwoPole",139,51,5,0.8,1,"TopSupport","multi-point",3,3,"one-point",1,"degenerate",,,,,1,3,2.3862337151637405,"SwitchDetected",2
123456,"TwoPole",140,51,5,0.8,1,"TopSupport","multi-point",3,3,"one-point",1,"calibrated",6.481036965914546,0.017545633810037615,3,3,,,,"",
123456,"TwoPole",141,51,5,0.8,1,"TopSupport","multi-point",3,3,"one-point",1,"calibrated",9.414225941422595,0.015050426685878826,3,3,,,,"",
123456,"TwoPole",142,51,5,0.8,1,"TopSupport","multi-point",3,3,"one-point",1,"calibrated",5.265210608424336,0.026702172441932674,3,3,,,,"",
123456,"TwoPole",143,51,5,0.8,1,"TopSupport","multi-point",3,3,"one-point",1,"calibrated",5.369928400954653,0.03832265540161013,3,3,,,,"",
123456,"TwoPole",144,51,5,0.8,1,"TopSupport","multi-point",3,3,"one-point",1,"calibrated",4.183452122714595,0.014606058206327566,3,3,,,,"",
123456,"TwoPole",145,51,5,0.8,1,"TopSupport","two-point",2,2,"one-point",1,"degenerate",,,,,1,2,1.6335117161893034,"SwitchDetected",2
123456,"TwoPole",146,51,5,0.8,1,"TopSupport","multi-point",3,3,"one-point",1,"degenerate",,,,,1,3,2.947311235095023,"SwitchDetected",2
123456,"TwoPole",147,51,5,0.8,1,"TopSupport","multi-point",3,3,"one-point",1,"degenerate",,,,,1,3,2.2832894056082322,"SwitchDetected",3
123456,"TwoPole",148,51,5,0.8,1,"TopSupport","multi-point",3,3,"one-point",1,"calibrated",5.0675675675675675,0.017008404832481564,3,3,,,,"",
123456,"TwoPole",149,51,5,0.8,1,"TopSupport","multi-point",3,3,"one-point",1,"calibrated",4.861361181130716,0.022701560771451912,3,3,,,,"",
123456,"TwoPole",150,51,5,0.8,1,"TopSupport","multi-point",3,3,"one-point",1,"degenerate",,,,,1,3,2.790543593088874,"SwitchDetected",3
123456,"TwoPole",151,51,5,0.8,1,"TopSupport","multi-point",3,3,"one-point",1,"calibrated",3.853839566086211,0.000873674554957895,3,3,,,,"",
123456,"TwoPole",152,51,5,0.8,1,"TopSupport","multi-point",3,3,"one-point",1,"calibrated",5.710659898477157,0.03514958099978617,3,3,,,,"",
123456,"TwoPole",153,51,5,0.8,1,"TopSupport","multi-point",3,3,"one-point",1,"calibrated",2.7669604427136707,0.0042639276362094435,3,3,,,,"",
123456,"TwoPole",154,51,5,0.8,1,"TopSupport","multi-point",3,3,"one-point",1,"calibrated",5.0675675675675675,0.03254803714915412,3,3,,,,"",
123456,"TwoPole",155,51,5,0.8,1,"TopSupport","multi-point",3,3,"one-point",1,"calibrated",7.936507936507937,0.028445722933703538,3,3,,,,"",
123456,"TwoPole",156,51,5,0.8,1,"TopSupport","multi-point",3,3,"one-point",1,"calibrated",4.692387904066736,0.021511980972594887,3,3,,,,"",
123456,"TwoPole",157,51,5,0.8,1,"TopSupport","multi-point",3,3,"one-point",1,"calibrated",5.710659898477157,0.01705545268586777,3,3,,,,"",
123456,"TwoPole",158,51,5,0.8,1,"TopSupport","multi-point",3,3,"one-point",1,"calibrated",6.346967559943582,0.043312456638791894,3,3,,,,"",
123456,"TwoPole",159,51,5,0.8,1,"TopSupport","multi-point",3,3,"one-point",1,"calibrated",5.834053586862576,0.04057836436239843,3,3,,,,"",
123456,"TwoPole",160,51,5,0.8,1,"TopSupport","multi-point",3,3,"one-point",1,"calibrated",4.9504950495049505,0.017556827325301668,3,3,,,,"",
123456,"TwoPole",161,51,5,0.8,1,"TopSupport","multi-point",3,3,"one-point",1,"calibrated",3.458877786318216,0.008107724838263072,3,3,,,,"",
123456,"TwoPole",162,51,5,0.8,1,"TopSupport","multi-point",3,3,"one-point",1,"calibrated",5.834053586862576,0.008203822452368415,3,3,,,,"",
123456,"TwoPole",163,51,5,0.8,1,"TopSupport","multi-point",3,3,"one-point",1,"degenerate",,,,,1,3,3.456352318413083,"SwitchDetected",3
123456,"TwoPole",164,51,5,0.8,1,"TopSupport","two-point",2,2,"one-point",1,"degenerate",,,,,1,2,1.6556414360041887,"SwitchDetected",2
123456,"TwoPole",165,51,5,0.8,1,"TopSupport","multi-point",3,3,"one-point",1,"calibrated",4.9504950495049505,0.02735112104898437,3,3,,,,"",
123456,"TwoPole",166,51,5,0.8,1,"TopSupport","two-point",2,2,"one-point",1,"degenerate",,,,,1,3,3.2240544688889767,"SwitchDetected",3
123456,"TwoPole",167,51,5,0.8,1,"TopSupport","multi-point",3,3,"one-point",1,"calibrated",3.0228392297357813,0.003652681513858832,3,3,,,,"",
123456,"TwoPole",168,51,5,0.8,1,"TopSupport","multi-point",3,3,"one-point",1,"calibrated",6.481036965914546,0.017681547289428556,3,3,,,,"",
123456,"TwoPole",169,51,5,0.8,1,"TopSupport","multi-point",3,3,"one-point",1,"calibrated",5.592377796188898,0.021209964891063315,3,3,,,,"",
123456,"TwoPole",170,51,5,0.8,1,"TopSupport","multi-point",3,3,"one-point",1,"calibrated",3.597122302158273,0.013420863260112659,3,3,,,,"",
123456,"TwoPole",171,51,5,0.8,1,"TopSupport","multi-point",3,3,"one-point",1,"calibrated",4.861361181130716,0.0088328037121412,3,3,,,,"",
123456,"TwoPole",172,51,5,0.8,1,"TopSupport","multi-point",3,3,"one-point",1,"degenerate",,,,,1,3,3.751583529348459,"SwitchDetected",3
123456,"TwoPole",173,51,5,0.8,1,"TopSupport","multi-point",3,3,"one-point",1,"calibrated",5.9628975265017665,0.01773029143955417,3,3,,,,"",
123456,"TwoPole",174,51,5,0.8,1,"TopSupport","multi-point",3,3,"one-point",1,"calibrated",4.612230953194397,0.03187999073516523,3,3,,,,"",
123456,"TwoPole",175,51,5,0.8,1,"TopSupport","multi-point",3,3,"one-point",1,"calibrated",3.2902754082378745,0.005511027266645255,3,3,,,,"",
123456,"TwoPole",176,51,5,0.8,1,"TopSupport","two-point",2,2,"one-point",1,"degenerate",,,,,1,2,1.3929473538336237,"SwitchDetected",2
123456,"TwoPole",177,51,5,0.8,1,"TopSupport","multi-point",3,3,"one-point",1,"calibrated",3.9823008849557513,0.004029245483986761,3,3,,,,"",
123456,"TwoPole",178,51,5,0.8,1,"TopSupport","multi-point",3,3,"one-point",1,"calibrated",3.5498290823034444,0.016764997166661574,3,3,,,,"",
123456,"TwoPole",179,51,5,0.8,1,"TopSupport","multi-point",3,3,"one-point",1,"calibrated",4.4598612487611495,0.020641949515432925,3,3,,,,"",
123456,"TwoPole",180,51,5,0.8,1,"TopSupport","multi-point",3,3,"one-point",1,"calibrated",3.1645569620253164,0.0036354745180567473,3,3,,,,"",
123456,"TwoPole",181,51,5,0.8,1,"TopSupport","multi-point",3,3,"one-point",1,"calibrated",4.249291784702549,0.020686897044475235,3,3,,,,"",
123456,"TwoPole",182,51,5,0.8,1,"TopSupport","multi-point",3,3,"one-point",1,"calibrated",3.1645569620253164,0.00009080405307863636,3,3,,,,"",
123456,"TwoPole",183,51,5,0.8,1,"TopSupport","multi-point",3,3,"one-point",1,"calibrated",9.414225941422595,0.013947954579282273,3,3,,,,"",
123456,"TwoPole",184,51,5,0.8,1,"TopSupport","two-point",2,2,"one-point",1,"degenerate",,,,,1,2,1.824133247233294,"SwitchDetected",2
123456,"TwoPole",185,51,5,0.8,1,"TopSupport","multi-point",3,3,"one-point",1,"calibrated",5.478896103896105,0.029124465649203263,3,3,,,,"",
123456,"TwoPole",186,51,5,0.8,1,"TopSupport","multi-point",3,3,"one-point",1,"calibrated",6.346967559943582,0.02666291713715625,3,3,,,,"",
123456,"TwoPole",187,51,5,0.8,1,"TopSupport","multi-point",3,3,"one-point",1,"calibrated",3.9244186046511618,0.00922668459284948,3,3,,,,"",
123456,"TwoPole",188,51,5,0.8,1,"TopSupport","multi-point",3,3,"one-point",1,"calibrated",4.861361181130716,0.02901202319488372,3,3,,,,"",
123456,"TwoPole",189,51,5,0.8,1,"TopSupport","multi-point",3,3,"one-point",1,"degenerate",,,,,1,3,1.909382972939822,"SwitchDetected",2
123456,"TwoPole",190,51,5,0.8,1,"TopSupport","multi-point",3,3,"one-point",1,"calibrated",5.834053586862576,0.013749313323822452,3,3,,,,"",
123456,"TwoPole",191,51,5,0.8,1,"TopSupport","multi-point",3,3,"one-point",1,"degenerate",,,,,1,3,3.522649211091271,"SwitchDetected",3
123456,"TwoPole",192,51,5,0.8,1,"TopSupport","multi-point",3,3,"one-point",1,"calibrated",4.103343465045592,0.02039061887401989,3,3,,,,"",
123456,"TwoPole",193,51,5,0.8,1,"TopSupport","multi-point",3,3,"one-point",1,"calibrated",4.249291784702549,0.02885033623613212,3,3,,,,"",
123456,"TwoPole",194,51,5,0.8,1,"TopSupport","multi-point",3,3,"one-point",1,"calibrated",4.534766543500169,0.014232762312727364,3,3,,,,"",
123456,"TwoPole",195,51,5,0.8,1,"TopSupport","multi-point",3,3,"one-point",1,"calibrated",4.692387904066736,0.007837217591514161,3,3,,,,"",
123456,"TwoPole",196,51,5,0.8,1,"TopSupport","multi-point",3,3,"one-point",1,"calibrated",4.387390315242119,0.026595241479191675,3,3,,,,"",
123456,"TwoPole",197,51,5,0.8,1,"TopSupport","multi-point",3,3,"one-point",1,"calibrated",3.8681948424068757,0.007810648743031763,3,3,,,,"",
123456,"TwoPole",198,51,5,0.8,1,"TopSupport","multi-point",3,3,"one-point",1,"calibrated",4.4598612487611495,0.01044991384922702,3,3,,,,"",
123456,"TwoPole",199,51,5,0.8,1,"TopSupport","multi-point",3,3,"one-point",1,"calibrated",4.534766543500169,0.021166799337249374,3,3,,,,"",
123456,"TwoPole",200,51,5,0.8,1,"TopSupport","multi-point",3,3,"one-point",1,"calibrated",6.346967559943582,0.028863178705629752,3,3,,,,"",
123456,"TwoPole",1,51,5,0.8,2,"TopSupport","multi-point",3,3,"two-point",2,"calibrated",4.4598612487611495,0.0227051925103356,3,3,,,,"",
123456,"TwoPole",2,51,5,0.8,2,"TopSupport","multi-point",3,3,"one-point",1,"degenerate",,,,,1,3,2.6948642719536497,"SwitchDetected",3
123456,"TwoPole",3,51,5,0.8,2,"TopSupport","two-point",2,2,"two-point",2,"degenerate",,,,,2,2,,"NoSwitchDetected",
123456,"TwoPole",4,51,5,0.8,2,"TopSupport","two-point",2,2,"one-point",1,"degenerate",,,,,1,2,2.8201888617687465,"SwitchDetected",2
123456,"TwoPole",5,51,5,0.8,2,"TopSupport","two-point",2,2,"one-point",1,"degenerate",,,,,1,2,1.670520347613832,"SwitchDetected",2
123456,"TwoPole",6,51,5,0.8,2,"TopSupport","two-point",2,2,"one-point",1,"degenerate",,,,,1,2,2.289324091174736,"SwitchDetected",2
123456,"TwoPole",7,51,5,0.8,2,"TopSupport","two-point",2,2,"one-point",1,"degenerate",,,,,1,2,2.675683598454754,"SwitchDetected",2
123456,"TwoPole",8,51,5,0.8,2,"TopSupport","two-point",2,2,"one-point",1,"degenerate",,,,,1,3,5.5993096554257855,"SwitchDetected",3
123456,"TwoPole",9,51,5,0.8,2,"TopSupport","two-point",2,2,"one-point",1,"degenerate",,,,,1,3,1.51049435869447,"SwitchDetected",2
123456,"TwoPole",10,51,5,0.8,2,"TopSupport","multi-point",3,3,"one-point",1,"calibrated",4.861361181130716,0.008178763789543863,3,3,,,,"",
123456,"TwoPole",11,51,5,0.8,2,"TopSupport","multi-point",3,3,"one-point",1,"calibrated",5.9628975265017665,0.003973625607781505,3,3,,,,"",
123456,"TwoPole",12,51,5,0.8,2,"TopSupport","two-point",2,2,"one-point",1,"degenerate",,,,,1,2,1.456375621175225,"SwitchDetected",2
123456,"TwoPole",13,51,5,0.8,2,"TopSupport","two-point",2,2,"one-point",1,"degenerate",,,,,1,2,2.387623819549618,"SwitchDetected",2
123456,"TwoPole",14,51,5,0.8,2,"TopSupport","two-point",2,2,"one-point",1,"degenerate",,,,,1,2,1.764876807904028,"SwitchDetected",2
123456,"TwoPole",15,51,5,0.8,2,"TopSupport","two-point",2,2,"one-point",1,"degenerate",,,,,1,2,1.303623594600433,"SwitchDetected",2
123456,"TwoPole",16,51,5,0.8,2,"TopSupport","two-point",2,2,"one-point",1,"degenerate",,,,,1,2,3.3529059353740895,"SwitchDetected",2
123456,"TwoPole",17,51,5,0.8,2,"TopSupport","multi-point",3,3,"one-point",1,"calibrated",4.249291784702549,0.0036580540909745087,3,3,,,,"",
123456,"TwoPole",18,51,5,0.8,2,"TopSupport","two-point",2,2,"one-point",1,"degenerate",,,,,1,2,2.6886122894393525,"SwitchDetected",2
123456,"TwoPole",19,51,5,0.8,2,"TopSupport","two-point",2,2,"one-point",1,"degenerate",,,,,1,2,1.852630293456571,"SwitchDetected",2
123456,"TwoPole",20,51,5,0.8,2,"TopSupport","two-point",2,2,"one-point",1,"degenerate",,,,,1,2,3.407225172373278,"SwitchDetected",2
123456,"TwoPole",21,51,5,0.8,2,"TopSupport","two-point",2,2,"one-point",1,"degenerate",,,,,1,2,2.607428721024702,"SwitchDetected",2
123456,"TwoPole",22,51,5,0.8,2,"TopSupport","two-point",2,2,"one-point",1,"degenerate",,,,,1,2,1.5631428769738147,"SwitchDetected",2
123456,"TwoPole",23,51,5,0.8,2,"TopSupport","two-point",2,2,"one-point",1,"degenerate",,,,,1,2,1.4705479774804389,"SwitchDetected",2
123456,"TwoPole",24,51,5,0.8,2,"TopSupport","two-point",2,2,"one-point",1,"degenerate",,,,,1,2,1.8650703983252617,"SwitchDetected",2
123456,"TwoPole",25,51,5,0.8,2,"TopSupport","two-point",2,2,"one-point",1,"degenerate",,,,,1,2,2.384709852902381,"SwitchDetected",2
123456,"TwoPole",26,51,5,0.8,2,"TopSupport","two-point",2,2,"one-point",1,"degenerate",,,,,1,2,1.8732621103468465,"SwitchDetected",2
123456,"TwoPole",27,51,5,0.8,2,"TopSupport","two-point",2,2,"one-point",1,"degenerate",,,,,1,2,2.1094774234479154,"SwitchDetected",2
123456,"TwoPole",28,51,5,0.8,2,"TopSupport","one-point",1,1,"one-point",1,"degenerate",,,,,1,1,,"NoSwitchDetected",
123456,"TwoPole",29,51,5,0.8,2,"TopSupport","two-point",2,2,"one-point",1,"degenerate",,,,,1,2,1.000005950963148,"SwitchDetected",2
123456,"TwoPole",30,51,5,0.8,2,"TopSupport","one-point",1,1,"one-point",1,"degenerate",,,,,1,1,,"NoSwitchDetected",
123456,"TwoPole",31,51,5,0.8,2,"TopSupport","multi-point",3,3,"one-point",1,"calibrated",8.982035928143713,0.012743313931908503,3,3,,,,"",
123456,"TwoPole",32,51,5,0.8,2,"TopSupport","two-point",2,2,"one-point",1,"degenerate",,,,,1,2,2.094281661326253,"SwitchDetected",2
123456,"TwoPole",33,51,5,0.8,2,"TopSupport","two-point",2,2,"one-point",1,"degenerate",,,,,1,2,2.3694439493239225,"SwitchDetected",2
123456,"TwoPole",34,51,5,0.8,2,"TopSupport","one-point",1,1,"one-point",1,"degenerate",,,,,1,1,,"NoSwitchDetected",
123456,"TwoPole",35,51,5,0.8,2,"TopSupport","multi-point",3,3,"one-point",1,"degenerate",,,,,1,3,3.55191153173475,"SwitchDetected",3
123456,"TwoPole",36,51,5,0.8,2,"TopSupport","two-point",2,2,"one-point",1,"degenerate",,,,,1,2,1.5348171116557434,"SwitchDetected",2
123456,"TwoPole",37,51,5,0.8,2,"TopSupport","two-point",2,2,"one-point",1,"degenerate",,,,,1,2,3.821022503662961,"SwitchDetected",2
123456,"TwoPole",38,51,5,0.8,2,"TopSupport","two-point",2,2,"one-point",1,"degenerate",,,,,1,3,7.2136012310320465,"SwitchDetected",3
123456,"TwoPole",39,51,5,0.8,2,"TopSupport","multi-point",3,3,"one-point",1,"calibrated",8.147254073627037,0.028243843413669763,3,3,,,,"",
123456,"TwoPole",40,51,5,0.8,2,"TopSupport","two-point",2,2,"one-point",1,"degenerate",,,,,1,2,2.0770672581102163,"SwitchDetected",2
123456,"TwoPole",41,51,5,0.8,2,"TopSupport","multi-point",3,3,"one-point",1,"calibrated",7.936507936507937,0.004411089293492991,3,3,,,,"",
123456,"TwoPole",42,51,5,0.8,2,"TopSupport","two-point",2,2,"one-point",1,"degenerate",,,,,1,2,2.5011678426511406,"SwitchDetected",2
123456,"TwoPole",43,51,5,0.8,2,"TopSupport","multi-point",3,3,"one-point",1,"degenerate",,,,,1,3,3.5776226081991194,"SwitchDetected",3
123456,"TwoPole",44,51,5,0.8,2,"TopSupport","two-point",2,2,"one-point",1,"degenerate",,,,,1,2,3.9251810281319823,"SwitchDetected",2
123456,"TwoPole",45,51,5,0.8,2,"TopSupport","two-point",2,2,"one-point",1,"degenerate",,,,,1,2,1.87307418701075,"SwitchDetected",2
123456,"TwoPole",46,51,5,0.8,2,"TopSupport","two-point",2,2,"one-point",1,"degenerate",,,,,1,2,1.6674040770696066,"SwitchDetected",2
123456,"TwoPole",47,51,5,0.8,2,"TopSupport","two-point",2,2,"one-point",1,"degenerate",,,,,1,2,3.767480416989074,"SwitchDetected",2
123456,"TwoPole",48,51,5,0.8,2,"TopSupport","multi-point",3,3,"one-point",1,"degenerate",,,,,1,3,2.888790640699171,"SwitchDetected",3
123456,"TwoPole",49,51,5,0.8,2,"TopSupport","multi-point",3,3,"one-point",1,"calibrated",5.592377796188898,0.028678228690212304,3,3,,,,"",
123456,"TwoPole",50,51,5,0.8,2,"TopSupport","two-point",2,2,"one-point",1,"degenerate",,,,,1,2,2.016499753229858,"SwitchDetected",2
123456,"TwoPole",51,51,5,0.8,2,"TopSupport","multi-point",3,3,"one-point",1,"degenerate",,,,,1,3,4.91563257566666,"SwitchDetected",3
123456,"TwoPole",52,51,5,0.8,2,"TopSupport","two-point",2,2,"one-point",1,"degenerate",,,,,1,2,1.5185341289016185,"SwitchDetected",2
123456,"TwoPole",53,51,5,0.8,2,"TopSupport","multi-point",3,3,"one-point",1,"degenerate",,,,,1,3,3.8702164122782055,"SwitchDetected",3
123456,"TwoPole",54,51,5,0.8,2,"TopSupport","multi-point",3,3,"one-point",1,"calibrated",5.164498852333589,0.019450530487862903,3,3,,,,"",
123456,"TwoPole",55,51,5,0.8,2,"TopSupport","multi-point",3,3,"one-point",1,"calibrated",6.097560975609756,0.020785698606796986,3,3,,,,"",
123456,"TwoPole",56,51,5,0.8,2,"TopSupport","two-point",2,2,"one-point",1,"degenerate",,,,,1,2,1.000005950963148,"SwitchDetected",2
123456,"TwoPole",57,51,5,0.8,2,"TopSupport","two-point",2,2,"one-point",1,"degenerate",,,,,1,2,1.7590388415939036,"SwitchDetected",2
123456,"TwoPole",58,51,5,0.8,2,"TopSupport","two-point",2,2,"one-point",1,"degenerate",,,,,1,2,1.4182708850645709,"SwitchDetected",2
123456,"TwoPole",59,51,5,0.8,2,"TopSupport","two-point",2,2,"one-point",1,"degenerate",,,,,1,2,1.4331487372913452,"SwitchDetected",2
123456,"TwoPole",60,51,5,0.8,2,"TopSupport","two-point",2,2,"one-point",1,"degenerate",,,,,1,2,3.2260351114856625,"SwitchDetected",2
123456,"TwoPole",61,51,5,0.8,2,"TopSupport","one-point",1,1,"one-point",1,"degenerate",,,,,1,1,,"NoSwitchDetected",
123456,"TwoPole",62,51,5,0.8,2,"TopSupport","two-point",2,2,"one-point",1,"degenerate",,,,,1,2,1.9469242126715252,"SwitchDetected",2
123456,"TwoPole",63,51,5,0.8,2,"TopSupport","two-point",2,2,"one-point",1,"degenerate",,,,,1,2,1.6671559392175948,"SwitchDetected",2
123456,"TwoPole",64,51,5,0.8,2,"TopSupport","two-point",2,2,"one-point",1,"degenerate",,,,,1,2,3.2792955439089155,"SwitchDetected",2
123456,"TwoPole",65,51,5,0.8,2,"TopSupport","multi-point",3,3,"one-point",1,"calibrated",6.238447319778189,0.009229163044823439,3,3,,,,"",
123456,"TwoPole",66,51,5,0.8,2,"TopSupport","two-point",2,2,"one-point",1,"degenerate",,,,,1,2,1.6875481523902127,"SwitchDetected",2
123456,"TwoPole",67,51,5,0.8,2,"TopSupport","two-point",2,2,"one-point",1,"degenerate",,,,,1,3,6.277911782005034,"SwitchDetected",3
123456,"TwoPole",68,51,5,0.8,2,"TopSupport","two-point",2,2,"one-point",1,"degenerate",,,,,1,2,2.666385663294762,"SwitchDetected",2
123456,"TwoPole",69,51,5,0.8,2,"TopSupport","two-point",2,2,"one-point",1,"degenerate",,,,,1,2,2.346318232298967,"SwitchDetected",2
123456,"TwoPole",70,51,5,0.8,2,"TopSupport","two-point",2,2,"one-point",1,"degenerate",,,,,1,2,2.458932126479521,"SwitchDetected",2
123456,"TwoPole",71,51,5,0.8,2,"TopSupport","two-point",2,2,"one-point",1,"degenerate",,,,,1,2,1.5445653388187528,"SwitchDetected",2
123456,"TwoPole",72,51,5,0.8,2,"TopSupport","multi-point",3,3,"one-point",1,"calibrated",6.346967559943582,0.010047545568689592,3,3,,,,"",
123456,"TwoPole",73,51,5,0.8,2,"TopSupport","two-point",2,2,"one-point",1,"degenerate",,,,,1,3,6.188210899243283,"SwitchDetected",3
123456,"TwoPole",74,51,5,0.8,2,"TopSupport","two-point",2,2,"one-point",1,"degenerate",,,,,1,3,3.8390927144171014,"SwitchDetected",3
123456,"TwoPole",75,51,5,0.8,2,"TopSupport","one-point",1,1,"one-point",1,"degenerate",,,,,1,1,,"NoSwitchDetected",
123456,"TwoPole",76,51,5,0.8,2,"TopSupport","two-point",2,2,"one-point",1,"degenerate",,,,,1,2,2.0324259013974477,"SwitchDetected",2
123456,"TwoPole",77,51,5,0.8,2,"TopSupport","one-point",1,1,"one-point",1,"degenerate",,,,,1,1,,"NoSwitchDetected",
123456,"TwoPole",78,51,5,0.8,2,"TopSupport","two-point",2,2,"one-point",1,"degenerate",,,,,1,2,2.1822935726965564,"SwitchDetected",2
123456,"TwoPole",79,51,5,0.8,2,"TopSupport","two-point",2,2,"one-point",1,"degenerate",,,,,1,2,3.2036479037654204,"SwitchDetected",2
123456,"TwoPole",80,51,5,0.8,2,"TopSupport","two-point",2,2,"one-point",1,"degenerate",,,,,1,2,5.115867338415687,"SwitchDetected",2
123456,"TwoPole",81,51,5,0.8,2,"TopSupport","multi-point",3,3,"one-point",1,"calibrated",3.813559322033898,0.0058782013599403705,3,3,,,,"",
123456,"TwoPole",82,51,5,0.8,2,"TopSupport","multi-point",3,3,"one-point",1,"calibrated",6.873727087576376,0.008649703213387929,3,3,,,,"",
123456,"TwoPole",83,51,5,0.8,2,"TopSupport","two-point",2,2,"one-point",1,"degenerate",,,,,1,3,5.545720716908967,"SwitchDetected",3
123456,"TwoPole",84,51,5,0.8,2,"TopSupport","two-point",2,2,"one-point",1,"degenerate",,,,,1,2,1.000005950963148,"SwitchDetected",2
123456,"TwoPole",85,51,5,0.8,2,"TopSupport","multi-point",3,3,"one-point",1,"calibrated",8.403361344537814,0.01619207832425185,3,3,,,,"",
123456,"TwoPole",86,51,5,0.8,2,"TopSupport","multi-point",3,3,"one-point",1,"calibrated",5.710659898477157,0.018128449592937065,3,3,,,,"",
123456,"TwoPole",87,51,5,0.8,2,"TopSupport","two-point",2,2,"one-point",1,"degenerate",,,,,1,2,3.356388358961885,"SwitchDetected",2
123456,"TwoPole",88,51,5,0.8,2,"TopSupport","one-point",1,1,"one-point",1,"degenerate",,,,,1,1,,"NoSwitchDetected",
123456,"TwoPole",89,51,5,0.8,2,"TopSupport","one-point",1,1,"one-point",1,"degenerate",,,,,1,1,,"NoSwitchDetected",
123456,"TwoPole",90,51,5,0.8,2,"TopSupport","two-point",2,2,"one-point",1,"degenerate",,,,,1,2,2.760381018168493,"SwitchDetected",2
123456,"TwoPole",91,51,5,0.8,2,"TopSupport","two-point",2,2,"one-point",1,"degenerate",,,,,1,2,2.453725873561381,"SwitchDetected",2
123456,"TwoPole",92,51,5,0.8,2,"TopSupport","multi-point",3,3,"one-point",1,"degenerate",,,,,1,3,3.542626276604429,"SwitchDetected",2
123456,"TwoPole",93,51,5,0.8,2,"TopSupport","multi-point",3,3,"one-point",1,"degenerate",,,,,1,3,3.7800231406445928,"SwitchDetected",2
123456,"TwoPole",94,51,5,0.8,2,"TopSupport","two-point",2,2,"one-point",1,"degenerate",,,,,1,2,1.8940810545074314,"SwitchDetected",2
123456,"TwoPole",95,51,5,0.8,2,"TopSupport","one-point",1,1,"one-point",1,"degenerate",,,,,2,2,,"NoSwitchDetected",
123456,"TwoPole",96,51,5,0.8,2,"TopSupport","multi-point",3,3,"one-point",1,"calibrated",7.6056338028169,0.016725437363769042,3,3,,,,"",
123456,"TwoPole",97,51,5,0.8,2,"TopSupport","two-point",2,2,"one-point",1,"degenerate",,,,,1,2,1.7647655995654865,"SwitchDetected",2
123456,"TwoPole",98,51,5,0.8,2,"TopSupport","two-point",2,2,"one-point",1,"degenerate",,,,,1,2,1.9538512358848439,"SwitchDetected",2
123456,"TwoPole",99,51,5,0.8,2,"TopSupport","multi-point",3,3,"one-point",1,"calibrated",4.612230953194397,0.0009054090682147954,3,3,,,,"",
123456,"TwoPole",100,51,5,0.8,2,"TopSupport","two-point",2,2,"one-point",1,"degenerate",,,,,1,2,2.694302563073715,"SwitchDetected",2
123456,"TwoPole",101,51,5,0.8,2,"TopSupport","two-point",2,2,"one-point",1,"degenerate",,,,,1,2,2.2134535799916444,"SwitchDetected",2
123456,"TwoPole",102,51,5,0.8,2,"TopSupport","two-point",2,2,"one-point",1,"degenerate",,,,,1,3,7.193529160597603,"SwitchDetected",3
123456,"TwoPole",103,51,5,0.8,2,"TopSupport","two-point",2,2,"one-point",1,"degenerate",,,,,1,2,2.9373166866264606,"SwitchDetected",2
123456,"TwoPole",104,51,5,0.8,2,"TopSupport","two-point",2,2,"one-point",1,"degenerate",,,,,1,2,1.3573147138871464,"SwitchDetected",2
123456,"TwoPole",105,51,5,0.8,2,"TopSupport","multi-point",3,3,"one-point",1,"degenerate",,,,,1,3,4.065145545311089,"SwitchDetected",3
123456,"TwoPole",106,51,5,0.8,2,"TopSupport","two-point",2,2,"one-point",1,"degenerate",,,,,1,2,1.2829221558949309,"SwitchDetected",2
123456,"TwoPole",107,51,5,0.8,2,"TopSupport","two-point",2,2,"one-point",1,"degenerate",,,,,1,2,1.496784366533111,"SwitchDetected",2
123456,"TwoPole",108,51,5,0.8,2,"TopSupport","two-point",2,2,"one-point",1,"degenerate",,,,,1,3,6.402776203744594,"SwitchDetected",3
123456,"TwoPole",109,51,5,0.8,2,"TopSupport","two-point",2,2,"one-point",1,"degenerate",,,,,1,2,4.157884919673186,"SwitchDetected",2
123456,"TwoPole",110,51,5,0.8,2,"TopSupport","two-point",2,2,"one-point",1,"degenerate",,,,,1,2,1.9284908211593723,"SwitchDetected",2
123456,"TwoPole",111,51,5,0.8,2,"TopSupport","two-point",2,2,"one-point",1,"degenerate",,,,,1,2,3.1134260798841593,"SwitchDetected",2
123456,"TwoPole",112,51,5,0.8,2,"TopSupport","multi-point",3,3,"one-point",1,"degenerate",,,,,1,3,2.3674076856942627,"SwitchDetected",3
123456,"TwoPole",113,51,5,0.8,2,"TopSupport","multi-point",3,3,"one-point",1,"calibrated",5.834053586862576,0.0029147372828068653,3,3,,,,"",
123456,"TwoPole",114,51,5,0.8,2,"TopSupport","two-point",2,2,"one-point",1,"degenerate",,,,,1,2,2.381161731952171,"SwitchDetected",2
123456,"TwoPole",115,51,5,0.8,2,"TopSupport","multi-point",3,3,"one-point",1,"calibrated",7.736389684813753,0.015127719177520671,3,3,,,,"",
123456,"TwoPole",116,51,5,0.8,2,"TopSupport","two-point",2,2,"one-point",1,"degenerate",,,,,1,2,2.0273746309034184,"SwitchDetected",2
123456,"TwoPole",117,51,5,0.8,2,"TopSupport","two-point",2,2,"one-point",1,"degenerate",,,,,1,2,1.3338280372135092,"SwitchDetected",2
123456,"TwoPole",118,51,5,0.8,2,"TopSupport","two-point",2,2,"one-point",1,"degenerate",,,,,1,2,2.1893733079260556,"SwitchDetected",2
123456,"TwoPole",119,51,5,0.8,2,"TopSupport","one-point",1,1,"one-point",1,"degenerate",,,,,1,1,,"NoSwitchDetected",
123456,"TwoPole",120,51,5,0.8,2,"TopSupport","two-point",2,2,"one-point",1,"degenerate",,,,,1,2,1.8105522908310123,"SwitchDetected",2
123456,"TwoPole",121,51,5,0.8,2,"TopSupport","multi-point",3,3,"one-point",1,"calibrated",8.982035928143713,0.037293126884896104,3,3,,,,"",
123456,"TwoPole",122,51,5,0.8,2,"TopSupport","two-point",2,2,"one-point",1,"degenerate",,,,,1,2,2.4460823156564424,"SwitchDetected",2
123456,"TwoPole",123,51,5,0.8,2,"TopSupport","one-point",1,1,"one-point",1,"degenerate",,,,,2,2,,"NoSwitchDetected",
123456,"TwoPole",124,51,5,0.8,2,"TopSupport","two-point",2,2,"one-point",1,"degenerate",,,,,1,2,1.9642658041033305,"SwitchDetected",2
123456,"TwoPole",125,51,5,0.8,2,"TopSupport","two-point",2,2,"one-point",1,"degenerate",,,,,1,3,3.401707289980806,"SwitchDetected",3
123456,"TwoPole",126,51,5,0.8,2,"TopSupport","multi-point",3,3,"one-point",1,"calibrated",11.363636363636365,0.005786739171112671,3,3,,,,"",
123456,"TwoPole",127,51,5,0.8,2,"TopSupport","two-point",2,2,"one-point",1,"degenerate",,,,,1,2,4.577898173618689,"SwitchDetected",2
123456,"TwoPole",128,51,5,0.8,2,"TopSupport","one-point",1,1,"one-point",1,"degenerate",,,,,1,1,,"NoSwitchDetected",
123456,"TwoPole",129,51,5,0.8,2,"TopSupport","two-point",2,2,"one-point",1,"degenerate",,,,,1,3,2.3036982695196215,"SwitchDetected",2
123456,"TwoPole",130,51,5,0.8,2,"TopSupport","two-point",2,2,"one-point",1,"degenerate",,,,,1,2,3.629158641679284,"SwitchDetected",2
123456,"TwoPole",131,51,5,0.8,2,"TopSupport","two-point",2,2,"one-point",1,"degenerate",,,,,1,2,2.3371483409477767,"SwitchDetected",2
123456,"TwoPole",132,51,5,0.8,2,"TopSupport","two-point",2,2,"one-point",1,"degenerate",,,,,1,2,2.9270327571660633,"SwitchDetected",2
123456,"TwoPole",133,51,5,0.8,2,"TopSupport","two-point",2,2,"one-point",1,"degenerate",,,,,1,2,2.411782759963288,"SwitchDetected",2
123456,"TwoPole",134,51,5,0.8,2,"TopSupport","two-point",2,2,"one-point",1,"degenerate",,,,,1,2,1.7890022332500108,"SwitchDetected",2
123456,"TwoPole",135,51,5,0.8,2,"TopSupport","multi-point",3,3,"one-point",1,"calibrated",3.9823008849557513,0.0038216474993466336,3,3,,,,"",
123456,"TwoPole",136,51,5,0.8,2,"TopSupport","two-point",2,2,"one-point",1,"degenerate",,,,,1,2,1.5988523862266832,"SwitchDetected",2
123456,"TwoPole",137,51,5,0.8,2,"TopSupport","two-point",2,2,"one-point",1,"degenerate",,,,,1,2,1.7276080657912463,"SwitchDetected",2
123456,"TwoPole",138,51,5,0.8,2,"TopSupport","multi-point",3,3,"one-point",1,"calibrated",6.481036965914546,0.030044393341384663,3,3,,,,"",
123456,"TwoPole",139,51,5,0.8,2,"TopSupport","one-point",1,1,"one-point",1,"degenerate",,,,,1,1,,"NoSwitchDetected",
123456,"TwoPole",140,51,5,0.8,2,"TopSupport","one-point",1,1,"one-point",1,"degenerate",,,,,1,1,,"NoSwitchDetected",
123456,"TwoPole",141,51,5,0.8,2,"TopSupport","two-point",2,2,"one-point",1,"degenerate",,,,,1,2,1.9399789413296684,"SwitchDetected",2
123456,"TwoPole",142,51,5,0.8,2,"TopSupport","one-point",1,1,"one-point",1,"degenerate",,,,,1,1,,"NoSwitchDetected",
123456,"TwoPole",143,51,5,0.8,2,"TopSupport","two-point",2,2,"one-point",1,"degenerate",,,,,1,3,7.556812154364863,"SwitchDetected",3
123456,"TwoPole",144,51,5,0.8,2,"TopSupport","multi-point",3,3,"one-point",1,"degenerate",,,,,1,3,3.1365552070281506,"SwitchDetected",3
123456,"TwoPole",145,51,5,0.8,2,"TopSupport","multi-point",3,3,"one-point",1,"calibrated",4.861361181130716,0.014929375954944864,3,3,,,,"",
123456,"TwoPole",146,51,5,0.8,2,"TopSupport","two-point",2,2,"one-point",1,"degenerate",,,,,1,2,1.9665645615079559,"SwitchDetected",2
123456,"TwoPole",147,51,5,0.8,2,"TopSupport","two-point",2,2,"one-point",1,"degenerate",,,,,1,3,6.38598699923118,"SwitchDetected",3
123456,"TwoPole",148,51,5,0.8,2,"TopSupport","one-point",1,1,"one-point",1,"degenerate",,,,,1,1,,"NoSwitchDetected",
123456,"TwoPole",149,51,5,0.8,2,"TopSupport","multi-point",3,3,"one-point",1,"calibrated",7.736389684813753,0.0010699887586091967,3,3,,,,"",
123456,"TwoPole",150,51,5,0.8,2,"TopSupport","multi-point",3,3,"one-point",1,"calibrated",4.9504950495049505,0.00011180107843367093,3,3,,,,"",
123456,"TwoPole",151,51,5,0.8,2,"TopSupport","multi-point",3,3,"one-point",1,"calibrated",11.703511053315996,0.00510646098878122,3,3,,,,"",
123456,"TwoPole",152,51,5,0.8,2,"TopSupport","two-point",2,2,"one-point",1,"degenerate",,,,,1,2,2.777031522121419,"SwitchDetected",2
123456,"TwoPole",153,51,5,0.8,2,"TopSupport","multi-point",3,3,"one-point",1,"calibrated",13.6986301369863,0.002524069460477234,3,3,,,,"",
123456,"TwoPole",154,51,5,0.8,2,"TopSupport","two-point",2,2,"one-point",1,"degenerate",,,,,1,3,4.215249405686882,"SwitchDetected",3
123456,"TwoPole",155,51,5,0.8,2,"TopSupport","two-point",2,2,"one-point",1,"degenerate",,,,,1,2,1.4504673029576822,"SwitchDetected",2
123456,"TwoPole",156,51,5,0.8,2,"TopSupport","multi-point",3,3,"one-point",1,"degenerate",,,,,1,3,4.649463406120725,"SwitchDetected",3
123456,"TwoPole",157,51,5,0.8,2,"TopSupport","two-point",2,2,"one-point",1,"degenerate",,,,,1,2,2.5004235031262927,"SwitchDetected",2
123456,"TwoPole",158,51,5,0.8,2,"TopSupport","two-point",2,2,"one-point",1,"degenerate",,,,,1,2,1.7475325329142268,"SwitchDetected",2
123456,"TwoPole",159,51,5,0.8,2,"TopSupport","multi-point",3,3,"one-point",1,"calibrated",7.246376811594202,0.005471111826677085,3,3,,,,"",
123456,"TwoPole",160,51,5,0.8,2,"TopSupport","multi-point",3,3,"one-point",1,"calibrated",4.387390315242119,0.010860676822571374,3,3,,,,"",
123456,"TwoPole",161,51,5,0.8,2,"TopSupport","multi-point",3,3,"one-point",1,"calibrated",6.620892594409023,0.007317971809732207,3,3,,,,"",
123456,"TwoPole",162,51,5,0.8,2,"TopSupport","two-point",2,2,"one-point",1,"degenerate",,,,,1,2,2.5323391408609783,"SwitchDetected",2
123456,"TwoPole",163,51,5,0.8,2,"TopSupport","two-point",2,2,"one-point",1,"degenerate",,,,,1,2,2.177063104135344,"SwitchDetected",2
123456,"TwoPole",164,51,5,0.8,2,"TopSupport","two-point",2,2,"one-point",1,"degenerate",,,,,1,2,4.237144582472902,"SwitchDetected",2
123456,"TwoPole",165,51,5,0.8,2,"TopSupport","two-point",2,2,"one-point",1,"degenerate",,,,,1,2,1.687565099724087,"SwitchDetected",2
123456,"TwoPole",166,51,5,0.8,2,"TopSupport","two-point",2,2,"one-point",1,"degenerate",,,,,1,2,1.3129638552285856,"SwitchDetected",2
123456,"TwoPole",167,51,5,0.8,2,"TopSupport","multi-point",3,3,"one-point",1,"calibrated",5.834053586862576,0.0164842906535238,3,3,,,,"",
123456,"TwoPole",168,51,5,0.8,2,"TopSupport","multi-point",3,3,"one-point",1,"calibrated",4.775380261761585,0.011313677565388772,3,3,,,,"",
123456,"TwoPole",169,51,5,0.8,2,"TopSupport","multi-point",3,3,"one-point",1,"calibrated",6.097560975609756,0.03005364292810679,3,3,,,,"",
123456,"TwoPole",170,51,5,0.8,2,"TopSupport","two-point",2,2,"one-point",1,"degenerate",,,,,1,2,2.5278440463402077,"SwitchDetected",2
123456,"TwoPole",171,51,5,0.8,2,"TopSupport","multi-point",3,3,"one-point",1,"calibrated",6.481036965914546,0.013770420858423395,3,3,,,,"",
123456,"TwoPole",172,51,5,0.8,2,"TopSupport","two-point",2,2,"one-point",1,"degenerate",,,,,1,2,1.6225653844135086,"SwitchDetected",2
123456,"TwoPole",173,51,5,0.8,2,"TopSupport","multi-point",3,3,"one-point",1,"calibrated",8.403361344537814,0.006694231324838363,3,3,,,,"",
123456,"TwoPole",174,51,5,0.8,2,"TopSupport","multi-point",3,3,"one-point",1,"calibrated",4.692387904066736,0.0014993076345669468,3,3,,,,"",
123456,"TwoPole",175,51,5,0.8,2,"TopSupport","two-point",2,2,"one-point",1,"degenerate",,,,,1,2,2.2121423445549424,"SwitchDetected",2
123456,"TwoPole",176,51,5,0.8,2,"TopSupport","multi-point",3,3,"one-point",1,"degenerate",,,,,1,3,4.127451177976179,"SwitchDetected",3
123456,"TwoPole",177,51,5,0.8,2,"TopSupport","multi-point",3,3,"one-point",1,"calibrated",7.079181961195594,0.0038985002344045713,3,3,,,,"",
123456,"TwoPole",178,51,5,0.8,2,"TopSupport","two-point",2,2,"one-point",1,"degenerate",,,,,1,2,2.1546752797566526,"SwitchDetected",2
123456,"TwoPole",179,51,5,0.8,2,"TopSupport","two-point",2,2,"one-point",1,"degenerate",,,,,1,2,2.607428721024702,"SwitchDetected",2
123456,"TwoPole",180,51,5,0.8,2,"TopSupport","two-point",2,2,"one-point",1,"degenerate",,,,,1,2,3.191479000403221,"SwitchDetected",2
123456,"TwoPole",181,51,5,0.8,2,"TopSupport","two-point",2,2,"one-point",1,"degenerate",,,,,1,2,1.7123799510240945,"SwitchDetected",2
123456,"TwoPole",182,51,5,0.8,2,"TopSupport","multi-point",3,3,"one-point",1,"calibrated",4.861361181130716,0.0034190491427362585,3,3,,,,"",
123456,"TwoPole",183,51,5,0.8,2,"TopSupport","two-point",2,2,"one-point",1,"degenerate",,,,,1,2,3.9596805719108956,"SwitchDetected",2
123456,"TwoPole",184,51,5,0.8,2,"TopSupport","two-point",2,2,"one-point",1,"degenerate",,,,,1,2,2.399282733958074,"SwitchDetected",2
123456,"TwoPole",185,51,5,0.8,2,"TopSupport","one-point",1,1,"one-point",1,"degenerate",,,,,1,1,,"NoSwitchDetected",
123456,"TwoPole",186,51,5,0.8,2,"TopSupport","two-point",2,2,"one-point",1,"degenerate",,,,,1,2,1.5220000961468567,"SwitchDetected",2
123456,"TwoPole",187,51,5,0.8,2,"TopSupport","multi-point",3,3,"one-point",1,"calibrated",5.369928400954653,0.008591930249763806,3,3,,,,"",
123456,"TwoPole",188,51,5,0.8,2,"TopSupport","two-point",2,2,"one-point",1,"degenerate",,,,,1,2,4.264456700824312,"SwitchDetected",2
123456,"TwoPole",189,51,5,0.8,2,"TopSupport","two-point",2,2,"one-point",1,"degenerate",,,,,1,3,5.748524844107581,"SwitchDetected",3
123456,"TwoPole",190,51,5,0.8,2,"TopSupport","two-point",2,2,"one-point",1,"degenerate",,,,,1,2,2.177063104135344,"SwitchDetected",2
123456,"TwoPole",191,51,5,0.8,2,"TopSupport","two-point",2,2,"one-point",1,"degenerate",,,,,1,2,1.4050015017754396,"SwitchDetected",2
123456,"TwoPole",192,51,5,0.8,2,"TopSupport","two-point",2,2,"one-point",1,"degenerate",,,,,1,2,2.173711871068531,"SwitchDetected",2
123456,"TwoPole",193,51,5,0.8,2,"TopSupport","multi-point",3,3,"one-point",1,"degenerate",,,,,1,3,2.6761097100445586,"SwitchDetected",3
123456,"TwoPole",194,51,5,0.8,2,"TopSupport","two-point",2,2,"one-point",1,"degenerate",,,,,1,3,4.9368617149899485,"SwitchDetected",3
123456,"TwoPole",195,51,5,0.8,2,"TopSupport","two-point",2,2,"one-point",1,"degenerate",,,,,1,2,1.9181227123219835,"SwitchDetected",2
123456,"TwoPole",196,51,5,0.8,2,"TopSupport","multi-point",3,3,"one-point",1,"calibrated",7.936507936507937,0.015088710504418054,3,3,,,,"",
123456,"TwoPole",197,51,5,0.8,2,"TopSupport","multi-point",3,3,"one-point",1,"calibrated",5.265210608424336,0.013360291123160232,3,3,,,,"",
123456,"TwoPole",198,51,5,0.8,2,"TopSupport","multi-point",3,3,"one-point",1,"calibrated",3.5498290823034444,0.004684698146577319,3,3,,,,"",
123456,"TwoPole",199,51,5,0.8,2,"TopSupport","one-point",1,1,"one-point",1,"degenerate",,,,,1,1,,"NoSwitchDetected",
123456,"TwoPole",200,51,5,0.8,2,"TopSupport","multi-point",3,3,"one-point",1,"calibrated",6.7669172932330826,0.03437424590427576,3,3,,,,"",
123456,"TwoPole",1,51,5,0.8,3,"TopSupport","one-point",1,1,"one-point",1,"degenerate",,,,,1,1,,"NoSwitchDetected",
123456,"TwoPole",2,51,5,0.8,3,"TopSupport","two-point",2,2,"one-point",1,"degenerate",,,,,1,2,3.774165143912507,"SwitchDetected",2
123456,"TwoPole",3,51,5,0.8,3,"TopSupport","two-point",2,2,"two-point",2,"degenerate",,,,,2,2,,"NoSwitchDetected",
123456,"TwoPole",4,51,5,0.8,3,"TopSupport","two-point",2,2,"one-point",1,"degenerate",,,,,1,2,1.2285225074786232,"SwitchDetected",2
123456,"TwoPole",5,51,5,0.8,3,"TopSupport","two-point",2,2,"one-point",1,"degenerate",,,,,2,1,1.289488570683693,"SwitchDetected",1
123456,"TwoPole",6,51,5,0.8,3,"TopSupport","two-point",2,2,"one-point",1,"degenerate",,,,,1,2,4.17441109439433,"SwitchDetected",2
123456,"TwoPole",7,51,5,0.8,3,"TopSupport","two-point",2,2,"one-point",1,"degenerate",,,,,1,2,4.066227589865454,"SwitchDetected",2
123456,"TwoPole",8,51,5,0.8,3,"TopSupport","multi-point",3,3,"one-point",1,"calibrated",7.736389684813753,0.008964181849362348,3,3,,,,"",
123456,"TwoPole",9,51,5,0.8,3,"TopSupport","two-point",2,2,"one-point",1,"degenerate",,,,,1,2,1.000005950963148,"SwitchDetected",2
123456,"TwoPole",10,51,5,0.8,3,"TopSupport","two-point",2,2,"one-point",1,"degenerate",,,,,1,2,3.3551820863093162,"SwitchDetected",2
123456,"TwoPole",11,51,5,0.8,3,"TopSupport","one-point",1,1,"one-point",1,"degenerate",,,,,1,1,,"NoSwitchDetected",
123456,"TwoPole",12,51,5,0.8,3,"TopSupport","two-point",2,2,"one-point",1,"degenerate",,,,,1,2,1.759591419092115,"SwitchDetected",2
123456,"TwoPole",13,51,5,0.8,3,"TopSupport","two-point",2,2,"one-point",1,"degenerate",,,,,1,2,1.6442044527693893,"SwitchDetected",2
123456,"TwoPole",14,51,5,0.8,3,"TopSupport","two-point",2,2,"one-point",1,"degenerate",,,,,1,3,3.2659114512216276,"SwitchDetected",2
123456,"TwoPole",15,51,5,0.8,3,"TopSupport","two-point",2,2,"one-point",1,"degenerate",,,,,1,2,2.211530966191612,"SwitchDetected",2
123456,"TwoPole",16,51,5,0.8,3,"TopSupport","one-point",1,1,"one-point",1,"degenerate",,,,,1,1,,"NoSwitchDetected",
123456,"TwoPole",17,51,5,0.8,3,"TopSupport","one-point",1,1,"one-point",1,"degenerate",,,,,1,1,,"NoSwitchDetected",
123456,"TwoPole",18,51,5,0.8,3,"TopSupport","one-point",1,1,"one-point",1,"degenerate",,,,,1,1,,"NoSwitchDetected",
123456,"TwoPole",19,51,5,0.8,3,"TopSupport","one-point",1,1,"one-point",1,"degenerate",,,,,1,1,,"NoSwitchDetected",
123456,"TwoPole",20,51,5,0.8,3,"TopSupport","multi-point",3,3,"one-point",1,"calibrated",20,0.00012731458947812238,3,3,,,,"",
123456,"TwoPole",21,51,5,0.8,3,"TopSupport","multi-point",3,3,"two-point",2,"calibrated",5.710659898477157,0.010762784699712293,3,3,,,,"",
123456,"TwoPole",22,51,5,0.8,3,"TopSupport","two-point",2,2,"one-point",1,"degenerate",,,,,1,2,3.146893105703456,"SwitchDetected",2
123456,"TwoPole",23,51,5,0.8,3,"TopSupport","two-point",2,2,"one-point",1,"degenerate",,,,,1,2,1.8287387908268393,"SwitchDetected",2
123456,"TwoPole",24,51,5,0.8,3,"TopSupport","two-point",2,2,"one-point",1,"degenerate",,,,,1,2,1.7521242528153602,"SwitchDetected",2
123456,"TwoPole",25,51,5,0.8,3,"TopSupport","two-point",2,2,"one-point",1,"degenerate",,,,,1,3,6.7119689063452155,"SwitchDetected",3
123456,"TwoPole",26,51,5,0.8,3,"TopSupport","two-point",2,2,"one-point",1,"degenerate",,,,,1,2,1.2095110206208932,"SwitchDetected",2
123456,"TwoPole",27,51,5,0.8,3,"TopSupport","two-point",2,2,"one-point",1,"degenerate",,,,,1,2,2.2573711766326814,"SwitchDetected",2
123456,"TwoPole",28,51,5,0.8,3,"TopSupport","two-point",2,2,"one-point",1,"degenerate",,,,,1,2,1.6914720499058589,"SwitchDetected",2
123456,"TwoPole",29,51,5,0.8,3,"TopSupport","two-point",2,2,"one-point",1,"degenerate",,,,,1,2,2.4115750894184496,"SwitchDetected",2
123456,"TwoPole",30,51,5,0.8,3,"TopSupport","two-point",2,2,"one-point",1,"degenerate",,,,,1,3,6.057273099500067,"SwitchDetected",3
123456,"TwoPole",31,51,5,0.8,3,"TopSupport","multi-point",3,3,"one-point",1,"calibrated",14.19558359621451,0.00218692843494022,3,3,,,,"",
123456,"TwoPole",32,51,5,0.8,3,"TopSupport","one-point",1,1,"one-point",1,"degenerate",,,,,1,1,,"NoSwitchDetected",
123456,"TwoPole",33,51,5,0.8,3,"TopSupport","two-point",2,2,"one-point",1,"degenerate",,,,,1,2,2.5261719913918346,"SwitchDetected",2
123456,"TwoPole",34,51,5,0.8,3,"TopSupport","two-point",2,2,"one-point",1,"degenerate",,,,,1,2,4.4953562070432005,"SwitchDetected",2
123456,"TwoPole",35,51,5,0.8,3,"TopSupport","two-point",2,2,"two-point",2,"degenerate",,,,,1,2,4.456727525950428,"SwitchDetected",2
123456,"TwoPole",36,51,5,0.8,3,"TopSupport","two-point",2,2,"one-point",1,"degenerate",,,,,1,2,2.514002590877304,"SwitchDetected",2
123456,"TwoPole",37,51,5,0.8,3,"TopSupport","one-point",1,1,"one-point",1,"degenerate",,,,,1,1,,"NoSwitchDetected",
123456,"TwoPole",38,51,5,0.8,3,"TopSupport","two-point",2,2,"two-point",2,"degenerate",,,,,2,2,,"NoSwitchDetected",
123456,"TwoPole",39,51,5,0.8,3,"TopSupport","two-point",2,2,"one-point",1,"degenerate",,,,,1,2,4.227869904747775,"SwitchDetected",2
123456,"TwoPole",40,51,5,0.8,3,"TopSupport","one-point",1,1,"one-point",1,"degenerate",,,,,1,1,,"NoSwitchDetected",
123456,"TwoPole",41,51,5,0.8,3,"TopSupport","two-point",2,2,"one-point",1,"degenerate",,,,,1,2,1.6312599750890353,"SwitchDetected",2
123456,"TwoPole",42,51,5,0.8,3,"TopSupport","one-point",1,1,"one-point",1,"degenerate",,,,,2,2,,"NoSwitchDetected",
123456,"TwoPole",43,51,5,0.8,3,"TopSupport","one-point",1,1,"one-point",1,"degenerate",,,,,1,1,,"NoSwitchDetected",
123456,"TwoPole",44,51,5,0.8,3,"TopSupport","two-point",2,2,"one-point",1,"degenerate",,,,,1,3,5.6963010027805305,"SwitchDetected",3
123456,"TwoPole",45,51,5,0.8,3,"TopSupport","two-point",2,2,"one-point",1,"degenerate",,,,,1,3,8.446808538061294,"SwitchDetected",3
123456,"TwoPole",46,51,5,0.8,3,"TopSupport","two-point",2,2,"one-point",1,"degenerate",,,,,1,2,2.571320842663147,"SwitchDetected",2
123456,"TwoPole",47,51,5,0.8,3,"TopSupport","one-point",1,1,"one-point",1,"degenerate",,,,,1,1,,"NoSwitchDetected",
123456,"TwoPole",48,51,5,0.8,3,"TopSupport","multi-point",3,3,"one-point",1,"calibrated",8.22669104204753,0.004378338624001965,3,3,,,,"",
123456,"TwoPole",49,51,5,0.8,3,"TopSupport","one-point",1,1,"one-point",1,"degenerate",,,,,1,1,,"NoSwitchDetected",
123456,"TwoPole",50,51,5,0.8,3,"TopSupport","two-point",2,2,"one-point",1,"degenerate",,,,,1,2,5.609964672356871,"SwitchDetected",2
123456,"TwoPole",51,51,5,0.8,3,"TopSupport","two-point",2,2,"one-point",1,"degenerate",,,,,1,2,1.3925895012232121,"SwitchDetected",2
123456,"TwoPole",52,51,5,0.8,3,"TopSupport","multi-point",3,3,"one-point",1,"calibrated",7.364975450081833,0.008376373377738318,3,3,,,,"",
123456,"TwoPole",53,51,5,0.8,3,"TopSupport","one-point",1,1,"one-point",1,"degenerate",,,,,1,1,,"NoSwitchDetected",
123456,"TwoPole",54,51,5,0.8,3,"TopSupport","one-point",1,1,"one-point",1,"degenerate",,,,,1,1,,"NoSwitchDetected",
123456,"TwoPole",55,51,5,0.8,3,"TopSupport","one-point",1,1,"one-point",1,"degenerate",,,,,2,2,,"NoSwitchDetected",
123456,"TwoPole",56,51,5,0.8,3,"TopSupport","two-point",2,2,"one-point",1,"degenerate",,,,,1,2,3.427168742146029,"SwitchDetected",2
123456,"TwoPole",57,51,5,0.8,3,"TopSupport","two-point",2,2,"one-point",1,"degenerate",,,,,1,2,3.6571979600139066,"SwitchDetected",2
123456,"TwoPole",58,51,5,0.8,3,"TopSupport","one-point",1,1,"one-point",1,"degenerate",,,,,1,1,,"NoSwitchDetected",
123456,"TwoPole",59,51,5,0.8,3,"TopSupport","two-point",2,2,"one-point",1,"degenerate",,,,,1,2,1.2153017948770253,"SwitchDetected",2
123456,"TwoPole",60,51,5,0.8,3,"TopSupport","two-point",2,2,"one-point",1,"degenerate",,,,,1,2,3.0482512649107845,"SwitchDetected",2
123456,"TwoPole",61,51,5,0.8,3,"TopSupport","multi-point",3,3,"one-point",1,"degenerate",,,,,1,3,4.303555082169166,"SwitchDetected",3
123456,"TwoPole",62,51,5,0.8,3,"TopSupport","two-point",2,2,"one-point",1,"degenerate",,,,,1,2,1.416788126443844,"SwitchDetected",2
123456,"TwoPole",63,51,5,0.8,3,"TopSupport","multi-point",3,3,"one-point",1,"calibrated",8.681672025723472,0.014480627331359294,3,3,,,,"",
123456,"TwoPole",64,51,5,0.8,3,"TopSupport","two-point",2,2,"one-point",1,"degenerate",,,,,1,2,1.4543840571669515,"SwitchDetected",2
123456,"TwoPole",65,51,5,0.8,3,"TopSupport","two-point",2,2,"one-point",1,"degenerate",,,,,1,2,4.523186715347611,"SwitchDetected",2
123456,"TwoPole",66,51,5,0.8,3,"TopSupport","one-point",1,1,"one-point",1,"degenerate",,,,,1,1,,"NoSwitchDetected",
123456,"TwoPole",67,51,5,0.8,3,"TopSupport","multi-point",3,3,"one-point",1,"degenerate",,,,,1,3,2.900007788106853,"SwitchDetected",2
123456,"TwoPole",68,51,5,0.8,3,"TopSupport","two-point",2,2,"one-point",1,"degenerate",,,,,1,2,1.214300643170226,"SwitchDetected",2
123456,"TwoPole",69,51,5,0.8,3,"TopSupport","one-point",1,1,"one-point",1,"degenerate",,,,,1,1,,"NoSwitchDetected",
123456,"TwoPole",70,51,5,0.8,3,"TopSupport","one-point",1,1,"one-point",1,"degenerate",,,,,1,1,,"NoSwitchDetected",
123456,"TwoPole",71,51,5,0.8,3,"TopSupport","one-point",1,1,"one-point",1,"degenerate",,,,,1,1,,"NoSwitchDetected",
123456,"TwoPole",72,51,5,0.8,3,"TopSupport","two-point",2,2,"one-point",1,"degenerate",,,,,1,2,1.953783084643562,"SwitchDetected",2
123456,"TwoPole",73,51,5,0.8,3,"TopSupport","two-point",2,2,"one-point",1,"degenerate",,,,,1,2,3.101759932603361,"SwitchDetected",2
123456,"TwoPole",74,51,5,0.8,3,"TopSupport","one-point",1,1,"one-point",1,"degenerate",,,,,1,1,,"NoSwitchDetected",
123456,"TwoPole",75,51,5,0.8,3,"TopSupport","one-point",1,1,"one-point",1,"degenerate",,,,,1,1,,"NoSwitchDetected",
123456,"TwoPole",76,51,5,0.8,3,"TopSupport","two-point",2,2,"one-point",1,"degenerate",,,,,1,2,1.649611585138393,"SwitchDetected",2
123456,"TwoPole",77,51,5,0.8,3,"TopSupport","two-point",2,2,"one-point",1,"degenerate",,,,,1,2,1.5824111294189005,"SwitchDetected",2
123456,"TwoPole",78,51,5,0.8,3,"TopSupport","two-point",2,2,"one-point",1,"degenerate",,,,,1,2,1.4693649866215501,"SwitchDetected",2
123456,"TwoPole",79,51,5,0.8,3,"TopSupport","two-point",2,2,"one-point",1,"degenerate",,,,,1,2,3.2827549174202013,"SwitchDetected",2
123456,"TwoPole",80,51,5,0.8,3,"TopSupport","one-point",1,1,"one-point",1,"degenerate",,,,,1,1,,"NoSwitchDetected",
123456,"TwoPole",81,51,5,0.8,3,"TopSupport","two-point",2,2,"two-point",2,"degenerate",,,,,1,1,,"NoSwitchDetected",
123456,"TwoPole",82,51,5,0.8,3,"TopSupport","one-point",1,1,"one-point",1,"degenerate",,,,,1,1,,"NoSwitchDetected",
123456,"TwoPole",83,51,5,0.8,3,"TopSupport","two-point",2,2,"one-point",1,"degenerate",,,,,1,2,2.143079041082004,"SwitchDetected",2
123456,"TwoPole",84,51,5,0.8,3,"TopSupport","two-point",2,2,"one-point",1,"degenerate",,,,,1,2,3.4382480967552906,"SwitchDetected",2
123456,"TwoPole",85,51,5,0.8,3,"TopSupport","one-point",1,1,"one-point",1,"degenerate",,,,,1,1,,"NoSwitchDetected",
123456,"TwoPole",86,51,5,0.8,3,"TopSupport","one-point",1,1,"one-point",1,"degenerate",,,,,1,1,,"NoSwitchDetected",
123456,"TwoPole",87,51,5,0.8,3,"TopSupport","one-point",1,1,"one-point",1,"degenerate",,,,,1,1,,"NoSwitchDetected",
123456,"TwoPole",88,51,5,0.8,3,"TopSupport","two-point",2,2,"one-point",1,"degenerate",,,,,1,2,1.5747002264400471,"SwitchDetected",2
123456,"TwoPole",89,51,5,0.8,3,"TopSupport","one-point",1,1,"one-point",1,"degenerate",,,,,1,1,,"NoSwitchDetected",
123456,"TwoPole",90,51,5,0.8,3,"TopSupport","two-point",2,2,"one-point",1,"degenerate",,,,,1,2,1.4103669372940222,"SwitchDetected",2
123456,"TwoPole",91,51,5,0.8,3,"TopSupport","one-point",1,1,"one-point",1,"degenerate",,,,,2,2,,"NoSwitchDetected",
123456,"TwoPole",92,51,5,0.8,3,"TopSupport","multi-point",3,3,"one-point",1,"degenerate",,,,,1,3,2.503254352887971,"SwitchDetected",3
123456,"TwoPole",93,51,5,0.8,3,"TopSupport","two-point",2,2,"one-point",1,"degenerate",,,,,2,2,1.000005950963148,"SwitchDetected",1
123456,"TwoPole",94,51,5,0.8,3,"TopSupport","two-point",2,2,"one-point",1,"degenerate",,,,,1,2,4.399552633380908,"SwitchDetected",2
123456,"TwoPole",95,51,5,0.8,3,"TopSupport","two-point",2,2,"one-point",1,"degenerate",,,,,1,2,1.3673319168184164,"SwitchDetected",2
123456,"TwoPole",96,51,5,0.8,3,"TopSupport","two-point",2,2,"one-point",1,"degenerate",,,,,1,2,2.0889186524664227,"SwitchDetected",2
123456,"TwoPole",97,51,5,0.8,3,"TopSupport","one-point",1,1,"one-point",1,"degenerate",,,,,1,1,,"NoSwitchDetected",
123456,"TwoPole",98,51,5,0.8,3,"TopSupport","two-point",2,2,"one-point",1,"degenerate",,,,,1,2,1.733739643289206,"SwitchDetected",2
123456,"TwoPole",99,51,5,0.8,3,"TopSupport","one-point",1,1,"one-point",1,"degenerate",,,,,1,1,,"NoSwitchDetected",
123456,"TwoPole",100,51,5,0.8,3,"TopSupport","two-point",2,2,"one-point",1,"degenerate",,,,,1,2,4.518078934015752,"SwitchDetected",2
123456,"TwoPole",101,51,5,0.8,3,"TopSupport","one-point",1,1,"one-point",1,"degenerate",,,,,1,1,,"NoSwitchDetected",
123456,"TwoPole",102,51,5,0.8,3,"TopSupport","multi-point",3,3,"one-point",1,"degenerate",,,,,1,3,4.673385037979811,"SwitchDetected",2
123456,"TwoPole",103,51,5,0.8,3,"TopSupport","one-point",1,1,"one-point",1,"degenerate",,,,,1,1,,"NoSwitchDetected",
123456,"TwoPole",104,51,5,0.8,3,"TopSupport","one-point",1,1,"one-point",1,"degenerate",,,,,1,1,,"NoSwitchDetected",
123456,"TwoPole",105,51,5,0.8,3,"TopSupport","one-point",1,1,"one-point",1,"degenerate",,,,,1,1,,"NoSwitchDetected",
123456,"TwoPole",106,51,5,0.8,3,"TopSupport","one-point",1,1,"one-point",1,"degenerate",,,,,1,1,,"NoSwitchDetected",
123456,"TwoPole",107,51,5,0.8,3,"TopSupport","one-point",1,1,"one-point",1,"degenerate",,,,,1,1,,"NoSwitchDetected",
123456,"TwoPole",108,51,5,0.8,3,"TopSupport","two-point",2,2,"one-point",1,"degenerate",,,,,1,2,3.082358651543343,"SwitchDetected",2
123456,"TwoPole",109,51,5,0.8,3,"TopSupport","two-point",2,2,"one-point",1,"degenerate",,,,,1,2,3.2065822616347237,"SwitchDetected",2
123456,"TwoPole",110,51,5,0.8,3,"TopSupport","two-point",2,2,"one-point",1,"degenerate",,,,,1,2,1.4398165429068008,"SwitchDetected",2
123456,"TwoPole",111,51,5,0.8,3,"TopSupport","two-point",2,2,"one-point",1,"degenerate",,,,,1,2,1.4224367607527613,"SwitchDetected",2
123456,"TwoPole",112,51,5,0.8,3,"TopSupport","two-point",2,2,"one-point",1,"degenerate",,,,,1,2,1.6960131424455915,"SwitchDetected",2
123456,"TwoPole",113,51,5,0.8,3,"TopSupport","two-point",2,2,"one-point",1,"degenerate",,,,,1,2,2.3951789421902134,"SwitchDetected",2
123456,"TwoPole",114,51,5,0.8,3,"TopSupport","one-point",1,1,"one-point",1,"degenerate",,,,,1,1,,"NoSwitchDetected",
123456,"TwoPole",115,51,5,0.8,3,"TopSupport","two-point",2,2,"one-point",1,"degenerate",,,,,1,2,2.8205675565869486,"SwitchDetected",2
123456,"TwoPole",116,51,5,0.8,3,"TopSupport","two-point",2,2,"one-point",1,"degenerate",,,,,1,2,3.1509055680293865,"SwitchDetected",2
123456,"TwoPole",117,51,5,0.8,3,"TopSupport","two-point",2,2,"one-point",1,"degenerate",,,,,1,2,2.00001159674693,"SwitchDetected",2
123456,"TwoPole",118,51,5,0.8,3,"TopSupport","two-point",2,2,"one-point",1,"degenerate",,,,,1,2,1.9771154676944835,"SwitchDetected",2
123456,"TwoPole",119,51,5,0.8,3,"TopSupport","two-point",2,2,"one-point",1,"degenerate",,,,,1,2,4.831816140902413,"SwitchDetected",2
123456,"TwoPole",120,51,5,0.8,3,"TopSupport","two-point",2,2,"one-point",1,"degenerate",,,,,1,2,4.358246593124803,"SwitchDetected",2
123456,"TwoPole",121,51,5,0.8,3,"TopSupport","one-point",1,1,"one-point",1,"degenerate",,,,,1,1,,"NoSwitchDetected",
123456,"TwoPole",122,51,5,0.8,3,"TopSupport","two-point",2,2,"one-point",1,"degenerate",,,,,2,3,3.157833364733705,"SwitchDetected",3
123456,"TwoPole",123,51,5,0.8,3,"TopSupport","two-point",2,2,"one-point",1,"degenerate",,,,,1,2,1.2482802718346666,"SwitchDetected",2
123456,"TwoPole",124,51,5,0.8,3,"TopSupport","one-point",1,1,"one-point",1,"degenerate",,,,,1,1,,"NoSwitchDetected",
123456,"TwoPole",125,51,5,0.8,3,"TopSupport","two-point",2,2,"one-point",1,"degenerate",,,,,1,2,5.1459468287757195,"SwitchDetected",2
123456,"TwoPole",126,51,5,0.8,3,"TopSupport","multi-point",3,3,"one-point",1,"calibrated",20,0.00009940282389180835,3,3,,,,"",
123456,"TwoPole",127,51,5,0.8,3,"TopSupport","two-point",2,2,"one-point",1,"degenerate",,,,,1,3,5.508995324549564,"SwitchDetected",3
123456,"TwoPole",128,51,5,0.8,3,"TopSupport","two-point",2,2,"one-point",1,"degenerate",,,,,1,2,3.1365552070281506,"SwitchDetected",2
123456,"TwoPole",129,51,5,0.8,3,"TopSupport","two-point",2,2,"one-point",1,"degenerate",,,,,1,2,2.5543186365950112,"SwitchDetected",2
123456,"TwoPole",130,51,5,0.8,3,"TopSupport","multi-point",3,3,"one-point",1,"calibrated",8.22669104204753,0.0019785766575725126,3,3,,,,"",
123456,"TwoPole",131,51,5,0.8,3,"TopSupport","one-point",1,1,"one-point",1,"degenerate",,,,,1,1,,"NoSwitchDetected",
123456,"TwoPole",132,51,5,0.8,3,"TopSupport","one-point",1,1,"one-point",1,"degenerate",,,,,1,1,,"NoSwitchDetected",
123456,"TwoPole",133,51,5,0.8,3,"TopSupport","two-point",2,2,"one-point",1,"degenerate",,,,,1,2,3.2922091850908184,"SwitchDetected",2
123456,"TwoPole",134,51,5,0.8,3,"TopSupport","one-point",1,1,"one-point",1,"degenerate",,,,,1,1,,"NoSwitchDetected",
123456,"TwoPole",135,51,5,0.8,3,"TopSupport","two-point",2,2,"one-point",1,"degenerate",,,,,1,3,7.435764192238831,"SwitchDetected",3
123456,"TwoPole",136,51,5,0.8,3,"TopSupport","one-point",1,1,"one-point",1,"degenerate",,,,,1,1,,"NoSwitchDetected",
123456,"TwoPole",137,51,5,0.8,3,"TopSupport","two-point",2,2,"one-point",1,"degenerate",,,,,1,2,2.026787765916157,"SwitchDetected",2
123456,"TwoPole",138,51,5,0.8,3,"TopSupport","one-point",1,1,"one-point",1,"degenerate",,,,,1,1,,"NoSwitchDetected",
123456,"TwoPole",139,51,5,0.8,3,"TopSupport","multi-point",3,3,"one-point",1,"calibrated",14.19558359621451,0.0007958070550085618,3,3,,,,"",
123456,"TwoPole",140,51,5,0.8,3,"TopSupport","two-point",2,2,"one-point",1,"degenerate",,,,,1,3,5.935952292102186,"SwitchDetected",3
123456,"TwoPole",141,51,5,0.8,3,"TopSupport","two-point",2,2,"one-point",1,"degenerate",,,,,1,2,1.916525735622036,"SwitchDetected",2
123456,"TwoPole",142,51,5,0.8,3,"TopSupport","two-point",2,2,"one-point",1,"degenerate",,,,,1,2,1.5320883868373558,"SwitchDetected",2
123456,"TwoPole",143,51,5,0.8,3,"TopSupport","one-point",1,1,"one-point",1,"degenerate",,,,,1,1,,"NoSwitchDetected",
123456,"TwoPole",144,51,5,0.8,3,"TopSupport","two-point",2,2,"one-point",1,"degenerate",,,,,1,2,1.2042496399801474,"SwitchDetected",2
123456,"TwoPole",145,51,5,0.8,3,"TopSupport","one-point",1,1,"one-point",1,"degenerate",,,,,2,2,,"NoSwitchDetected",
123456,"TwoPole",146,51,5,0.8,3,"TopSupport","two-point",2,2,"one-point",1,"degenerate",,,,,1,3,7.173262260361312,"SwitchDetected",3
123456,"TwoPole",147,51,5,0.8,3,"TopSupport","two-point",2,2,"one-point",1,"degenerate",,,,,1,2,1.8329277003771802,"SwitchDetected",2
123456,"TwoPole",148,51,5,0.8,3,"TopSupport","two-point",2,2,"one-point",1,"degenerate",,,,,1,2,3.499540503753132,"SwitchDetected",2
123456,"TwoPole",149,51,5,0.8,3,"TopSupport","two-point",2,2,"one-point",1,"degenerate",,,,,1,3,7.840284822847081,"SwitchDetected",3
123456,"TwoPole",150,51,5,0.8,3,"TopSupport","multi-point",3,3,"one-point",1,"calibrated",12.064343163538874,0.001547600419693539,3,3,,,,"",
123456,"TwoPole",151,51,5,0.8,3,"TopSupport","two-point",2,2,"one-point",1,"degenerate",,,,,1,2,2.8045153998860837,"SwitchDetected",2
123456,"TwoPole",152,51,5,0.8,3,"TopSupport","two-point",2,2,"one-point",1,"degenerate",,,,,1,2,2.286458309710854,"SwitchDetected",2
123456,"TwoPole",153,51,5,0.8,3,"TopSupport","two-point",2,2,"one-point",1,"degenerate",,,,,1,3,8.908959665261504,"SwitchDetected",3
123456,"TwoPole",154,51,5,0.8,3,"TopSupport","two-point",2,2,"one-point",1,"degenerate",,,,,1,2,3.2525102534274053,"SwitchDetected",2
123456,"TwoPole",155,51,5,0.8,3,"TopSupport","two-point",2,2,"one-point",1,"degenerate",,,,,1,2,2.33529699350467,"SwitchDetected",2
123456,"TwoPole",156,51,5,0.8,3,"TopSupport","two-point",2,2,"one-point",1,"degenerate",,,,,1,2,1.844253241499638,"SwitchDetected",2
123456,"TwoPole",157,51,5,0.8,3,"TopSupport","one-point",1,1,"one-point",1,"degenerate",,,,,1,1,,"NoSwitchDetected",
123456,"TwoPole",158,51,5,0.8,3,"TopSupport","two-point",2,2,"one-point",1,"degenerate",,,,,1,2,4.491271160770458,"SwitchDetected",2
123456,"TwoPole",159,51,5,0.8,3,"TopSupport","one-point",1,1,"one-point",1,"degenerate",,,,,1,1,,"NoSwitchDetected",
123456,"TwoPole",160,51,5,0.8,3,"TopSupport","two-point",2,2,"one-point",1,"degenerate",,,,,1,2,1.787898240174076,"SwitchDetected",2
123456,"TwoPole",161,51,5,0.8,3,"TopSupport","one-point",1,1,"one-point",1,"degenerate",,,,,2,2,,"NoSwitchDetected",
123456,"TwoPole",162,51,5,0.8,3,"TopSupport","one-point",1,1,"one-point",1,"degenerate",,,,,1,1,,"NoSwitchDetected",
123456,"TwoPole",163,51,5,0.8,3,"TopSupport","two-point",2,2,"one-point",1,"degenerate",,,,,1,2,3.9290356308663354,"SwitchDetected",2
123456,"TwoPole",164,51,5,0.8,3,"TopSupport","two-point",2,2,"one-point",1,"degenerate",,,,,1,2,1.6185644921487177,"SwitchDetected",2
123456,"TwoPole",165,51,5,0.8,3,"TopSupport","two-point",2,2,"one-point",1,"degenerate",,,,,1,2,2.17906750567327,"SwitchDetected",2
123456,"TwoPole",166,51,5,0.8,3,"TopSupport","one-point",1,1,"one-point",1,"degenerate",,,,,1,1,,"NoSwitchDetected",
123456,"TwoPole",167,51,5,0.8,3,"TopSupport","two-point",2,2,"one-point",1,"degenerate",,,,,1,2,3.1483081014553047,"SwitchDetected",2
123456,"TwoPole",168,51,5,0.8,3,"TopSupport","two-point",2,2,"one-point",1,"degenerate",,,,,1,2,5.852839523813779,"SwitchDetected",2
123456,"TwoPole",169,51,5,0.8,3,"TopSupport","two-point",2,2,"one-point",1,"degenerate",,,,,1,2,1.502888662267189,"SwitchDetected",2
123456,"TwoPole",170,51,5,0.8,3,"TopSupport","one-point",1,1,"one-point",1,"degenerate",,,,,1,1,,"NoSwitchDetected",
123456,"TwoPole",171,51,5,0.8,3,"TopSupport","two-point",2,2,"one-point",1,"degenerate",,,,,1,3,6.665642789651249,"SwitchDetected",3
123456,"TwoPole",172,51,5,0.8,3,"TopSupport","two-point",2,2,"two-point",2,"degenerate",,,,,1,2,1.8691156980221362,"SwitchDetected",2
123456,"TwoPole",173,51,5,0.8,3,"TopSupport","one-point",1,1,"one-point",1,"degenerate",,,,,1,1,,"NoSwitchDetected",
123456,"TwoPole",174,51,5,0.8,3,"TopSupport","two-point",2,2,"one-point",1,"degenerate",,,,,1,2,3.571919099869411,"SwitchDetected",2
123456,"TwoPole",175,51,5,0.8,3,"TopSupport","two-point",2,2,"one-point",1,"degenerate",,,,,1,2,3.5710841141356324,"SwitchDetected",2
123456,"TwoPole",176,51,5,0.8,3,"TopSupport","two-point",2,2,"one-point",1,"degenerate",,,,,1,2,2.2062754423929687,"SwitchDetected",2
123456,"TwoPole",177,51,5,0.8,3,"TopSupport","one-point",1,1,"one-point",1,"degenerate",,,,,1,1,,"NoSwitchDetected",
123456,"TwoPole",178,51,5,0.8,3,"TopSupport","one-point",1,1,"one-point",1,"degenerate",,,,,1,1,,"NoSwitchDetected",
123456,"TwoPole",179,51,5,0.8,3,"TopSupport","one-point",1,1,"one-point",1,"degenerate",,,,,1,1,,"NoSwitchDetected",
123456,"TwoPole",180,51,5,0.8,3,"TopSupport","one-point",1,1,"one-point",1,"degenerate",,,,,1,1,,"NoSwitchDetected",
123456,"TwoPole",181,51,5,0.8,3,"TopSupport","one-point",1,1,"one-point",1,"degenerate",,,,,2,2,,"NoSwitchDetected",
123456,"TwoPole",182,51,5,0.8,3,"TopSupport","two-point",2,2,"one-point",1,"degenerate",,,,,1,2,2.00001159674693,"SwitchDetected",2
123456,"TwoPole",183,51,5,0.8,3,"TopSupport","two-point",2,2,"one-point",1,"degenerate",,,,,1,2,1.6166491975340773,"SwitchDetected",2
123456,"TwoPole",184,51,5,0.8,3,"TopSupport","one-point",1,1,"one-point",1,"degenerate",,,,,2,2,,"NoSwitchDetected",
123456,"TwoPole",185,51,5,0.8,3,"TopSupport","two-point",2,2,"one-point",1,"degenerate",,,,,1,2,4.010618936123599,"SwitchDetected",2
123456,"TwoPole",186,51,5,0.8,3,"TopSupport","two-point",2,2,"one-point",1,"degenerate",,,,,1,2,2.875198082265342,"SwitchDetected",2
123456,"TwoPole",187,51,5,0.8,3,"TopSupport","one-point",1,1,"one-point",1,"degenerate",,,,,1,1,,"NoSwitchDetected",
123456,"TwoPole",188,51,5,0.8,3,"TopSupport","one-point",1,1,"one-point",1,"degenerate",,,,,1,1,,"NoSwitchDetected",
123456,"TwoPole",189,51,5,0.8,3,"TopSupport","two-point",2,2,"one-point",1,"degenerate",,,,,1,2,1.54629931990766,"SwitchDetected",2
123456,"TwoPole",190,51,5,0.8,3,"TopSupport","multi-point",3,3,"one-point",1,"calibrated",3.3202164289227745,0.0005691578283485158,3,3,,,,"",
123456,"TwoPole",191,51,5,0.8,3,"TopSupport","two-point",2,2,"one-point",1,"degenerate",,,,,1,2,3.9253644091349065,"SwitchDetected",2
123456,"TwoPole",192,51,5,0.8,3,"TopSupport","one-point",1,1,"one-point",1,"degenerate",,,,,1,1,,"NoSwitchDetected",
123456,"TwoPole",193,51,5,0.8,3,"TopSupport","multi-point",3,3,"one-point",1,"degenerate",,,,,1,3,4.674555073457193,"SwitchDetected",2
123456,"TwoPole",194,51,5,0.8,3,"TopSupport","two-point",2,2,"one-point",1,"degenerate",,,,,1,2,2.777215106192373,"SwitchDetected",2
123456,"TwoPole",195,51,5,0.8,3,"TopSupport","one-point",1,1,"one-point",1,"degenerate",,,,,1,1,,"NoSwitchDetected",
123456,"TwoPole",196,51,5,0.8,3,"TopSupport","two-point",2,2,"one-point",1,"degenerate",,,,,1,2,1.000005950963148,"SwitchDetected",2
123456,"TwoPole",197,51,5,0.8,3,"TopSupport","two-point",2,2,"one-point",1,"degenerate",,,,,1,2,1.3502908123729134,"SwitchDetected",2
123456,"TwoPole",198,51,5,0.8,3,"TopSupport","one-point",1,1,"one-point",1,"degenerate",,,,,1,1,,"NoSwitchDetected",
123456,"TwoPole",199,51,5,0.8,3,"TopSupport","two-point",2,2,"one-point",1,"degenerate",,,,,1,3,8.407926050894536,"SwitchDetected",3
123456,"TwoPole",200,51,5,0.8,3,"TopSupport","one-point",1,1,"one-point",1,"degenerate",,,,,1,1,,"NoSwitchDetected",
123456,"TwoPole",1,51,7,0.5,1,"TopSupport","multi-point",3,4,"two-point",2,"degenerate",,,,,3,4,1.799963361341491,"SwitchDetected",4
123456,"TwoPole",2,51,7,0.5,1,"TopSupport","multi-point",3,3,"multi-point",3,"degenerate",,,,,3,4,2.2541311348767428,"SwitchDetected",4
123456,"TwoPole",3,51,7,0.5,1,"TopSupport","multi-point",3,3,"multi-point",3,"degenerate",,,,,5,4,1.5095852072811875,"SwitchDetected",4
123456,"TwoPole",4,51,7,0.5,1,"TopSupport","multi-point",3,3,"two-point",2,"degenerate",,,,,3,4,3.4916871568504706,"SwitchDetected",4
123456,"TwoPole",5,51,7,0.5,1,"TopSupport","multi-point",3,4,"two-point",2,"calibrated",1.1540434262267054,0.01166859358757869,3,4,,,,"",
123456,"TwoPole",6,51,7,0.5,1,"TopSupport","multi-point",3,4,"multi-point",3,"calibrated",1.1239696944467572,0.011597164920679944,4,4,,,,"",
123456,"TwoPole",7,51,7,0.5,1,"TopSupport","multi-point",3,4,"one-point",1,"degenerate",,,,,1,4,1.0201676763632614,"SwitchDetected",6
123456,"TwoPole",8,51,7,0.5,1,"TopSupport","multi-point",3,4,"multi-point",3,"calibrated",1,0.00511006289308176,3,3,,,,"",
123456,"TwoPole",9,51,7,0.5,1,"TopSupport","multi-point",3,5,"two-point",2,"degenerate",,,,,3,4,1.8432619796840672,"SwitchDetected",4
123456,"TwoPole",10,51,7,0.5,1,"TopSupport","multi-point",3,4,"two-point",2,"degenerate",,,,,3,4,2.8447284234103236,"SwitchDetected",4
123456,"TwoPole",11,51,7,0.5,1,"TopSupport","multi-point",3,4,"one-point",1,"degenerate",,,,,1,4,1.000005950963148,"SwitchDetected",3
123456,"TwoPole",12,51,7,0.5,1,"TopSupport","multi-point",3,4,"multi-point",4,"degenerate",,,,,4,4,,"NoSwitchDetected",
123456,"TwoPole",13,51,7,0.5,1,"TopSupport","multi-point",3,5,"multi-point",3,"calibrated",1,0.010594386351128249,3,3,,,,"",
123456,"TwoPole",14,51,7,0.5,1,"TopSupport","multi-point",3,3,"two-point",2,"calibrated",1.105560560150684,0.003268901202847719,3,3,,,,"",
123456,"TwoPole",15,51,7,0.5,1,"TopSupport","multi-point",3,5,"two-point",2,"calibrated",1.0258748432691212,0.017618263510878487,3,3,,,,"",
123456,"TwoPole",16,51,7,0.5,1,"TopSupport","multi-point",3,5,"two-point",2,"calibrated",1.015572105619499,0.03290807514036202,3,3,,,,"",
123456,"TwoPole",17,51,7,0.5,1,"TopSupport","multi-point",3,5,"multi-point",3,"calibrated",1.0235414534288638,0.00927305288376808,4,4,,,,"",
123456,"TwoPole",18,51,7,0.5,1,"TopSupport","multi-point",3,5,"multi-point",3,"degenerate",,,,,4,4,,"NoSwitchDetected",
123456,"TwoPole",19,51,7,0.5,1,"TopSupport","multi-point",3,5,"multi-point",4,"calibrated",1,0.0026818638954073035,4,3,,,,"",
123456,"TwoPole",20,51,7,0.5,1,"TopSupport","multi-point",3,3,"one-point",1,"degenerate",,,,,1,4,1.0191035260272907,"SwitchDetected",2
123456,"TwoPole",21,51,7,0.5,1,"TopSupport","multi-point",3,5,"two-point",2,"calibrated",1.0258748432691212,0.002927850135122677,3,3,,,,"",
123456,"TwoPole",22,51,7,0.5,1,"TopSupport","multi-point",3,3,"one-point",1,"degenerate",,,,,1,4,1.06053012589426,"SwitchDetected",3
123456,"TwoPole",23,51,7,0.5,1,"TopSupport","multi-point",3,3,"two-point",2,"calibrated",1.1286681715575622,0.011677242571434493,3,3,,,,"",
123456,"TwoPole",24,51,7,0.5,1,"TopSupport","multi-point",3,3,"two-point",2,"calibrated",1.0784470362677743,0.006365317705928187,3,5,,,,"",
123456,"TwoPole",25,51,7,0.5,1,"TopSupport","multi-point",3,5,"one-point",1,"degenerate",,,,,1,4,1.0186278522038381,"SwitchDetected",6
123456,"TwoPole",26,51,7,0.5,1,"TopSupport","multi-point",3,5,"two-point",2,"degenerate",,,,,5,4,3.045985853009431,"SwitchDetected",4
123456,"TwoPole",27,51,7,0.5,1,"TopSupport","multi-point",3,4,"multi-point",3,"calibrated",1.0634945643611156,0.01174462208216035,4,3,,,,"",
123456,"TwoPole",28,51,7,0.5,1,"TopSupport","multi-point",3,3,"two-point",2,"calibrated",1.2417218543046358,0.01695653924297351,3,4,,,,"",
123456,"TwoPole",29,51,7,0.5,1,"TopSupport","multi-point",3,4,"two-point",2,"degenerate",,,,,5,4,1.5205265045755467,"SwitchDetected",4
123456,"TwoPole",30,51,7,0.5,1,"TopSupport","multi-point",3,3,"two-point",2,"calibrated",1.2289485662266728,0.019460524392360717,3,4,,,,"",
123456,"TwoPole",31,51,7,0.5,1,"TopSupport","multi-point",3,5,"two-point",2,"degenerate",,,,,2,4,1.2131609900323692,"SwitchDetected",5
123456,"TwoPole",32,51,7,0.5,1,"TopSupport","multi-point",3,3,"two-point",2,"degenerate",,,,,4,4,,"NoSwitchDetected",
123456,"TwoPole",33,51,7,0.5,1,"TopSupport","multi-point",3,5,"one-point",1,"degenerate",,,,,1,4,1.000005950963148,"SwitchDetected",3
123456,"TwoPole",34,51,7,0.5,1,"TopSupport","multi-point",3,3,"one-point",1,"degenerate",,,,,1,4,1.0236852167958355,"SwitchDetected",5
123456,"TwoPole",35,51,7,0.5,1,"TopSupport","multi-point",3,3,"one-point",1,"degenerate",,,,,1,4,1.0662093974996076,"SwitchDetected",5
123456,"TwoPole",36,51,7,0.5,1,"TopSupport","multi-point",3,4,"two-point",2,"calibrated",1.0746696385925807,0.003679122057317191,3,4,,,,"",
123456,"TwoPole",37,51,7,0.5,1,"TopSupport","multi-point",3,5,"one-point",1,"degenerate",,,,,1,4,1.0117040024798605,"SwitchDetected",3
123456,"TwoPole",38,51,7,0.5,1,"TopSupport","multi-point",3,5,"multi-point",3,"calibrated",1.0025621031525007,0.01649141070974519,4,3,,,,"",
123456,"TwoPole",39,51,7,0.5,1,"TopSupport","multi-point",3,3,"two-point",2,"degenerate",,,,,4,4,,"NoSwitchDetected",
123456,"TwoPole",40,51,7,0.5,1,"TopSupport","multi-point",3,3,"two-point",2,"calibrated",1.169033598891583,0.020611604983960204,3,3,,,,"",
123456,"TwoPole",41,51,7,0.5,1,"TopSupport","multi-point",3,5,"one-point",1,"degenerate",,,,,1,4,1.0100317345633643,"SwitchDetected",4
123456,"TwoPole",42,51,7,0.5,1,"TopSupport","multi-point",3,5,"multi-point",4,"calibrated",1,0.005307855626326963,4,4,,,,"",
123456,"TwoPole",43,51,7,0.5,1,"TopSupport","multi-point",3,4,"two-point",2,"calibrated",1.0312822275696116,0.0031296773116350775,3,5,,,,"",
123456,"TwoPole",44,51,7,0.5,1,"TopSupport","multi-point",3,3,"two-point",2,"calibrated",1.101052116466846,0.005070550064854757,3,5,,,,"",
123456,"TwoPole",45,51,7,0.5,1,"TopSupport","multi-point",3,4,"one-point",1,"degenerate",,,,,1,4,1.0219172049965664,"SwitchDetected",4
123456,"TwoPole",46,51,7,0.5,1,"TopSupport","multi-point",3,4,"multi-point",3,"calibrated",1.0709186101856258,0.012548911405040473,4,4,,,,"",
123456,"TwoPole",47,51,7,0.5,1,"TopSupport","multi-point",3,5,"two-point",2,"degenerate",,,,,3,4,1.8408187283980615,"SwitchDetected",4
123456,"TwoPole",48,51,7,0.5,1,"TopSupport","multi-point",3,4,"two-point",2,"calibrated",1.0709186101856258,0.0035013440399842854,3,3,,,,"",
123456,"TwoPole",49,51,7,0.5,1,"TopSupport","multi-point",3,4,"two-point",2,"degenerate",,,,,2,4,1.0516562591167025,"SwitchDetected",4
123456,"TwoPole",50,51,7,0.5,1,"TopSupport","multi-point",3,4,"multi-point",3,"calibrated",1,0.001485282203618697,3,3,,,,"",
123456,"TwoPole",51,51,7,0.5,1,"TopSupport","multi-point",3,5,"multi-point",3,"calibrated",1.149131767109295,0.008373931035676692,4,4,,,,"",
123456,"TwoPole",52,51,7,0.5,1,"TopSupport","multi-point",3,5,"one-point",1,"degenerate",,,,,1,4,1.0115030380127028,"SwitchDetected",3
123456,"TwoPole",53,51,7,0.5,1,"TopSupport","multi-point",3,3,"one-point",1,"degenerate",,,,,1,4,1.0916360648998429,"SwitchDetected",4
123456,"TwoPole",54,51,7,0.5,1,"TopSupport","multi-point",3,3,"two-point",2,"degenerate",,,,,4,4,,"NoSwitchDetected",
123456,"TwoPole",55,51,7,0.5,1,"TopSupport","multi-point",3,5,"multi-point",3,"calibrated",1,0.00460122699386505,3,3,,,,"",
123456,"TwoPole",56,51,7,0.5,1,"TopSupport","multi-point",3,5,"two-point",2,"calibrated",1.2178619756427604,0.019478164217576522,3,4,,,,"",
123456,"TwoPole",57,51,7,0.5,1,"TopSupport","multi-point",3,3,"two-point",2,"degenerate",,,,,4,4,,"NoSwitchDetected",
123456,"TwoPole",58,51,7,0.5,1,"TopSupport","multi-point",3,3,"two-point",2,"calibrated",1.1298962169400737,0.006832442282690616,3,4,,,,"",
123456,"TwoPole",59,51,7,0.5,1,"TopSupport","multi-point",3,5,"two-point",2,"calibrated",1.0312822275696116,0.003943908097411207,3,3,,,,"",
123456,"TwoPole",60,51,7,0.5,1,"TopSupport","multi-point",3,4,"two-point",2,"degenerate",,,,,3,4,1.4268209950996573,"SwitchDetected",4
123456,"TwoPole",61,51,7,0.5,1,"TopSupport","multi-point",3,4,"one-point",1,"degenerate",,,,,1,4,1.000005950963148,"SwitchDetected",3
123456,"TwoPole",62,51,7,0.5,1,"TopSupport","multi-point",3,3,"one-point",1,"degenerate",,,,,1,4,1.0201305174310693,"SwitchDetected",4
123456,"TwoPole",63,51,7,0.5,1,"TopSupport","multi-point",3,3,"two-point",2,"degenerate",,,,,3,4,1.3293225396194344,"SwitchDetected",4
123456,"TwoPole",64,51,7,0.5,1,"TopSupport","multi-point",3,4,"one-point",1,"degenerate",,,,,1,4,1.0107486119094553,"SwitchDetected",4
123456,"TwoPole",65,51,7,0.5,1,"TopSupport","multi-point",3,3,"one-point",1,"degenerate",,,,,1,4,1.0752765798539214,"SwitchDetected",3
123456,"TwoPole",66,51,7,0.5,1,"TopSupport","multi-point",3,5,"two-point",2,"calibrated",1.0550171928727727,0.024592511158507094,3,5,,,,"",
123456,"TwoPole",67,51,7,0.5,1,"TopSupport","multi-point",3,3,"one-point",1,"degenerate",,,,,1,4,1.000005950963148,"SwitchDetected",4
123456,"TwoPole",68,51,7,0.5,1,"TopSupport","multi-point",3,4,"multi-point",3,"calibrated",1.0340073529411764,0.000504805858821676,4,3,,,,"",
123456,"TwoPole",69,51,7,0.5,1,"TopSupport","multi-point",3,5,"multi-point",3,"calibrated",1,0.0005112474437627665,3,3,,,,"",
123456,"TwoPole",70,51,7,0.5,1,"TopSupport","multi-point",3,4,"two-point",2,"calibrated",1.253249164500557,0.009691523203552085,4,5,,,,"",
123456,"TwoPole",71,51,7,0.5,1,"TopSupport","multi-point",3,3,"one-point",1,"degenerate",,,,,1,4,1.0116248251274913,"SwitchDetected",3
123456,"TwoPole",72,51,7,0.5,1,"TopSupport","multi-point",3,5,"two-point",2,"calibrated",1.0395010395010396,0.03228812500921139,3,5,,,,"",
123456,"TwoPole",73,51,7,0.5,1,"TopSupport","multi-point",3,4,"two-point",2,"calibrated",1.253249164500557,0.010698717004752705,4,4,,,,"",
123456,"TwoPole",74,51,7,0.5,1,"TopSupport","multi-point",3,5,"multi-point",4,"calibrated",1,0.0070581592320722785,4,3,,,,"",
123456,"TwoPole",75,51,7,0.5,1,"TopSupport","multi-point",3,4,"multi-point",4,"calibrated",1,0.0001488095238094851,4,3,,,,"",
123456,"TwoPole",76,51,7,0.5,1,"TopSupport","multi-point",3,3,"one-point",1,"degenerate",,,,,1,4,1.0896752373397334,"SwitchDetected",5
123456,"TwoPole",77,51,7,0.5,1,"TopSupport","multi-point",3,4,"multi-point",3,"calibrated",1.119310173285797,0.009915471777031858,4,5,,,,"",
123456,"TwoPole",78,51,7,0.5,1,"TopSupport","multi-point",3,3,"two-point",2,"degenerate",,,,,4,4,,"NoSwitchDetected",
123456,"TwoPole",79,51,7,0.5,1,"TopSupport","multi-point",3,3,"one-point",1,"degenerate",,,,,1,4,1.0235106339781292,"SwitchDetected",5
123456,"TwoPole",80,51,7,0.5,1,"TopSupport","multi-point",3,3,"two-point",2,"degenerate",,,,,3,4,2.228187234910624,"SwitchDetected",4
123456,"TwoPole",81,51,7,0.5,1,"TopSupport","multi-point",3,4,"multi-point",3,"calibrated",1,0.008402240597492668,3,5,,,,"",
123456,"TwoPole",82,51,7,0.5,1,"TopSupport","multi-point",3,5,"two-point",2,"degenerate",,,,,2,4,1.000005950963148,"SwitchDetected",3
123456,"TwoPole",83,51,7,0.5,1,"TopSupport","multi-point",3,5,"multi-point",4,"calibrated",1,0.008698092031425382,4,5,,,,"",
123456,"TwoPole",84,51,7,0.5,1,"TopSupport","multi-point",3,5,"multi-point",4,"degenerate",,,,,4,4,,"NoSwitchDetected",
123456,"TwoPole",85,51,7,0.5,1,"TopSupport","multi-point",3,5,"multi-point",3,"calibrated",1.1857707509881423,0.021010477271157197,4,4,,,,"",
123456,"TwoPole",86,51,7,0.5,1,"TopSupport","multi-point",3,4,"multi-point",3,"degenerate",,,,,3,4,3.8695034522989946,"SwitchDetected",4
123456,"TwoPole",87,51,7,0.5,1,"TopSupport","multi-point",3,3,"multi-point",3,"degenerate",,,,,3,4,2.9589883741773004,"SwitchDetected",4
123456,"TwoPole",88,51,7,0.5,1,"TopSupport","multi-point",3,3,"two-point",2,"calibrated",1.179245283018868,0.014984678568866356,3,5,,,,"",
123456,"TwoPole",89,51,7,0.5,1,"TopSupport","multi-point",3,5,"multi-point",3,"calibrated",1,0.007563694267515922,3,3,,,,"",
123456,"TwoPole",90,51,7,0.5,1,"TopSupport","multi-point",3,3,"one-point",1,"calibrated",1.1286681715575622,0.003946223590405688,3,3,,,,"",
123456,"TwoPole",91,51,7,0.5,1,"TopSupport","multi-point",3,4,"two-point",2,"degenerate",,,,,2,4,1.000005950963148,"SwitchDetected",5
123456,"TwoPole",92,51,7,0.5,1,"TopSupport","multi-point",3,4,"multi-point",3,"calibrated",1,0.000846979107848665,3,5,,,,"",
123456,"TwoPole",93,51,7,0.5,1,"TopSupport","multi-point",3,4,"one-point",1,"degenerate",,,,,1,4,1.0644264163428176,"SwitchDetected",3
123456,"TwoPole",94,51,7,0.5,1,"TopSupport","multi-point",3,5,"multi-point",3,"calibrated",1,0.012820512820512817,3,3,,,,"",
123456,"TwoPole",95,51,7,0.5,1,"TopSupport","multi-point",3,4,"two-point",2,"calibrated",1.0951569724993915,0.00990262496229723,4,3,,,,"",
123456,"TwoPole",96,51,7,0.5,1,"TopSupport","multi-point",3,3,"two-point",2,"degenerate",,,,,3,4,2.6928777377788937,"SwitchDetected",4
123456,"TwoPole",97,51,7,0.5,1,"TopSupport","multi-point",3,4,"multi-point",3,"calibrated",1.1857707509881423,0.02658490654170458,4,4,,,,"",
123456,"TwoPole",98,51,7,0.5,1,"TopSupport","multi-point",3,4,"two-point",2,"calibrated",1.105560560150684,0.008431333799316907,4,4,,,,"",
123456,"TwoPole",99,51,7,0.5,1,"TopSupport","multi-point",3,5,"two-point",2,"degenerate",,,,,2,4,1.0597275554551568,"SwitchDetected",5
123456,"TwoPole",100,51,7,0.5,1,"TopSupport","multi-point",3,5,"multi-point",3,"degenerate",,,,,2,4,1.0721344827281583,"SwitchDetected",5
123456,"TwoPole",101,51,7,0.5,1,"TopSupport","multi-point",3,3,"one-point",1,"degenerate",,,,,1,4,1.0433246548810802,"SwitchDetected",4
123456,"TwoPole",102,51,7,0.5,1,"TopSupport","multi-point",3,5,"multi-point",3,"calibrated",1,0.02280608162176581,3,3,,,,"",
123456,"TwoPole",103,51,7,0.5,1,"TopSupport","multi-point",3,3,"one-point",1,"degenerate",,,,,1,4,1.0369060783271031,"SwitchDetected",5
123456,"TwoPole",104,51,7,0.5,1,"TopSupport","multi-point",3,5,"multi-point",3,"calibrated",1.0340073529411764,0.017138589174435895,4,5,,,,"",
123456,"TwoPole",105,51,7,0.5,1,"TopSupport","multi-point",3,5,"multi-point",3,"calibrated",1.047811238745731,0.013268153132297065,4,4,,,,"",
123456,"TwoPole",106,51,7,0.5,1,"TopSupport","multi-point",3,4,"two-point",2,"calibrated",1.1857707509881423,0.008932188803713041,4,4,,,,"",
123456,"TwoPole",107,51,7,0.5,1,"TopSupport","multi-point",3,5,"two-point",2,"calibrated",1.0586574654956085,0.027678569860375903,3,4,,,,"",
123456,"TwoPole",108,51,7,0.5,1,"TopSupport","multi-point",3,3,"multi-point",3,"degenerate",,,,,3,4,1.7049266646877836,"SwitchDetected",5
123456,"TwoPole",109,51,7,0.5,1,"TopSupport","multi-point",3,3,"one-point",1,"degenerate",,,,,1,4,1.000005950963148,"SwitchDetected",3
123456,"TwoPole",110,51,7,0.5,1,"TopSupport","multi-point",3,4,"two-point",2,"degenerate",,,,,3,4,2.0369343541212364,"SwitchDetected",4
123456,"TwoPole",111,51,7,0.5,1,"TopSupport","multi-point",3,4,"two-point",2,"degenerate",,,,,3,4,1.2329573781594816,"SwitchDetected",4
123456,"TwoPole",112,51,7,0.5,1,"TopSupport","multi-point",3,5,"two-point",2,"calibrated",1.0208711433756805,0.024445775039302627,3,3,,,,"",
123456,"TwoPole",113,51,7,0.5,1,"TopSupport","multi-point",3,4,"two-point",2,"degenerate",,,,,4,4,,"NoSwitchDetected",
123456,"TwoPole",114,51,7,0.5,1,"TopSupport","multi-point",3,4,"multi-point",3,"calibrated",1.0442450495049505,0.004787900231480564,4,4,,,,"",
123456,"TwoPole",115,51,7,0.5,1,"TopSupport","multi-point",3,5,"one-point",1,"degenerate",,,,,1,4,1.000005950963148,"SwitchDetected",4
123456,"TwoPole",116,51,7,0.5,1,"TopSupport","multi-point",3,4,"multi-point",3,"calibrated",1.0235414534288638,0.012778432369123476,4,4,,,,"",
123456,"TwoPole",117,51,7,0.5,1,"TopSupport","multi-point",3,3,"one-point",1,"degenerate",,,,,1,4,1.023205257291563,"SwitchDetected",3
123456,"TwoPole",118,51,7,0.5,1,"TopSupport","multi-point",3,4,"one-point",1,"degenerate",,,,,1,4,1.0430073420803394,"SwitchDetected",4
123456,"TwoPole",119,51,7,0.5,1,"TopSupport","multi-point",3,5,"multi-point",3,"calibrated",1.1540434262267054,0.002678929781256765,4,3,,,,"",
123456,"TwoPole",120,51,7,0.5,1,"TopSupport","multi-point",3,4,"one-point",1,"calibrated",1.0623229461756374,0.0018449704190678306,3,5,,,,"",
123456,"TwoPole",121,51,7,0.5,1,"TopSupport","multi-point",3,3,"one-point",1,"degenerate",,,,,1,4,1.0120817881182316,"SwitchDetected",3
123456,"TwoPole",122,51,7,0.5,1,"TopSupport","multi-point",3,5,"multi-point",4,"degenerate",,,,,3,4,2.076374303727405,"SwitchDetected",4
123456,"TwoPole",123,51,7,0.5,1,"TopSupport","multi-point",3,3,"two-point",2,"calibrated",1.2474588800591386,0.010359123698437521,3,4,,,,"",
123456,"TwoPole",124,51,7,0.5,1,"TopSupport","multi-point",3,3,"two-point",2,"degenerate",,,,,5,4,2.419979602100644,"SwitchDetected",4
123456,"TwoPole",125,51,7,0.5,1,"TopSupport","multi-point",3,3,"one-point",1,"degenerate",,,,,1,4,1.049475694523401,"SwitchDetected",5
123456,"TwoPole",126,51,7,0.5,1,"TopSupport","multi-point",3,4,"one-point",1,"degenerate",,,,,1,4,1.000005950963148,"SwitchDetected",3
123456,"TwoPole",127,51,7,0.5,1,"TopSupport","multi-point",3,4,"multi-point",3,"calibrated",1.1101060768028945,0.005877138516331914,4,4,,,,"",
123456,"TwoPole",128,51,7,0.5,1,"TopSupport","multi-point",3,5,"two-point",2,"calibrated",1.0129431626336522,0.02450635432239854,3,3,,,,"",
123456,"TwoPole",129,51,7,0.5,1,"TopSupport","multi-point",3,5,"multi-point",3,"calibrated",1,0.010356731875719234,3,3,,,,"",
123456,"TwoPole",130,51,7,0.5,1,"TopSupport","multi-point",3,3,"one-point",1,"degenerate",,,,,1,4,1.0558588922954975,"SwitchDetected",4
123456,"TwoPole",131,51,7,0.5,1,"TopSupport","multi-point",3,5,"multi-point",3,"calibrated",1,0.013839285714285708,3,3,,,,"",
123456,"TwoPole",132,51,7,0.5,1,"TopSupport","multi-point",3,5,"multi-point",3,"calibrated",1.0025621031525007,0.013401541792493765,4,3,,,,"",
123456,"TwoPole",133,51,7,0.5,1,"TopSupport","multi-point",3,4,"multi-point",3,"calibrated",1.0025621031525007,0.004361940863090416,4,4,,,,"",
123456,"TwoPole",134,51,7,0.5,1,"TopSupport","multi-point",3,4,"two-point",2,"degenerate",,,,,4,4,,"NoSwitchDetected",
123456,"TwoPole",135,51,7,0.5,1,"TopSupport","multi-point",3,4,"one-point",1,"degenerate",,,,,1,4,1.078894133513149,"SwitchDetected",3
123456,"TwoPole",136,51,7,0.5,1,"TopSupport","multi-point",3,5,"two-point",2,"degenerate",,,,,3,4,1.341816050237842,"SwitchDetected",4
123456,"TwoPole",137,51,7,0.5,1,"TopSupport","multi-point",3,4,"one-point",1,"degenerate",,,,,1,4,1.0107850904880613,"SwitchDetected",4
123456,"TwoPole",138,51,7,0.5,1,"TopSupport","multi-point",3,5,"one-point",1,"degenerate",,,,,1,4,1.0122220061598874,"SwitchDetected",3
123456,"TwoPole",139,51,7,0.5,1,"TopSupport","multi-point",3,3,"two-point",2,"degenerate",,,,,3,4,2.1206048719939146,"SwitchDetected",4
123456,"TwoPole",140,51,7,0.5,1,"TopSupport","multi-point",3,4,"two-point",2,"degenerate",,,,,6,4,1.000005950963148,"SwitchDetected",3
123456,"TwoPole",141,51,7,0.5,1,"TopSupport","multi-point",3,4,"multi-point",3,"calibrated",1.119310173285797,0.019971452921549213,4,3,,,,"",
123456,"TwoPole",142,51,7,0.5,1,"TopSupport","multi-point",3,3,"one-point",1,"degenerate",,,,,1,4,1.000005950963148,"SwitchDetected",5
123456,"TwoPole",143,51,7,0.5,1,"TopSupport","multi-point",3,5,"two-point",2,"degenerate",,,,,3,4,2.5738414355638306,"SwitchDetected",4
123456,"TwoPole",144,51,7,0.5,1,"TopSupport","multi-point",3,4,"multi-point",3,"degenerate",,,,,3,4,1.751101786532099,"SwitchDetected",4
123456,"TwoPole",145,51,7,0.5,1,"TopSupport","multi-point",3,5,"multi-point",3,"calibrated",1.0025621031525007,0.006872453037451495,4,3,,,,"",
123456,"TwoPole",146,51,7,0.5,1,"TopSupport","multi-point",3,4,"two-point",2,"degenerate",,,,,3,4,1.3492824936690617,"SwitchDetected",4
123456,"TwoPole",147,51,7,0.5,1,"TopSupport","multi-point",3,3,"two-point",2,"calibrated",1.0258748432691212,0.006874226098703564,3,3,,,,"",
123456,"TwoPole",148,51,7,0.5,1,"TopSupport","multi-point",3,4,"multi-point",3,"degenerate",,,,,4,4,,"NoSwitchDetected",
123456,"TwoPole",149,51,7,0.5,1,"TopSupport","multi-point",3,3,"two-point",2,"calibrated",1.149131767109295,0.007290587486146459,3,4,,,,"",
123456,"TwoPole",150,51,7,0.5,1,"TopSupport","multi-point",3,4,"one-point",1,"degenerate",,,,,1,4,1.0313123266812725,"SwitchDetected",4
123456,"TwoPole",151,51,7,0.5,1,"TopSupport","multi-point",3,4,"two-point",2,"degenerate",,,,,3,4,2.2786760758483147,"SwitchDetected",5
123456,"TwoPole",152,51,7,0.5,1,"TopSupport","multi-point",3,3,"one-point",1,"degenerate",,,,,1,4,1.000005950963148,"SwitchDetected",3
123456,"TwoPole",153,51,7,0.5,1,"TopSupport","multi-point",3,3,"two-point",2,"calibrated",1.3032145960034753,0.009589970976286348,3,5,,,,"",
123456,"TwoPole",154,51,7,0.5,1,"TopSupport","multi-point",3,4,"multi-point",3,"degenerate",,,,,3,4,1.8454482172907145,"SwitchDetected",4
123456,"TwoPole",155,51,7,0.5,1,"TopSupport","multi-point",3,4,"one-point",1,"degenerate",,,,,1,4,1.059052999513588,"SwitchDetected",3
123456,"TwoPole",156,51,7,0.5,1,"TopSupport","multi-point",3,5,"one-point",1,"degenerate",,,,,1,4,1.02108512106845,"SwitchDetected",4
123456,"TwoPole",157,51,7,0.5,1,"TopSupport","multi-point",3,3,"one-point",1,"degenerate",,,,,1,4,1.0101592400376713,"SwitchDetected",4
123456,"TwoPole",158,51,7,0.5,1,"TopSupport","multi-point",3,4,"two-point",2,"calibrated",1.2830260406766774,0.007724026630833129,4,4,,,,"",
123456,"TwoPole",159,51,7,0.5,1,"TopSupport","multi-point",3,4,"one-point",1,"degenerate",,,,,1,4,1.0556400051093904,"SwitchDetected",4
123456,"TwoPole",160,51,7,0.5,1,"TopSupport","multi-point",3,4,"one-point",1,"degenerate",,,,,1,4,1.0117953763656173,"SwitchDetected",5
123456,"TwoPole",161,51,7,0.5,1,"TopSupport","multi-point",3,4,"two-point",2,"calibrated",1.0129431626336522,0.0029560664221867363,3,4,,,,"",
123456,"TwoPole",162,51,7,0.5,1,"TopSupport","multi-point",3,4,"two-point",2,"degenerate",,,,,2,4,1.000005950963148,"SwitchDetected",4
123456,"TwoPole",163,51,7,0.5,1,"TopSupport","multi-point",3,3,"one-point",1,"degenerate",,,,,1,4,1.0793653721616754,"SwitchDetected",5
123456,"TwoPole",164,51,7,0.5,1,"TopSupport","multi-point",3,4,"multi-point",3,"calibrated",1,0.002272727272727263,3,3,,,,"",
123456,"TwoPole",165,51,7,0.5,1,"TopSupport","multi-point",3,3,"two-point",2,"calibrated",1.179245283018868,0.016170646186695503,3,4,,,,"",
123456,"TwoPole",166,51,7,0.5,1,"TopSupport","multi-point",3,5,"one-point",1,"degenerate",,,,,1,4,1.000005950963148,"SwitchDetected",3
123456,"TwoPole",167,51,7,0.5,1,"TopSupport","multi-point",3,5,"multi-point",4,"calibrated",1,0.01132075471698113,4,4,,,,"",
123456,"TwoPole",168,51,7,0.5,1,"TopSupport","multi-point",3,5,"two-point",2,"calibrated",1.0784470362677743,0.027633369311738733,3,3,,,,"",
123456,"TwoPole",169,51,7,0.5,1,"TopSupport","multi-point",3,5,"two-point",2,"degenerate",,,,,3,4,1.6486405306561707,"SwitchDetected",4
123456,"TwoPole",170,51,7,0.5,1,"TopSupport","multi-point",3,4,"two-point",2,"calibrated",1.4068361817423927,0.018344278247465356,3,4,,,,"",
123456,"TwoPole",171,51,7,0.5,1,"TopSupport","multi-point",3,4,"two-point",2,"calibrated",1.1286681715575622,0.006105747147985083,3,4,,,,"",
123456,"TwoPole",172,51,7,0.5,1,"TopSupport","multi-point",3,3,"two-point",2,"calibrated",1.2069736253911487,0.012355285918412328,3,4,,,,"",
123456,"TwoPole",173,51,7,0.5,1,"TopSupport","multi-point",3,3,"one-point",1,"degenerate",,,,,1,4,1.0726340665738214,"SwitchDetected",3
123456,"TwoPole",174,51,7,0.5,1,"TopSupport","multi-point",3,3,"two-point",2,"degenerate",,,,,5,4,2.09024382775901,"SwitchDetected",4
123456,"TwoPole",175,51,7,0.5,1,"TopSupport","multi-point",3,5,"multi-point",4,"degenerate",,,,,3,4,2.6480657717215053,"SwitchDetected",4
123456,"TwoPole",176,51,7,0.5,1,"TopSupport","multi-point",3,3,"two-point",2,"calibrated",1.0833801460556938,0.0035229450810710682,3,4,,,,"",
123456,"TwoPole",177,51,7,0.5,1,"TopSupport","multi-point",3,5,"two-point",2,"degenerate",,,,,2,4,1.283000517225245,"SwitchDetected",4
123456,"TwoPole",178,51,7,0.5,1,"TopSupport","multi-point",3,3,"multi-point",3,"calibrated",1,0.0012345679012345544,3,4,,,,"",
123456,"TwoPole",179,51,7,0.5,1,"TopSupport","multi-point",3,3,"one-point",1,"degenerate",,,,,1,4,1.0214513193564372,"SwitchDetected",4
123456,"TwoPole",180,51,7,0.5,1,"TopSupport","multi-point",3,5,"one-point",1,"degenerate",,,,,1,4,1.0231491875037664,"SwitchDetected",5
123456,"TwoPole",181,51,7,0.5,1,"TopSupport","multi-point",3,4,"two-point",2,"degenerate",,,,,2,4,1.0291080744061971,"SwitchDetected",5
123456,"TwoPole",182,51,7,0.5,1,"TopSupport","multi-point",3,4,"multi-point",3,"calibrated",1.149131767109295,0.012308736648840888,4,4,,,,"",
123456,"TwoPole",183,51,7,0.5,1,"TopSupport","multi-point",3,5,"multi-point",3,"calibrated",1.0258748432691212,0.02332387032971505,4,5,,,,"",
123456,"TwoPole",184,51,7,0.5,1,"TopSupport","multi-point",3,4,"two-point",2,"calibrated",1.0025621031525007,0.002684896014302326,4,5,,,,"",
123456,"TwoPole",185,51,7,0.5,1,"TopSupport","multi-point",3,3,"two-point",2,"degenerate",,,,,3,4,2.7738227252334235,"SwitchDetected",4
123456,"TwoPole",186,51,7,0.5,1,"TopSupport","multi-point",3,3,"one-point",1,"degenerate",,,,,1,4,1.0389254629318447,"SwitchDetected",3
123456,"TwoPole",187,51,7,0.5,1,"TopSupport","multi-point",3,3,"two-point",2,"calibrated",1.0586574654956085,0.0030593247414218345,3,3,,,,"",
123456,"TwoPole",188,51,7,0.5,1,"TopSupport","multi-point",3,4,"two-point",2,"degenerate",,,,,4,4,,"NoSwitchDetected",
123456,"TwoPole",189,51,7,0.5,1,"TopSupport","multi-point",3,3,"one-point",1,"degenerate",,,,,1,4,1.000005950963148,"SwitchDetected",3
123456,"TwoPole",190,51,7,0.5,1,"TopSupport","multi-point",3,3,"two-point",2,"calibrated",1.0550171928727727,0.003736648934137689,3,3,,,,"",
123456,"TwoPole",191,51,7,0.5,1,"TopSupport","multi-point",3,3,"two-point",2,"calibrated",1.0965802940459752,0.005071696050915146,3,3,,,,"",
123456,"TwoPole",192,51,7,0.5,1,"TopSupport","multi-point",3,4,"multi-point",4,"calibrated",1,0.0036392405063291364,4,4,,,,"",
123456,"TwoPole",193,51,7,0.5,1,"TopSupport","multi-point",3,5,"one-point",1,"degenerate",,,,,1,4,1.000005950963148,"SwitchDetected",3
123456,"TwoPole",194,51,7,0.5,1,"TopSupport","multi-point",3,4,"two-point",2,"degenerate",,,,,2,4,1.000005950963148,"SwitchDetected",4
123456,"TwoPole",195,51,7,0.5,1,"TopSupport","multi-point",3,5,"two-point",2,"degenerate",,,,,3,4,1.7217666498612967,"SwitchDetected",4
123456,"TwoPole",196,51,7,0.5,1,"TopSupport","multi-point",3,4,"two-point",2,"degenerate",,,,,2,4,1.000005950963148,"SwitchDetected",4
123456,"TwoPole",197,51,7,0.5,1,"TopSupport","multi-point",3,4,"multi-point",3,"calibrated",1.1857707509881423,0.016584881488301787,4,5,,,,"",
123456,"TwoPole",198,51,7,0.5,1,"TopSupport","multi-point",3,5,"one-point",1,"degenerate",,,,,1,4,1.0451610824855302,"SwitchDetected",3
123456,"TwoPole",199,51,7,0.5,1,"TopSupport","multi-point",3,5,"two-point",2,"calibrated",1.0550171928727727,0.024276125055561086,4,4,,,,"",
123456,"TwoPole",200,51,7,0.5,1,"TopSupport","multi-point",3,5,"one-point",1,"degenerate",,,,,1,4,1.0347224733050098,"SwitchDetected",5
123456,"TwoPole",1,51,7,0.5,2,"TopSupport","multi-point",3,5,"two-point",2,"degenerate",,,,,2,4,1.0904106060800176,"SwitchDetected",4
123456,"TwoPole",2,51,7,0.5,2,"TopSupport","multi-point",3,3,"one-point",1,"degenerate",,,,,1,4,1.0139810748081806,"SwitchDetected",3
123456,"TwoPole",3,51,7,0.5,2,"TopSupport","multi-point",3,4,"two-point",2,"calibrated",1.0025621031525007,0.003420231030296385,3,4,,,,"",
123456,"TwoPole",4,51,7,0.5,2,"TopSupport","multi-point",3,5,"multi-point",3,"calibrated",1.149131767109295,0.00837949533426028,4,5,,,,"",
123456,"TwoPole",5,51,7,0.5,2,"TopSupport","multi-point",3,4,"multi-point",3,"calibrated",1,0.00032894736842106574,3,3,,,,"",
123456,"TwoPole",6,51,7,0.5,2,"TopSupport","multi-point",3,6,"two-point",2,"degenerate",,,,,4,4,,"NoSwitchDetected",
123456,"TwoPole",7,51,7,0.5,2,"TopSupport","multi-point",3,6,"multi-point",3,"calibrated",1.3995438523740409,0.023220571289657137,4,5,,,,"",
123456,"TwoPole",8,51,7,0.5,2,"TopSupport","multi-point",3,4,"two-point",2,"calibrated",1.2474588800591386,0.028112861704930936,3,4,,,,"",
123456,"TwoPole",9,51,7,0.5,2,"TopSupport","multi-point",3,3,"two-point",2,"degenerate",,,,,4,4,,"NoSwitchDetected",
123456,"TwoPole",10,51,7,0.5,2,"TopSupport","multi-point",3,5,"multi-point",3,"calibrated",1.0025621031525007,0.013289131381280274,4,3,,,,"",
123456,"TwoPole",11,51,7,0.5,2,"TopSupport","multi-point",3,4,"one-point",1,"degenerate",,,,,1,4,1.0375975538181694,"SwitchDetected",4
123456,"TwoPole",12,51,7,0.5,2,"TopSupport","multi-point",3,4,"two-point",2,"degenerate",,,,,3,4,4.834040092379027,"SwitchDetected",4
123456,"TwoPole",13,51,7,0.5,2,"TopSupport","multi-point",3,4,"two-point",2,"calibrated",1.1540434262267054,0.04099274072651579,3,4,,,,"",
123456,"TwoPole",14,51,7,0.5,2,"TopSupport","multi-point",3,4,"one-point",1,"degenerate",,,,,1,4,1.0113934546781191,"SwitchDetected",4
123456,"TwoPole",15,51,7,0.5,2,"TopSupport","multi-point",3,4,"multi-point",3,"calibrated",1.4291763709506669,0.0028365684669620027,4,4,,,,"",
123456,"TwoPole",16,51,7,0.5,2,"TopSupport","multi-point",3,5,"two-point",2,"degenerate",,,,,4,4,,"NoSwitchDetected",
123456,"TwoPole",17,51,7,0.5,2,"TopSupport","multi-point",3,5,"two-point",2,"calibrated",1.2953367875647668,0.018591457454684678,3,5,,,,"",
123456,"TwoPole",18,51,7,0.5,2,"TopSupport","multi-point",3,7,"multi-point",4,"degenerate",,,,,3,4,2.5025833093395513,"SwitchDetected",4
123456,"TwoPole",19,51,7,0.5,2,"TopSupport","multi-point",3,4,"two-point",2,"calibrated",1.0129431626336522,0.014990234509442429,3,4,,,,"",
123456,"TwoPole",20,51,7,0.5,2,"TopSupport","multi-point",3,5,"one-point",1,"calibrated",1.13464447806354,0.003420556130897086,3,5,,,,"",
123456,"TwoPole",21,51,7,0.5,2,"TopSupport","multi-point",3,5,"multi-point",4,"calibrated",1,0.005503144654088051,4,4,,,,"",
123456,"TwoPole",22,51,7,0.5,2,"TopSupport","multi-point",3,4,"two-point",2,"degenerate",,,,,3,4,2.00001159674693,"SwitchDetected",4
123456,"TwoPole",23,51,7,0.5,2,"TopSupport","multi-point",3,7,"two-point",2,"calibrated",1.0025621031525007,0.01781336908941105,3,5,,,,"",
123456,"TwoPole",24,51,7,0.5,2,"TopSupport","multi-point",3,4,"two-point",2,"degenerate",,,,,3,4,2.6111156487249416,"SwitchDetected",4
123456,"TwoPole",25,51,7,0.5,2,"TopSupport","multi-point",3,6,"two-point",2,"calibrated",1.0921446484912223,0.028152327722594166,3,3,,,,"",
123456,"TwoPole",26,51,7,0.5,2,"TopSupport","multi-point",3,6,"multi-point",3,"calibrated",1.169033598891583,0.027438427722914972,4,3,,,,"",
123456,"TwoPole",27,51,7,0.5,2,"TopSupport","multi-point",3,5,"two-point",2,"degenerate",,,,,5,5,,"NoSwitchDetected",
123456,"TwoPole",28,51,7,0.5,2,"TopSupport","multi-point",3,4,"one-point",1,"degenerate",,,,,1,4,1.000005950963148,"SwitchDetected",3
123456,"TwoPole",29,51,7,0.5,2,"TopSupport","multi-point",3,5,"one-point",1,"degenerate",,,,,1,4,1.0269195000474005,"SwitchDetected",5
123456,"TwoPole",30,51,7,0.5,2,"TopSupport","multi-point",3,5,"two-point",2,"calibrated",1.067193675889328,0.006770730379511591,3,4,,,,"",
123456,"TwoPole",31,51,7,0.5,2,"TopSupport","multi-point",3,3,"multi-point",3,"degenerate",,,,,3,4,2.954306432657853,"SwitchDetected",4
123456,"TwoPole",32,51,7,0.5,2,"TopSupport","multi-point",3,5,"multi-point",3,"calibrated",2.055420219244823,0.04336641271638179,5,4,,,,"",
123456,"TwoPole",33,51,7,0.5,2,"TopSupport","multi-point",3,6,"two-point",2,"degenerate",,,,,2,4,1.062656108424131,"SwitchDetected",3
123456,"TwoPole",34,51,7,0.5,2,"TopSupport","multi-point",3,5,"two-point",2,"calibrated",1.2590934527140458,0.01293861361307619,3,5,,,,"",
123456,"TwoPole",35,51,7,0.5,2,"TopSupport","multi-point",3,4,"one-point",1,"calibrated",1.2069736253911487,0.0053820999235772,4,4,,,,"",
123456,"TwoPole",36,51,7,0.5,2,"TopSupport","multi-point",3,5,"multi-point",3,"calibrated",1.0623229461756374,0.055713639357514534,4,3,,,,"",
123456,"TwoPole",37,51,7,0.5,2,"TopSupport","multi-point",3,5,"two-point",2,"degenerate",,,,,5,4,1.180096318591433,"SwitchDetected",4
123456,"TwoPole",38,51,7,0.5,2,"TopSupport","multi-point",3,3,"two-point",2,"degenerate",,,,,4,4,,"NoSwitchDetected",
123456,"TwoPole",39,51,7,0.5,2,"TopSupport","multi-point",3,5,"one-point",1,"degenerate",,,,,1,4,1.02171216296758,"SwitchDetected",4
123456,"TwoPole",40,51,7,0.5,2,"TopSupport","multi-point",3,5,"one-point",1,"degenerate",,,,,1,4,1.0454797072988637,"SwitchDetected",3
123456,"TwoPole",41,51,7,0.5,2,"TopSupport","multi-point",3,7,"multi-point",4,"degenerate",,,,,4,4,,"NoSwitchDetected",
123456,"TwoPole",42,51,7,0.5,2,"TopSupport","multi-point",3,4,"two-point",2,"degenerate",,,,,3,4,1.6635744563543973,"SwitchDetected",4
123456,"TwoPole",43,51,7,0.5,2,"TopSupport","multi-point",3,4,"multi-point",3,"calibrated",1,0.0009259259259259411,3,5,,,,"",
123456,"TwoPole",44,51,7,0.5,2,"TopSupport","multi-point",3,5,"multi-point",3,"degenerate",,,,,3,4,2.7121315079196258,"SwitchDetected",4
123456,"TwoPole",45,51,7,0.5,2,"TopSupport","multi-point",3,5,"two-point",2,"calibrated",1.0822510822510822,0.011193688338491947,3,4,,,,"",
123456,"TwoPole",46,51,7,0.5,2,"TopSupport","multi-point",3,5,"two-point",2,"calibrated",1.2417218543046358,0.01021807657132905,4,4,,,,"",
123456,"TwoPole",47,51,7,0.5,2,"TopSupport","multi-point",3,6,"multi-point",3,"calibrated",1,0.010632642211589558,3,5,,,,"",
123456,"TwoPole",48,51,7,0.5,2,"TopSupport","multi-point",3,5,"two-point",2,"degenerate",,,,,3,4,1.328177296753063,"SwitchDetected",4
123456,"TwoPole",49,51,7,0.5,2,"TopSupport","multi-point",3,5,"multi-point",3,"degenerate",,,,,3,4,1.4675171649976015,"SwitchDetected",4
123456,"TwoPole",50,51,7,0.5,2,"TopSupport","multi-point",3,5,"two-point",2,"degenerate",,,,,5,4,1.8345085000256134,"SwitchDetected",4
123456,"TwoPole",51,51,7,0.5,2,"TopSupport","multi-point",3,5,"two-point",2,"calibrated",1.0833801460556938,0.012936978415367523,3,3,,,,"",
123456,"TwoPole",52,51,7,0.5,2,"TopSupport","multi-point",3,7,"two-point",2,"degenerate",,,,,4,4,,"NoSwitchDetected",
123456,"TwoPole",53,51,7,0.5,2,"TopSupport","multi-point",3,3,"two-point",2,"degenerate",,,,,4,4,,"NoSwitchDetected",
123456,"TwoPole",54,51,7,0.5,2,"TopSupport","multi-point",3,6,"multi-point",4,"degenerate",,,,,3,4,3.2060316601496863,"SwitchDetected",4
123456,"TwoPole",55,51,7,0.5,2,"TopSupport","multi-point",3,4,"one-point",1,"calibrated",1.119310173285797,0.001645870096267395,3,3,,,,"",
123456,"TwoPole",56,51,7,0.5,2,"TopSupport","multi-point",3,4,"multi-point",4,"calibrated",1,0.012020792722547118,4,4,,,,"",
123456,"TwoPole",57,51,7,0.5,2,"TopSupport","multi-point",3,3,"two-point",2,"calibrated",1.3288709518653412,0.0185927499985571,3,4,,,,"",
123456,"TwoPole",58,51,7,0.5,2,"TopSupport","multi-point",3,4,"two-point",2,"calibrated",1.2345679012345678,0.012655172941139908,3,4,,,,"",
123456,"TwoPole",59,51,7,0.5,2,"TopSupport","multi-point",3,3,"two-point",2,"calibrated",1.4701078079059129,0.05040959943316063,3,4,,,,"",
123456,"TwoPole",60,51,7,0.5,2,"TopSupport","multi-point",3,4,"multi-point",3,"calibrated",1.1910013233348036,0.014073493245846757,4,5,,,,"",
123456,"TwoPole",61,51,7,0.5,2,"TopSupport","multi-point",3,6,"two-point",2,"degenerate",,,,,4,4,,"NoSwitchDetected",
123456,"TwoPole",62,51,7,0.5,2,"TopSupport","multi-point",3,4,"two-point",2,"degenerate",,,,,3,4,3.637958311360294,"SwitchDetected",4
123456,"TwoPole",63,51,7,0.5,2,"TopSupport","multi-point",3,5,"two-point",2,"degenerate",,,,,3,4,1.000005950963148,"SwitchDetected",4
123456,"TwoPole",64,51,7,0.5,2,"TopSupport","multi-point",3,5,"multi-point",4,"calibrated",1,0.009937888198757773,4,4,,,,"",
123456,"TwoPole",65,51,7,0.5,2,"TopSupport","multi-point",3,6,"two-point",2,"degenerate",,,,,3,4,1.000005950963148,"SwitchDetected",4
123456,"TwoPole",66,51,7,0.5,2,"TopSupport","multi-point",3,4,"two-point",2,"calibrated",1.0025621031525007,0.010209279999876295,3,4,,,,"",
123456,"TwoPole",67,51,7,0.5,2,"TopSupport","multi-point",3,5,"multi-point",4,"degenerate",,,,,3,5,3.041960638692908,"SwitchDetected",5
123456,"TwoPole",68,51,7,0.5,2,"TopSupport","multi-point",3,5,"two-point",2,"degenerate",,,,,3,4,1.979281211899003,"SwitchDetected",4
123456,"TwoPole",69,51,7,0.5,2,"TopSupport","multi-point",3,6,"two-point",2,"degenerate",,,,,2,4,1.1683631310263558,"SwitchDetected",4
123456,"TwoPole",70,51,7,0.5,2,"TopSupport","multi-point",3,5,"one-point",1,"degenerate",,,,,1,4,1.0572406367835727,"SwitchDetected",3
123456,"TwoPole",71,51,7,0.5,2,"TopSupport","multi-point",3,4,"one-point",1,"degenerate",,,,,1,4,1.060945263765569,"SwitchDetected",4
123456,"TwoPole",72,51,7,0.5,2,"TopSupport","multi-point",3,4,"one-point",1,"degenerate",,,,,1,4,1.000005950963148,"SwitchDetected",4
123456,"TwoPole",73,51,7,0.5,2,"TopSupport","multi-point",3,4,"one-point",1,"calibrated",1.0921446484912223,0.0010739298456509583,3,3,,,,"",
123456,"TwoPole",74,51,7,0.5,2,"TopSupport","multi-point",3,5,"two-point",2,"degenerate",,,,,3,4,3.626339210124712,"SwitchDetected",4
123456,"TwoPole",75,51,7,0.5,2,"TopSupport","multi-point",3,6,"multi-point",3,"calibrated",1.0784470362677743,0.008577128892421917,3,3,,,,"",
123456,"TwoPole",76,51,7,0.5,2,"TopSupport","multi-point",3,3,"two-point",2,"calibrated",1.119310173285797,0.015836350340065405,3,3,,,,"",
123456,"TwoPole",77,51,7,0.5,2,"TopSupport","multi-point",3,5,"two-point",2,"calibrated",1.0395010395010396,0.007416598732092426,3,3,,,,"",
123456,"TwoPole",78,51,7,0.5,2,"TopSupport","multi-point",3,4,"multi-point",3,"degenerate",,,,,5,5,,"NoSwitchDetected",
123456,"TwoPole",79,51,7,0.5,2,"TopSupport","multi-point",3,6,"one-point",1,"degenerate",,,,,1,4,1.0232301791698903,"SwitchDetected",4
123456,"TwoPole",80,51,7,0.5,2,"TopSupport","multi-point",3,5,"two-point",2,"degenerate",,,,,4,4,,"NoSwitchDetected",
123456,"TwoPole",81,51,7,0.5,2,"TopSupport","multi-point",3,4,"multi-point",3,"degenerate",,,,,3,4,3.101187504584161,"SwitchDetected",5
123456,"TwoPole",82,51,7,0.5,2,"TopSupport","multi-point",3,7,"multi-point",4,"degenerate",,,,,3,4,4.250111706808701,"SwitchDetected",4
123456,"TwoPole",83,51,7,0.5,2,"TopSupport","multi-point",3,5,"multi-point",3,"degenerate",,,,,3,4,2.144528582315951,"SwitchDetected",4
123456,"TwoPole",84,51,7,0.5,2,"TopSupport","multi-point",3,6,"multi-point",3,"calibrated",1.4216512215669754,0.021328273554893987,5,4,,,,"",
123456,"TwoPole",85,51,7,0.5,2,"TopSupport","multi-point",3,6,"two-point",2,"calibrated",1.0877447425670776,0.005129887355349166,3,4,,,,"",
123456,"TwoPole",86,51,7,0.5,2,"TopSupport","multi-point",3,4,"two-point",2,"degenerate",,,,,4,4,,"NoSwitchDetected",
123456,"TwoPole",87,51,7,0.5,2,"TopSupport","multi-point",3,6,"multi-point",3,"calibrated",1.0784470362677743,0.009261635799788394,4,4,,,,"",
123456,"TwoPole",88,51,7,0.5,2,"TopSupport","multi-point",3,4,"multi-point",3,"calibrated",1.4781561370852951,0.003816057870275936,4,4,,,,"",
123456,"TwoPole",89,51,7,0.5,2,"TopSupport","multi-point",3,4,"two-point",2,"calibrated",1.0285714285714287,0.0031235979382021025,3,4,,,,"",
123456,"TwoPole",90,51,7,0.5,2,"TopSupport","multi-point",3,5,"two-point",2,"degenerate",,,,,3,4,2.4788458781660263,"SwitchDetected",4
123456,"TwoPole",91,51,7,0.5,2,"TopSupport","multi-point",3,6,"multi-point",4,"calibrated",1.1101060768028945,0.028953710761126607,5,4,,,,"",
123456,"TwoPole",92,51,7,0.5,2,"TopSupport","multi-point",3,5,"two-point",2,"calibrated",1.0550171928727727,0.00935797840435749,3,4,,,,"",
123456,"TwoPole",93,51,7,0.5,2,"TopSupport","multi-point",3,3,"multi-point",3,"degenerate",,,,,3,3,,"NoSwitchDetected",
123456,"TwoPole",94,51,7,0.5,2,"TopSupport","multi-point",3,5,"two-point",2,"calibrated",1.0442450495049505,0.0074889889155279775,3,4,,,,"",
123456,"TwoPole",95,51,7,0.5,2,"TopSupport","multi-point",3,6,"two-point",2,"degenerate",,,,,5,4,1.9362905570380808,"SwitchDetected",4
123456,"TwoPole",96,51,7,0.5,2,"TopSupport","multi-point",3,6,"two-point",2,"calibrated",1.015572105619499,0.015716683301603706,3,4,,,,"",
123456,"TwoPole",97,51,7,0.5,2,"TopSupport","multi-point",3,6,"multi-point",5,"calibrated",1,0.0016447368421052264,5,5,,,,"",
123456,"TwoPole",98,51,7,0.5,2,"TopSupport","multi-point",3,6,"two-point",2,"calibrated",1.179245283018868,0.017916679465464456,4,5,,,,"",
123456,"TwoPole",99,51,7,0.5,2,"TopSupport","multi-point",3,6,"two-point",2,"degenerate",,,,,2,4,1.1174498898680294,"SwitchDetected",5
123456,"TwoPole",100,51,7,0.5,2,"TopSupport","multi-point",3,6,"multi-point",3,"calibrated",1,0.019198193111236585,3,4,,,,"",
123456,"TwoPole",101,51,7,0.5,2,"TopSupport","multi-point",3,3,"one-point",1,"degenerate",,,,,1,4,1.0270952478194835,"SwitchDetected",5
123456,"TwoPole",102,51,7,0.5,2,"TopSupport","multi-point",3,5,"multi-point",3,"calibrated",1.1540434262267054,0.03537877715812126,4,3,,,,"",
123456,"TwoPole",103,51,7,0.5,2,"TopSupport","multi-point",3,4,"one-point",1,"degenerate",,,,,1,4,1.0995216772000584,"SwitchDetected",4
123456,"TwoPole",104,51,7,0.5,2,"TopSupport","multi-point",3,4,"two-point",2,"degenerate",,,,,5,4,2.2009871798273295,"SwitchDetected",4
123456,"TwoPole",105,51,7,0.5,2,"TopSupport","multi-point",3,4,"two-point",2,"degenerate",,,,,4,4,,"NoSwitchDetected",
123456,"TwoPole",106,51,7,0.5,2,"TopSupport","multi-point",3,4,"two-point",2,"calibrated",1.1101060768028945,0.011249843388112966,3,5,,,,"",
123456,"TwoPole",107,51,7,0.5,2,"TopSupport","multi-point",3,5,"one-point",1,"degenerate",,,,,1,4,1.0115334820422555,"SwitchDetected",4
123456,"TwoPole",108,51,7,0.5,2,"TopSupport","multi-point",3,5,"one-point",1,"degenerate",,,,,1,4,1.0121793269909443,"SwitchDetected",3
123456,"TwoPole",109,51,7,0.5,2,"TopSupport","multi-point",3,4,"two-point",2,"calibrated",1.5845070422535212,0.03741988988967128,4,4,,,,"",
123456,"TwoPole",110,51,7,0.5,2,"TopSupport","multi-point",3,5,"two-point",2,"calibrated",1.0746696385925807,0.01293513647359169,4,4,,,,"",
123456,"TwoPole",111,51,7,0.5,2,"TopSupport","multi-point",3,4,"two-point",2,"calibrated",1.0623229461756374,0.0033044262356719412,3,3,,,,"",
123456,"TwoPole",112,51,7,0.5,2,"TopSupport","multi-point",3,5,"two-point",2,"degenerate",,,,,3,4,1.2914309293529977,"SwitchDetected",4
123456,"TwoPole",113,51,7,0.5,2,"TopSupport","multi-point",3,5,"multi-point",3,"calibrated",1,0.012808921036769108,3,4,,,,"",
123456,"TwoPole",114,51,7,0.5,2,"TopSupport","multi-point",3,5,"multi-point",3,"degenerate",,,,,4,4,,"NoSwitchDetected",
123456,"TwoPole",115,51,7,0.5,2,"TopSupport","multi-point",3,4,"two-point",2,"calibrated",1.0340073529411764,0.007334195895393194,3,5,,,,"",
123456,"TwoPole",116,51,7,0.5,2,"TopSupport","multi-point",3,7,"multi-point",5,"calibrated",1,0.0006457862447529856,5,5,,,,"",
123456,"TwoPole",117,51,7,0.5,2,"TopSupport","multi-point",3,6,"multi-point",3,"calibrated",1.264992503748126,0.02823073845422363,4,4,,,,"",
123456,"TwoPole",118,51,7,0.5,2,"TopSupport","multi-point",3,6,"multi-point",3,"degenerate",,,,,4,4,,"NoSwitchDetected",
123456,"TwoPole",119,51,7,0.5,2,"TopSupport","multi-point",3,5,"two-point",2,"calibrated",1.1857707509881423,0.034154371162744036,3,4,,,,"",
123456,"TwoPole",120,51,7,0.5,2,"TopSupport","multi-point",3,6,"two-point",2,"degenerate",,,,,3,4,1.3393455648892654,"SwitchDetected",4
123456,"TwoPole",121,51,7,0.5,2,"TopSupport","multi-point",3,4,"multi-point",3,"degenerate",,,,,3,4,1.5522412946965722,"SwitchDetected",4
123456,"TwoPole",122,51,7,0.5,2,"TopSupport","multi-point",3,4,"two-point",2,"calibrated",1.0025621031525007,0.006979309857137103,3,5,,,,"",
123456,"TwoPole",123,51,7,0.5,2,"TopSupport","multi-point",3,6,"multi-point",3,"calibrated",1.0965802940459752,0.022688686617354206,4,3,,,,"",
123456,"TwoPole",124,51,7,0.5,2,"TopSupport","multi-point",3,5,"one-point",1,"degenerate",,,,,1,4,1.000005950963148,"SwitchDetected",2
123456,"TwoPole",125,51,7,0.5,2,"TopSupport","multi-point",3,6,"two-point",2,"calibrated",1.0746696385925807,0.026240863413928034,3,4,,,,"",
123456,"TwoPole",126,51,7,0.5,2,"TopSupport","multi-point",3,5,"two-point",2,"calibrated",1.1540434262267054,0.009021909541481117,3,4,,,,"",
123456,"TwoPole",127,51,7,0.5,2,"TopSupport","multi-point",3,5,"multi-point",3,"calibrated",1.0822510822510822,0.014655559403223271,4,4,,,,"",
123456,"TwoPole",128,51,7,0.5,2,"TopSupport","multi-point",3,4,"two-point",2,"degenerate",,,,,3,4,1.1916617859616436,"SwitchDetected",4
123456,"TwoPole",129,51,7,0.5,2,"TopSupport","multi-point",3,5,"one-point",1,"degenerate",,,,,1,4,1.000005950963148,"SwitchDetected",5
123456,"TwoPole",130,51,7,0.5,2,"TopSupport","multi-point",3,5,"one-point",1,"degenerate",,,,,1,4,1.0619643975528281,"SwitchDetected",5
123456,"TwoPole",131,51,7,0.5,2,"TopSupport","multi-point",3,4,"two-point",2,"calibrated",1.4142049025769956,0.014564332086072962,3,4,,,,"",
123456,"TwoPole",132,51,7,0.5,2,"TopSupport","multi-point",3,6,"multi-point",4,"calibrated",1.179245283018868,0.013120689789164605,5,4,,,,"",
123456,"TwoPole",133,51,7,0.5,2,"TopSupport","multi-point",3,6,"two-point",2,"calibrated",1.139432815665091,0.014592394350598305,4,4,,,,"",
123456,"TwoPole",134,51,7,0.5,2,"TopSupport","multi-point",3,4,"two-point",2,"calibrated",1.854140914709518,0.046550914072686266,3,4,,,,"",
123456,"TwoPole",135,51,7,0.5,2,"TopSupport","multi-point",3,3,"two-point",2,"degenerate",,,,,3,4,1.691591240770405,"SwitchDetected",4
123456,"TwoPole",136,51,7,0.5,2,"TopSupport","multi-point",3,3,"two-point",2,"calibrated",1.0025621031525007,0.00816313979188261,3,4,,,,"",
123456,"TwoPole",137,51,7,0.5,2,"TopSupport","multi-point",3,4,"two-point",2,"degenerate",,,,,5,4,2.4871375565133476,"SwitchDetected",4
123456,"TwoPole",138,51,7,0.5,2,"TopSupport","multi-point",3,6,"two-point",2,"degenerate",,,,,5,4,1.2805464832159819,"SwitchDetected",4
123456,"TwoPole",139,51,7,0.5,2,"TopSupport","multi-point",3,6,"multi-point",3,"calibrated",1,0.00931786216596339,3,3,,,,"",
123456,"TwoPole",140,51,7,0.5,2,"TopSupport","multi-point",3,4,"two-point",2,"calibrated",1.119310173285797,0.005879018556397468,3,5,,,,"",
123456,"TwoPole",141,51,7,0.5,2,"TopSupport","multi-point",3,5,"multi-point",3,"calibrated",1,0.007575757575757602,3,3,,,,"",
123456,"TwoPole",142,51,7,0.5,2,"TopSupport","multi-point",3,6,"two-point",2,"calibrated",1.067193675889328,0.0021546605396534028,3,5,,,,"",
123456,"TwoPole",143,51,7,0.5,2,"TopSupport","multi-point",3,5,"multi-point",4,"calibrated",1.6652275811027506,0.010154300577965205,5,4,,,,"",
123456,"TwoPole",144,51,7,0.5,2,"TopSupport","multi-point",3,7,"multi-point",3,"calibrated",1.0235414534288638,0.01360991344813767,4,4,,,,"",
123456,"TwoPole",145,51,7,0.5,2,"TopSupport","multi-point",3,5,"multi-point",4,"degenerate",,,,,4,4,,"NoSwitchDetected",
123456,"TwoPole",146,51,7,0.5,2,"TopSupport","multi-point",3,4,"two-point",2,"degenerate",,,,,3,4,1.913884540803215,"SwitchDetected",4
123456,"TwoPole",147,51,7,0.5,2,"TopSupport","multi-point",3,6,"two-point",2,"degenerate",,,,,4,4,,"NoSwitchDetected",
123456,"TwoPole",148,51,7,0.5,2,"TopSupport","multi-point",3,4,"two-point",2,"calibrated",1.2289485662266728,0.0157775223060367,3,5,,,,"",
123456,"TwoPole",149,51,7,0.5,2,"TopSupport","multi-point",3,4,"one-point",1,"degenerate",,,,,1,4,1.0141769043556095,"SwitchDetected",5
123456,"TwoPole",150,51,7,0.5,2,"TopSupport","multi-point",3,4,"two-point",2,"degenerate",,,,,4,4,,"NoSwitchDetected",
123456,"TwoPole",151,51,7,0.5,2,"TopSupport","multi-point",3,4,"two-point",2,"degenerate",,,,,3,4,1.000005950963148,"SwitchDetected",4
123456,"TwoPole",152,51,7,0.5,2,"TopSupport","multi-point",3,5,"two-point",2,"calibrated",1.0025621031525007,0.00805904307790176,4,4,,,,"",
123456,"TwoPole",153,51,7,0.5,2,"TopSupport","multi-point",3,3,"two-point",2,"calibrated",1.3288709518653412,0.05030241516342705,3,4,,,,"",
123456,"TwoPole",154,51,7,0.5,2,"TopSupport","multi-point",3,6,"multi-point",3,"degenerate",,,,,4,4,,"NoSwitchDetected",
123456,"TwoPole",155,51,7,0.5,2,"TopSupport","multi-point",3,6,"multi-point",3,"calibrated",1.1741172377804836,0.02701342957128891,4,4,,,,"",
123456,"TwoPole",156,51,7,0.5,2,"TopSupport","multi-point",3,5,"two-point",2,"degenerate",,,,,4,4,,"NoSwitchDetected",
123456,"TwoPole",157,51,7,0.5,2,"TopSupport","multi-point",3,4,"two-point",2,"calibrated",1.0367469185577698,0.008577737498447176,3,3,,,,"",
123456,"TwoPole",158,51,7,0.5,2,"TopSupport","multi-point",3,5,"multi-point",3,"calibrated",1.105560560150684,0.017732924743838842,4,5,,,,"",
123456,"TwoPole",159,51,7,0.5,2,"TopSupport","multi-point",3,5,"multi-point",3,"degenerate",,,,,4,4,,"NoSwitchDetected",
123456,"TwoPole",160,51,7,0.5,2,"TopSupport","multi-point",3,6,"multi-point",3,"degenerate",,,,,3,4,1.404707880519238,"SwitchDetected",4
123456,"TwoPole",161,51,7,0.5,2,"TopSupport","multi-point",3,5,"multi-point",3,"calibrated",1.105560560150684,0.010676056959251579,4,3,,,,"",
123456,"TwoPole",162,51,7,0.5,2,"TopSupport","multi-point",3,5,"multi-point",3,"calibrated",1.2016021361815754,0.031284013273358495,5,4,,,,"",
123456,"TwoPole",163,51,7,0.5,2,"TopSupport","multi-point",3,5,"two-point",2,"degenerate",,,,,3,4,1.6401763109447531,"SwitchDetected",4
123456,"TwoPole",164,51,7,0.5,2,"TopSupport","multi-point",3,6,"multi-point",3,"calibrated",1.179245283018868,0.011582746418969465,3,3,,,,"",
123456,"TwoPole",165,51,7,0.5,2,"TopSupport","multi-point",3,5,"two-point",2,"calibrated",1.0709186101856258,0.011729248285490206,3,3,,,,"",
123456,"TwoPole",166,51,7,0.5,2,"TopSupport","multi-point",3,4,"two-point",2,"degenerate",,,,,3,4,2.183626400501659,"SwitchDetected",4
123456,"TwoPole",167,51,7,0.5,2,"TopSupport","multi-point",3,4,"one-point",1,"degenerate",,,,,1,4,1.068772726464731,"SwitchDetected",3
123456,"TwoPole",168,51,7,0.5,2,"TopSupport","multi-point",3,7,"multi-point",3,"calibrated",1.1239696944467572,0.02311543900564192,4,4,,,,"",
123456,"TwoPole",169,51,7,0.5,2,"TopSupport","multi-point",3,5,"two-point",2,"calibrated",1.0784470362677743,0.017931207170316724,3,3,,,,"",
123456,"TwoPole",170,51,7,0.5,2,"TopSupport","multi-point",3,6,"multi-point",4,"degenerate",,,,,5,4,1.173642751713741,"SwitchDetected",3
123456,"TwoPole",171,51,7,0.5,2,"TopSupport","multi-point",3,3,"two-point",2,"degenerate",,,,,3,4,1.4694420801789445,"SwitchDetected",4
123456,"TwoPole",172,51,7,0.5,2,"TopSupport","multi-point",3,4,"two-point",2,"degenerate",,,,,3,4,1.314597009500419,"SwitchDetected",4
123456,"TwoPole",173,51,7,0.5,2,"TopSupport","multi-point",3,6,"multi-point",3,"calibrated",1,0.008138711960368009,3,4,,,,"",
123456,"TwoPole",174,51,7,0.5,2,"TopSupport","multi-point",3,3,"two-point",2,"calibrated",1.047811238745731,0.0060709141827464215,3,3,,,,"",
123456,"TwoPole",175,51,7,0.5,2,"TopSupport","multi-point",3,5,"two-point",2,"calibrated",1.1962782454585732,0.024803001180078155,3,4,,,,"",
123456,"TwoPole",176,51,7,0.5,2,"TopSupport","multi-point",3,6,"two-point",2,"calibrated",1.047811238745731,0.012655829339225167,3,5,,,,"",
123456,"TwoPole",177,51,7,0.5,2,"TopSupport","multi-point",3,6,"multi-point",3,"calibrated",1.0025621031525007,0.017367667897815638,4,3,,,,"",
123456,"TwoPole",178,51,7,0.5,2,"TopSupport","multi-point",3,5,"multi-point",3,"degenerate",,,,,2,4,1.1741593919224584,"SwitchDetected",3
123456,"TwoPole",179,51,7,0.5,2,"TopSupport","multi-point",3,4,"two-point",2,"calibrated",1.1239696944467572,0.0252190284776052,4,4,,,,"",
123456,"TwoPole",180,51,7,0.5,2,"TopSupport","multi-point",3,4,"one-point",1,"degenerate",,,,,1,4,1.0139566014320962,"SwitchDetected",3
123456,"TwoPole",181,51,7,0.5,2,"TopSupport","multi-point",3,4,"two-point",2,"calibrated",1.0921446484912223,0.011964464298073563,3,4,,,,"",
123456,"TwoPole",182,51,7,0.5,2,"TopSupport","multi-point",3,4,"one-point",1,"calibrated",1.119310173285797,0.0011082019797325367,3,5,,,,"",
123456,"TwoPole",183,51,7,0.5,2,"TopSupport","multi-point",3,4,"two-point",2,"degenerate",,,,,3,4,2.637715761333734,"SwitchDetected",4
123456,"TwoPole",184,51,7,0.5,2,"TopSupport","multi-point",3,5,"two-point",2,"degenerate",,,,,3,4,2.1019835352748415,"SwitchDetected",4
123456,"TwoPole",185,51,7,0.5,2,"TopSupport","multi-point",3,6,"multi-point",3,"calibrated",1,0.0021853146853146547,3,3,,,,"",
123456,"TwoPole",186,51,7,0.5,2,"TopSupport","multi-point",3,7,"multi-point",3,"calibrated",1.0025621031525007,0.005309524985636323,4,4,,,,"",
123456,"TwoPole",187,51,7,0.5,2,"TopSupport","multi-point",3,4,"multi-point",3,"calibrated",1.0025621031525007,0.01133650708079689,4,3,,,,"",
123456,"TwoPole",188,51,7,0.5,2,"TopSupport","multi-point",3,5,"multi-point",3,"calibrated",1.31591773077298,0.010740118284513355,4,4,,,,"",
123456,"TwoPole",189,51,7,0.5,2,"TopSupport","multi-point",3,4,"two-point",2,"degenerate",,,,,4,4,,"NoSwitchDetected",
123456,"TwoPole",190,51,7,0.5,2,"TopSupport","multi-point",3,6,"two-point",2,"degenerate",,,,,3,4,1.840093060370473,"SwitchDetected",4
123456,"TwoPole",191,51,7,0.5,2,"TopSupport","multi-point",3,5,"one-point",1,"degenerate",,,,,1,4,1.0432274978060483,"SwitchDetected",3
123456,"TwoPole",192,51,7,0.5,2,"TopSupport","multi-point",3,4,"two-point",2,"degenerate",,,,,3,4,2.407636133057753,"SwitchDetected",4
123456,"TwoPole",193,51,7,0.5,2,"TopSupport","multi-point",3,4,"two-point",2,"degenerate",,,,,3,4,2.1031147509418706,"SwitchDetected",5
123456,"TwoPole",194,51,7,0.5,2,"TopSupport","multi-point",3,4,"two-point",2,"calibrated",1.0367469185577698,0.005491772760825106,3,5,,,,"",
123456,"TwoPole",195,51,7,0.5,2,"TopSupport","multi-point",3,6,"multi-point",5,"degenerate",,,,,5,4,6.399362563494654,"SwitchDetected",4
123456,"TwoPole",196,51,7,0.5,2,"TopSupport","multi-point",3,4,"two-point",2,"degenerate",,,,,3,3,,"NoSwitchDetected",
123456,"TwoPole",197,51,7,0.5,2,"TopSupport","multi-point",3,3,"one-point",1,"degenerate",,,,,1,4,1.086736626221368,"SwitchDetected",4
123456,"TwoPole",198,51,7,0.5,2,"TopSupport","multi-point",3,6,"two-point",2,"degenerate",,,,,3,4,1.5545388473413249,"SwitchDetected",4
123456,"TwoPole",199,51,7,0.5,2,"TopSupport","multi-point",3,5,"two-point",2,"calibrated",1.158997252747253,0.004126320050591308,4,4,,,,"",
123456,"TwoPole",200,51,7,0.5,2,"TopSupport","multi-point",3,5,"two-point",2,"degenerate",,,,,5,4,1.570682008553717,"SwitchDetected",3
123456,"TwoPole",1,51,7,0.5,3,"TopSupport","multi-point",3,5,"two-point",2,"degenerate",,,,,3,5,2.6959018885217256,"SwitchDetected",4
123456,"TwoPole",2,51,7,0.5,3,"TopSupport","multi-point",3,5,"two-point",2,"calibrated",1.2345679012345678,0.022638581358631244,3,3,,,,"",
123456,"TwoPole",3,51,7,0.5,3,"TopSupport","multi-point",3,5,"two-point",2,"calibrated",1.0182147301730964,0.014753655524010575,3,3,,,,"",
123456,"TwoPole",4,51,7,0.5,3,"TopSupport","multi-point",3,4,"multi-point",3,"calibrated",1.1639937920331092,0.00139650918971377,4,4,,,,"",
123456,"TwoPole",5,51,7,0.5,3,"TopSupport","multi-point",3,4,"two-point",2,"calibrated",3.2902754082378745,0.014737313519537214,4,4,,,,"",
123456,"TwoPole",6,51,7,0.5,3,"TopSupport","multi-point",3,4,"multi-point",4,"calibrated",1,0.013809182209469162,4,5,,,,"",
123456,"TwoPole",7,51,7,0.5,3,"TopSupport","multi-point",3,5,"multi-point",3,"degenerate",,,,,5,4,10.816913310864123,"SwitchDetected",4
123456,"TwoPole",8,51,7,0.5,3,"TopSupport","multi-point",3,5,"two-point",2,"calibrated",1.2123933542882803,0.01034153610264476,4,4,,,,"",
123456,"TwoPole",9,51,7,0.5,3,"TopSupport","multi-point",3,6,"two-point",2,"degenerate",,,,,4,4,,"NoSwitchDetected",
123456,"TwoPole",10,51,7,0.5,3,"TopSupport","multi-point",3,5,"two-point",2,"calibrated",1.1286681715575622,0.045711317326806625,3,4,,,,"",
123456,"TwoPole",11,51,7,0.5,3,"TopSupport","multi-point",3,5,"one-point",1,"degenerate",,,,,7,4,1.079233661102911,"SwitchDetected",3
123456,"TwoPole",12,51,7,0.5,3,"TopSupport","multi-point",3,5,"one-point",1,"calibrated",1.0965802940459752,0.001173148251918621,3,3,,,,"",
123456,"TwoPole",13,51,7,0.5,3,"TopSupport","multi-point",3,4,"two-point",2,"calibrated",1.253249164500557,0.01866227914492046,4,4,,,,"",
123456,"TwoPole",14,51,7,0.5,3,"TopSupport","multi-point",3,6,"multi-point",4,"calibrated",1,0.02674258109040714,4,3,,,,"",
123456,"TwoPole",15,51,7,0.5,3,"TopSupport","multi-point",3,5,"two-point",2,"calibrated",1.0623229461756374,0.03960250896717359,3,4,,,,"",
123456,"TwoPole",16,51,7,0.5,3,"TopSupport","multi-point",3,5,"two-point",2,"calibrated",1.0514018691588785,0.005677713377987607,3,5,,,,"",
123456,"TwoPole",17,51,7,0.5,3,"TopSupport","multi-point",3,5,"multi-point",4,"degenerate",,,,,4,5,10.511745033723368,"SwitchDetected",5
123456,"TwoPole",18,51,7,0.5,3,"TopSupport","multi-point",3,4,"two-point",2,"calibrated",1.264992503748126,0.01270413657047337,3,5,,,,"",
123456,"TwoPole",19,51,7,0.5,3,"TopSupport","multi-point",3,4,"multi-point",3,"degenerate",,,,,5,4,5.291959751519494,"SwitchDetected",4
123456,"TwoPole",20,51,7,0.5,3,"TopSupport","multi-point",3,5,"two-point",2,"degenerate",,,,,5,4,2.6283915700244007,"SwitchDetected",4
123456,"TwoPole",21,51,7,0.5,3,"TopSupport","multi-point",3,6,"two-point",2,"degenerate",,,,,4,4,,"NoSwitchDetected",
123456,"TwoPole",22,51,7,0.5,3,"TopSupport","multi-point",3,4,"two-point",2,"calibrated",1.2345679012345678,0.018150545854807333,3,5,,,,"",
123456,"TwoPole",23,51,7,0.5,3,"TopSupport","multi-point",3,5,"two-point",2,"calibrated",1.0285714285714287,0.011351408768245407,4,3,,,,"",
123456,"TwoPole",24,51,7,0.5,3,"TopSupport","multi-point",3,4,"multi-point",3,"calibrated",1.6652275811027506,0.006561041513180655,4,4,,,,"",
123456,"TwoPole",25,51,7,0.5,3,"TopSupport","multi-point",3,5,"multi-point",3,"degenerate",,,,,4,4,,"NoSwitchDetected",
123456,"TwoPole",26,51,7,0.5,3,"TopSupport","multi-point",3,4,"one-point",1,"calibrated",1.2123933542882803,0.0015320087914880891,4,4,,,,"",
123456,"TwoPole",27,51,7,0.5,3,"TopSupport","multi-point",3,5,"two-point",2,"calibrated",1.3206808843670514,0.02807009641638913,4,4,,,,"",
123456,"TwoPole",28,51,7,0.5,3,"TopSupport","multi-point",3,6,"two-point",2,"degenerate",,,,,4,4,,"NoSwitchDetected",
123456,"TwoPole",29,51,7,0.5,3,"TopSupport","multi-point",3,6,"one-point",1,"degenerate",,,,,1,3,1.045779001314245,"SwitchDetected",5
123456,"TwoPole",30,51,7,0.5,3,"TopSupport","multi-point",3,4,"two-point",2,"calibrated",1.1286681715575622,0.014830756166611683,3,4,,,,"",
123456,"TwoPole",31,51,7,0.5,3,"TopSupport","multi-point",3,6,"two-point",2,"calibrated",1.015572105619499,0.01590934851758649,3,4,,,,"",
123456,"TwoPole",32,51,7,0.5,3,"TopSupport","multi-point",3,5,"multi-point",3,"calibrated",3.760445682451253,0.018978423925764834,4,4,,,,"",
123456,"TwoPole",33,51,7,0.5,3,"TopSupport","multi-point",3,3,"two-point",2,"degenerate",,,,,3,3,,"NoSwitchDetected",
123456,"TwoPole",34,51,7,0.5,3,"TopSupport","multi-point",3,6,"multi-point",3,"calibrated",1.2289485662266728,0.01937745688487486,4,3,,,,"",
123456,"TwoPole",35,51,7,0.5,3,"TopSupport","multi-point",3,5,"one-point",1,"calibrated",1.1442617392778438,0.00521834113489345,4,4,,,,"",
123456,"TwoPole",36,51,7,0.5,3,"TopSupport","multi-point",3,4,"two-point",2,"degenerate",,,,,3,4,1.2623271730293135,"SwitchDetected",4
123456,"TwoPole",37,51,7,0.5,3,"TopSupport","multi-point",3,4,"two-point",2,"calibrated",2.153797064454371,0.0353227129049872,4,5,,,,"",
123456,"TwoPole",38,51,7,0.5,3,"TopSupport","multi-point",3,3,"two-point",2,"degenerate",,,,,3,3,,"NoSwitchDetected",
123456,"TwoPole",39,51,7,0.5,3,"TopSupport","multi-point",3,4,"one-point",1,"degenerate",,,,,1,4,1.0414817595282566,"SwitchDetected",4
123456,"TwoPole",40,51,7,0.5,3,"TopSupport","multi-point",3,6,"multi-point",3,"degenerate",,,,,4,4,,"NoSwitchDetected",
123456,"TwoPole",41,51,7,0.5,3,"TopSupport","multi-point",3,5,"two-point",2,"calibrated",1.3641875505254648,0.008542566031643686,4,4,,,,"",
123456,"TwoPole",42,51,7,0.5,3,"TopSupport","multi-point",3,4,"one-point",1,"degenerate",,,,,1,4,1.0326495696059164,"SwitchDetected",5
123456,"TwoPole",43,51,7,0.5,3,"TopSupport","multi-point",3,6,"one-point",1,"degenerate",,,,,1,4,1.0253780119188303,"SwitchDetected",4
123456,"TwoPole",44,51,7,0.5,3,"TopSupport","multi-point",3,5,"two-point",2,"calibrated",1.067193675889328,0.015019268937326172,3,4,,,,"",
123456,"TwoPole",45,51,7,0.5,3,"TopSupport","multi-point",3,4,"one-point",1,"calibrated",1.1962782454585732,0.004914996074912519,3,4,,,,"",
123456,"TwoPole",46,51,7,0.5,3,"TopSupport","multi-point",3,5,"multi-point",4,"calibrated",1.4068361817423927,0.0026097297712655487,5,4,,,,"",
123456,"TwoPole",47,51,7,0.5,3,"TopSupport","multi-point",3,4,"multi-point",3,"calibrated",1.7432851239669418,0.014016177808103918,4,4,,,,"",
123456,"TwoPole",48,51,7,0.5,3,"TopSupport","multi-point",3,4,"two-point",2,"degenerate",,,,,5,5,2.850035660236228,"SwitchDetected",4
123456,"TwoPole",49,51,7,0.5,3,"TopSupport","multi-point",3,4,"multi-point",3,"calibrated",7.079181961195594,0.028787773212372803,4,4,,,,"",
123456,"TwoPole",50,51,7,0.5,3,"TopSupport","multi-point",3,4,"two-point",2,"calibrated",1.548165137614679,0.03957290900213255,4,4,,,,"",
123456,"TwoPole",51,51,7,0.5,3,"TopSupport","multi-point",3,6,"multi-point",3,"calibrated",1.2016021361815754,0.009703451730539216,5,3,,,,"",
123456,"TwoPole",52,51,7,0.5,3,"TopSupport","multi-point",3,6,"multi-point",3,"calibrated",1,0.013081395348837205,3,4,,,,"",
123456,"TwoPole",53,51,7,0.5,3,"TopSupport","multi-point",3,6,"two-point",2,"calibrated",1.3555577869263984,0.007206407392552342,5,4,,,,"",
123456,"TwoPole",54,51,7,0.5,3,"TopSupport","multi-point",3,5,"two-point",2,"calibrated",1.3923267326732671,0.024295172729982474,3,4,,,,"",
123456,"TwoPole",55,51,7,0.5,3,"TopSupport","multi-point",3,5,"two-point",2,"calibrated",1.015572105619499,0.005313903292053738,3,4,,,,"",
123456,"TwoPole",56,51,7,0.5,3,"TopSupport","multi-point",3,5,"two-point",2,"calibrated",1.1286681715575622,0.012909287630326453,3,4,,,,"",
123456,"TwoPole",57,51,7,0.5,3,"TopSupport","multi-point",3,5,"multi-point",3,"calibrated",1,0.004710851202079247,3,4,,,,"",
123456,"TwoPole",58,51,7,0.5,3,"TopSupport","multi-point",3,4,"two-point",2,"degenerate",,,,,5,4,5.697846180062584,"SwitchDetected",4
123456,"TwoPole",59,51,7,0.5,3,"TopSupport","multi-point",3,3,"two-point",2,"calibrated",1.1286681715575622,0.027783310624533472,3,4,,,,"",
123456,"TwoPole",60,51,7,0.5,3,"TopSupport","multi-point",3,5,"multi-point",3,"calibrated",1.240238860817639,0.009297265764587124,3,3,,,,"",
123456,"TwoPole",61,51,7,0.5,3,"TopSupport","multi-point",3,4,"multi-point",3,"degenerate",,,,,4,4,,"NoSwitchDetected",
123456,"TwoPole",62,51,7,0.5,3,"TopSupport","multi-point",3,5,"one-point",1,"degenerate",,,,,1,4,1.0746576840746476,"SwitchDetected",4
123456,"TwoPole",63,51,7,0.5,3,"TopSupport","multi-point",3,6,"multi-point",4,"degenerate",,,,,4,4,,"NoSwitchDetected",
123456,"TwoPole",64,51,7,0.5,3,"TopSupport","multi-point",3,3,"one-point",1,"degenerate",,,,,1,5,1.0775588858406797,"SwitchDetected",5
123456,"TwoPole",65,51,7,0.5,3,"TopSupport","multi-point",3,5,"one-point",1,"degenerate",,,,,1,4,1.0508013450565068,"SwitchDetected",5
123456,"TwoPole",66,51,7,0.5,3,"TopSupport","multi-point",3,3,"two-point",2,"calibrated",1.1540434262267054,0.01980100304599981,3,4,,,,"",
123456,"TwoPole",67,51,7,0.5,3,"TopSupport","multi-point",3,5,"two-point",2,"degenerate",,,,,5,4,2.7045363380802483,"SwitchDetected",3
123456,"TwoPole",68,51,7,0.5,3,"TopSupport","multi-point",3,6,"multi-point",3,"calibrated",1.1205179282868525,0.008940838416366783,3,3,,,,"",
123456,"TwoPole",69,51,7,0.5,3,"TopSupport","multi-point",3,4,"two-point",2,"calibrated",2.2481265611990007,0.06055993809481844,4,4,,,,"",
123456,"TwoPole",70,51,7,0.5,3,"TopSupport","multi-point",3,5,"two-point",2,"calibrated",1.0550171928727727,0.012950064264399515,3,4,,,,"",
123456,"TwoPole",71,51,7,0.5,3,"TopSupport","multi-point",3,6,"multi-point",3,"calibrated",1.3032145960034753,0.022233805952331147,4,5,,,,"",
123456,"TwoPole",72,51,7,0.5,3,"TopSupport","multi-point",3,5,"two-point",2,"calibrated",1.0258748432691212,0.013509088767566789,3,4,,,,"",
123456,"TwoPole",73,51,7,0.5,3,"TopSupport","multi-point",3,6,"multi-point",4,"calibrated",1,0.013642340565417476,4,3,,,,"",
123456,"TwoPole",74,51,7,0.5,3,"TopSupport","multi-point",3,4,"one-point",1,"degenerate",,,,,1,4,1.000005950963148,"SwitchDetected",3
123456,"TwoPole",75,51,7,0.5,3,"TopSupport","multi-point",3,4,"two-point",2,"calibrated",1.3995438523740409,0.02025466064230521,4,4,,,,"",
123456,"TwoPole",76,51,7,0.5,3,"TopSupport","multi-point",3,4,"two-point",2,"calibrated",2.581755593803787,0.00712714555569888,4,4,,,,"",
123456,"TwoPole",77,51,7,0.5,3,"TopSupport","multi-point",3,4,"two-point",2,"calibrated",1.0235414534288638,0.01553413005168054,3,4,,,,"",
123456,"TwoPole",78,51,7,0.5,3,"TopSupport","multi-point",3,5,"two-point",2,"degenerate",,,,,5,4,4.211129652750157,"SwitchDetected",4
123456,"TwoPole",79,51,7,0.5,3,"TopSupport","multi-point",3,5,"two-point",2,"degenerate",,,,,5,5,1.728425472860297,"SwitchDetected",4
123456,"TwoPole",80,51,7,0.5,3,"TopSupport","multi-point",3,5,"two-point",2,"degenerate",,,,,3,4,7.726370294218899,"SwitchDetected",4
123456,"TwoPole",81,51,7,0.5,3,"TopSupport","multi-point",3,5,"one-point",1,"degenerate",,,,,1,4,1.1132892792226545,"SwitchDetected",3
123456,"TwoPole",82,51,7,0.5,3,"TopSupport","multi-point",3,6,"multi-point",3,"calibrated",1,0.008768724881256839,3,5,,,,"",
123456,"TwoPole",83,51,7,0.5,3,"TopSupport","multi-point",3,5,"multi-point",3,"calibrated",1.0367469185577698,0.01116771425200179,4,3,,,,"",
123456,"TwoPole",84,51,7,0.5,3,"TopSupport","multi-point",3,5,"two-point",2,"calibrated",1.3555577869263984,0.012966168208800642,3,4,,,,"",
123456,"TwoPole",85,51,7,0.5,3,"TopSupport","multi-point",3,5,"multi-point",3,"calibrated",1.548165137614679,0.031697911177004386,5,4,,,,"",
123456,"TwoPole",86,51,7,0.5,3,"TopSupport","multi-point",3,5,"two-point",2,"degenerate",,,,,4,4,,"NoSwitchDetected",
123456,"TwoPole",87,51,7,0.5,3,"TopSupport","multi-point",3,7,"multi-point",3,"calibrated",1,0.027036901717208586,3,5,,,,"",
123456,"TwoPole",88,51,7,0.5,3,"TopSupport","multi-point",3,6,"two-point",2,"calibrated",1.4367816091954022,0.08408143970576352,3,4,,,,"",
123456,"TwoPole",89,51,7,0.5,3,"TopSupport","multi-point",3,5,"multi-point",3,"degenerate",,,,,3,4,4.378688103993842,"SwitchDetected",4
123456,"TwoPole",90,51,7,0.5,3,"TopSupport","multi-point",3,5,"one-point",1,"degenerate",,,,,1,4,1.1264462370978883,"SwitchDetected",5
123456,"TwoPole",91,51,7,0.5,3,"TopSupport","multi-point",3,5,"one-point",1,"degenerate",,,,,1,4,1.0426190585660267,"SwitchDetected",4
123456,"TwoPole",92,51,7,0.5,3,"TopSupport","multi-point",3,6,"multi-point",4,"calibrated",1.101052116466846,0.02469691804615027,5,4,,,,"",
123456,"TwoPole",93,51,7,0.5,3,"TopSupport","multi-point",3,4,"two-point",2,"degenerate",,,,,3,4,7.155545995805113,"SwitchDetected",4
123456,"TwoPole",94,51,7,0.5,3,"TopSupport","multi-point",3,5,"multi-point",4,"degenerate",,,,,5,4,4.3602821515586605,"SwitchDetected",4
123456,"TwoPole",95,51,7,0.5,3,"TopSupport","multi-point",3,6,"two-point",2,"calibrated",1.0442450495049505,0.0012409804465787833,3,5,,,,"",
123456,"TwoPole",96,51,7,0.5,3,"TopSupport","multi-point",3,6,"one-point",1,"degenerate",,,,,1,4,1.0861325520568337,"SwitchDetected",3
123456,"TwoPole",97,51,7,0.5,3,"TopSupport","multi-point",3,6,"multi-point",4,"degenerate",,,,,3,4,4.920814649515098,"SwitchDetected",4
123456,"TwoPole",98,51,7,0.5,3,"TopSupport","multi-point",3,4,"one-point",1,"calibrated",1.4542712485187976,0.007494607985304339,3,4,,,,"",
123456,"TwoPole",99,51,7,0.5,3,"TopSupport","multi-point",3,5,"multi-point",3,"calibrated",1.4701078079059129,0.05316392775964057,4,5,,,,"",
123456,"TwoPole",100,51,7,0.5,3,"TopSupport","multi-point",3,5,"multi-point",4,"degenerate",,,,,5,5,,"NoSwitchDetected",
123456,"TwoPole",101,51,7,0.5,3,"TopSupport","multi-point",3,7,"two-point",2,"calibrated",1.1101060768028945,0.024652018452286283,4,4,,,,"",
123456,"TwoPole",102,51,7,0.5,3,"TopSupport","multi-point",3,4,"multi-point",3,"calibrated",2.229562345169281,0.018394206939880125,4,4,,,,"",
123456,"TwoPole",103,51,7,0.5,3,"TopSupport","multi-point",3,6,"multi-point",4,"calibrated",1.0340073529411764,0.016247629085890967,4,4,,,,"",
123456,"TwoPole",104,51,7,0.5,3,"TopSupport","multi-point",3,5,"one-point",1,"degenerate",,,,,1,4,1.0644196739630045,"SwitchDetected",3
123456,"TwoPole",105,51,7,0.5,3,"TopSupport","multi-point",3,6,"multi-point",3,"degenerate",,,,,5,5,,"NoSwitchDetected",
123456,"TwoPole",106,51,7,0.5,3,"TopSupport","multi-point",3,4,"two-point",2,"calibrated",1.1741172377804836,0.016500548887419225,3,4,,,,"",
123456,"TwoPole",107,51,7,0.5,3,"TopSupport","multi-point",3,3,"two-point",2,"calibrated",1.0340073529411764,0.009394817346054305,3,4,,,,"",
123456,"TwoPole",108,51,7,0.5,3,"TopSupport","multi-point",3,4,"multi-point",3,"calibrated",1.5458605290278253,0.004035994404621858,3,3,,,,"",
123456,"TwoPole",109,51,7,0.5,3,"TopSupport","multi-point",3,4,"one-point",1,"degenerate",,,,,1,4,1.0541896865838214,"SwitchDetected",3
123456,"TwoPole",110,51,7,0.5,3,"TopSupport","multi-point",3,6,"multi-point",3,"degenerate",,,,,5,4,2.9696034336039707,"SwitchDetected",4
123456,"TwoPole",111,51,7,0.5,3,"TopSupport","multi-point",3,6,"one-point",1,"degenerate",,,,,1,4,1.0746714295740605,"SwitchDetected",4
123456,"TwoPole",112,51,7,0.5,3,"TopSupport","multi-point",3,5,"multi-point",3,"degenerate",,,,,3,4,1.3042306698789503,"SwitchDetected",4
123456,"TwoPole",113,51,7,0.5,3,"TopSupport","multi-point",3,4,"two-point",2,"calibrated",1.0442450495049505,0.0028361021734222393,3,3,,,,"",
123456,"TwoPole",114,51,7,0.5,3,"TopSupport","multi-point",3,5,"two-point",2,"calibrated",1.236037355795642,0.0154850717091385,3,5,,,,"",
123456,"TwoPole",115,51,7,0.5,3,"TopSupport","multi-point",3,4,"two-point",2,"degenerate",,,,,3,4,4.87640454454474,"SwitchDetected",4
123456,"TwoPole",116,51,7,0.5,3,"TopSupport","multi-point",3,4,"two-point",2,"calibrated",1.0746696385925807,0.015557592903207155,3,3,,,,"",
123456,"TwoPole",117,51,7,0.5,3,"TopSupport","multi-point",3,5,"two-point",2,"calibrated",1.2345679012345678,0.02367264469828233,3,5,,,,"",
123456,"TwoPole",118,51,7,0.5,3,"TopSupport","multi-point",3,5,"one-point",1,"calibrated",1.3851836650933715,0.008481873652809658,3,4,,,,"",
123456,"TwoPole",119,51,7,0.5,3,"TopSupport","multi-point",3,5,"two-point",2,"calibrated",1.0784470362677743,0.02334795605908905,3,4,,,,"",
123456,"TwoPole",120,51,7,0.5,3,"TopSupport","multi-point",3,3,"two-point",2,"calibrated",1.5393386545039909,0.031397237470630696,3,4,,,,"",
123456,"TwoPole",121,51,7,0.5,3,"TopSupport","multi-point",3,6,"multi-point",4,"calibrated",1.105560560150684,0.01956401262649583,5,4,,,,"",
123456,"TwoPole",122,51,7,0.5,3,"TopSupport","multi-point",3,5,"multi-point",3,"calibrated",1.101052116466846,0.020629615892236403,4,4,,,,"",
123456,"TwoPole",123,51,7,0.5,3,"TopSupport","multi-point",3,5,"one-point",1,"degenerate",,,,,1,4,1.0184611626209088,"SwitchDetected",5
123456,"TwoPole",124,51,7,0.5,3,"TopSupport","multi-point",3,5,"two-point",2,"degenerate",,,,,5,4,1.8102987258078058,"SwitchDetected",4
123456,"TwoPole",125,51,7,0.5,3,"TopSupport","multi-point",3,4,"multi-point",3,"calibrated",3.597122302158273,0.004982828249793361,4,4,,,,"",
123456,"TwoPole",126,51,7,0.5,3,"TopSupport","multi-point",3,4,"two-point",2,"calibrated",1.3623978201634879,0.05011184013869873,3,4,,,,"",
123456,"TwoPole",127,51,7,0.5,3,"TopSupport","multi-point",3,6,"two-point",2,"calibrated",1.015572105619499,0.005880647786608643,3,4,,,,"",
123456,"TwoPole",128,51,7,0.5,3,"TopSupport","multi-point",3,5,"two-point",2,"calibrated",1.13464447806354,0.013571960606099151,4,4,,,,"",
123456,"TwoPole",129,51,7,0.5,3,"TopSupport","multi-point",3,7,"one-point",1,"degenerate",,,,,1,4,1.0600618121369767,"SwitchDetected",3
123456,"TwoPole",130,51,7,0.5,3,"TopSupport","multi-point",3,5,"multi-point",3,"degenerate",,,,,4,4,,"NoSwitchDetected",
123456,"TwoPole",131,51,7,0.5,3,"TopSupport","multi-point",3,4,"one-point",1,"degenerate",,,,,1,4,1.014207509555396,"SwitchDetected",4
123456,"TwoPole",132,51,7,0.5,3,"TopSupport","multi-point",3,7,"two-point",2,"calibrated",1.0921446484912223,0.005999417710472617,4,3,,,,"",
123456,"TwoPole",133,51,7,0.5,3,"TopSupport","multi-point",3,4,"two-point",2,"degenerate",,,,,4,5,9.839028828282407,"SwitchDetected",5
123456,"TwoPole",134,51,7,0.5,3,"TopSupport","multi-point",3,6,"two-point",2,"calibrated",1.0407030527289547,0.020633705947452098,3,5,,,,"",
123456,"TwoPole",135,51,7,0.5,3,"TopSupport","multi-point",3,5,"two-point",2,"calibrated",1.2590934527140458,0.010895646131136173,3,4,,,,"",
123456,"TwoPole",136,51,7,0.5,3,"TopSupport","multi-point",3,6,"one-point",1,"calibrated",1.2233801540552787,0.0020341030819543736,3,4,,,,"",
123456,"TwoPole",137,51,7,0.5,3,"TopSupport","multi-point",3,6,"multi-point",3,"calibrated",1,0.010835913312693492,3,4,,,,"",
123456,"TwoPole",138,51,7,0.5,3,"TopSupport","multi-point",3,6,"two-point",2,"calibrated",1.4760551060572926,0.05066620031893523,3,5,,,,"",
123456,"TwoPole",139,51,7,0.5,3,"TopSupport","multi-point",3,4,"one-point",1,"degenerate",,,,,1,4,1.0895480626589886,"SwitchDetected",4
123456,"TwoPole",140,51,7,0.5,3,"TopSupport","multi-point",3,6,"multi-point",4,"calibrated",1,0.0019531250000000447,4,3,,,,"",
123456,"TwoPole",141,51,7,0.5,3,"TopSupport","multi-point",3,5,"multi-point",3,"degenerate",,,,,4,4,,"NoSwitchDetected",
123456,"TwoPole",142,51,7,0.5,3,"TopSupport","multi-point",3,5,"two-point",2,"degenerate",,,,,3,5,1.000005950963148,"SwitchDetected",4
123456,"TwoPole",143,51,7,0.5,3,"TopSupport","multi-point",3,4,"one-point",1,"degenerate",,,,,1,4,1.000005950963148,"SwitchDetected",4
123456,"TwoPole",144,51,7,0.5,3,"TopSupport","multi-point",3,5,"multi-point",3,"calibrated",1,0.01703124999999999,3,4,,,,"",
123456,"TwoPole",145,51,7,0.5,3,"TopSupport","multi-point",3,4,"multi-point",3,"calibrated",1,0.0010826416456152855,3,5,,,,"",
123456,"TwoPole",146,51,7,0.5,3,"TopSupport","multi-point",3,5,"one-point",1,"degenerate",,,,,1,4,1.0406175236777169,"SwitchDetected",2
123456,"TwoPole",147,51,7,0.5,3,"TopSupport","multi-point",3,4,"two-point",2,"calibrated",1.7210606833248343,0.01724285714885905,4,4,,,,"",
123456,"TwoPole",148,51,7,0.5,3,"TopSupport","multi-point",3,6,"two-point",2,"calibrated",1.0367469185577698,0.030790543612966036,3,5,,,,"",
123456,"TwoPole",149,51,7,0.5,3,"TopSupport","multi-point",3,6,"multi-point",5,"degenerate",,,,,3,4,3.76596062566802,"SwitchDetected",4
123456,"TwoPole",150,51,7,0.5,3,"TopSupport","multi-point",3,3,"multi-point",3,"calibrated",1.9908568057808584,0.008130433899362646,3,5,,,,"",
123456,"TwoPole",151,51,7,0.5,3,"TopSupport","multi-point",3,5,"two-point",2,"degenerate",,,,,5,5,2.936700692770275,"SwitchDetected",4
123456,"TwoPole",152,51,7,0.5,3,"TopSupport","multi-point",3,3,"one-point",1,"degenerate",,,,,7,4,1.000005950963148,"SwitchDetected",4
123456,"TwoPole",153,51,7,0.5,3,"TopSupport","multi-point",3,4,"two-point",2,"calibrated",1.1741172377804836,0.015343373656142875,3,4,,,,"",
123456,"TwoPole",154,51,7,0.5,3,"TopSupport","multi-point",3,5,"multi-point",3,"calibrated",1.0025621031525007,0.027045888037528817,4,4,,,,"",
123456,"TwoPole",155,51,7,0.5,3,"TopSupport","multi-point",3,5,"multi-point",3,"calibrated",1,0.0008764241893076403,3,4,,,,"",
123456,"TwoPole",156,51,7,0.5,3,"TopSupport","multi-point",3,6,"two-point",2,"degenerate",,,,,4,4,,"NoSwitchDetected",
123456,"TwoPole",157,51,7,0.5,3,"TopSupport","multi-point",3,6,"two-point",2,"degenerate",,,,,3,3,,"NoSwitchDetected",
123456,"TwoPole",158,51,7,0.5,3,"TopSupport","multi-point",3,5,"one-point",1,"degenerate",,,,,1,4,1.0672251186126855,"SwitchDetected",3
123456,"TwoPole",159,51,7,0.5,3,"TopSupport","multi-point",3,5,"multi-point",3,"calibrated",1,0.004065040650406507,3,4,,,,"",
123456,"TwoPole",160,51,7,0.5,3,"TopSupport","multi-point",3,5,"multi-point",3,"degenerate",,,,,3,4,1.6939785905672153,"SwitchDetected",4
123456,"TwoPole",161,51,7,0.5,3,"TopSupport","multi-point",3,4,"multi-point",3,"degenerate",,,,,4,4,,"NoSwitchDetected",
123456,"TwoPole",162,51,7,0.5,3,"TopSupport","multi-point",3,3,"two-point",2,"calibrated",1.342081717864599,0.02840764318786734,3,5,,,,"",
123456,"TwoPole",163,51,7,0.5,3,"TopSupport","multi-point",3,5,"one-point",1,"degenerate",,,,,1,4,1.0323957975114182,"SwitchDetected",5
123456,"TwoPole",164,51,7,0.5,3,"TopSupport","multi-point",3,6,"multi-point",3,"calibrated",1.0025621031525007,0.0075211606067930445,4,3,,,,"",
123456,"TwoPole",165,51,7,0.5,3,"TopSupport","multi-point",3,4,"two-point",2,"degenerate",,,,,3,4,4.618919414177579,"SwitchDetected",4
123456,"TwoPole",166,51,7,0.5,3,"TopSupport","multi-point",3,5,"two-point",2,"calibrated",1.1442617392778438,0.01666706310036884,3,4,,,,"",
123456,"TwoPole",167,51,7,0.5,3,"TopSupport","multi-point",3,6,"two-point",2,"calibrated",1.1442617392778438,0.014869039792581912,3,4,,,,"",
123456,"TwoPole",168,51,7,0.5,3,"TopSupport","multi-point",3,7,"two-point",2,"calibrated",1.0746696385925807,0.020722315248976827,3,3,,,,"",
123456,"TwoPole",169,51,7,0.5,3,"TopSupport","multi-point",3,5,"two-point",2,"calibrated",2.267002518891687,0.021518124197846135,5,4,,,,"",
123456,"TwoPole",170,51,7,0.5,3,"TopSupport","multi-point",3,4,"one-point",1,"degenerate",,,,,1,3,1.0555736935753453,"SwitchDetected",3
123456,"TwoPole",171,51,7,0.5,3,"TopSupport","multi-point",3,6,"multi-point",3,"calibrated",1,0.004485852311939226,3,3,,,,"",
123456,"TwoPole",172,51,7,0.5,3,"TopSupport","multi-point",3,7,"multi-point",3,"calibrated",1.3288709518653412,0.011258082060920927,6,4,,,,"",
123456,"TwoPole",173,51,7,0.5,3,"TopSupport","multi-point",3,6,"multi-point",3,"calibrated",1.0746696385925807,0.009820182182399762,4,5,,,,"",
123456,"TwoPole",174,51,7,0.5,3,"TopSupport","multi-point",3,5,"two-point",2,"calibrated",1.4272121788772598,0.030728687074245864,3,4,,,,"",
123456,"TwoPole",175,51,7,0.5,3,"TopSupport","multi-point",3,5,"two-point",2,"degenerate",,,,,3,4,2.1003021171273524,"SwitchDetected",5
123456,"TwoPole",176,51,7,0.5,3,"TopSupport","multi-point",3,5,"two-point",2,"degenerate",,,,,3,4,2.0813893883949586,"SwitchDetected",4
123456,"TwoPole",177,51,7,0.5,3,"TopSupport","multi-point",3,6,"two-point",2,"degenerate",,,,,4,5,9.197131509886749,"SwitchDetected",5
123456,"TwoPole",178,51,7,0.5,3,"TopSupport","multi-point",3,5,"two-point",2,"calibrated",1.2069736253911487,0.02053964793568678,4,4,,,,"",
123456,"TwoPole",179,51,7,0.5,3,"TopSupport","multi-point",3,4,"two-point",2,"degenerate",,,,,4,4,,"NoSwitchDetected",
123456,"TwoPole",180,51,7,0.5,3,"TopSupport","multi-point",3,5,"two-point",2,"degenerate",,,,,5,4,2.892818803322222,"SwitchDetected",4
123456,"TwoPole",181,51,7,0.5,3,"TopSupport","multi-point",3,4,"two-point",2,"calibrated",1.2016021361815754,0.009814558615215286,4,4,,,,"",
123456,"TwoPole",182,51,7,0.5,3,"TopSupport","multi-point",3,6,"two-point",2,"calibrated",1.0442450495049505,0.010023677267403034,3,3,,,,"",
123456,"TwoPole",183,51,7,0.5,3,"TopSupport","multi-point",3,5,"multi-point",3,"calibrated",1,0.010906612133605968,3,4,,,,"",
123456,"TwoPole",184,51,7,0.5,3,"TopSupport","multi-point",3,6,"two-point",2,"calibrated",1.0025621031525007,0.001296395099324052,3,3,,,,"",
123456,"TwoPole",185,51,7,0.5,3,"TopSupport","multi-point",3,5,"two-point",2,"calibrated",1.0395010395010396,0.04397366690262837,3,4,,,,"",
123456,"TwoPole",186,51,7,0.5,3,"TopSupport","multi-point",3,7,"two-point",2,"calibrated",1.169033598891583,0.012955932578783034,4,4,,,,"",
123456,"TwoPole",187,51,7,0.5,3,"TopSupport","multi-point",3,5,"two-point",2,"degenerate",,,,,4,4,,"NoSwitchDetected",
123456,"TwoPole",188,51,7,0.5,3,"TopSupport","multi-point",3,5,"one-point",1,"degenerate",,,,,1,4,1.0918772304544713,"SwitchDetected",3
123456,"TwoPole",189,51,7,0.5,3,"TopSupport","multi-point",3,6,"multi-point",3,"calibrated",1.0746696385925807,0.00169309111617858,3,5,,,,"",
123456,"TwoPole",190,51,7,0.5,3,"TopSupport","multi-point",3,6,"two-point",2,"calibrated",1.0395010395010396,0.01778701777601988,4,3,,,,"",
123456,"TwoPole",191,51,7,0.5,3,"TopSupport","multi-point",3,4,"two-point",2,"degenerate",,,,,5,4,2.00001159674693,"SwitchDetected",4
123456,"TwoPole",192,51,7,0.5,3,"TopSupport","multi-point",3,5,"one-point",1,"calibrated",1.2123933542882803,0.0014357688083906333,3,5,,,,"",
123456,"TwoPole",193,51,7,0.5,3,"TopSupport","multi-point",3,5,"two-point",2,"calibrated",1.1239696944467572,0.008043483697524612,3,4,,,,"",
123456,"TwoPole",194,51,7,0.5,3,"TopSupport","multi-point",3,4,"two-point",2,"degenerate",,,,,3,4,2.2270650798737357,"SwitchDetected",4
123456,"TwoPole",195,51,7,0.5,3,"TopSupport","multi-point",3,4,"multi-point",3,"calibrated",1.4760551060572928,0.014739573452173846,3,5,,,,"",
123456,"TwoPole",196,51,7,0.5,3,"TopSupport","multi-point",3,4,"multi-point",3,"degenerate",,,,,4,4,,"NoSwitchDetected",
123456,"TwoPole",197,51,7,0.5,3,"TopSupport","multi-point",3,5,"two-point",2,"calibrated",1.0235414534288638,0.01304126720524826,3,4,,,,"",
123456,"TwoPole",198,51,7,0.5,3,"TopSupport","multi-point",3,5,"two-point",2,"calibrated",1.105560560150684,0.015315296251076553,3,4,,,,"",
123456,"TwoPole",199,51,7,0.5,3,"TopSupport","multi-point",3,6,"one-point",1,"calibrated",1.4216512215669754,0.00566166177345926,4,4,,,,"",
123456,"TwoPole",200,51,7,0.5,3,"TopSupport","multi-point",3,4,"one-point",1,"calibrated",1.119310173285797,0.0005004823978758473,3,4,,,,"",
123456,"TwoPole",1,51,7,0.6,1,"TopSupport","multi-point",3,3,"one-point",1,"calibrated",1.6550202280250088,0.006547949826468659,3,3,,,,"",
123456,"TwoPole",2,51,7,0.6,1,"TopSupport","multi-point",3,3,"one-point",1,"calibrated",1.6129032258064517,0.005085473881601406,3,3,,,,"",
123456,"TwoPole",3,51,7,0.6,1,"TopSupport","multi-point",3,3,"one-point",1,"calibrated",1.5028386953133697,0.005793902054476274,3,3,,,,"",
123456,"TwoPole",4,51,7,0.6,1,"TopSupport","multi-point",3,3,"one-point",1,"calibrated",1.6251354279523291,0.009870664175771144,3,4,,,,"",
123456,"TwoPole",5,51,7,0.6,1,"TopSupport","multi-point",3,3,"one-point",1,"degenerate",,,,,1,4,1.144295893797831,"SwitchDetected",3
123456,"TwoPole",6,51,7,0.6,1,"TopSupport","multi-point",3,3,"one-point",1,"degenerate",,,,,1,4,1.3256730618686539,"SwitchDetected",3
123456,"TwoPole",7,51,7,0.6,1,"TopSupport","multi-point",3,3,"one-point",1,"calibrated",1.5028386953133697,0.005756349937904914,3,3,,,,"",
123456,"TwoPole",8,51,7,0.6,1,"TopSupport","multi-point",3,4,"one-point",1,"degenerate",,,,,1,4,1.147648551543755,"SwitchDetected",3
123456,"TwoPole",9,51,7,0.6,1,"TopSupport","multi-point",3,3,"one-point",1,"degenerate",,,,,1,4,1.1414975536601042,"SwitchDetected",3
123456,"TwoPole",10,51,7,0.6,1,"TopSupport","multi-point",3,4,"one-point",1,"calibrated",1.6349763836744577,0.008149549017160687,3,3,,,,"",
123456,"TwoPole",11,51,7,0.6,1,"TopSupport","multi-point",3,3,"one-point",1,"degenerate",,,,,1,4,1.1789703042896882,"SwitchDetected",3
123456,"TwoPole",12,51,7,0.6,1,"TopSupport","multi-point",3,4,"one-point",1,"degenerate",,,,,1,3,1.057081020188996,"SwitchDetected",3
123456,"TwoPole",13,51,7,0.6,1,"TopSupport","multi-point",3,3,"one-point",1,"degenerate",,,,,1,4,1.1991108399905368,"SwitchDetected",3
123456,"TwoPole",14,51,7,0.6,1,"TopSupport","multi-point",3,3,"one-point",1,"calibrated",1.1741172377804836,0.00027518652850971214,3,3,,,,"",
123456,"TwoPole",15,51,7,0.6,1,"TopSupport","multi-point",3,3,"one-point",1,"calibrated",1.6860247283626826,0.01491271093064841,3,3,,,,"",
123456,"TwoPole",16,51,7,0.6,1,"TopSupport","multi-point",3,4,"one-point",1,"calibrated",1.4701078079059129,0.005885640227086175,3,4,,,,"",
123456,"TwoPole",17,51,7,0.6,1,"TopSupport","multi-point",3,3,"one-point",1,"calibrated",1.7321016166281755,0.010004948651052156,3,4,,,,"",
123456,"TwoPole",18,51,7,0.6,1,"TopSupport","multi-point",3,3,"one-point",1,"degenerate",,,,,1,4,1.2557803626042803,"SwitchDetected",2
123456,"TwoPole",19,51,7,0.6,1,"TopSupport","multi-point",3,3,"one-point",1,"degenerate",,,,,1,4,1.2436886633724806,"SwitchDetected",3
123456,"TwoPole",20,51,7,0.6,1,"TopSupport","multi-point",3,3,"one-point",1,"degenerate",,,,,1,4,1.2063850639161715,"SwitchDetected",2
123456,"TwoPole",21,51,7,0.6,1,"TopSupport","multi-point",3,3,"one-point",1,"degenerate",,,,,1,4,1.1515336063985178,"SwitchDetected",3
123456,"TwoPole",22,51,7,0.6,1,"TopSupport","multi-point",3,3,"one-point",1,"degenerate",,,,,1,4,1.2178736939207782,"SwitchDetected",2
123456,"TwoPole",23,51,7,0.6,1,"TopSupport","multi-point",3,4,"one-point",1,"calibrated",1.378113515720702,0.0027436277562047267,3,4,,,,"",
123456,"TwoPole",24,51,7,0.6,1,"TopSupport","multi-point",3,3,"one-point",1,"calibrated",1.6449372486901424,0.00818571774131874,3,3,,,,"",
123456,"TwoPole",25,51,7,0.6,1,"TopSupport","multi-point",3,3,"one-point",1,"degenerate",,,,,1,4,1.211141183069231,"SwitchDetected",3
123456,"TwoPole",26,51,7,0.6,1,"TopSupport","multi-point",3,3,"one-point",1,"calibrated",1.4701078079059129,0.00871579428316191,3,4,,,,"",
123456,"TwoPole",27,51,7,0.6,1,"TopSupport","multi-point",3,4,"one-point",1,"calibrated",1.9477708844322608,0.010701956939640624,3,4,,,,"",
123456,"TwoPole",28,51,7,0.6,1,"TopSupport","multi-point",3,3,"one-point",1,"calibrated",1.530612244897959,0.006233570664710988,3,3,,,,"",
123456,"TwoPole",29,51,7,0.6,1,"TopSupport","multi-point",3,3,"one-point",1,"degenerate",,,,,1,4,1.2325685011567553,"SwitchDetected",3
123456,"TwoPole",30,51,7,0.6,1,"TopSupport","multi-point",3,3,"one-point",1,"degenerate",,,,,1,4,1.216665661070913,"SwitchDetected",3
123456,"TwoPole",31,51,7,0.6,1,"TopSupport","multi-point",3,3,"one-point",1,"degenerate",,,,,1,4,1.2192079575941257,"SwitchDetected",3
123456,"TwoPole",32,51,7,0.6,1,"TopSupport","multi-point",3,3,"one-point",1,"calibrated",1.446480231436837,0.009626167562391506,3,3,,,,"",
123456,"TwoPole",33,51,7,0.6,1,"TopSupport","multi-point",3,4,"one-point",1,"calibrated",1.4367816091954022,0.006240145852516904,3,3,,,,"",
123456,"TwoPole",34,51,7,0.6,1,"TopSupport","multi-point",3,3,"one-point",1,"calibrated",1.5028386953133697,0.0043322404189590465,3,4,,,,"",
123456,"TwoPole",35,51,7,0.6,1,"TopSupport","multi-point",3,4,"one-point",1,"degenerate",,,,,1,4,1.2372512768310087,"SwitchDetected",4
123456,"TwoPole",36,51,7,0.6,1,"TopSupport","multi-point",3,3,"one-point",1,"degenerate",,,,,1,4,1.1886861513782818,"SwitchDetected",3
123456,"TwoPole",37,51,7,0.6,1,"TopSupport","multi-point",3,3,"one-point",1,"degenerate",,,,,1,4,1.2315838413253357,"SwitchDetected",3
123456,"TwoPole",38,51,7,0.6,1,"TopSupport","multi-point",3,3,"one-point",1,"degenerate",,,,,1,4,1.1888711674070505,"SwitchDetected",3
123456,"TwoPole",39,51,7,0.6,1,"TopSupport","multi-point",3,4,"one-point",1,"degenerate",,,,,1,4,1.3068475493417904,"SwitchDetected",3
123456,"TwoPole",40,51,7,0.6,1,"TopSupport","multi-point",3,3,"one-point",1,"degenerate",,,,,1,4,1.3003148803276183,"SwitchDetected",3
123456,"TwoPole",41,51,7,0.6,1,"TopSupport","multi-point",3,3,"one-point",1,"calibrated",1.169033598891583,0.0023854855600290584,3,3,,,,"",
123456,"TwoPole",42,51,7,0.6,1,"TopSupport","multi-point",3,4,"one-point",1,"degenerate",,,,,1,4,1.3415696627079008,"SwitchDetected",3
123456,"TwoPole",43,51,7,0.6,1,"TopSupport","multi-point",3,3,"two-point",2,"calibrated",1.6154122292688764,0.018586603289355474,3,4,,,,"",
123456,"TwoPole",44,51,7,0.6,1,"TopSupport","multi-point",3,4,"one-point",1,"calibrated",1.342081717864599,0.0015776030555460546,3,3,,,,"",
123456,"TwoPole",45,51,7,0.6,1,"TopSupport","multi-point",3,4,"one-point",1,"calibrated",1.3555577869263984,0.0009381094719321021,3,3,,,,"",
123456,"TwoPole",46,51,7,0.6,1,"TopSupport","multi-point",3,3,"one-point",1,"calibrated",1.3711151736745886,0.004984500049687599,3,3,,,,"",
123456,"TwoPole",47,51,7,0.6,1,"TopSupport","multi-point",3,3,"one-point",1,"degenerate",,,,,1,4,1.2081718252767037,"SwitchDetected",2
123456,"TwoPole",48,51,7,0.6,1,"TopSupport","multi-point",3,4,"one-point",1,"calibrated",1.3923267326732671,0.0033076452856705685,3,3,,,,"",
123456,"TwoPole",49,51,7,0.6,1,"TopSupport","multi-point",3,3,"one-point",1,"calibrated",1.3851836650933715,0.0031454983646444696,3,3,,,,"",
123456,"TwoPole",50,51,7,0.6,1,"TopSupport","multi-point",3,3,"one-point",1,"calibrated",1.5112504197917833,0.007361624518516371,3,4,,,,"",
123456,"TwoPole",51,51,7,0.6,1,"TopSupport","multi-point",3,3,"one-point",1,"calibrated",1.3851836650933715,0.00477593276266977,3,4,,,,"",
123456,"TwoPole",52,51,7,0.6,1,"TopSupport","multi-point",3,4,"one-point",1,"degenerate",,,,,1,4,1.3697281632170222,"SwitchDetected",3
123456,"TwoPole",53,51,7,0.6,1,"TopSupport","multi-point",3,3,"one-point",1,"calibrated",1.530612244897959,0.006231138934289161,3,4,,,,"",
123456,"TwoPole",54,51,7,0.6,1,"TopSupport","multi-point",3,4,"one-point",1,"degenerate",,,,,1,4,1.2535321101882573,"SwitchDetected",3
123456,"TwoPole",55,51,7,0.6,1,"TopSupport","multi-point",3,3,"one-point",1,"degenerate",,,,,1,4,1.3906418562488487,"SwitchDetected",3
123456,"TwoPole",56,51,7,0.6,1,"TopSupport","multi-point",3,3,"one-point",1,"calibrated",1.31591773077298,0.0025893170316133728,3,3,,,,"",
123456,"TwoPole",57,51,7,0.6,1,"TopSupport","multi-point",3,3,"one-point",1,"calibrated",1.4068361817423927,0.007280456486187455,3,3,,,,"",
123456,"TwoPole",58,51,7,0.6,1,"TopSupport","multi-point",3,3,"one-point",1,"calibrated",1.801441152922338,0.008109538682894291,3,3,,,,"",
123456,"TwoPole",59,51,7,0.6,1,"TopSupport","multi-point",3,3,"one-point",1,"calibrated",1.5219842164599775,0.00887663799030918,3,3,,,,"",
123456,"TwoPole",60,51,7,0.6,1,"TopSupport","multi-point",3,3,"one-point",1,"calibrated",1.2709470909433254,0.0011518251806956676,3,3,,,,"",
123456,"TwoPole",61,51,7,0.6,1,"TopSupport","multi-point",3,3,"one-point",1,"calibrated",1.7321016166281755,0.0061043273707829405,3,4,,,,"",
123456,"TwoPole",62,51,7,0.6,1,"TopSupport","multi-point",3,4,"one-point",1,"degenerate",,,,,1,4,1.2268810813087656,"SwitchDetected",3
123456,"TwoPole",63,51,7,0.6,1,"TopSupport","multi-point",3,3,"one-point",1,"degenerate",,,,,1,4,1.1716460790725232,"SwitchDetected",2
123456,"TwoPole",64,51,7,0.6,1,"TopSupport","multi-point",3,3,"one-point",1,"calibrated",1.777719252041085,0.015861911578613802,3,3,,,,"",
123456,"TwoPole",65,51,7,0.6,1,"TopSupport","multi-point",3,3,"one-point",1,"calibrated",1.3288709518653412,0.0019272560390513683,3,3,,,,"",
123456,"TwoPole",66,51,7,0.6,1,"TopSupport","multi-point",3,3,"one-point",1,"calibrated",1.7432851239669418,0.012292969188826644,3,4,,,,"",
123456,"TwoPole",67,51,7,0.6,1,"TopSupport","multi-point",3,3,"one-point",1,"calibrated",1.2289485662266728,0.0011384973094647453,3,3,,,,"",
123456,"TwoPole",68,51,7,0.6,1,"TopSupport","multi-point",3,4,"one-point",1,"degenerate",,,,,1,4,1.097346098867307,"SwitchDetected",3
123456,"TwoPole",69,51,7,0.6,1,"TopSupport","multi-point",3,3,"one-point",1,"degenerate",,,,,1,4,1.2807416795077617,"SwitchDetected",3
123456,"TwoPole",70,51,7,0.6,1,"TopSupport","multi-point",3,3,"one-point",1,"degenerate",,,,,1,4,1.2519817727531584,"SwitchDetected",3
123456,"TwoPole",71,51,7,0.6,1,"TopSupport","multi-point",3,4,"one-point",1,"degenerate",,,,,1,4,1.3677770950765369,"SwitchDetected",3
123456,"TwoPole",72,51,7,0.6,1,"TopSupport","multi-point",3,3,"one-point",1,"calibrated",1.342081717864599,0.004197335856333186,3,3,,,,"",
123456,"TwoPole",73,51,7,0.6,1,"TopSupport","multi-point",3,3,"one-point",1,"degenerate",,,,,1,4,1.23047459902461,"SwitchDetected",3
123456,"TwoPole",74,51,7,0.6,1,"TopSupport","multi-point",3,3,"one-point",1,"degenerate",,,,,1,4,1.2202349421470184,"SwitchDetected",3
123456,"TwoPole",75,51,7,0.6,1,"TopSupport","multi-point",3,4,"one-point",1,"degenerate",,,,,1,4,1.2876013748351105,"SwitchDetected",2
123456,"TwoPole",76,51,7,0.6,1,"TopSupport","multi-point",3,3,"one-point",1,"calibrated",1.342081717864599,0.0013000743308732854,3,3,,,,"",
123456,"TwoPole",77,51,7,0.6,1,"TopSupport","multi-point",3,3,"one-point",1,"calibrated",1.5938606847697756,0.005432123042845453,3,4,,,,"",
123456,"TwoPole",78,51,7,0.6,1,"TopSupport","multi-point",3,4,"one-point",1,"calibrated",1.6860247283626826,0.005075317167340716,3,3,,,,"",
123456,"TwoPole",79,51,7,0.6,1,"TopSupport","multi-point",3,3,"one-point",1,"degenerate",,,,,1,4,1.3287759389690874,"SwitchDetected",4
123456,"TwoPole",80,51,7,0.6,1,"TopSupport","multi-point",3,3,"one-point",1,"calibrated",1.4216512215669754,0.010404280632103056,3,4,,,,"",
123456,"TwoPole",81,51,7,0.6,1,"TopSupport","multi-point",3,3,"one-point",1,"degenerate",,,,,1,4,1.151620415114737,"SwitchDetected",3
123456,"TwoPole",82,51,7,0.6,1,"TopSupport","multi-point",3,3,"one-point",1,"calibrated",1.2953367875647668,0.0019477269574969625,3,3,,,,"",
123456,"TwoPole",83,51,7,0.6,1,"TopSupport","multi-point",3,3,"one-point",1,"calibrated",1.519756838905775,0.002643929049676862,3,3,,,,"",
123456,"TwoPole",84,51,7,0.6,1,"TopSupport","multi-point",3,3,"one-point",1,"degenerate",,,,,1,4,1.265893202623267,"SwitchDetected",2
123456,"TwoPole",85,51,7,0.6,1,"TopSupport","multi-point",3,4,"one-point",1,"degenerate",,,,,1,4,1.2257624075338303,"SwitchDetected",2
123456,"TwoPole",86,51,7,0.6,1,"TopSupport","multi-point",3,4,"one-point",1,"calibrated",1.378113515720702,0.007649118168487394,3,3,,,,"",
123456,"TwoPole",87,51,7,0.6,1,"TopSupport","multi-point",3,3,"one-point",1,"degenerate",,,,,1,4,1.1546431857270767,"SwitchDetected",3
123456,"TwoPole",88,51,7,0.6,1,"TopSupport","multi-point",3,3,"one-point",1,"calibrated",1.264992503748126,0.0011658029120009562,3,3,,,,"",
123456,"TwoPole",89,51,7,0.6,1,"TopSupport","multi-point",3,3,"two-point",2,"calibrated",1.5028386953133697,0.0179210728109377,3,4,,,,"",
123456,"TwoPole",90,51,7,0.6,1,"TopSupport","multi-point",3,3,"one-point",1,"calibrated",1.2830260406766774,0.0026789953980848203,3,3,,,,"",
123456,"TwoPole",91,51,7,0.6,1,"TopSupport","multi-point",3,3,"one-point",1,"calibrated",1.342081717864599,0.0029279389313164586,3,4,,,,"",
123456,"TwoPole",92,51,7,0.6,1,"TopSupport","multi-point",3,4,"one-point",1,"degenerate",,,,,1,4,1.389078472251072,"SwitchDetected",4
123456,"TwoPole",93,51,7,0.6,1,"TopSupport","multi-point",3,3,"one-point",1,"degenerate",,,,,1,4,1.202070166737345,"SwitchDetected",3
123456,"TwoPole",94,51,7,0.6,1,"TopSupport","multi-point",3,3,"one-point",1,"degenerate",,,,,1,4,1.1523153563041508,"SwitchDetected",3
123456,"TwoPole",95,51,7,0.6,1,"TopSupport","multi-point",3,3,"one-point",1,"degenerate",,,,,1,4,1.3670093437474904,"SwitchDetected",4
123456,"TwoPole",96,51,7,0.6,1,"TopSupport","multi-point",3,3,"one-point",1,"degenerate",,,,,1,4,1.2500910825335554,"SwitchDetected",3
123456,"TwoPole",97,51,7,0.6,1,"TopSupport","multi-point",3,4,"one-point",1,"degenerate",,,,,1,4,1.3045749302485572,"SwitchDetected",4
123456,"TwoPole",98,51,7,0.6,1,"TopSupport","multi-point",3,4,"one-point",1,"degenerate",,,,,1,4,1.2742444964404918,"SwitchDetected",2
123456,"TwoPole",99,51,7,0.6,1,"TopSupport","multi-point",3,3,"one-point",1,"degenerate",,,,,1,4,1.1930238976143164,"SwitchDetected",3
123456,"TwoPole",100,51,7,0.6,1,"TopSupport","multi-point",3,4,"one-point",1,"degenerate",,,,,1,4,1.1889384602434188,"SwitchDetected",3
123456,"TwoPole",101,51,7,0.6,1,"TopSupport","multi-point",3,3,"one-point",1,"degenerate",,,,,1,4,1.1948222424794896,"SwitchDetected",3
123456,"TwoPole",102,51,7,0.6,1,"TopSupport","multi-point",3,3,"one-point",1,"calibrated",1.5661252900232019,0.004323481156233696,3,3,,,,"",
123456,"TwoPole",103,51,7,0.6,1,"TopSupport","multi-point",3,3,"one-point",1,"degenerate",,,,,1,4,1.2656357755311833,"SwitchDetected",2
123456,"TwoPole",104,51,7,0.6,1,"TopSupport","multi-point",3,3,"one-point",1,"calibrated",1.4945200929923614,0.0043073891347324145,3,3,,,,"",
123456,"TwoPole",105,51,7,0.6,1,"TopSupport","multi-point",3,3,"one-point",1,"calibrated",1.3851836650933715,0.004631595283442529,3,3,,,,"",
123456,"TwoPole",106,51,7,0.6,1,"TopSupport","multi-point",3,3,"one-point",1,"calibrated",1.378113515720702,0.0067577498486170355,3,3,,,,"",
123456,"TwoPole",107,51,7,0.6,1,"TopSupport","multi-point",3,3,"one-point",1,"calibrated",1.446480231436837,0.004155412917843598,3,3,,,,"",
123456,"TwoPole",108,51,7,0.6,1,"TopSupport","multi-point",3,3,"one-point",1,"calibrated",1.348786092516735,0.0038038308366161867,3,3,,,,"",
123456,"TwoPole",109,51,7,0.6,1,"TopSupport","multi-point",3,4,"one-point",1,"degenerate",,,,,1,4,1.2607928550967402,"SwitchDetected",3
123456,"TwoPole",110,51,7,0.6,1,"TopSupport","multi-point",3,3,"one-point",1,"degenerate",,,,,1,4,1.2167889997343102,"SwitchDetected",3
123456,"TwoPole",111,51,7,0.6,1,"TopSupport","multi-point",3,4,"one-point",1,"calibrated",1.342081717864599,0.0021245143422101926,3,3,,,,"",
123456,"TwoPole",112,51,7,0.6,1,"TopSupport","multi-point",3,3,"one-point",1,"calibrated",1.2830260406766774,0.004246124734165981,3,3,,,,"",
123456,"TwoPole",113,51,7,0.6,1,"TopSupport","multi-point",3,3,"one-point",1,"degenerate",,,,,1,4,1.2087540975926545,"SwitchDetected",3
123456,"TwoPole",114,51,7,0.6,1,"TopSupport","multi-point",3,4,"one-point",1,"calibrated",1.5028386953133697,0.005211753242521147,3,3,,,,"",
123456,"TwoPole",115,51,7,0.6,1,"TopSupport","multi-point",3,4,"one-point",1,"degenerate",,,,,1,3,1.1208412055541979,"SwitchDetected",2
123456,"TwoPole",116,51,7,0.6,1,"TopSupport","multi-point",3,4,"one-point",1,"degenerate",,,,,1,4,1.182687672895616,"SwitchDetected",3
123456,"TwoPole",117,51,7,0.6,1,"TopSupport","multi-point",3,3,"one-point",1,"calibrated",1.548165137614679,0.007678898289880698,3,4,,,,"",
123456,"TwoPole",118,51,7,0.6,1,"TopSupport","multi-point",3,4,"one-point",1,"degenerate",,,,,1,4,1.179648967312153,"SwitchDetected",3
123456,"TwoPole",119,51,7,0.6,1,"TopSupport","multi-point",3,3,"one-point",1,"degenerate",,,,,1,4,1.2277326399361554,"SwitchDetected",3
123456,"TwoPole",120,51,7,0.6,1,"TopSupport","multi-point",3,4,"one-point",1,"degenerate",,,,,1,4,1.3995718167888398,"SwitchDetected",4
123456,"TwoPole",121,51,7,0.6,1,"TopSupport","multi-point",3,3,"one-point",1,"calibrated",1.6755616234330397,0.007393035024524905,3,4,,,,"",
123456,"TwoPole",122,51,7,0.6,1,"TopSupport","multi-point",3,4,"one-point",1,"degenerate",,,,,1,4,1.3240331533570047,"SwitchDetected",3
123456,"TwoPole",123,51,7,0.6,1,"TopSupport","multi-point",3,3,"two-point",2,"calibrated",1.6449372486901424,0.018214658055327224,3,3,,,,"",
123456,"TwoPole",124,51,7,0.6,1,"TopSupport","multi-point",3,3,"one-point",1,"degenerate",,,,,1,4,1.2576412510014823,"SwitchDetected",3
123456,"TwoPole",125,51,7,0.6,1,"TopSupport","multi-point",3,4,"one-point",1,"degenerate",,,,,1,4,1.1875353007081253,"SwitchDetected",3
123456,"TwoPole",126,51,7,0.6,1,"TopSupport","multi-point",3,3,"one-point",1,"degenerate",,,,,1,4,1.216445475638051,"SwitchDetected",3
123456,"TwoPole",127,51,7,0.6,1,"TopSupport","multi-point",3,4,"one-point",1,"degenerate",,,,,1,4,1.161458628707537,"SwitchDetected",3
123456,"TwoPole",128,51,7,0.6,1,"TopSupport","multi-point",3,3,"two-point",2,"calibrated",1.4862930749752286,0.016417922969055466,3,3,,,,"",
123456,"TwoPole",129,51,7,0.6,1,"TopSupport","multi-point",3,4,"one-point",1,"degenerate",,,,,1,4,1.2536256266358718,"SwitchDetected",3
123456,"TwoPole",130,51,7,0.6,1,"TopSupport","multi-point",3,3,"one-point",1,"calibrated",1.5219842164599775,0.008525934555262918,3,4,,,,"",
123456,"TwoPole",131,51,7,0.6,1,"TopSupport","multi-point",3,3,"one-point",1,"calibrated",1.5938606847697756,0.0031896926264379706,3,4,,,,"",
123456,"TwoPole",132,51,7,0.6,1,"TopSupport","multi-point",3,3,"two-point",2,"calibrated",1.179245283018868,0.0076535653458064635,3,3,,,,"",
123456,"TwoPole",133,51,7,0.6,1,"TopSupport","multi-point",3,3,"one-point",1,"calibrated",1.289152024446142,0.0003522774918867616,3,3,,,,"",
123456,"TwoPole",134,51,7,0.6,1,"TopSupport","multi-point",3,3,"one-point",1,"calibrated",1.801441152922338,0.009022009879931495,3,4,,,,"",
123456,"TwoPole",135,51,7,0.6,1,"TopSupport","multi-point",3,3,"one-point",1,"degenerate",,,,,1,4,1.1809173444351864,"SwitchDetected",3
123456,"TwoPole",136,51,7,0.6,1,"TopSupport","multi-point",3,4,"one-point",1,"degenerate",,,,,1,4,1.314915896626134,"SwitchDetected",3
123456,"TwoPole",137,51,7,0.6,1,"TopSupport","multi-point",3,3,"one-point",1,"degenerate",,,,,1,4,1.265893202623267,"SwitchDetected",3
123456,"TwoPole",138,51,7,0.6,1,"TopSupport","multi-point",3,3,"one-point",1,"calibrated",1.777719252041085,0.011636440312210916,3,4,,,,"",
123456,"TwoPole",139,51,7,0.6,1,"TopSupport","multi-point",3,3,"one-point",1,"calibrated",1.3995438523740409,0.006091005366538391,3,4,,,,"",
123456,"TwoPole",140,51,7,0.6,1,"TopSupport","multi-point",3,3,"one-point",1,"calibrated",1.5393386545039909,0.005781247728928403,3,4,,,,"",
123456,"TwoPole",141,51,7,0.6,1,"TopSupport","multi-point",3,3,"one-point",1,"degenerate",,,,,1,4,1.2285853814911705,"SwitchDetected",3
123456,"TwoPole",142,51,7,0.6,1,"TopSupport","multi-point",3,3,"one-point",1,"calibrated",1.4291763709506669,0.004556879505752161,3,3,,,,"",
123456,"TwoPole",143,51,7,0.6,1,"TopSupport","multi-point",3,4,"one-point",1,"degenerate",,,,,1,4,1.300606742094819,"SwitchDetected",3
123456,"TwoPole",144,51,7,0.6,1,"TopSupport","multi-point",3,3,"one-point",1,"calibrated",1.4387722476819782,0.004948253396249494,3,3,,,,"",
123456,"TwoPole",145,51,7,0.6,1,"TopSupport","multi-point",3,4,"one-point",1,"calibrated",1.348786092516735,0.0026497132273755886,3,3,,,,"",
123456,"TwoPole",146,51,7,0.6,1,"TopSupport","multi-point",3,4,"one-point",1,"degenerate",,,,,1,4,1.3131895843322954,"SwitchDetected",2
123456,"TwoPole",147,51,7,0.6,1,"TopSupport","multi-point",3,4,"one-point",1,"degenerate",,,,,1,4,1.3408096455803262,"SwitchDetected",3
123456,"TwoPole",148,51,7,0.6,1,"TopSupport","multi-point",3,3,"two-point",2,"calibrated",1.6966193288927987,0.016374206692329325,3,3,,,,"",
123456,"TwoPole",149,51,7,0.6,1,"TopSupport","multi-point",3,3,"one-point",1,"degenerate",,,,,1,4,1.2730764038155773,"SwitchDetected",2
123456,"TwoPole",150,51,7,0.6,1,"TopSupport","multi-point",3,4,"one-point",1,"degenerate",,,,,1,4,1.3414732748253717,"SwitchDetected",3
123456,"TwoPole",151,51,7,0.6,1,"TopSupport","multi-point",3,3,"one-point",1,"calibrated",1.854140914709518,0.01446554115341812,3,4,,,,"",
123456,"TwoPole",152,51,7,0.6,1,"TopSupport","multi-point",3,3,"one-point",1,"calibrated",1.2289485662266728,0.001491330443713721,3,3,,,,"",
123456,"TwoPole",153,51,7,0.6,1,"TopSupport","multi-point",3,3,"two-point",2,"calibrated",1.6129032258064517,0.017182716029299962,3,3,,,,"",
123456,"TwoPole",154,51,7,0.6,1,"TopSupport","multi-point",3,4,"one-point",1,"degenerate",,,,,1,4,1.3700408507816548,"SwitchDetected",2
123456,"TwoPole",155,51,7,0.6,1,"TopSupport","multi-point",3,4,"one-point",1,"calibrated",1.6251354279523291,0.0097688619647952,3,3,,,,"",
123456,"TwoPole",156,51,7,0.6,1,"TopSupport","multi-point",3,3,"two-point",2,"calibrated",1.6652275811027506,0.02424286343079995,3,4,,,,"",
123456,"TwoPole",157,51,7,0.6,1,"TopSupport","multi-point",3,3,"two-point",2,"calibrated",1.5393386545039909,0.02168676108839289,3,4,,,,"",
123456,"TwoPole",158,51,7,0.6,1,"TopSupport","multi-point",3,3,"one-point",1,"calibrated",1.4216512215669754,0.007296398244105957,3,3,,,,"",
123456,"TwoPole",159,51,7,0.6,1,"TopSupport","multi-point",3,3,"one-point",1,"calibrated",1.548165137614679,0.004857276894646058,3,3,,,,"",
123456,"TwoPole",160,51,7,0.6,1,"TopSupport","multi-point",3,4,"one-point",1,"degenerate",,,,,1,4,1.2327403002772988,"SwitchDetected",2
123456,"TwoPole",161,51,7,0.6,1,"TopSupport","multi-point",3,3,"one-point",1,"degenerate",,,,,1,4,1.2293763469986771,"SwitchDetected",3
123456,"TwoPole",162,51,7,0.6,1,"TopSupport","multi-point",3,4,"one-point",1,"calibrated",1.3995438523740409,0.0051280690081721625,3,3,,,,"",
123456,"TwoPole",163,51,7,0.6,1,"TopSupport","multi-point",3,3,"one-point",1,"calibrated",1.7660910518053372,0.010013045026231073,3,4,,,,"",
123456,"TwoPole",164,51,7,0.6,1,"TopSupport","multi-point",3,4,"one-point",1,"degenerate",,,,,1,4,1.2134763720581956,"SwitchDetected",2
123456,"TwoPole",165,51,7,0.6,1,"TopSupport","multi-point",3,3,"one-point",1,"calibrated",1.777719252041085,0.008759885615218382,3,3,,,,"",
123456,"TwoPole",166,51,7,0.6,1,"TopSupport","multi-point",3,3,"one-point",1,"calibrated",1.4781561370852951,0.012983957284673947,3,3,,,,"",
123456,"TwoPole",167,51,7,0.6,1,"TopSupport","multi-point",3,3,"one-point",1,"degenerate",,,,,1,4,1.1859178051255623,"SwitchDetected",3
123456,"TwoPole",168,51,7,0.6,1,"TopSupport","multi-point",3,3,"one-point",1,"calibrated",1.6652275811027506,0.008923918000851386,3,4,,,,"",
123456,"TwoPole",169,51,7,0.6,1,"TopSupport","multi-point",3,3,"one-point",1,"calibrated",1.3555577869263984,0.0015506449816413276,3,3,,,,"",
123456,"TwoPole",170,51,7,0.6,1,"TopSupport","multi-point",3,3,"one-point",1,"calibrated",1.3288709518653412,0.0027416704026738637,3,3,,,,"",
123456,"TwoPole",171,51,7,0.6,1,"TopSupport","multi-point",3,3,"one-point",1,"degenerate",,,,,1,4,1.1876611976067002,"SwitchDetected",3
123456,"TwoPole",172,51,7,0.6,1,"TopSupport","multi-point",3,3,"one-point",1,"degenerate",,,,,1,4,1.25378463662323,"SwitchDetected",3
123456,"TwoPole",173,51,7,0.6,1,"TopSupport","multi-point",3,3,"one-point",1,"calibrated",1.264992503748126,0.004363728622534069,3,3,,,,"",
123456,"TwoPole",174,51,7,0.6,1,"TopSupport","multi-point",3,3,"one-point",1,"calibrated",1.3223626212165736,0.00535340971626827,3,3,,,,"",
123456,"TwoPole",175,51,7,0.6,1,"TopSupport","multi-point",3,3,"one-point",1,"calibrated",1.3995438523740409,0.012070371661943646,3,3,,,,"",
123456,"TwoPole",176,51,7,0.6,1,"TopSupport","multi-point",3,4,"one-point",1,"degenerate",,,,,1,4,1.2274725651378386,"SwitchDetected",2
123456,"TwoPole",177,51,7,0.6,1,"TopSupport","multi-point",3,4,"one-point",1,"calibrated",1.4367816091954022,0.0015140241052049308,3,4,,,,"",
123456,"TwoPole",178,51,7,0.6,1,"TopSupport","multi-point",3,3,"two-point",2,"calibrated",1.5845070422535212,0.01746884845857742,3,3,,,,"",
123456,"TwoPole",179,51,7,0.6,1,"TopSupport","multi-point",3,3,"one-point",1,"calibrated",1.825804706518799,0.012222842511581941,3,4,,,,"",
123456,"TwoPole",180,51,7,0.6,1,"TopSupport","multi-point",3,3,"one-point",1,"degenerate",,,,,1,4,1.1477269363995426,"SwitchDetected",3
123456,"TwoPole",181,51,7,0.6,1,"TopSupport","multi-point",3,3,"one-point",1,"degenerate",,,,,1,4,1.2638177029357305,"SwitchDetected",2
123456,"TwoPole",182,51,7,0.6,1,"TopSupport","multi-point",3,4,"one-point",1,"degenerate",,,,,1,4,1.2740609350902736,"SwitchDetected",2
123456,"TwoPole",183,51,7,0.6,1,"TopSupport","multi-point",3,3,"one-point",1,"calibrated",1.6449372486901424,0.002964168174783195,3,3,,,,"",
123456,"TwoPole",184,51,7,0.6,1,"TopSupport","multi-point",3,3,"one-point",1,"calibrated",1.5028386953133697,0.00276386364286496,3,3,,,,"",
123456,"TwoPole",185,51,7,0.6,1,"TopSupport","multi-point",3,3,"one-point",1,"degenerate",,,,,1,4,1.2805464832159819,"SwitchDetected",3
123456,"TwoPole",186,51,7,0.6,1,"TopSupport","multi-point",3,4,"one-point",1,"degenerate",,,,,1,4,1.200901849142569,"SwitchDetected",3
123456,"TwoPole",187,51,7,0.6,1,"TopSupport","multi-point",3,3,"one-point",1,"degenerate",,,,,1,4,1.174799672240643,"SwitchDetected",3
123456,"TwoPole",188,51,7,0.6,1,"TopSupport","multi-point",3,4,"one-point",1,"calibrated",1.4945200929923614,0.0019319384649922734,3,3,,,,"",
123456,"TwoPole",189,51,7,0.6,1,"TopSupport","multi-point",3,3,"one-point",1,"calibrated",1.4068361817423927,0.009799353525343325,3,3,,,,"",
123456,"TwoPole",190,51,7,0.6,1,"TopSupport","multi-point",3,3,"one-point",1,"degenerate",,,,,1,4,1.2581685637937499,"SwitchDetected",3
123456,"TwoPole",191,51,7,0.6,1,"TopSupport","multi-point",3,3,"one-point",1,"calibrated",1.5570934256055362,0.014461565718654404,3,3,,,,"",
123456,"TwoPole",192,51,7,0.6,1,"TopSupport","multi-point",3,3,"one-point",1,"calibrated",1.4945200929923614,0.006872208013388318,3,3,,,,"",
123456,"TwoPole",193,51,7,0.6,1,"TopSupport","multi-point",3,4,"one-point",1,"degenerate",,,,,1,4,1.208258695974413,"SwitchDetected",2
123456,"TwoPole",194,51,7,0.6,1,"TopSupport","multi-point",3,3,"one-point",1,"degenerate",,,,,1,4,1.1266501515414593,"SwitchDetected",3
123456,"TwoPole",195,51,7,0.6,1,"TopSupport","multi-point",3,3,"one-point",1,"calibrated",1.348786092516735,0.0023196473779840765,3,3,,,,"",
123456,"TwoPole",196,51,7,0.6,1,"TopSupport","multi-point",3,3,"one-point",1,"calibrated",1.519756838905775,0.006389003273152241,3,3,,,,"",
123456,"TwoPole",197,51,7,0.6,1,"TopSupport","multi-point",3,4,"one-point",1,"degenerate",,,,,1,4,1.2869308262898664,"SwitchDetected",3
123456,"TwoPole",198,51,7,0.6,1,"TopSupport","multi-point",3,3,"one-point",1,"degenerate",,,,,1,4,1.2090932907277512,"SwitchDetected",3
123456,"TwoPole",199,51,7,0.6,1,"TopSupport","multi-point",3,3,"one-point",1,"calibrated",1.519756838905775,0.013974349572234304,3,4,,,,"",
123456,"TwoPole",200,51,7,0.6,1,"TopSupport","multi-point",3,4,"one-point",1,"degenerate",,,,,1,4,1.2153984845722692,"SwitchDetected",3
123456,"TwoPole",1,51,7,0.6,2,"TopSupport","multi-point",3,4,"one-point",1,"calibrated",1.342081717864599,0.003878462454591888,3,3,,,,"",
123456,"TwoPole",2,51,7,0.6,2,"TopSupport","multi-point",3,3,"one-point",1,"calibrated",1.4142049025769956,0.005575052189641839,3,4,,,,"",
123456,"TwoPole",3,51,7,0.6,2,"TopSupport","multi-point",3,4,"one-point",1,"degenerate",,,,,1,4,1.3884128036676338,"SwitchDetected",4
123456,"TwoPole",4,51,7,0.6,2,"TopSupport","multi-point",3,4,"one-point",1,"calibrated",2.7388922702373706,0.0010759384424381176,4,4,,,,"",
123456,"TwoPole",5,51,7,0.6,2,"TopSupport","multi-point",3,3,"one-point",1,"calibrated",1.2417218543046358,0.006737685744082865,3,3,,,,"",
123456,"TwoPole",6,51,7,0.6,2,"TopSupport","multi-point",3,4,"one-point",1,"calibrated",1.4291763709506669,0.006890577750206774,3,4,,,,"",
123456,"TwoPole",7,51,7,0.6,2,"TopSupport","multi-point",3,4,"two-point",2,"calibrated",1.1741172377804836,0.008479372260748033,3,3,,,,"",
123456,"TwoPole",8,51,7,0.6,2,"TopSupport","multi-point",3,5,"one-point",1,"calibrated",1.3851836650933715,0.0024025985562065055,3,3,,,,"",
123456,"TwoPole",9,51,7,0.6,2,"TopSupport","multi-point",3,4,"two-point",2,"calibrated",1.530612244897959,0.015775027645379063,3,4,,,,"",
123456,"TwoPole",10,51,7,0.6,2,"TopSupport","multi-point",3,4,"one-point",1,"calibrated",1.4068361817423927,0.00971603270857594,3,3,,,,"",
123456,"TwoPole",11,51,7,0.6,2,"TopSupport","multi-point",3,4,"two-point",2,"calibrated",1.8669616927119346,0.017291551043477262,3,4,,,,"",
123456,"TwoPole",12,51,7,0.6,2,"TopSupport","multi-point",3,3,"two-point",2,"calibrated",1.1442617392778438,0.005196794939154671,3,3,,,,"",
123456,"TwoPole",13,51,7,0.6,2,"TopSupport","multi-point",3,5,"one-point",1,"calibrated",1.530612244897959,0.0037088407704883508,3,4,,,,"",
123456,"TwoPole",14,51,7,0.6,2,"TopSupport","multi-point",3,5,"one-point",1,"degenerate",,,,,1,4,1.0244840687224714,"SwitchDetected",3
123456,"TwoPole",15,51,7,0.6,2,"TopSupport","multi-point",3,3,"one-point",1,"calibrated",3.5498290823034444,0.009931585990431598,3,4,,,,"",
123456,"TwoPole",16,51,7,0.6,2,"TopSupport","multi-point",3,4,"one-point",1,"degenerate",,,,,1,4,1.212793251468802,"SwitchDetected",3
123456,"TwoPole",17,51,7,0.6,2,"TopSupport","multi-point",3,5,"one-point",1,"degenerate",,,,,1,4,1.3808145659755293,"SwitchDetected",4
123456,"TwoPole",18,51,7,0.6,2,"TopSupport","multi-point",3,3,"one-point",1,"degenerate",,,,,1,4,1.4093969546221323,"SwitchDetected",3
123456,"TwoPole",19,51,7,0.6,2,"TopSupport","multi-point",3,5,"one-point",1,"degenerate",,,,,1,4,1.295283331370064,"SwitchDetected",3
123456,"TwoPole",20,51,7,0.6,2,"TopSupport","multi-point",3,4,"one-point",1,"calibrated",1.7895015906680807,0.001025011609602643,3,4,,,,"",
123456,"TwoPole",21,51,7,0.6,2,"TopSupport","multi-point",3,5,"one-point",1,"calibrated",1.2953367875647668,0.0016655161908282483,3,4,,,,"",
123456,"TwoPole",22,51,7,0.6,2,"TopSupport","multi-point",3,4,"one-point",1,"calibrated",1.2590934527140458,0.0027559989226246437,3,4,,,,"",
123456,"TwoPole",23,51,7,0.6,2,"TopSupport","multi-point",3,4,"one-point",1,"degenerate",,,,,1,4,1.1222484697429065,"SwitchDetected",3
123456,"TwoPole",24,51,7,0.6,2,"TopSupport","multi-point",3,4,"one-point",1,"degenerate",,,,,1,4,1.1174350282871204,"SwitchDetected",3
123456,"TwoPole",25,51,7,0.6,2,"TopSupport","multi-point",3,4,"two-point",2,"calibrated",1.9477708844322608,0.02245844881154358,3,4,,,,"",
123456,"TwoPole",26,51,7,0.6,2,"TopSupport","multi-point",3,4,"one-point",1,"calibrated",1.548165137614679,0.01170570603647605,3,4,,,,"",
123456,"TwoPole",27,51,7,0.6,2,"TopSupport","multi-point",3,4,"one-point",1,"calibrated",1.4862930749752286,0.004462542560138596,3,4,,,,"",
123456,"TwoPole",28,51,7,0.6,2,"TopSupport","multi-point",3,4,"two-point",2,"calibrated",1.5570934256055362,0.015377239312067458,3,3,,,,"",
123456,"TwoPole",29,51,7,0.6,2,"TopSupport","multi-point",3,4,"one-point",1,"degenerate",,,,,1,4,1.3136720839069558,"SwitchDetected",4
123456,"TwoPole",30,51,7,0.6,2,"TopSupport","multi-point",3,4,"one-point",1,"calibrated",1.5938606847697756,0.013677510538193228,3,3,,,,"",
123456,"TwoPole",31,51,7,0.6,2,"TopSupport","multi-point",3,5,"one-point",1,"degenerate",,,,,1,4,1.2604807660128718,"SwitchDetected",3
123456,"TwoPole",32,51,7,0.6,2,"TopSupport","multi-point",3,3,"one-point",1,"calibrated",1.5112504197917833,0.0034230597722216074,3,4,,,,"",
123456,"TwoPole",33,51,7,0.6,2,"TopSupport","multi-point",3,4,"one-point",1,"calibrated",1.3711151736745886,0.003323088408233049,3,3,,,,"",
123456,"TwoPole",34,51,7,0.6,2,"TopSupport","multi-point",3,4,"one-point",1,"calibrated",1.3354436640617273,0.005927790679995745,3,3,,,,"",
123456,"TwoPole",35,51,7,0.6,2,"TopSupport","multi-point",3,4,"one-point",1,"degenerate",,,,,1,3,1.165276274814307,"SwitchDetected",3
123456,"TwoPole",36,51,7,0.6,2,"TopSupport","multi-point",3,4,"one-point",1,"calibrated",1.6251354279523291,0.015319739146172281,3,4,,,,"",
123456,"TwoPole",37,51,7,0.6,2,"TopSupport","multi-point",3,4,"one-point",1,"calibrated",1.348786092516735,0.008803546829654708,3,3,,,,"",
123456,"TwoPole",38,51,7,0.6,2,"TopSupport","multi-point",3,4,"two-point",2,"calibrated",1.548165137614679,0.019531335629720124,3,3,,,,"",
123456,"TwoPole",39,51,7,0.6,2,"TopSupport","multi-point",3,5,"one-point",1,"degenerate",,,,,1,4,1.307579716552727,"SwitchDetected",4
123456,"TwoPole",40,51,7,0.6,2,"TopSupport","multi-point",3,4,"two-point",2,"calibrated",1.2953367875647668,0.010341833268995303,3,3,,,,"",
123456,"TwoPole",41,51,7,0.6,2,"TopSupport","multi-point",3,5,"one-point",1,"degenerate",,,,,1,4,1.294774336140693,"SwitchDetected",3
123456,"TwoPole",42,51,7,0.6,2,"TopSupport","multi-point",3,3,"one-point",1,"degenerate",,,,,1,3,1.2996913391723195,"SwitchDetected",3
123456,"TwoPole",43,51,7,0.6,2,"TopSupport","multi-point",3,3,"two-point",2,"calibrated",1.6033254156769599,0.023608118090189825,3,4,,,,"",
123456,"TwoPole",44,51,7,0.6,2,"TopSupport","multi-point",3,4,"one-point",1,"degenerate",,,,,1,4,1.18036986699586,"SwitchDetected",3
123456,"TwoPole",45,51,7,0.6,2,"TopSupport","multi-point",3,4,"one-point",1,"degenerate",,,,,1,4,1.2528592034089636,"SwitchDetected",2
123456,"TwoPole",46,51,7,0.6,2,"TopSupport","multi-point",3,4,"one-point",1,"degenerate",,,,,1,4,1.1371562902774666,"SwitchDetected",3
123456,"TwoPole",47,51,7,0.6,2,"TopSupport","multi-point",3,5,"one-point",1,"calibrated",2.305721605465414,0.006096790032006736,4,4,,,,"",
123456,"TwoPole",48,51,7,0.6,2,"TopSupport","multi-point",3,4,"one-point",1,"degenerate",,,,,1,4,1.3830078859896382,"SwitchDetected",4
123456,"TwoPole",49,51,7,0.6,2,"TopSupport","multi-point",3,3,"one-point",1,"degenerate",,,,,1,3,1.1526394222169771,"SwitchDetected",3
123456,"TwoPole",50,51,7,0.6,2,"TopSupport","multi-point",3,3,"one-point",1,"calibrated",1.2233801540552787,0.008063200347837507,3,3,,,,"",
123456,"TwoPole",51,51,7,0.6,2,"TopSupport","multi-point",3,5,"one-point",1,"degenerate",,,,,1,4,1.3426201169302152,"SwitchDetected",3
123456,"TwoPole",52,51,7,0.6,2,"TopSupport","multi-point",3,4,"one-point",1,"calibrated",1.7660910518053372,0.012897598581618472,3,4,,,,"",
123456,"TwoPole",53,51,7,0.6,2,"TopSupport","multi-point",3,4,"two-point",2,"calibrated",1.8135411069317569,0.022985681609401912,4,4,,,,"",
123456,"TwoPole",54,51,7,0.6,2,"TopSupport","multi-point",3,4,"one-point",1,"degenerate",,,,,1,4,1.210103298979123,"SwitchDetected",3
123456,"TwoPole",55,51,7,0.6,2,"TopSupport","multi-point",3,3,"one-point",1,"degenerate",,,,,1,4,1.2474092408706967,"SwitchDetected",3
123456,"TwoPole",56,51,7,0.6,2,"TopSupport","multi-point",3,4,"one-point",1,"degenerate",,,,,1,4,1.169933063033857,"SwitchDetected",3
123456,"TwoPole",57,51,7,0.6,2,"TopSupport","multi-point",3,4,"one-point",1,"calibrated",1.3555577869263984,0.006097810223708398,3,3,,,,"",
123456,"TwoPole",58,51,7,0.6,2,"TopSupport","multi-point",3,4,"one-point",1,"calibrated",1.2769580022701477,0.00041577900086426934,3,4,,,,"",
123456,"TwoPole",59,51,7,0.6,2,"TopSupport","multi-point",3,3,"two-point",2,"calibrated",2.6844303042354345,0.049725865321434866,3,4,,,,"",
123456,"TwoPole",60,51,7,0.6,2,"TopSupport","multi-point",3,4,"one-point",1,"calibrated",1.4945200929923614,0.009416966261568899,3,3,,,,"",
123456,"TwoPole",61,51,7,0.6,2,"TopSupport","multi-point",3,5,"one-point",1,"degenerate",,,,,1,4,1.3329287252486022,"SwitchDetected",4
123456,"TwoPole",62,51,7,0.6,2,"TopSupport","multi-point",3,3,"one-point",1,"calibrated",1.2709470909433254,0.004147085841734006,3,3,,,,"",
123456,"TwoPole",63,51,7,0.6,2,"TopSupport","multi-point",3,4,"two-point",2,"calibrated",2.6844303042354345,0.04115392409975934,4,4,,,,"",
123456,"TwoPole",64,51,7,0.6,2,"TopSupport","multi-point",3,3,"two-point",2,"calibrated",2.1367521367521367,0.015609650262663304,3,4,,,,"",
123456,"TwoPole",65,51,7,0.6,2,"TopSupport","multi-point",3,4,"one-point",1,"calibrated",1.342081717864599,0.0019499692647271202,3,3,,,,"",
123456,"TwoPole",66,51,7,0.6,2,"TopSupport","multi-point",3,5,"one-point",1,"degenerate",,,,,1,4,1.2686168889656309,"SwitchDetected",3
123456,"TwoPole",67,51,7,0.6,2,"TopSupport","multi-point",3,5,"one-point",1,"calibrated",1.4701078079059129,0.0039685781447204175,3,3,,,,"",
123456,"TwoPole",68,51,7,0.6,2,"TopSupport","multi-point",3,4,"one-point",1,"calibrated",1.5845070422535212,0.008302601862580805,3,3,,,,"",
123456,"TwoPole",69,51,7,0.6,2,"TopSupport","multi-point",3,5,"one-point",1,"degenerate",,,,,1,4,1.16520355414109,"SwitchDetected",4
123456,"TwoPole",70,51,7,0.6,2,"TopSupport","multi-point",3,4,"one-point",1,"calibrated",1.6349763836744577,0.007247022580627656,3,3,,,,"",
123456,"TwoPole",71,51,7,0.6,2,"TopSupport","multi-point",3,4,"one-point",1,"calibrated",4.861361181130716,0.005402434337682976,4,4,,,,"",
123456,"TwoPole",72,51,7,0.6,2,"TopSupport","multi-point",3,4,"one-point",1,"degenerate",,,,,1,4,1.2385461974367673,"SwitchDetected",3
123456,"TwoPole",73,51,7,0.6,2,"TopSupport","multi-point",3,3,"one-point",1,"degenerate",,,,,1,3,1.1935492683282187,"SwitchDetected",3
123456,"TwoPole",74,51,7,0.6,2,"TopSupport","multi-point",3,4,"one-point",1,"degenerate",,,,,1,4,1.2308080633553642,"SwitchDetected",3
123456,"TwoPole",75,51,7,0.6,2,"TopSupport","multi-point",3,4,"one-point",1,"calibrated",1.446480231436837,0.008804409876928997,3,3,,,,"",
123456,"TwoPole",76,51,7,0.6,2,"TopSupport","multi-point",3,4,"one-point",1,"degenerate",,,,,1,4,1.1902774874349407,"SwitchDetected",3
123456,"TwoPole",77,51,7,0.6,2,"TopSupport","multi-point",3,4,"one-point",1,"calibrated",1.801441152922338,0.006066017070394838,4,4,,,,"",
123456,"TwoPole",78,51,7,0.6,2,"TopSupport","multi-point",3,3,"one-point",1,"degenerate",,,,,1,4,1.1056347116932983,"SwitchDetected",3
123456,"TwoPole",79,51,7,0.6,2,"TopSupport","multi-point",3,4,"two-point",2,"calibrated",2.087198515769944,0.027807706619367302,3,3,,,,"",
123456,"TwoPole",80,51,7,0.6,2,"TopSupport","multi-point",3,4,"two-point",2,"calibrated",2.211302211302211,0.019867309424003766,4,4,,,,"",
123456,"TwoPole",81,51,7,0.6,2,"TopSupport","multi-point",3,3,"one-point",1,"calibrated",1.4142049025769956,0.00768511817222725,3,4,,,,"",
123456,"TwoPole",82,51,7,0.6,2,"TopSupport","multi-point",3,5,"one-point",1,"calibrated",1.6449372486901424,0.011370304359756857,3,4,,,,"",
123456,"TwoPole",83,51,7,0.6,2,"TopSupport","multi-point",3,4,"one-point",1,"calibrated",1.6449372486901424,0.012372643044532245,3,4,,,,"",
123456,"TwoPole",84,51,7,0.6,2,"TopSupport","multi-point",3,5,"one-point",1,"degenerate",,,,,1,4,1.3974070269939483,"SwitchDetected",3
123456,"TwoPole",85,51,7,0.6,2,"TopSupport","multi-point",3,4,"one-point",1,"degenerate",,,,,1,4,1.5296199313659615,"SwitchDetected",3
123456,"TwoPole",86,51,7,0.6,2,"TopSupport","multi-point",3,3,"two-point",2,"calibrated",1.7210606833248343,0.015585431848526655,3,3,,,,"",
123456,"TwoPole",87,51,7,0.6,2,"TopSupport","multi-point",3,3,"one-point",1,"degenerate",,,,,1,4,1.1553100083030856,"SwitchDetected",3
123456,"TwoPole",88,51,7,0.6,2,"TopSupport","multi-point",3,5,"one-point",1,"calibrated",1.264992503748126,0.0005157156288925265,3,3,,,,"",
123456,"TwoPole",89,51,7,0.6,2,"TopSupport","multi-point",3,4,"one-point",1,"calibrated",1.4781561370852951,0.008394450271965831,3,4,,,,"",
123456,"TwoPole",90,51,7,0.6,2,"TopSupport","multi-point",3,3,"one-point",1,"calibrated",1.854140914709518,0.01473747845132767,3,3,,,,"",
123456,"TwoPole",91,51,7,0.6,2,"TopSupport","multi-point",3,4,"one-point",1,"calibrated",1.4621466478934257,0.00772194731773249,3,3,,,,"",
123456,"TwoPole",92,51,7,0.6,2,"TopSupport","multi-point",3,4,"one-point",1,"calibrated",1.2590934527140458,0.00234236653472212,3,3,,,,"",
123456,"TwoPole",93,51,7,0.6,2,"TopSupport","multi-point",3,4,"one-point",1,"degenerate",,,,,1,4,1.1604239754613959,"SwitchDetected",3
123456,"TwoPole",94,51,7,0.6,2,"TopSupport","multi-point",3,3,"one-point",1,"calibrated",1.6129032258064517,0.011000246326808061,3,4,,,,"",
123456,"TwoPole",95,51,7,0.6,2,"TopSupport","multi-point",3,4,"one-point",1,"calibrated",1.3623978201634879,0.008609543056450881,3,3,,,,"",
123456,"TwoPole",96,51,7,0.6,2,"TopSupport","multi-point",3,4,"one-point",1,"degenerate",,,,,1,4,1.2144761644968827,"SwitchDetected",3
123456,"TwoPole",97,51,7,0.6,2,"TopSupport","multi-point",3,4,"one-point",1,"degenerate",,,,,1,4,1.2958326964831832,"SwitchDetected",3
123456,"TwoPole",98,51,7,0.6,2,"TopSupport","multi-point",3,4,"one-point",1,"calibrated",1.2233801540552787,0.0017149081136584056,3,3,,,,"",
123456,"TwoPole",99,51,7,0.6,2,"TopSupport","multi-point",3,4,"one-point",1,"degenerate",,,,,1,4,1.1994960125396532,"SwitchDetected",2
123456,"TwoPole",100,51,7,0.6,2,"TopSupport","multi-point",3,3,"one-point",1,"calibrated",2.087198515769944,0.018926580818121232,3,3,,,,"",
123456,"TwoPole",101,51,7,0.6,2,"TopSupport","multi-point",3,4,"one-point",1,"calibrated",1.2953367875647668,0.0069931320669104815,3,3,,,,"",
123456,"TwoPole",102,51,7,0.6,2,"TopSupport","multi-point",3,5,"one-point",1,"degenerate",,,,,1,4,1.337075632624923,"SwitchDetected",2
123456,"TwoPole",103,51,7,0.6,2,"TopSupport","multi-point",3,4,"two-point",2,"calibrated",1.6033254156769599,0.02447391984660492,3,4,,,,"",
123456,"TwoPole",104,51,7,0.6,2,"TopSupport","multi-point",3,4,"one-point",1,"calibrated",1.5752625437572931,0.008492957379080644,3,4,,,,"",
123456,"TwoPole",105,51,7,0.6,2,"TopSupport","multi-point",3,4,"one-point",1,"calibrated",1.9946808510638294,0.011109386415814756,3,4,,,,"",
123456,"TwoPole",106,51,7,0.6,2,"TopSupport","multi-point",3,5,"one-point",1,"calibrated",1.2417218543046358,0.005426914037357703,3,3,,,,"",
123456,"TwoPole",107,51,7,0.6,2,"TopSupport","multi-point",3,4,"one-point",1,"degenerate",,,,,1,3,1.207763700265396,"SwitchDetected",3
123456,"TwoPole",108,51,7,0.6,2,"TopSupport","multi-point",3,3,"one-point",1,"calibrated",1.5752625437572931,0.012791620716441068,3,4,,,,"",
123456,"TwoPole",109,51,7,0.6,2,"TopSupport","multi-point",3,3,"one-point",1,"calibrated",1.2953367875647668,0.0003930105183694249,3,3,,,,"",
123456,"TwoPole",110,51,7,0.6,2,"TopSupport","multi-point",3,4,"one-point",1,"calibrated",1.0709186101856258,0.0007667975016676628,3,3,,,,"",
123456,"TwoPole",111,51,7,0.6,2,"TopSupport","multi-point",3,4,"one-point",1,"calibrated",1.2417218543046358,0.004447020648145603,3,3,,,,"",
123456,"TwoPole",112,51,7,0.6,2,"TopSupport","multi-point",3,4,"one-point",1,"degenerate",,,,,1,4,1.2319088760372894,"SwitchDetected",3
123456,"TwoPole",113,51,7,0.6,2,"TopSupport","multi-point",3,3,"two-point",2,"calibrated",1.9200682690940125,0.017889065685254994,3,4,,,,"",
123456,"TwoPole",114,51,7,0.6,2,"TopSupport","multi-point",3,5,"one-point",1,"calibrated",1.4621466478934257,0.0035423537347496112,3,3,,,,"",
123456,"TwoPole",115,51,7,0.6,2,"TopSupport","multi-point",3,4,"one-point",1,"degenerate",,,,,1,4,1.3685568549587843,"SwitchDetected",2
123456,"TwoPole",116,51,7,0.6,2,"TopSupport","multi-point",3,5,"one-point",1,"degenerate",,,,,1,4,1.1256841000899709,"SwitchDetected",3
123456,"TwoPole",117,51,7,0.6,2,"TopSupport","multi-point",3,4,"one-point",1,"degenerate",,,,,1,4,1.1419164318456962,"SwitchDetected",3
123456,"TwoPole",118,51,7,0.6,2,"TopSupport","multi-point",3,5,"one-point",1,"degenerate",,,,,1,4,1.3137234345159905,"SwitchDetected",3
123456,"TwoPole",119,51,7,0.6,2,"TopSupport","multi-point",3,4,"one-point",1,"degenerate",,,,,1,4,1.0925658476146052,"SwitchDetected",3
123456,"TwoPole",120,51,7,0.6,2,"TopSupport","multi-point",3,3,"one-point",1,"calibrated",1.2016021361815754,0.0009371776735646952,3,3,,,,"",
123456,"TwoPole",121,51,7,0.6,2,"TopSupport","multi-point",3,5,"two-point",2,"calibrated",1.6104020040558271,0.024023443807965273,3,4,,,,"",
123456,"TwoPole",122,51,7,0.6,2,"TopSupport","multi-point",3,4,"one-point",1,"calibrated",1.3555577869263984,0.0012692722624478403,3,3,,,,"",
123456,"TwoPole",123,51,7,0.6,2,"TopSupport","multi-point",3,4,"two-point",2,"calibrated",1.6349763836744577,0.018953429775402233,3,3,,,,"",
123456,"TwoPole",124,51,7,0.6,2,"TopSupport","multi-point",3,4,"one-point",1,"calibrated",1.5752625437572931,0.005307632827171487,3,3,,,,"",
123456,"TwoPole",125,51,7,0.6,2,"TopSupport","multi-point",3,4,"one-point",1,"calibrated",1.4542712485187976,0.010917656053498037,3,3,,,,"",
123456,"TwoPole",126,51,7,0.6,2,"TopSupport","multi-point",3,5,"one-point",1,"degenerate",,,,,1,4,1.1993761545660881,"SwitchDetected",4
123456,"TwoPole",127,51,7,0.6,2,"TopSupport","multi-point",3,4,"one-point",1,"degenerate",,,,,1,4,1.3970004224937191,"SwitchDetected",4
123456,"TwoPole",128,51,7,0.6,2,"TopSupport","multi-point",3,5,"one-point",1,"calibrated",1.5028386953133697,0.008159676376443652,3,3,,,,"",
123456,"TwoPole",129,51,7,0.6,2,"TopSupport","multi-point",3,4,"one-point",1,"calibrated",1.6251354279523291,0.007990759605019132,3,4,,,,"",
123456,"TwoPole",130,51,7,0.6,2,"TopSupport","multi-point",3,4,"one-point",1,"calibrated",1.6449372486901424,0.011623789782967756,3,4,,,,"",
123456,"TwoPole",131,51,7,0.6,2,"TopSupport","multi-point",3,4,"two-point",2,"calibrated",1.6652275811027506,0.015751550504508566,3,3,,,,"",
123456,"TwoPole",132,51,7,0.6,2,"TopSupport","multi-point",3,4,"one-point",1,"degenerate",,,,,1,4,1.3128817911573196,"SwitchDetected",3
123456,"TwoPole",133,51,7,0.6,2,"TopSupport","multi-point",3,4,"one-point",1,"calibrated",1.5112504197917833,0.010717498492942627,3,3,,,,"",
123456,"TwoPole",134,51,7,0.6,2,"TopSupport","multi-point",3,4,"one-point",1,"degenerate",,,,,1,4,1.3092913013319867,"SwitchDetected",3
123456,"TwoPole",135,51,7,0.6,2,"TopSupport","multi-point",3,4,"one-point",1,"degenerate",,,,,1,4,1.4654055747394628,"SwitchDetected",3
123456,"TwoPole",136,51,7,0.6,2,"TopSupport","multi-point",3,5,"one-point",1,"calibrated",1.838235294117647,0.0010862048182535223,3,4,,,,"",
123456,"TwoPole",137,51,7,0.6,2,"TopSupport","multi-point",3,4,"one-point",1,"degenerate",,,,,1,4,1.3542409712446968,"SwitchDetected",3
123456,"TwoPole",138,51,7,0.6,2,"TopSupport","multi-point",3,3,"one-point",1,"degenerate",,,,,1,4,1.403804297651237,"SwitchDetected",3
123456,"TwoPole",139,51,7,0.6,2,"TopSupport","multi-point",3,3,"one-point",1,"calibrated",1.2953367875647668,0.002615919079747624,3,3,,,,"",
123456,"TwoPole",140,51,7,0.6,2,"TopSupport","multi-point",3,4,"one-point",1,"calibrated",1.6349763836744577,0.009014619826043915,4,4,,,,"",
123456,"TwoPole",141,51,7,0.6,2,"TopSupport","multi-point",3,4,"one-point",1,"calibrated",1.3851836650933715,0.0018828124107339165,3,3,,,,"",
123456,"TwoPole",142,51,7,0.6,2,"TopSupport","multi-point",3,4,"one-point",1,"calibrated",1.4621466478934257,0.005439382616195727,3,3,,,,"",
123456,"TwoPole",143,51,7,0.6,2,"TopSupport","multi-point",3,3,"one-point",1,"calibrated",1.6449372486901424,0.015453045298113366,3,4,,,,"",
123456,"TwoPole",144,51,7,0.6,2,"TopSupport","multi-point",3,4,"one-point",1,"calibrated",1.348786092516735,0.0015267090623126071,3,3,,,,"",
123456,"TwoPole",145,51,7,0.6,2,"TopSupport","multi-point",3,4,"one-point",1,"degenerate",,,,,1,4,1.2720163582670097,"SwitchDetected",3
123456,"TwoPole",146,51,7,0.6,2,"TopSupport","multi-point",3,5,"one-point",1,"calibrated",1.9338203695745597,0.006765173479055981,3,4,,,,"",
123456,"TwoPole",147,51,7,0.6,2,"TopSupport","multi-point",3,4,"one-point",1,"degenerate",,,,,1,4,1.2266392749172332,"SwitchDetected",3
123456,"TwoPole",148,51,7,0.6,2,"TopSupport","multi-point",3,4,"one-point",1,"calibrated",2.956636005256242,0.023889908464352187,4,4,,,,"",
123456,"TwoPole",149,51,7,0.6,2,"TopSupport","multi-point",3,3,"two-point",2,"calibrated",1.6550202280250088,0.022839806112429393,3,4,,,,"",
123456,"TwoPole",150,51,7,0.6,2,"TopSupport","multi-point",3,4,"one-point",1,"degenerate",,,,,1,4,1.3017149960006666,"SwitchDetected",3
123456,"TwoPole",151,51,7,0.6,2,"TopSupport","multi-point",3,4,"one-point",1,"calibrated",2.1367521367521367,0.012077354620598293,3,4,,,,"",
123456,"TwoPole",152,51,7,0.6,2,"TopSupport","multi-point",3,5,"two-point",2,"degenerate",,,,,2,4,2.43065587578494,"SwitchDetected",4
123456,"TwoPole",153,51,7,0.6,2,"TopSupport","multi-point",3,4,"one-point",1,"calibrated",1.548165137614679,0.0048679138974273145,3,4,,,,"",
123456,"TwoPole",154,51,7,0.6,2,"TopSupport","multi-point",3,5,"one-point",1,"degenerate",,,,,1,4,1.3524534681384286,"SwitchDetected",3
123456,"TwoPole",155,51,7,0.6,2,"TopSupport","multi-point",3,3,"one-point",1,"calibrated",1.253249164500557,0.00426840792110959,3,3,,,,"",
123456,"TwoPole",156,51,7,0.6,2,"TopSupport","multi-point",3,5,"one-point",1,"calibrated",1.7182130584192439,0.005817383415637619,4,4,,,,"",
123456,"TwoPole",157,51,7,0.6,2,"TopSupport","multi-point",3,4,"two-point",2,"calibrated",1.5112504197917833,0.017239612690471022,3,3,,,,"",
123456,"TwoPole",158,51,7,0.6,2,"TopSupport","multi-point",3,4,"one-point",1,"calibrated",1.5028386953133697,0.0049762693624339615,3,4,,,,"",
123456,"TwoPole",159,51,7,0.6,2,"TopSupport","multi-point",3,5,"one-point",1,"degenerate",,,,,1,4,1.1572911941081558,"SwitchDetected",3
123456,"TwoPole",160,51,7,0.6,2,"TopSupport","multi-point",3,4,"one-point",1,"calibrated",1.4542712485187976,0.004219651334592319,3,3,,,,"",
123456,"TwoPole",161,51,7,0.6,2,"TopSupport","multi-point",3,5,"one-point",1,"degenerate",,,,,1,4,1.361626022814134,"SwitchDetected",3
123456,"TwoPole",162,51,7,0.6,2,"TopSupport","multi-point",3,3,"one-point",1,"calibrated",1.4862930749752286,0.004963683400890282,3,4,,,,"",
123456,"TwoPole",163,51,7,0.6,2,"TopSupport","multi-point",3,4,"one-point",1,"degenerate",,,,,1,4,1.0844503103133647,"SwitchDetected",3
123456,"TwoPole",164,51,7,0.6,2,"TopSupport","multi-point",3,4,"one-point",1,"calibrated",1.6129032258064517,0.0015139394088172424,3,4,,,,"",
123456,"TwoPole",165,51,7,0.6,2,"TopSupport","multi-point",3,4,"two-point",2,"calibrated",1.5752625437572931,0.018313850709050363,3,3,,,,"",
123456,"TwoPole",166,51,7,0.6,2,"TopSupport","multi-point",3,4,"one-point",1,"calibrated",1.3641875505254648,0.0030555892052491155,3,3,,,,"",
123456,"TwoPole",167,51,7,0.6,2,"TopSupport","multi-point",3,3,"one-point",1,"degenerate",,,,,1,3,1.2269706634264976,"SwitchDetected",3
123456,"TwoPole",168,51,7,0.6,2,"TopSupport","multi-point",3,4,"one-point",1,"calibrated",1.2830260406766774,0.0017576899199752533,3,4,,,,"",
123456,"TwoPole",169,51,7,0.6,2,"TopSupport","multi-point",3,5,"one-point",1,"calibrated",1.342081717864599,0.00514947844649222,3,3,,,,"",
123456,"TwoPole",170,51,7,0.6,2,"TopSupport","multi-point",3,4,"one-point",1,"calibrated",1.3623978201634879,0.007527092167518817,3,3,,,,"",
123456,"TwoPole",171,51,7,0.6,2,"TopSupport","multi-point",3,4,"one-point",1,"degenerate",,,,,1,4,1.3957008767001693,"SwitchDetected",2
123456,"TwoPole",172,51,7,0.6,2,"TopSupport","multi-point",3,5,"one-point",1,"degenerate",,,,,1,4,1.2259502021332536,"SwitchDetected",3
123456,"TwoPole",173,51,7,0.6,2,"TopSupport","multi-point",3,4,"one-point",1,"calibrated",1.6349763836744577,0.009623152646734329,3,4,,,,"",
123456,"TwoPole",174,51,7,0.6,2,"TopSupport","multi-point",3,5,"one-point",1,"calibrated",1.6033254156769599,0.0063038064433776865,3,4,,,,"",
123456,"TwoPole",175,51,7,0.6,2,"TopSupport","multi-point",3,5,"one-point",1,"degenerate",,,,,1,4,1.3088833748484126,"SwitchDetected",3
123456,"TwoPole",176,51,7,0.6,2,"TopSupport","multi-point",3,5,"one-point",1,"degenerate",,,,,1,4,1.1786560666274477,"SwitchDetected",3
123456,"TwoPole",177,51,7,0.6,2,"TopSupport","multi-point",3,5,"one-point",1,"calibrated",1.3223626212165736,0.005806032246081295,3,3,,,,"",
123456,"TwoPole",178,51,7,0.6,2,"TopSupport","multi-point",3,4,"one-point",1,"calibrated",1.4862930749752286,0.013040641503678134,3,4,,,,"",
123456,"TwoPole",179,51,7,0.6,2,"TopSupport","multi-point",3,3,"one-point",1,"degenerate",,,,,1,4,1.2626781276696752,"SwitchDetected",3
123456,"TwoPole",180,51,7,0.6,2,"TopSupport","multi-point",3,5,"one-point",1,"calibrated",1.4142049025769956,0.003083830882187247,3,4,,,,"",
123456,"TwoPole",181,51,7,0.6,2,"TopSupport","multi-point",3,5,"one-point",1,"calibrated",1.6550202280250088,0.013237616583708636,3,3,,,,"",
123456,"TwoPole",182,51,7,0.6,2,"TopSupport","multi-point",3,4,"one-point",1,"degenerate",,,,,1,4,1.3433499707905014,"SwitchDetected",4
123456,"TwoPole",183,51,7,0.6,2,"TopSupport","multi-point",3,5,"one-point",1,"calibrated",1.3555577869263984,0.0034194175168504965,3,3,,,,"",
123456,"TwoPole",184,51,7,0.6,2,"TopSupport","multi-point",3,4,"one-point",1,"calibrated",1.1442617392778438,0.002440436942813606,3,3,,,,"",
123456,"TwoPole",185,51,7,0.6,2,"TopSupport","multi-point",3,4,"one-point",1,"calibrated",1.3923267326732671,0.0033571210205706648,3,4,,,,"",
123456,"TwoPole",186,51,7,0.6,2,"TopSupport","multi-point",3,4,"one-point",1,"degenerate",,,,,1,4,1.3429205489220533,"SwitchDetected",3
123456,"TwoPole",187,51,7,0.6,2,"TopSupport","multi-point",3,4,"two-point",2,"calibrated",6.346967559943582,0.016463661005638675,4,4,,,,"",
123456,"TwoPole",188,51,7,0.6,2,"TopSupport","multi-point",3,4,"one-point",1,"degenerate",,,,,1,4,1.0784094645174391,"SwitchDetected",3
123456,"TwoPole",189,51,7,0.6,2,"TopSupport","multi-point",3,3,"one-point",1,"degenerate",,,,,1,3,1.1305081783993518,"SwitchDetected",3
123456,"TwoPole",190,51,7,0.6,2,"TopSupport","multi-point",3,3,"one-point",1,"calibrated",1.3354436640617273,0.00752824726852675,3,3,,,,"",
123456,"TwoPole",191,51,7,0.6,2,"TopSupport","multi-point",3,4,"one-point",1,"calibrated",2.039891205802357,0.011314061703736875,3,4,,,,"",
123456,"TwoPole",192,51,7,0.6,2,"TopSupport","multi-point",3,4,"one-point",1,"calibrated",1.530612244897959,0.0067813576038967425,3,3,,,,"",
123456,"TwoPole",193,51,7,0.6,2,"TopSupport","multi-point",3,4,"one-point",1,"calibrated",1.4945200929923614,0.009750254931476837,3,4,,,,"",
123456,"TwoPole",194,51,7,0.6,2,"TopSupport","multi-point",3,5,"one-point",1,"degenerate",,,,,1,4,1.1365948114765967,"SwitchDetected",3
123456,"TwoPole",195,51,7,0.6,2,"TopSupport","multi-point",3,3,"one-point",1,"calibrated",1.7660910518053372,0.00774868859994207,3,3,,,,"",
123456,"TwoPole",196,51,7,0.6,2,"TopSupport","multi-point",3,4,"one-point",1,"degenerate",,,,,1,4,1.1011355796705264,"SwitchDetected",3
123456,"TwoPole",197,51,7,0.6,2,"TopSupport","multi-point",3,4,"one-point",1,"calibrated",1.4945200929923614,0.010597530978984818,3,4,,,,"",
123456,"TwoPole",198,51,7,0.6,2,"TopSupport","multi-point",3,4,"one-point",1,"calibrated",1.5393386545039909,0.011972360704939462,3,3,,,,"",
123456,"TwoPole",199,51,7,0.6,2,"TopSupport","multi-point",3,3,"one-point",1,"calibrated",1.446480231436837,0.01374148393664434,3,3,,,,"",
123456,"TwoPole",200,51,7,0.6,2,"TopSupport","multi-point",3,4,"one-point",1,"calibrated",1.4701078079059129,0.009751336570179467,3,4,,,,"",
123456,"TwoPole",1,51,7,0.6,3,"TopSupport","multi-point",3,5,"one-point",1,"degenerate",,,,,1,4,1.3674654398649895,"SwitchDetected",3
123456,"TwoPole",2,51,7,0.6,3,"TopSupport","multi-point",3,4,"one-point",1,"calibrated",1.5845070422535212,0.0035179127797203376,3,4,,,,"",
123456,"TwoPole",3,51,7,0.6,3,"TopSupport","multi-point",3,3,"one-point",1,"calibrated",20,0.0013008201516566923,3,3,,,,"",
123456,"TwoPole",4,51,7,0.6,3,"TopSupport","multi-point",3,4,"two-point",2,"degenerate",,,,,3,4,4.0564119545807635,"SwitchDetected",4
123456,"TwoPole",5,51,7,0.6,3,"TopSupport","multi-point",3,4,"one-point",1,"degenerate",,,,,1,3,1.2813569369750544,"SwitchDetected",4
123456,"TwoPole",6,51,7,0.6,3,"TopSupport","multi-point",3,4,"one-point",1,"calibrated",2.024595080983803,0.00968732849298891,3,4,,,,"",
123456,"TwoPole",7,51,7,0.6,3,"TopSupport","multi-point",3,4,"two-point",2,"calibrated",2.286198137171888,0.027175502319791968,4,4,,,,"",
123456,"TwoPole",8,51,7,0.6,3,"TopSupport","multi-point",3,4,"two-point",2,"calibrated",2.795609857113274,0.041187770185844054,4,4,,,,"",
123456,"TwoPole",9,51,7,0.6,3,"TopSupport","multi-point",3,4,"one-point",1,"calibrated",1.5028386953133697,0.010665360334345165,3,3,,,,"",
123456,"TwoPole",10,51,7,0.6,3,"TopSupport","multi-point",3,4,"one-point",1,"calibrated",1.4862930749752286,0.003966473552212719,3,3,,,,"",
123456,"TwoPole",11,51,7,0.6,3,"TopSupport","multi-point",3,5,"multi-point",3,"calibrated",2.824858757062147,0.08810626272080176,5,4,,,,"",
123456,"TwoPole",12,51,7,0.6,3,"TopSupport","multi-point",3,4,"one-point",1,"calibrated",1.3641875505254648,0.010280047228062552,3,4,,,,"",
123456,"TwoPole",13,51,7,0.6,3,"TopSupport","multi-point",3,3,"two-point",2,"calibrated",2.4141630901287554,0.020886459487238006,3,4,,,,"",
123456,"TwoPole",14,51,7,0.6,3,"TopSupport","multi-point",3,3,"one-point",1,"calibrated",1.446480231436837,0.005863391935223782,3,4,,,,"",
123456,"TwoPole",15,51,7,0.6,3,"TopSupport","multi-point",3,3,"one-point",1,"degenerate",,,,,1,4,1.5506942820987752,"SwitchDetected",4
123456,"TwoPole",16,51,7,0.6,3,"TopSupport","multi-point",3,4,"one-point",1,"calibrated",2.087198515769944,0.005491485045450749,4,4,,,,"",
123456,"TwoPole",17,51,7,0.6,3,"TopSupport","multi-point",3,4,"one-point",1,"degenerate",,,,,1,4,1.1994018364010477,"SwitchDetected",3
123456,"TwoPole",18,51,7,0.6,3,"TopSupport","multi-point",3,4,"one-point",1,"calibrated",1.3537906137184115,0.007953365363751165,3,4,,,,"",
123456,"TwoPole",19,51,7,0.6,3,"TopSupport","multi-point",3,5,"one-point",1,"calibrated",1.5112504197917833,0.00742486572665916,3,3,,,,"",
123456,"TwoPole",20,51,7,0.6,3,"TopSupport","multi-point",3,5,"one-point",1,"degenerate",,,,,1,4,1.369873321834112,"SwitchDetected",4
123456,"TwoPole",21,51,7,0.6,3,"TopSupport","multi-point",3,4,"one-point",1,"degenerate",,,,,1,4,1.371673608824791,"SwitchDetected",3
123456,"TwoPole",22,51,7,0.6,3,"TopSupport","multi-point",3,5,"one-point",1,"calibrated",1.8414950211430912,0.008949987539246713,3,4,,,,"",
123456,"TwoPole",23,51,7,0.6,3,"TopSupport","multi-point",3,3,"multi-point",3,"degenerate",,,,,3,3,,"NoSwitchDetected",
123456,"TwoPole",24,51,7,0.6,3,"TopSupport","multi-point",3,4,"one-point",1,"calibrated",1.879961008216126,0.0049468040365830525,4,4,,,,"",
123456,"TwoPole",25,51,7,0.6,3,"TopSupport","multi-point",3,4,"one-point",1,"calibrated",1.7182130584192439,0.010085518400663749,3,3,,,,"",
123456,"TwoPole",26,51,7,0.6,3,"TopSupport","multi-point",3,4,"one-point",1,"calibrated",2.267002518891687,0.016455744871436685,4,4,,,,"",
123456,"TwoPole",27,51,7,0.6,3,"TopSupport","multi-point",3,3,"two-point",2,"calibrated",1.879961008216126,0.019312786604964573,3,3,,,,"",
123456,"TwoPole",28,51,7,0.6,3,"TopSupport","multi-point",3,6,"one-point",1,"degenerate",,,,,1,4,1.1211552881163458,"SwitchDetected",3
123456,"TwoPole",29,51,7,0.6,3,"TopSupport","multi-point",3,4,"one-point",1,"calibrated",1.777719252041085,0.009044955554222708,3,4,,,,"",
123456,"TwoPole",30,51,7,0.6,3,"TopSupport","multi-point",3,5,"one-point",1,"degenerate",,,,,1,4,1.5618062865467461,"SwitchDetected",3
123456,"TwoPole",31,51,7,0.6,3,"TopSupport","multi-point",3,5,"two-point",2,"calibrated",1.236037355795642,0.07820467105064768,4,3,,,,"",
123456,"TwoPole",32,51,7,0.6,3,"TopSupport","multi-point",3,4,"one-point",1,"calibrated",2.795609857113274,0.03499150926694405,4,4,,,,"",
123456,"TwoPole",33,51,7,0.6,3,"TopSupport","multi-point",3,3,"two-point",2,"calibrated",2.286198137171888,0.04429807049702334,3,3,,,,"",
123456,"TwoPole",34,51,7,0.6,3,"TopSupport","multi-point",3,5,"one-point",1,"calibrated",1.5938606847697756,0.010569316507351174,3,4,,,,"",
123456,"TwoPole",35,51,7,0.6,3,"TopSupport","multi-point",3,5,"one-point",1,"degenerate",,,,,1,4,1.2210772966374166,"SwitchDetected",3
123456,"TwoPole",36,51,7,0.6,3,"TopSupport","multi-point",3,4,"one-point",1,"degenerate",,,,,1,4,1.0265932708452743,"SwitchDetected",4
123456,"TwoPole",37,51,7,0.6,3,"TopSupport","multi-point",3,5,"one-point",1,"degenerate",,,,,1,4,1.4786483147253837,"SwitchDetected",2
123456,"TwoPole",38,51,7,0.6,3,"TopSupport","multi-point",3,6,"one-point",1,"degenerate",,,,,1,4,1.460375157043364,"SwitchDetected",3
123456,"TwoPole",39,51,7,0.6,3,"TopSupport","multi-point",3,3,"one-point",1,"calibrated",4.387390315242119,0.01722898734500164,3,4,,,,"",
123456,"TwoPole",40,51,7,0.6,3,"TopSupport","multi-point",3,4,"one-point",1,"degenerate",,,,,1,4,1.4544595866810064,"SwitchDetected",3
123456,"TwoPole",41,51,7,0.6,3,"TopSupport","multi-point",3,4,"one-point",1,"calibrated",1.158997252747253,0.005673094729529436,3,3,,,,"",
123456,"TwoPole",42,51,7,0.6,3,"TopSupport","multi-point",3,5,"two-point",2,"calibrated",1.7210606833248343,0.020647648957641658,4,4,,,,"",
123456,"TwoPole",43,51,7,0.6,3,"TopSupport","multi-point",3,4,"one-point",1,"degenerate",,,,,1,4,1.4083338741516496,"SwitchDetected",2
123456,"TwoPole",44,51,7,0.6,3,"TopSupport","multi-point",3,4,"one-point",1,"calibrated",2.1933387489845653,0.016391808538349498,4,4,,,,"",
123456,"TwoPole",45,51,7,0.6,3,"TopSupport","multi-point",3,4,"one-point",1,"calibrated",1.4142049025769956,0.0014745583975744323,3,4,,,,"",
123456,"TwoPole",46,51,7,0.6,3,"TopSupport","multi-point",3,4,"one-point",1,"calibrated",1.4542712485187976,0.0017125079836393194,3,3,,,,"",
123456,"TwoPole",47,51,7,0.6,3,"TopSupport","multi-point",3,4,"one-point",1,"calibrated",1.5393386545039909,0.004742253435677289,3,3,,,,"",
123456,"TwoPole",48,51,7,0.6,3,"TopSupport","multi-point",3,5,"one-point",1,"calibrated",1.7660910518053372,0.01560174811870393,3,4,,,,"",
123456,"TwoPole",49,51,7,0.6,3,"TopSupport","multi-point",3,4,"two-point",2,"calibrated",1.6860247283626826,0.014076308636137866,3,3,,,,"",
123456,"TwoPole",50,51,7,0.6,3,"TopSupport","multi-point",3,4,"one-point",1,"degenerate",,,,,1,4,1.3403283902724752,"SwitchDetected",3
123456,"TwoPole",51,51,7,0.6,3,"TopSupport","multi-point",3,5,"one-point",1,"calibrated",2.5037091988130564,0.014714222400110595,3,3,,,,"",
123456,"TwoPole",52,51,7,0.6,3,"TopSupport","multi-point",3,3,"one-point",1,"calibrated",2.1933387489845653,0.015092200840951536,3,4,,,,"",
123456,"TwoPole",53,51,7,0.6,3,"TopSupport","multi-point",3,3,"one-point",1,"degenerate",,,,,1,3,1.1100534226760121,"SwitchDetected",3
123456,"TwoPole",54,51,7,0.6,3,"TopSupport","multi-point",3,5,"one-point",1,"calibrated",1.4621466478934257,0.003415349583178871,3,3,,,,"",
123456,"TwoPole",55,51,7,0.6,3,"TopSupport","multi-point",3,4,"one-point",1,"calibrated",1.6349763836744577,0.006709653417952563,3,4,,,,"",
123456,"TwoPole",56,51,7,0.6,3,"TopSupport","multi-point",3,5,"one-point",1,"calibrated",1.530612244897959,0.006263057645292614,3,3,,,,"",
123456,"TwoPole",57,51,7,0.6,3,"TopSupport","multi-point",3,5,"one-point",1,"degenerate",,,,,1,4,1.2711503604301693,"SwitchDetected",3
123456,"TwoPole",58,51,7,0.6,3,"TopSupport","multi-point",3,3,"one-point",1,"calibrated",2.5510204081632653,0.0246868920373921,3,4,,,,"",
123456,"TwoPole",59,51,7,0.6,3,"TopSupport","multi-point",3,5,"one-point",1,"calibrated",1.5938606847697756,0.002398841483025398,3,4,,,,"",
123456,"TwoPole",60,51,7,0.6,3,"TopSupport","multi-point",3,4,"one-point",1,"calibrated",2.4747937671860676,0.014275091593170301,3,3,,,,"",
123456,"TwoPole",61,51,7,0.6,3,"TopSupport","multi-point",3,5,"one-point",1,"degenerate",,,,,1,4,1.3776674754352827,"SwitchDetected",3
123456,"TwoPole",62,51,7,0.6,3,"TopSupport","multi-point",3,4,"one-point",1,"degenerate",,,,,1,4,1.2800295006798985,"SwitchDetected",4
123456,"TwoPole",63,51,7,0.6,3,"TopSupport","multi-point",3,4,"one-point",1,"calibrated",1.9338203695745597,0.016731469623799382,3,4,,,,"",
123456,"TwoPole",64,51,7,0.6,3,"TopSupport","multi-point",3,3,"two-point",2,"calibrated",2.1887159533073928,0.01645602391148071,3,3,,,,"",
123456,"TwoPole",65,51,7,0.6,3,"TopSupport","multi-point",3,5,"one-point",1,"calibrated",1.3623978201634879,0.0006192820240638768,3,3,,,,"",
123456,"TwoPole",66,51,7,0.6,3,"TopSupport","multi-point",3,4,"one-point",1,"calibrated",3.3308660251665434,0.01265315736266891,4,4,,,,"",
123456,"TwoPole",67,51,7,0.6,3,"TopSupport","multi-point",3,3,"one-point",1,"calibrated",1.548165137614679,0.012287762230859024,3,3,,,,"",
123456,"TwoPole",68,51,7,0.6,3,"TopSupport","multi-point",3,5,"one-point",1,"degenerate",,,,,1,4,1.5510950632688494,"SwitchDetected",3
123456,"TwoPole",69,51,7,0.6,3,"TopSupport","multi-point",3,3,"one-point",1,"degenerate",,,,,1,4,1.1586397298015942,"SwitchDetected",3
123456,"TwoPole",70,51,7,0.6,3,"TopSupport","multi-point",3,5,"one-point",1,"degenerate",,,,,1,4,1.2637701795669791,"SwitchDetected",4
123456,"TwoPole",71,51,7,0.6,3,"TopSupport","multi-point",3,4,"one-point",1,"degenerate",,,,,1,4,1.3410450517553436,"SwitchDetected",4
123456,"TwoPole",72,51,7,0.6,3,"TopSupport","multi-point",3,4,"one-point",1,"calibrated",1.289152024446142,0.004185895265531621,3,4,,,,"",
123456,"TwoPole",73,51,7,0.6,3,"TopSupport","multi-point",3,6,"one-point",1,"calibrated",2.5271433919880195,0.011255015202495472,4,4,,,,"",
123456,"TwoPole",74,51,7,0.6,3,"TopSupport","multi-point",3,4,"two-point",2,"calibrated",2.158273381294964,0.023398511159368238,3,4,,,,"",
123456,"TwoPole",75,51,7,0.6,3,"TopSupport","multi-point",3,4,"one-point",1,"calibrated",2.1367521367521367,0.00847460428124731,4,4,,,,"",
123456,"TwoPole",76,51,7,0.6,3,"TopSupport","multi-point",3,5,"one-point",1,"calibrated",1.629844259326331,0.004809391839580074,4,4,,,,"",
123456,"TwoPole",77,51,7,0.6,3,"TopSupport","multi-point",3,4,"one-point",1,"calibrated",1.4621466478934257,0.009539159024469713,3,4,,,,"",
123456,"TwoPole",78,51,7,0.6,3,"TopSupport","multi-point",3,6,"one-point",1,"degenerate",,,,,1,4,1.3742761490658484,"SwitchDetected",4
123456,"TwoPole",79,51,7,0.6,3,"TopSupport","multi-point",3,5,"one-point",1,"degenerate",,,,,1,4,1.2588094669632621,"SwitchDetected",4
123456,"TwoPole",80,51,7,0.6,3,"TopSupport","multi-point",3,4,"one-point",1,"degenerate",,,,,1,4,1.2779171448098752,"SwitchDetected",2
123456,"TwoPole",81,51,7,0.6,3,"TopSupport","multi-point",3,4,"one-point",1,"calibrated",1.6449372486901424,0.004319365384467923,4,4,,,,"",
123456,"TwoPole",82,51,7,0.6,3,"TopSupport","multi-point",3,4,"one-point",1,"calibrated",3.5498290823034444,0.006331976187369859,3,4,,,,"",
123456,"TwoPole",83,51,7,0.6,3,"TopSupport","multi-point",3,4,"one-point",1,"calibrated",4.861361181130716,0.005156610679717975,4,4,,,,"",
123456,"TwoPole",84,51,7,0.6,3,"TopSupport","multi-point",3,4,"one-point",1,"degenerate",,,,,1,4,1.1650742953528048,"SwitchDetected",3
123456,"TwoPole",85,51,7,0.6,3,"TopSupport","multi-point",3,4,"two-point",2,"calibrated",1.6755616234330397,0.026104583891282906,3,4,,,,"",
123456,"TwoPole",86,51,7,0.6,3,"TopSupport","multi-point",3,4,"one-point",1,"degenerate",,,,,1,4,1.3239809936322204,"SwitchDetected",3
123456,"TwoPole",87,51,7,0.6,3,"TopSupport","multi-point",3,3,"one-point",1,"degenerate",,,,,1,4,1.6571108529180105,"SwitchDetected",3
123456,"TwoPole",88,51,7,0.6,3,"TopSupport","multi-point",3,5,"one-point",1,"degenerate",,,,,1,3,1.3538700031937914,"SwitchDetected",3
123456,"TwoPole",89,51,7,0.6,3,"TopSupport","multi-point",3,4,"one-point",1,"calibrated",1.6251354279523291,0.009896325292913467,3,3,,,,"",
123456,"TwoPole",90,51,7,0.6,3,"TopSupport","multi-point",3,3,"one-point",1,"degenerate",,,,,1,3,1.1522442442731071,"SwitchDetected",3
123456,"TwoPole",91,51,7,0.6,3,"TopSupport","multi-point",3,4,"one-point",1,"degenerate",,,,,1,4,1.2948242199462519,"SwitchDetected",4
123456,"TwoPole",92,51,7,0.6,3,"TopSupport","multi-point",3,5,"one-point",1,"degenerate",,,,,1,4,1.3965476275461008,"SwitchDetected",3
123456,"TwoPole",93,51,7,0.6,3,"TopSupport","multi-point",3,4,"one-point",1,"calibrated",1.7660910518053372,0.007966835624634409,3,3,,,,"",
123456,"TwoPole",94,51,7,0.6,3,"TopSupport","multi-point",3,3,"one-point",1,"degenerate",,,,,1,3,1.0875595277705543,"SwitchDetected",3
123456,"TwoPole",95,51,7,0.6,3,"TopSupport","multi-point",3,4,"one-point",1,"degenerate",,,,,1,4,1.4571712476384,"SwitchDetected",3
123456,"TwoPole",96,51,7,0.6,3,"TopSupport","multi-point",3,5,"one-point",1,"degenerate",,,,,1,4,1.2194999410123473,"SwitchDetected",4
123456,"TwoPole",97,51,7,0.6,3,"TopSupport","multi-point",3,5,"one-point",1,"degenerate",,,,,1,4,1.3267825603890948,"SwitchDetected",3
123456,"TwoPole",98,51,7,0.6,3,"TopSupport","multi-point",3,5,"one-point",1,"degenerate",,,,,1,4,1.3410343496814185,"SwitchDetected",2
123456,"TwoPole",99,51,7,0.6,3,"TopSupport","multi-point",3,4,"two-point",2,"calibrated",1.5752625437572931,0.1341483196398207,3,4,,,,"",
123456,"TwoPole",100,51,7,0.6,3,"TopSupport","multi-point",3,5,"two-point",2,"calibrated",1.838235294117647,0.022772332032581905,3,4,,,,"",
123456,"TwoPole",101,51,7,0.6,3,"TopSupport","multi-point",3,4,"two-point",2,"calibrated",1.9619241389332946,0.02520130247884465,3,4,,,,"",
123456,"TwoPole",102,51,7,0.6,3,"TopSupport","multi-point",3,4,"one-point",1,"calibrated",2.435943702634428,0.009559466952299115,4,4,,,,"",
123456,"TwoPole",103,51,7,0.6,3,"TopSupport","multi-point",3,4,"one-point",1,"degenerate",,,,,1,4,1.5353499951856322,"SwitchDetected",3
123456,"TwoPole",104,51,7,0.6,3,"TopSupport","multi-point",3,5,"one-point",1,"calibrated",1.519756838905775,0.0004096243167563831,3,4,,,,"",
123456,"TwoPole",105,51,7,0.6,3,"TopSupport","multi-point",3,3,"two-point",2,"calibrated",1.6129032258064517,0.027718119237676867,3,4,,,,"",
123456,"TwoPole",106,51,7,0.6,3,"TopSupport","multi-point",3,4,"two-point",2,"calibrated",1.7182130584192439,0.017234796087552455,3,4,,,,"",
123456,"TwoPole",107,51,7,0.6,3,"TopSupport","multi-point",3,5,"one-point",1,"calibrated",2.1367521367521367,0.002536522304086087,3,3,,,,"",
123456,"TwoPole",108,51,7,0.6,3,"TopSupport","multi-point",3,4,"two-point",2,"calibrated",2.229562345169281,0.02413068581489165,4,4,,,,"",
123456,"TwoPole",109,51,7,0.6,3,"TopSupport","multi-point",3,5,"one-point",1,"calibrated",2.1034590215020255,0.0077256276527271,4,5,,,,"",
123456,"TwoPole",110,51,7,0.6,3,"TopSupport","multi-point",3,4,"one-point",1,"calibrated",1.7073479195649424,0.0133180254091425,3,4,,,,"",
123456,"TwoPole",111,51,7,0.6,3,"TopSupport","multi-point",3,5,"one-point",1,"degenerate",,,,,1,4,1.19674532603531,"SwitchDetected",3
123456,"TwoPole",112,51,7,0.6,3,"TopSupport","multi-point",3,5,"one-point",1,"degenerate",,,,,1,4,1.3809053425798254,"SwitchDetected",3
123456,"TwoPole",113,51,7,0.6,3,"TopSupport","multi-point",3,4,"one-point",1,"calibrated",1.4621466478934257,0.005976744829607808,3,4,,,,"",
123456,"TwoPole",114,51,7,0.6,3,"TopSupport","multi-point",3,4,"one-point",1,"degenerate",,,,,1,4,1.2692397227721393,"SwitchDetected",3
123456,"TwoPole",115,51,7,0.6,3,"TopSupport","multi-point",3,5,"one-point",1,"degenerate",,,,,1,4,1.4940828065119907,"SwitchDetected",4
123456,"TwoPole",116,51,7,0.6,3,"TopSupport","multi-point",3,5,"two-point",2,"calibrated",1.6251354279523291,0.01610055946243865,3,5,,,,"",
123456,"TwoPole",117,51,7,0.6,3,"TopSupport","multi-point",3,5,"one-point",1,"degenerate",,,,,1,4,1.3419017714634975,"SwitchDetected",3
123456,"TwoPole",118,51,7,0.6,3,"TopSupport","multi-point",3,4,"one-point",1,"degenerate",,,,,1,4,1.2063677426219135,"SwitchDetected",3
123456,"TwoPole",119,51,7,0.6,3,"TopSupport","multi-point",3,4,"one-point",1,"calibrated",2.071187480822338,0.01640326361063243,3,4,,,,"",
123456,"TwoPole",120,51,7,0.6,3,"TopSupport","multi-point",3,5,"one-point",1,"calibrated",3.0920751259734307,0.021856215378718027,5,4,,,,"",
123456,"TwoPole",121,51,7,0.6,3,"TopSupport","multi-point",3,5,"one-point",1,"calibrated",1.5570934256055362,0.0033982472889206093,3,3,,,,"",
123456,"TwoPole",122,51,7,0.6,3,"TopSupport","multi-point",3,5,"one-point",1,"calibrated",2.3927685218007797,0.0021270487721258605,4,4,,,,"",
123456,"TwoPole",123,51,7,0.6,3,"TopSupport","multi-point",3,4,"one-point",1,"degenerate",,,,,1,4,1.3160177610990804,"SwitchDetected",3
123456,"TwoPole",124,51,7,0.6,3,"TopSupport","multi-point",3,4,"one-point",1,"calibrated",1.548165137614679,0.004748575067228684,3,3,,,,"",
123456,"TwoPole",125,51,7,0.6,3,"TopSupport","multi-point",3,4,"two-point",2,"calibrated",1.369307231970788,0.012491235809393403,3,3,,,,"",
123456,"TwoPole",126,51,7,0.6,3,"TopSupport","multi-point",3,4,"one-point",1,"degenerate",,,,,1,4,1.0308821044995071,"SwitchDetected",3
123456,"TwoPole",127,51,7,0.6,3,"TopSupport","multi-point",3,4,"one-point",1,"calibrated",1.854140914709518,0.017152309007091898,3,3,,,,"",
123456,"TwoPole",128,51,7,0.6,3,"TopSupport","multi-point",3,5,"one-point",1,"calibrated",1.4781561370852951,0.0029696369099189053,3,4,,,,"",
123456,"TwoPole",129,51,7,0.6,3,"TopSupport","multi-point",3,4,"two-point",2,"calibrated",1.6449372486901424,0.021936996950437444,3,3,,,,"",
123456,"TwoPole",130,51,7,0.6,3,"TopSupport","multi-point",3,4,"two-point",2,"calibrated",1.7432851239669418,0.022283461969236598,3,4,,,,"",
123456,"TwoPole",131,51,7,0.6,3,"TopSupport","multi-point",3,3,"one-point",1,"degenerate",,,,,1,4,1.5733143454982552,"SwitchDetected",4
123456,"TwoPole",132,51,7,0.6,3,"TopSupport","multi-point",3,4,"one-point",1,"calibrated",1.5570934256055362,0.012500049168598603,3,3,,,,"",
123456,"TwoPole",133,51,7,0.6,3,"TopSupport","multi-point",3,4,"one-point",1,"calibrated",2.9893711248892822,0.008777167094221258,4,4,,,,"",
123456,"TwoPole",134,51,7,0.6,3,"TopSupport","multi-point",3,4,"two-point",2,"calibrated",2.435943702634428,0.04266734831102744,3,3,,,,"",
123456,"TwoPole",135,51,7,0.6,3,"TopSupport","multi-point",3,4,"one-point",1,"degenerate",,,,,1,4,1.0910336168407007,"SwitchDetected",3
123456,"TwoPole",136,51,7,0.6,3,"TopSupport","multi-point",3,4,"two-point",2,"calibrated",1.3223626212165736,0.018338183734094324,3,3,,,,"",
123456,"TwoPole",137,51,7,0.6,3,"TopSupport","multi-point",3,6,"one-point",1,"degenerate",,,,,1,3,1.3532485419271445,"SwitchDetected",3
123456,"TwoPole",138,51,7,0.6,3,"TopSupport","multi-point",3,3,"one-point",1,"calibrated",1.530612244897959,0.0021752255480617434,3,4,,,,"",
123456,"TwoPole",139,51,7,0.6,3,"TopSupport","multi-point",3,5,"one-point",1,"degenerate",,,,,1,4,1.6673378997536492,"SwitchDetected",3
123456,"TwoPole",140,51,7,0.6,3,"TopSupport","multi-point",3,3,"one-point",1,"degenerate",,,,,1,4,1.0885246816527052,"SwitchDetected",4
123456,"TwoPole",141,51,7,0.6,3,"TopSupport","multi-point",3,4,"one-point",1,"calibrated",1.3923267326732671,0.0023428405659054875,3,3,,,,"",
123456,"TwoPole",142,51,7,0.6,3,"TopSupport","multi-point",3,3,"two-point",2,"degenerate",,,,,3,3,,"NoSwitchDetected",
123456,"TwoPole",143,51,7,0.6,3,"TopSupport","multi-point",3,4,"two-point",2,"calibrated",2.7113878288813016,0.019473077505915537,4,4,,,,"",
123456,"TwoPole",144,51,7,0.6,3,"TopSupport","multi-point",3,4,"one-point",1,"degenerate",,,,,1,4,1.3698844891559523,"SwitchDetected",3
123456,"TwoPole",145,51,7,0.6,3,"TopSupport","multi-point",3,5,"two-point",2,"calibrated",2.7669604427136707,0.02430555933502742,4,4,,,,"",
123456,"TwoPole",146,51,7,0.6,3,"TopSupport","multi-point",3,3,"two-point",2,"calibrated",3.3202164289227745,0.032416960582219434,3,4,,,,"",
123456,"TwoPole",147,51,7,0.6,3,"TopSupport","multi-point",3,4,"one-point",1,"calibrated",1.6033254156769599,0.004545728457528053,3,4,,,,"",
123456,"TwoPole",148,51,7,0.6,3,"TopSupport","multi-point",3,3,"one-point",1,"degenerate",,,,,1,4,1.3176275305662404,"SwitchDetected",3
123456,"TwoPole",149,51,7,0.6,3,"TopSupport","multi-point",3,4,"one-point",1,"degenerate",,,,,1,4,1.2353321274569606,"SwitchDetected",3
123456,"TwoPole",150,51,7,0.6,3,"TopSupport","multi-point",3,5,"one-point",1,"degenerate",,,,,1,4,1.1663519839427277,"SwitchDetected",3
123456,"TwoPole",151,51,7,0.6,3,"TopSupport","multi-point",3,4,"two-point",2,"calibrated",1.6251354279523291,0.13480268695797631,3,4,,,,"",
123456,"TwoPole",152,51,7,0.6,3,"TopSupport","multi-point",3,5,"one-point",1,"calibrated",1.7546139849233169,0.01450843555534669,3,4,,,,"",
123456,"TwoPole",153,51,7,0.6,3,"TopSupport","multi-point",3,4,"one-point",1,"degenerate",,,,,1,5,1.1797814804767013,"SwitchDetected",3
123456,"TwoPole",154,51,7,0.6,3,"TopSupport","multi-point",3,4,"one-point",1,"calibrated",1.8669616927119346,0.0031160556982909498,3,4,,,,"",
123456,"TwoPole",155,51,7,0.6,3,"TopSupport","multi-point",3,5,"one-point",1,"calibrated",1.5570934256055362,0.006813825380710501,3,4,,,,"",
123456,"TwoPole",156,51,7,0.6,3,"TopSupport","multi-point",3,4,"two-point",2,"calibrated",2.1933387489845653,0.0361095915155042,3,3,,,,"",
123456,"TwoPole",157,51,7,0.6,3,"TopSupport","multi-point",3,3,"one-point",1,"degenerate",,,,,2,4,2.8028314002994605,"SwitchDetected",3
123456,"TwoPole",158,51,7,0.6,3,"TopSupport","multi-point",3,4,"one-point",1,"degenerate",,,,,1,4,1.4416694292651238,"SwitchDetected",3
123456,"TwoPole",159,51,7,0.6,3,"TopSupport","multi-point",3,4,"one-point",1,"calibrated",2.9482419742301818,0.02387931948238405,3,4,,,,"",
123456,"TwoPole",160,51,7,0.6,3,"TopSupport","multi-point",3,5,"one-point",1,"degenerate",,,,,1,4,1.403968498970953,"SwitchDetected",3
123456,"TwoPole",161,51,7,0.6,3,"TopSupport","multi-point",3,3,"one-point",1,"calibrated",1.976284584980237,0.020159914732091458,3,4,,,,"",
123456,"TwoPole",162,51,7,0.6,3,"TopSupport","multi-point",3,4,"one-point",1,"degenerate",,,,,1,4,1.2931303240797378,"SwitchDetected",3
123456,"TwoPole",163,51,7,0.6,3,"TopSupport","multi-point",3,4,"two-point",2,"calibrated",2.435943702634428,0.030739803172589484,4,4,,,,"",
123456,"TwoPole",164,51,7,0.6,3,"TopSupport","multi-point",3,4,"one-point",1,"calibrated",1.2769580022701477,0.006744828963731657,3,4,,,,"",
123456,"TwoPole",165,51,7,0.6,3,"TopSupport","multi-point",3,4,"two-point",2,"calibrated",4.861361181130716,0.02265456958743967,4,4,,,,"",
123456,"TwoPole",166,51,7,0.6,3,"TopSupport","multi-point",3,4,"two-point",2,"calibrated",2.704326923076923,0.042990644792451016,3,4,,,,"",
123456,"TwoPole",167,51,7,0.6,3,"TopSupport","multi-point",3,5,"one-point",1,"degenerate",,,,,1,4,1.2035510043671331,"SwitchDetected",3
123456,"TwoPole",168,51,7,0.6,3,"TopSupport","multi-point",3,3,"one-point",1,"degenerate",,,,,1,3,1.1891067256671852,"SwitchDetected",3
123456,"TwoPole",169,51,7,0.6,3,"TopSupport","multi-point",3,5,"one-point",1,"calibrated",1.6966193288927987,0.008003996581134815,3,3,,,,"",
123456,"TwoPole",170,51,7,0.6,3,"TopSupport","multi-point",3,4,"two-point",2,"calibrated",2.7388922702373706,0.08145392261478655,3,4,,,,"",
123456,"TwoPole",171,51,7,0.6,3,"TopSupport","multi-point",3,5,"two-point",2,"calibrated",1.0235414534288638,0.07542465567668882,3,3,,,,"",
123456,"TwoPole",172,51,7,0.6,3,"TopSupport","multi-point",3,4,"one-point",1,"degenerate",,,,,1,4,1.3040586078195364,"SwitchDetected",2
123456,"TwoPole",173,51,7,0.6,3,"TopSupport","multi-point",3,4,"one-point",1,"calibrated",1.2830260406766774,0.0002405980154430474,3,3,,,,"",
123456,"TwoPole",174,51,7,0.6,3,"TopSupport","multi-point",3,5,"multi-point",3,"calibrated",1.9800528014080374,0.10942118464825534,4,3,,,,"",
123456,"TwoPole",175,51,7,0.6,3,"TopSupport","multi-point",3,5,"one-point",1,"degenerate",,,,,1,4,1.4307570856707723,"SwitchDetected",2
123456,"TwoPole",176,51,7,0.6,3,"TopSupport","multi-point",3,5,"one-point",1,"degenerate",,,,,1,4,1.360204229883149,"SwitchDetected",4
123456,"TwoPole",177,51,7,0.6,3,"TopSupport","multi-point",3,4,"one-point",1,"calibrated",1.4291763709506669,0.003537916554537427,3,4,,,,"",
123456,"TwoPole",178,51,7,0.6,3,"TopSupport","multi-point",3,5,"one-point",1,"calibrated",1.9477708844322608,0.011002250684908937,3,4,,,,"",
123456,"TwoPole",179,51,7,0.6,3,"TopSupport","multi-point",3,4,"one-point",1,"degenerate",,,,,1,3,1.2879072980299946,"SwitchDetected",3
123456,"TwoPole",180,51,7,0.6,3,"TopSupport","multi-point",3,4,"one-point",1,"calibrated",1.264992503748126,0.0061007626005956505,3,3,,,,"",
123456,"TwoPole",181,51,7,0.6,3,"TopSupport","two-point",2,2,"one-point",1,"degenerate",,,,,2,4,1.2470297037238876,"SwitchDetected",3
123456,"TwoPole",182,51,7,0.6,3,"TopSupport","multi-point",3,5,"one-point",1,"degenerate",,,,,1,4,1.33720331158596,"SwitchDetected",4
123456,"TwoPole",183,51,7,0.6,3,"TopSupport","multi-point",3,4,"one-point",1,"calibrated",1.801441152922338,0.005141258865861827,3,4,,,,"",
123456,"TwoPole",184,51,7,0.6,3,"TopSupport","multi-point",3,4,"one-point",1,"degenerate",,,,,1,4,1.0616356472160902,"SwitchDetected",4
123456,"TwoPole",185,51,7,0.6,3,"TopSupport","multi-point",3,4,"one-point",1,"calibrated",1.2769580022701477,0.0014260499606849925,3,4,,,,"",
123456,"TwoPole",186,51,7,0.6,3,"TopSupport","multi-point",3,5,"one-point",1,"degenerate",,,,,1,4,1.3500304568486092,"SwitchDetected",2
123456,"TwoPole",187,51,7,0.6,3,"TopSupport","multi-point",3,5,"two-point",2,"calibrated",1.519756838905775,0.016417230858452984,3,4,,,,"",
123456,"TwoPole",188,51,7,0.6,3,"TopSupport","multi-point",3,5,"one-point",1,"degenerate",,,,,1,4,1.5450623944836446,"SwitchDetected",4
123456,"TwoPole",189,51,7,0.6,3,"TopSupport","multi-point",3,3,"one-point",1,"calibrated",1.976284584980237,0.0001787688380881274,3,4,,,,"",
123456,"TwoPole",190,51,7,0.6,3,"TopSupport","multi-point",3,4,"one-point",1,"degenerate",,,,,1,4,1.4946276555833817,"SwitchDetected",4
123456,"TwoPole",191,51,7,0.6,3,"TopSupport","multi-point",3,4,"one-point",1,"calibrated",1.8931426167437946,0.01768026558620739,3,4,,,,"",
123456,"TwoPole",192,51,7,0.6,3,"TopSupport","multi-point",3,4,"two-point",2,"calibrated",1.7660910518053372,0.02476587754307495,3,4,,,,"",
123456,"TwoPole",193,51,7,0.6,3,"TopSupport","multi-point",3,5,"one-point",1,"degenerate",,,,,1,4,1.2198186279199539,"SwitchDetected",3
123456,"TwoPole",194,51,7,0.6,3,"TopSupport","multi-point",3,4,"two-point",2,"calibrated",4.166666666666666,0.000842300830514035,4,4,,,,"",
123456,"TwoPole",195,51,7,0.6,3,"TopSupport","multi-point",3,4,"one-point",1,"calibrated",1.342081717864599,0.007841644915294349,3,4,,,,"",
123456,"TwoPole",196,51,7,0.6,3,"TopSupport","multi-point",3,6,"one-point",1,"degenerate",,,,,1,4,1.2219830150029294,"SwitchDetected",3
123456,"TwoPole",197,51,7,0.6,3,"TopSupport","multi-point",3,5,"one-point",1,"calibrated",1.879961008216126,0.0025374895683481576,3,3,,,,"",
123456,"TwoPole",198,51,7,0.6,3,"TopSupport","multi-point",3,4,"two-point",2,"calibrated",2.119974874371859,0.037034563599135616,3,3,,,,"",
123456,"TwoPole",199,51,7,0.6,3,"TopSupport","multi-point",3,4,"two-point",2,"calibrated",1.3555577869263984,0.013498725436844983,3,3,,,,"",
123456,"TwoPole",200,51,7,0.6,3,"TopSupport","multi-point",3,5,"two-point",2,"calibrated",1.879961008216126,0.0027307223724414667,3,3,,,,"",
123456,"TwoPole",1,51,7,0.7,1,"TopSupport","multi-point",3,3,"one-point",1,"calibrated",1.854140914709518,0.008422930715870016,3,3,,,,"",
123456,"TwoPole",2,51,7,0.7,1,"TopSupport","multi-point",3,3,"one-point",1,"degenerate",,,,,1,4,1.3959211650454832,"SwitchDetected",2
123456,"TwoPole",3,51,7,0.7,1,"TopSupport","multi-point",3,3,"one-point",1,"degenerate",,,,,1,4,1.5267292941882205,"SwitchDetected",3
123456,"TwoPole",4,51,7,0.7,1,"TopSupport","multi-point",3,3,"one-point",1,"calibrated",1.6129032258064517,0.0037794746420007244,3,3,,,,"",
123456,"TwoPole",5,51,7,0.7,1,"TopSupport","multi-point",3,3,"one-point",1,"degenerate",,,,,1,4,1.4410018410504783,"SwitchDetected",2
123456,"TwoPole",6,51,7,0.7,1,"TopSupport","multi-point",3,3,"one-point",1,"calibrated",1.6755616234330397,0.005730297100991214,3,3,,,,"",
123456,"TwoPole",7,51,7,0.7,1,"TopSupport","multi-point",3,3,"one-point",1,"degenerate",,,,,1,4,1.5342845978999575,"SwitchDetected",2
123456,"TwoPole",8,51,7,0.7,1,"TopSupport","multi-point",3,3,"one-point",1,"degenerate",,,,,1,4,1.4576136380822913,"SwitchDetected",2
123456,"TwoPole",9,51,7,0.7,1,"TopSupport","multi-point",3,3,"one-point",1,"calibrated",1.7432851239669418,0.004529290454741741,3,3,,,,"",
123456,"TwoPole",10,51,7,0.7,1,"TopSupport","multi-point",3,3,"one-point",1,"calibrated",1.6652275811027506,0.0020762496757775703,3,3,,,,"",
123456,"TwoPole",11,51,7,0.7,1,"TopSupport","multi-point",3,3,"one-point",1,"calibrated",2.862595419847328,0.019037060025083784,3,4,,,,"",
123456,"TwoPole",12,51,7,0.7,1,"TopSupport","multi-point",3,3,"one-point",1,"calibrated",2.039891205802357,0.010617534987887336,3,3,,,,"",
123456,"TwoPole",13,51,7,0.7,1,"TopSupport","multi-point",3,3,"one-point",1,"calibrated",2.3510971786833856,0.008712092257947545,3,3,,,,"",
123456,"TwoPole",14,51,7,0.7,1,"TopSupport","multi-point",3,3,"one-point",1,"calibrated",1.7660910518053372,0.00387591966141256,3,3,,,,"",
123456,"TwoPole",15,51,7,0.7,1,"TopSupport","multi-point",3,3,"one-point",1,"calibrated",2.039891205802357,0.0033482833240258514,3,3,,,,"",
123456,"TwoPole",16,51,7,0.7,1,"TopSupport","multi-point",3,3,"one-point",1,"calibrated",2.229562345169281,0.004261641182307587,3,3,,,,"",
123456,"TwoPole",17,51,7,0.7,1,"TopSupport","multi-point",3,3,"one-point",1,"calibrated",1.6349763836744577,0.005577720248296312,3,3,,,,"",
123456,"TwoPole",18,51,7,0.7,1,"TopSupport","multi-point",3,3,"one-point",1,"degenerate",,,,,1,4,1.6950550978259606,"SwitchDetected",3
123456,"TwoPole",19,51,7,0.7,1,"TopSupport","multi-point",3,4,"one-point",1,"degenerate",,,,,1,4,1.4819605404488663,"SwitchDetected",2
123456,"TwoPole",20,51,7,0.7,1,"TopSupport","multi-point",3,3,"one-point",1,"calibrated",1.9065103798898462,0.0070954362062934815,3,3,,,,"",
123456,"TwoPole",21,51,7,0.7,1,"TopSupport","multi-point",3,3,"one-point",1,"calibrated",1.9065103798898462,0.0043945037482740375,3,3,,,,"",
123456,"TwoPole",22,51,7,0.7,1,"TopSupport","multi-point",3,3,"one-point",1,"calibrated",1.6966193288927987,0.004824582777881473,3,3,,,,"",
123456,"TwoPole",23,51,7,0.7,1,"TopSupport","multi-point",3,3,"one-point",1,"calibrated",2.267002518891687,0.016671064679133783,3,3,,,,"",
123456,"TwoPole",24,51,7,0.7,1,"TopSupport","multi-point",3,3,"one-point",1,"calibrated",1.7321016166281755,0.0038122167874993563,3,3,,,,"",
123456,"TwoPole",25,51,7,0.7,1,"TopSupport","multi-point",3,3,"one-point",1,"calibrated",1.8931426167437946,0.0032751602948541993,3,3,,,,"",
123456,"TwoPole",26,51,7,0.7,1,"TopSupport","multi-point",3,3,"one-point",1,"calibrated",1.4701078079059129,0.0030958844619332297,3,3,,,,"",
123456,"TwoPole",27,51,7,0.7,1,"TopSupport","multi-point",3,3,"one-point",1,"degenerate",,,,,1,4,1.365454232926874,"SwitchDetected",2
123456,"TwoPole",28,51,7,0.7,1,"TopSupport","multi-point",3,3,"one-point",1,"degenerate",,,,,1,4,1.5140873705300046,"SwitchDetected",2
123456,"TwoPole",29,51,7,0.7,1,"TopSupport","multi-point",3,3,"one-point",1,"degenerate",,,,,1,4,1.5849633566706869,"SwitchDetected",3
123456,"TwoPole",30,51,7,0.7,1,"TopSupport","multi-point",3,3,"one-point",1,"degenerate",,,,,1,4,1.5592556895250118,"SwitchDetected",3
123456,"TwoPole",31,51,7,0.7,1,"TopSupport","multi-point",3,3,"one-point",1,"calibrated",2.087198515769944,0.012102225771319601,3,3,,,,"",
123456,"TwoPole",32,51,7,0.7,1,"TopSupport","multi-point",3,3,"one-point",1,"degenerate",,,,,1,4,1.5428210771544726,"SwitchDetected",3
123456,"TwoPole",33,51,7,0.7,1,"TopSupport","multi-point",3,3,"one-point",1,"calibrated",1.9065103798898462,0.002701287320200775,3,3,,,,"",
123456,"TwoPole",34,51,7,0.7,1,"TopSupport","multi-point",3,3,"one-point",1,"degenerate",,,,,1,4,1.4351928398033005,"SwitchDetected",3
123456,"TwoPole",35,51,7,0.7,1,"TopSupport","multi-point",3,3,"one-point",1,"calibrated",1.6129032258064517,0.006134039136320387,3,3,,,,"",
123456,"TwoPole",36,51,7,0.7,1,"TopSupport","multi-point",3,3,"one-point",1,"calibrated",1.8931426167437946,0.004978151397719281,3,3,,,,"",
123456,"TwoPole",37,51,7,0.7,1,"TopSupport","multi-point",3,3,"one-point",1,"degenerate",,,,,1,4,1.530358238705622,"SwitchDetected",3
123456,"TwoPole",38,51,7,0.7,1,"TopSupport","multi-point",3,3,"one-point",1,"calibrated",1.9065103798898462,0.005799340189536906,3,3,,,,"",
123456,"TwoPole",39,51,7,0.7,1,"TopSupport","multi-point",3,4,"one-point",1,"degenerate",,,,,1,4,1.6127083465088543,"SwitchDetected",2
123456,"TwoPole",40,51,7,0.7,1,"TopSupport","multi-point",3,3,"one-point",1,"calibrated",1.7895015906680807,0.005578118150540619,3,3,,,,"",
123456,"TwoPole",41,51,7,0.7,1,"TopSupport","multi-point",3,3,"one-point",1,"calibrated",2.071187480822338,0.017789114287500508,3,3,,,,"",
123456,"TwoPole",42,51,7,0.7,1,"TopSupport","multi-point",3,3,"one-point",1,"degenerate",,,,,1,4,1.6516869960396408,"SwitchDetected",3
123456,"TwoPole",43,51,7,0.7,1,"TopSupport","multi-point",3,3,"one-point",1,"degenerate",,,,,1,4,1.5397957167383005,"SwitchDetected",2
123456,"TwoPole",44,51,7,0.7,1,"TopSupport","multi-point",3,3,"one-point",1,"degenerate",,,,,1,4,1.581606869718706,"SwitchDetected",3
123456,"TwoPole",45,51,7,0.7,1,"TopSupport","multi-point",3,3,"one-point",1,"calibrated",1.7895015906680807,0.0027841079343434755,3,3,,,,"",
123456,"TwoPole",46,51,7,0.7,1,"TopSupport","multi-point",3,4,"one-point",1,"degenerate",,,,,1,3,1.5208980762041042,"SwitchDetected",3
123456,"TwoPole",47,51,7,0.7,1,"TopSupport","multi-point",3,3,"one-point",1,"calibrated",2.1034590215020255,0.006290242431389889,3,3,,,,"",
123456,"TwoPole",48,51,7,0.7,1,"TopSupport","multi-point",3,4,"one-point",1,"degenerate",,,,,1,4,1.472209948065152,"SwitchDetected",2
123456,"TwoPole",49,51,7,0.7,1,"TopSupport","multi-point",3,3,"one-point",1,"degenerate",,,,,1,4,1.5847989305702528,"SwitchDetected",3
123456,"TwoPole",50,51,7,0.7,1,"TopSupport","multi-point",3,4,"one-point",1,"calibrated",1.7660910518053372,0.00518358345773959,3,3,,,,"",
123456,"TwoPole",51,51,7,0.7,1,"TopSupport","multi-point",3,3,"one-point",1,"calibrated",2.009526644834772,0.007977150568707393,3,3,,,,"",
123456,"TwoPole",52,51,7,0.7,1,"TopSupport","multi-point",3,3,"one-point",1,"calibrated",1.8669616927119346,0.007837775822057058,3,3,,,,"",
123456,"TwoPole",53,51,7,0.7,1,"TopSupport","multi-point",3,3,"one-point",1,"calibrated",1.8931426167437946,0.019586871290641978,3,3,,,,"",
123456,"TwoPole",54,51,7,0.7,1,"TopSupport","multi-point",3,3,"one-point",1,"degenerate",,,,,1,4,1.492291595271465,"SwitchDetected",3
123456,"TwoPole",55,51,7,0.7,1,"TopSupport","multi-point",3,3,"two-point",2,"calibrated",2.17566478646253,0.024815521936120057,3,3,,,,"",
123456,"TwoPole",56,51,7,0.7,1,"TopSupport","multi-point",3,4,"one-point",1,"degenerate",,,,,1,4,1.6519305501536714,"SwitchDetected",3
123456,"TwoPole",57,51,7,0.7,1,"TopSupport","multi-point",3,3,"one-point",1,"degenerate",,,,,1,4,1.3886881753422242,"SwitchDetected",2
123456,"TwoPole",58,51,7,0.7,1,"TopSupport","multi-point",3,3,"one-point",1,"calibrated",1.838235294117647,0.01181363005835438,3,3,,,,"",
123456,"TwoPole",59,51,7,0.7,1,"TopSupport","multi-point",3,3,"one-point",1,"calibrated",1.854140914709518,0.006324309652353379,3,3,,,,"",
123456,"TwoPole",60,51,7,0.7,1,"TopSupport","multi-point",3,3,"one-point",1,"calibrated",2.039891205802357,0.009548954886222752,3,3,,,,"",
123456,"TwoPole",61,51,7,0.7,1,"TopSupport","multi-point",3,3,"one-point",1,"degenerate",,,,,1,4,1.4659680710829877,"SwitchDetected",3
123456,"TwoPole",62,51,7,0.7,1,"TopSupport","multi-point",3,3,"one-point",1,"calibrated",1.8669616927119346,0.008412956447365208,3,3,,,,"",
123456,"TwoPole",63,51,7,0.7,1,"TopSupport","multi-point",3,3,"one-point",1,"degenerate",,,,,1,4,1.4266635173951896,"SwitchDetected",3
123456,"TwoPole",64,51,7,0.7,1,"TopSupport","multi-point",3,3,"one-point",1,"calibrated",1.4291763709506669,0.0017311267133076076,3,3,,,,"",
123456,"TwoPole",65,51,7,0.7,1,"TopSupport","multi-point",3,3,"one-point",1,"calibrated",1.6449372486901424,0.002318280620307245,3,3,,,,"",
123456,"TwoPole",66,51,7,0.7,1,"TopSupport","multi-point",3,3,"one-point",1,"calibrated",1.8135411069317569,0.006039219080850111,3,3,,,,"",
123456,"TwoPole",67,51,7,0.7,1,"TopSupport","multi-point",3,3,"one-point",1,"calibrated",1.838235294117647,0.018851821892246618,3,3,,,,"",
123456,"TwoPole",68,51,7,0.7,1,"TopSupport","multi-point",3,3,"one-point",1,"degenerate",,,,,1,4,1.5909055047864806,"SwitchDetected",2
123456,"TwoPole",69,51,7,0.7,1,"TopSupport","multi-point",3,3,"one-point",1,"calibrated",1.7432851239669418,0.004328556210684709,3,3,,,,"",
123456,"TwoPole",70,51,7,0.7,1,"TopSupport","multi-point",3,3,"one-point",1,"calibrated",1.8931426167437946,0.006093959047364199,3,3,,,,"",
123456,"TwoPole",71,51,7,0.7,1,"TopSupport","multi-point",3,3,"one-point",1,"calibrated",1.801441152922338,0.004143229378338653,3,3,,,,"",
123456,"TwoPole",72,51,7,0.7,1,"TopSupport","multi-point",3,3,"one-point",1,"degenerate",,,,,1,4,1.4726357069217653,"SwitchDetected",2
123456,"TwoPole",73,51,7,0.7,1,"TopSupport","multi-point",3,4,"one-point",1,"degenerate",,,,,1,4,1.5559206465275732,"SwitchDetected",2
123456,"TwoPole",74,51,7,0.7,1,"TopSupport","multi-point",3,4,"one-point",1,"degenerate",,,,,1,4,1.59839614059135,"SwitchDetected",3
123456,"TwoPole",75,51,7,0.7,1,"TopSupport","multi-point",3,3,"one-point",1,"calibrated",1.7895015906680807,0.006836056306248877,3,3,,,,"",
123456,"TwoPole",76,51,7,0.7,1,"TopSupport","multi-point",3,3,"one-point",1,"calibrated",1.6860247283626826,0.005251836273660311,3,3,,,,"",
123456,"TwoPole",77,51,7,0.7,1,"TopSupport","multi-point",3,3,"one-point",1,"calibrated",1.825804706518799,0.005025338155776604,3,3,,,,"",
123456,"TwoPole",78,51,7,0.7,1,"TopSupport","multi-point",3,3,"one-point",1,"degenerate",,,,,1,4,1.355147424183931,"SwitchDetected",2
123456,"TwoPole",79,51,7,0.7,1,"TopSupport","multi-point",3,4,"one-point",1,"degenerate",,,,,1,4,1.563681064036099,"SwitchDetected",3
123456,"TwoPole",80,51,7,0.7,1,"TopSupport","multi-point",3,3,"one-point",1,"degenerate",,,,,1,4,1.6422440828369003,"SwitchDetected",2
123456,"TwoPole",81,51,7,0.7,1,"TopSupport","multi-point",3,3,"one-point",1,"degenerate",,,,,1,4,1.464792434468665,"SwitchDetected",3
123456,"TwoPole",82,51,7,0.7,1,"TopSupport","multi-point",3,3,"one-point",1,"calibrated",1.6251354279523291,0.01017822632605918,3,3,,,,"",
123456,"TwoPole",83,51,7,0.7,1,"TopSupport","multi-point",3,3,"one-point",1,"degenerate",,,,,1,4,1.4918411522433275,"SwitchDetected",3
123456,"TwoPole",84,51,7,0.7,1,"TopSupport","multi-point",3,3,"one-point",1,"calibrated",1.7182130584192439,0.0001415145139801818,3,3,,,,"",
123456,"TwoPole",85,51,7,0.7,1,"TopSupport","multi-point",3,3,"one-point",1,"calibrated",1.777719252041085,0.0073384758818855825,3,3,,,,"",
123456,"TwoPole",86,51,7,0.7,1,"TopSupport","multi-point",3,3,"one-point",1,"calibrated",1.5752625437572931,0.0020717738400594246,3,3,,,,"",
123456,"TwoPole",87,51,7,0.7,1,"TopSupport","multi-point",3,3,"one-point",1,"calibrated",2.009526644834772,0.0035216777833774796,3,3,,,,"",
123456,"TwoPole",88,51,7,0.7,1,"TopSupport","multi-point",3,3,"one-point",1,"calibrated",1.7432851239669418,0.006129161523204825,3,3,,,,"",
123456,"TwoPole",89,51,7,0.7,1,"TopSupport","multi-point",3,3,"one-point",1,"calibrated",2.267002518891687,0.017116933429915514,3,3,,,,"",
123456,"TwoPole",90,51,7,0.7,1,"TopSupport","multi-point",3,3,"one-point",1,"degenerate",,,,,1,4,1.4888803113889941,"SwitchDetected",2
123456,"TwoPole",91,51,7,0.7,1,"TopSupport","multi-point",3,3,"one-point",1,"degenerate",,,,,1,4,1.5122887304768085,"SwitchDetected",2
123456,"TwoPole",92,51,7,0.7,1,"TopSupport","multi-point",3,3,"one-point",1,"calibrated",1.9200682690940125,0.00920215000903383,3,3,,,,"",
123456,"TwoPole",93,51,7,0.7,1,"TopSupport","multi-point",3,3,"one-point",1,"calibrated",1.8669616927119346,0.005722972220367956,3,3,,,,"",
123456,"TwoPole",94,51,7,0.7,1,"TopSupport","multi-point",3,3,"one-point",1,"degenerate",,,,,1,4,1.5235732367585293,"SwitchDetected",2
123456,"TwoPole",95,51,7,0.7,1,"TopSupport","multi-point",3,3,"one-point",1,"calibrated",1.9619241389332946,0.011291198253774913,3,3,,,,"",
123456,"TwoPole",96,51,7,0.7,1,"TopSupport","multi-point",3,3,"one-point",1,"degenerate",,,,,1,4,1.3959211650454832,"SwitchDetected",2
123456,"TwoPole",97,51,7,0.7,1,"TopSupport","multi-point",3,3,"one-point",1,"calibrated",1.7182130584192439,0.003910669408443727,3,3,,,,"",
123456,"TwoPole",98,51,7,0.7,1,"TopSupport","multi-point",3,3,"one-point",1,"degenerate",,,,,1,4,1.54351547330926,"SwitchDetected",3
123456,"TwoPole",99,51,7,0.7,1,"TopSupport","multi-point",3,3,"one-point",1,"degenerate",,,,,1,4,1.635005728108447,"SwitchDetected",3
123456,"TwoPole",100,51,7,0.7,1,"TopSupport","multi-point",3,3,"one-point",1,"calibrated",1.4542712485187976,0.004832247092973502,3,3,,,,"",
123456,"TwoPole",101,51,7,0.7,1,"TopSupport","multi-point",3,3,"one-point",1,"degenerate",,,,,1,4,1.4915895525003746,"SwitchDetected",3
123456,"TwoPole",102,51,7,0.7,1,"TopSupport","multi-point",3,3,"one-point",1,"calibrated",2.211302211302211,0.007477904062076352,3,3,,,,"",
123456,"TwoPole",103,51,7,0.7,1,"TopSupport","multi-point",3,3,"one-point",1,"calibrated",1.7321016166281755,0.01780535878241729,3,3,,,,"",
123456,"TwoPole",104,51,7,0.7,1,"TopSupport","multi-point",3,4,"one-point",1,"calibrated",1.9619241389332946,0.0018357352536246165,3,3,,,,"",
123456,"TwoPole",105,51,7,0.7,1,"TopSupport","multi-point",3,3,"one-point",1,"calibrated",1.7895015906680807,0.0030437922345004503,3,3,,,,"",
123456,"TwoPole",106,51,7,0.7,1,"TopSupport","multi-point",3,3,"one-point",1,"calibrated",1.7895015906680807,0.017981452318126104,3,3,,,,"",
123456,"TwoPole",107,51,7,0.7,1,"TopSupport","multi-point",3,3,"one-point",1,"degenerate",,,,,1,4,1.6472829734342442,"SwitchDetected",3
123456,"TwoPole",108,51,7,0.7,1,"TopSupport","multi-point",3,3,"one-point",1,"calibrated",1.4862930749752286,0.0007939376954511819,3,3,,,,"",
123456,"TwoPole",109,51,7,0.7,1,"TopSupport","multi-point",3,3,"one-point",1,"degenerate",,,,,1,4,1.502445233285251,"SwitchDetected",2
123456,"TwoPole",110,51,7,0.7,1,"TopSupport","multi-point",3,3,"one-point",1,"degenerate",,,,,1,4,1.5355604458223835,"SwitchDetected",2
123456,"TwoPole",111,51,7,0.7,1,"TopSupport","multi-point",3,3,"one-point",1,"calibrated",2.071187480822338,0.009133633607217195,3,3,,,,"",
123456,"TwoPole",112,51,7,0.7,1,"TopSupport","multi-point",3,3,"one-point",1,"degenerate",,,,,1,4,1.5342845978999575,"SwitchDetected",2
123456,"TwoPole",113,51,7,0.7,1,"TopSupport","multi-point",3,3,"one-point",1,"calibrated",1.6129032258064517,0.0012650810065393129,3,3,,,,"",
123456,"TwoPole",114,51,7,0.7,1,"TopSupport","multi-point",3,3,"one-point",1,"calibrated",2.267002518891687,0.0089226795226013,3,3,,,,"",
123456,"TwoPole",115,51,7,0.7,1,"TopSupport","multi-point",3,3,"one-point",1,"degenerate",,,,,1,4,1.3917705957031292,"SwitchDetected",3
123456,"TwoPole",116,51,7,0.7,1,"TopSupport","multi-point",3,4,"one-point",1,"degenerate",,,,,1,4,1.4467584033117205,"SwitchDetected",2
123456,"TwoPole",117,51,7,0.7,1,"TopSupport","multi-point",3,3,"one-point",1,"degenerate",,,,,1,4,1.582500542101092,"SwitchDetected",3
123456,"TwoPole",118,51,7,0.7,1,"TopSupport","multi-point",3,3,"one-point",1,"calibrated",2.581755593803787,0.024944621683248833,3,3,,,,"",
123456,"TwoPole",119,51,7,0.7,1,"TopSupport","multi-point",3,3,"one-point",1,"calibrated",1.548165137614679,0.002776188708289009,3,3,,,,"",
123456,"TwoPole",120,51,7,0.7,1,"TopSupport","multi-point",3,4,"one-point",1,"degenerate",,,,,1,4,1.3492391588995927,"SwitchDetected",2
123456,"TwoPole",121,51,7,0.7,1,"TopSupport","multi-point",3,4,"one-point",1,"degenerate",,,,,1,4,1.376640426839195,"SwitchDetected",2
123456,"TwoPole",122,51,7,0.7,1,"TopSupport","multi-point",3,3,"one-point",1,"calibrated",1.9619241389332946,0.005491878731720757,3,3,,,,"",
123456,"TwoPole",123,51,7,0.7,1,"TopSupport","multi-point",3,4,"one-point",1,"calibrated",1.7073479195649424,0.0016314505872560337,3,3,,,,"",
123456,"TwoPole",124,51,7,0.7,1,"TopSupport","multi-point",3,3,"one-point",1,"calibrated",2.229562345169281,0.014158928462805852,3,3,,,,"",
123456,"TwoPole",125,51,7,0.7,1,"TopSupport","multi-point",3,3,"one-point",1,"calibrated",2.158273381294964,0.007664044002233436,3,3,,,,"",
123456,"TwoPole",126,51,7,0.7,1,"TopSupport","multi-point",3,3,"one-point",1,"calibrated",1.6129032258064517,0.0013148343790687635,3,3,,,,"",
123456,"TwoPole",127,51,7,0.7,1,"TopSupport","multi-point",3,3,"one-point",1,"calibrated",2.009526644834772,0.006530880680442108,3,3,,,,"",
123456,"TwoPole",128,51,7,0.7,1,"TopSupport","multi-point",3,3,"one-point",1,"calibrated",1.879961008216126,0.00849818610417715,3,3,,,,"",
123456,"TwoPole",129,51,7,0.7,1,"TopSupport","multi-point",3,3,"one-point",1,"degenerate",,,,,1,4,1.467017512834948,"SwitchDetected",3
123456,"TwoPole",130,51,7,0.7,1,"TopSupport","multi-point",3,3,"one-point",1,"calibrated",1.854140914709518,0.004003389124194088,3,3,,,,"",
123456,"TwoPole",131,51,7,0.7,1,"TopSupport","multi-point",3,3,"one-point",1,"calibrated",1.6033254156769599,0.005597123322005475,3,3,,,,"",
123456,"TwoPole",132,51,7,0.7,1,"TopSupport","multi-point",3,3,"one-point",1,"degenerate",,,,,1,4,1.4507678426115238,"SwitchDetected",2
123456,"TwoPole",133,51,7,0.7,1,"TopSupport","multi-point",3,3,"one-point",1,"calibrated",1.801441152922338,0.0020558721979021047,3,3,,,,"",
123456,"TwoPole",134,51,7,0.7,1,"TopSupport","multi-point",3,4,"one-point",1,"degenerate",,,,,1,4,1.5977274511400532,"SwitchDetected",3
123456,"TwoPole",135,51,7,0.7,1,"TopSupport","multi-point",3,3,"one-point",1,"calibrated",2.267002518891687,0.01465768275427934,3,4,,,,"",
123456,"TwoPole",136,51,7,0.7,1,"TopSupport","multi-point",3,3,"one-point",1,"calibrated",1.6550202280250088,0.003485873885077429,3,3,,,,"",
123456,"TwoPole",137,51,7,0.7,1,"TopSupport","multi-point",3,3,"one-point",1,"calibrated",1.8135411069317569,0.0056033603917305195,3,3,,,,"",
123456,"TwoPole",138,51,7,0.7,1,"TopSupport","multi-point",3,3,"one-point",1,"calibrated",1.8669616927119346,0.003359660937697025,3,3,,,,"",
123456,"TwoPole",139,51,7,0.7,1,"TopSupport","multi-point",3,3,"one-point",1,"calibrated",2.8932704672096015,0.016800875468328934,3,4,,,,"",
123456,"TwoPole",140,51,7,0.7,1,"TopSupport","multi-point",3,3,"one-point",1,"calibrated",1.854140914709518,0.005588619629824043,3,3,,,,"",
123456,"TwoPole",141,51,7,0.7,1,"TopSupport","multi-point",3,3,"one-point",1,"calibrated",1.8931426167437946,0.00876471837813408,3,3,,,,"",
123456,"TwoPole",142,51,7,0.7,1,"TopSupport","multi-point",3,3,"one-point",1,"calibrated",2.039891205802357,0.003499069518231399,3,3,,,,"",
123456,"TwoPole",143,51,7,0.7,1,"TopSupport","multi-point",3,3,"one-point",1,"calibrated",1.777719252041085,0.007150506233122109,3,3,,,,"",
123456,"TwoPole",144,51,7,0.7,1,"TopSupport","multi-point",3,3,"one-point",1,"degenerate",,,,,1,3,1.5550423439150212,"SwitchDetected",3
123456,"TwoPole",145,51,7,0.7,1,"TopSupport","multi-point",3,3,"one-point",1,"calibrated",2.055420219244823,0.008271934270931341,3,3,,,,"",
123456,"TwoPole",146,51,7,0.7,1,"TopSupport","multi-point",3,3,"one-point",1,"calibrated",1.6129032258064517,0.005537270637842868,3,3,,,,"",
123456,"TwoPole",147,51,7,0.7,1,"TopSupport","multi-point",3,3,"one-point",1,"degenerate",,,,,1,4,1.5620095332729054,"SwitchDetected",2
123456,"TwoPole",148,51,7,0.7,1,"TopSupport","multi-point",3,3,"one-point",1,"degenerate",,,,,1,4,1.5355604458223835,"SwitchDetected",2
123456,"TwoPole",149,51,7,0.7,1,"TopSupport","multi-point",3,3,"one-point",1,"degenerate",,,,,1,4,1.393686728417378,"SwitchDetected",2
123456,"TwoPole",150,51,7,0.7,1,"TopSupport","multi-point",3,3,"one-point",1,"calibrated",2.371749824314828,0.009869745813910147,3,3,,,,"",
123456,"TwoPole",151,51,7,0.7,1,"TopSupport","multi-point",3,3,"one-point",1,"degenerate",,,,,1,4,1.5284790472007934,"SwitchDetected",3
123456,"TwoPole",152,51,7,0.7,1,"TopSupport","multi-point",3,3,"one-point",1,"calibrated",2.305721605465414,0.01122008211118134,3,3,,,,"",
123456,"TwoPole",153,51,7,0.7,1,"TopSupport","multi-point",3,3,"one-point",1,"degenerate",,,,,1,4,1.5046649987452707,"SwitchDetected",3
123456,"TwoPole",154,51,7,0.7,1,"TopSupport","multi-point",3,3,"one-point",1,"calibrated",1.976284584980237,0.005781711246294695,3,3,,,,"",
123456,"TwoPole",155,51,7,0.7,1,"TopSupport","multi-point",3,3,"one-point",1,"calibrated",2.055420219244823,0.004671000020738999,3,3,,,,"",
123456,"TwoPole",156,51,7,0.7,1,"TopSupport","multi-point",3,3,"one-point",1,"degenerate",,,,,1,4,1.4582081279705792,"SwitchDetected",2
123456,"TwoPole",157,51,7,0.7,1,"TopSupport","multi-point",3,3,"one-point",1,"calibrated",1.976284584980237,0.005535671812675512,3,3,,,,"",
123456,"TwoPole",158,51,7,0.7,1,"TopSupport","multi-point",3,3,"one-point",1,"calibrated",2.7669604427136707,0.010089501618297025,3,3,,,,"",
123456,"TwoPole",159,51,7,0.7,1,"TopSupport","multi-point",3,3,"one-point",1,"calibrated",2.325581395348837,0.01983796089627717,3,3,,,,"",
123456,"TwoPole",160,51,7,0.7,1,"TopSupport","multi-point",3,3,"one-point",1,"degenerate",,,,,1,4,1.6046081556971352,"SwitchDetected",2
123456,"TwoPole",161,51,7,0.7,1,"TopSupport","multi-point",3,3,"one-point",1,"degenerate",,,,,1,4,1.6581246361403668,"SwitchDetected",3
123456,"TwoPole",162,51,7,0.7,1,"TopSupport","multi-point",3,3,"one-point",1,"calibrated",2.119974874371859,0.008567373628187014,3,3,,,,"",
123456,"TwoPole",163,51,7,0.7,1,"TopSupport","multi-point",3,3,"one-point",1,"degenerate",,,,,1,4,1.5043147822753633,"SwitchDetected",2
123456,"TwoPole",164,51,7,0.7,1,"TopSupport","multi-point",3,3,"one-point",1,"calibrated",1.976284584980237,0.005584852509792804,3,3,,,,"",
123456,"TwoPole",165,51,7,0.7,1,"TopSupport","multi-point",3,3,"one-point",1,"degenerate",,,,,1,4,1.4926892709542154,"SwitchDetected",3
123456,"TwoPole",166,51,7,0.7,1,"TopSupport","multi-point",3,3,"one-point",1,"calibrated",1.9477708844322608,0.009580657329609674,3,3,,,,"",
123456,"TwoPole",167,51,7,0.7,1,"TopSupport","multi-point",3,3,"one-point",1,"calibrated",2.5037091988130564,0.014352371318563298,3,3,,,,"",
123456,"TwoPole",168,51,7,0.7,1,"TopSupport","multi-point",3,3,"one-point",1,"calibrated",1.7432851239669418,0.0033394299171465194,3,3,,,,"",
123456,"TwoPole",169,51,7,0.7,1,"TopSupport","multi-point",3,3,"one-point",1,"calibrated",1.7073479195649424,0.006320561210310507,3,3,,,,"",
123456,"TwoPole",170,51,7,0.7,1,"TopSupport","multi-point",3,4,"one-point",1,"calibrated",1.8135411069317569,0.0010219695903771614,3,3,,,,"",
123456,"TwoPole",171,51,7,0.7,1,"TopSupport","multi-point",3,3,"one-point",1,"calibrated",2.158273381294964,0.017872266886148513,3,3,,,,"",
123456,"TwoPole",172,51,7,0.7,1,"TopSupport","multi-point",3,3,"one-point",1,"calibrated",2.1367521367521367,0.005537515898956076,3,3,,,,"",
123456,"TwoPole",173,51,7,0.7,1,"TopSupport","multi-point",3,3,"one-point",1,"calibrated",1.7073479195649424,0.0029651814008566646,3,3,,,,"",
123456,"TwoPole",174,51,7,0.7,1,"TopSupport","multi-point",3,3,"one-point",1,"calibrated",1.777719252041085,0.004438440425163702,3,3,,,,"",
123456,"TwoPole",175,51,7,0.7,1,"TopSupport","multi-point",3,3,"one-point",1,"calibrated",2.071187480822338,0.011262688942779564,3,3,,,,"",
123456,"TwoPole",176,51,7,0.7,1,"TopSupport","multi-point",3,3,"one-point",1,"degenerate",,,,,1,4,1.4756747616067867,"SwitchDetected",3
123456,"TwoPole",177,51,7,0.7,1,"TopSupport","multi-point",3,3,"one-point",1,"calibrated",1.6033254156769599,0.003081708079849637,3,3,,,,"",
123456,"TwoPole",178,51,7,0.7,1,"TopSupport","multi-point",3,3,"one-point",1,"calibrated",2.009526644834772,0.011465234205070023,3,3,,,,"",
123456,"TwoPole",179,51,7,0.7,1,"TopSupport","multi-point",3,3,"one-point",1,"degenerate",,,,,1,4,1.4108998124641685,"SwitchDetected",3
123456,"TwoPole",180,51,7,0.7,1,"TopSupport","multi-point",3,3,"one-point",1,"calibrated",1.6966193288927987,0.0015635462937936516,3,3,,,,"",
123456,"TwoPole",181,51,7,0.7,1,"TopSupport","multi-point",3,3,"one-point",1,"degenerate",,,,,1,4,1.4486791656212803,"SwitchDetected",2
123456,"TwoPole",182,51,7,0.7,1,"TopSupport","multi-point",3,3,"one-point",1,"calibrated",1.8135411069317569,0.005973301684293781,3,3,,,,"",
123456,"TwoPole",183,51,7,0.7,1,"TopSupport","multi-point",3,3,"one-point",1,"calibrated",1.8135411069317569,0.0016604963376417594,3,3,,,,"",
123456,"TwoPole",184,51,7,0.7,1,"TopSupport","multi-point",3,4,"one-point",1,"degenerate",,,,,1,4,1.7259755688706022,"SwitchDetected",3
123456,"TwoPole",185,51,7,0.7,1,"TopSupport","multi-point",3,3,"one-point",1,"degenerate",,,,,1,4,1.6423403851691167,"SwitchDetected",3
123456,"TwoPole",186,51,7,0.7,1,"TopSupport","multi-point",3,3,"one-point",1,"degenerate",,,,,1,4,1.3501280784036778,"SwitchDetected",2
123456,"TwoPole",187,51,7,0.7,1,"TopSupport","multi-point",3,3,"one-point",1,"calibrated",1.9338203695745597,0.006824744101887716,3,3,,,,"",
123456,"TwoPole",188,51,7,0.7,1,"TopSupport","multi-point",3,3,"one-point",1,"degenerate",,,,,1,4,1.5516536395412186,"SwitchDetected",3
123456,"TwoPole",189,51,7,0.7,1,"TopSupport","multi-point",3,3,"one-point",1,"calibrated",1.6860247283626826,0.0024426811185272457,3,3,,,,"",
123456,"TwoPole",190,51,7,0.7,1,"TopSupport","multi-point",3,3,"one-point",1,"calibrated",2.024595080983803,0.002660877426048465,3,3,,,,"",
123456,"TwoPole",191,51,7,0.7,1,"TopSupport","multi-point",3,3,"one-point",1,"calibrated",2.071187480822338,0.01092605960246754,3,3,,,,"",
123456,"TwoPole",192,51,7,0.7,1,"TopSupport","multi-point",3,3,"one-point",1,"degenerate",,,,,1,4,1.597848989421955,"SwitchDetected",3
123456,"TwoPole",193,51,7,0.7,1,"TopSupport","multi-point",3,3,"one-point",1,"degenerate",,,,,1,4,1.6679171294396944,"SwitchDetected",3
123456,"TwoPole",194,51,7,0.7,1,"TopSupport","multi-point",3,3,"one-point",1,"calibrated",1.8135411069317569,0.004766669211107567,3,3,,,,"",
123456,"TwoPole",195,51,7,0.7,1,"TopSupport","multi-point",3,3,"one-point",1,"degenerate",,,,,1,4,1.5770647959556912,"SwitchDetected",3
123456,"TwoPole",196,51,7,0.7,1,"TopSupport","multi-point",3,3,"one-point",1,"calibrated",1.976284584980237,0.01046506748585352,3,3,,,,"",
123456,"TwoPole",197,51,7,0.7,1,"TopSupport","multi-point",3,3,"one-point",1,"degenerate",,,,,1,4,1.5301910123692934,"SwitchDetected",3
123456,"TwoPole",198,51,7,0.7,1,"TopSupport","multi-point",3,3,"one-point",1,"calibrated",1.9338203695745597,0.0022972356310835373,3,3,,,,"",
123456,"TwoPole",199,51,7,0.7,1,"TopSupport","multi-point",3,3,"one-point",1,"degenerate",,,,,1,4,1.4690952228626148,"SwitchDetected",2
123456,"TwoPole",200,51,7,0.7,1,"TopSupport","multi-point",3,3,"one-point",1,"degenerate",,,,,1,4,1.4727260510667575,"SwitchDetected",2
123456,"TwoPole",1,51,7,0.7,2,"TopSupport","multi-point",3,4,"one-point",1,"degenerate",,,,,1,4,1.9895217388400568,"SwitchDetected",3
123456,"TwoPole",2,51,7,0.7,2,"TopSupport","multi-point",3,3,"one-point",1,"degenerate",,,,,1,4,1.6739150368582627,"SwitchDetected",3
123456,"TwoPole",3,51,7,0.7,2,"TopSupport","multi-point",3,3,"one-point",1,"calibrated",1.6652275811027506,0.0019210911200185498,3,3,,,,"",
123456,"TwoPole",4,51,7,0.7,2,"TopSupport","multi-point",3,4,"one-point",1,"calibrated",1.6860247283626826,0.0037704743971877556,3,3,,,,"",
123456,"TwoPole",5,51,7,0.7,2,"TopSupport","multi-point",3,3,"one-point",1,"calibrated",2.325581395348837,0.018734691788069455,3,4,,,,"",
123456,"TwoPole",6,51,7,0.7,2,"TopSupport","multi-point",3,3,"one-point",1,"calibrated",2.824858757062147,0.01798414350447895,3,4,,,,"",
123456,"TwoPole",7,51,7,0.7,2,"TopSupport","two-point",2,2,"one-point",1,"degenerate",,,,,1,4,1.6442366289736996,"SwitchDetected",3
123456,"TwoPole",8,51,7,0.7,2,"TopSupport","multi-point",3,4,"one-point",1,"calibrated",1.9619241389332946,0.010319669552248414,3,3,,,,"",
123456,"TwoPole",9,51,7,0.7,2,"TopSupport","multi-point",3,4,"one-point",1,"calibrated",1.8931426167437946,0.010720666003212278,3,3,,,,"",
123456,"TwoPole",10,51,7,0.7,2,"TopSupport","multi-point",3,4,"one-point",1,"degenerate",,,,,1,4,1.7390505966177991,"SwitchDetected",3
123456,"TwoPole",11,51,7,0.7,2,"TopSupport","multi-point",3,4,"one-point",1,"degenerate",,,,,1,4,1.5568864835997867,"SwitchDetected",2
123456,"TwoPole",12,51,7,0.7,2,"TopSupport","multi-point",3,4,"one-point",1,"calibrated",3.1645569620253164,0.007296640107736013,3,3,,,,"",
123456,"TwoPole",13,51,7,0.7,2,"TopSupport","multi-point",3,3,"one-point",1,"calibrated",1.4216512215669754,0.0005971679606990486,3,3,,,,"",
123456,"TwoPole",14,51,7,0.7,2,"TopSupport","multi-point",3,3,"one-point",1,"degenerate",,,,,1,4,1.6776752156356383,"SwitchDetected",2
123456,"TwoPole",15,51,7,0.7,2,"TopSupport","multi-point",3,4,"one-point",1,"calibrated",1.9065103798898462,0.005732935443335835,3,4,,,,"",
123456,"TwoPole",16,51,7,0.7,2,"TopSupport","multi-point",3,4,"one-point",1,"calibrated",2.286198137171888,0.009256298538582829,4,4,,,,"",
123456,"TwoPole",17,51,7,0.7,2,"TopSupport","multi-point",3,4,"one-point",1,"calibrated",1.854140914709518,0.0020443308076322614,3,3,,,,"",
123456,"TwoPole",18,51,7,0.7,2,"TopSupport","multi-point",3,4,"one-point",1,"degenerate",,,,,1,4,1.3879197024409946,"SwitchDetected",2
123456,"TwoPole",19,51,7,0.7,2,"TopSupport","multi-point",3,4,"one-point",1,"calibrated",2.325581395348837,0.00748453556484899,3,3,,,,"",
123456,"TwoPole",20,51,7,0.7,2,"TopSupport","multi-point",3,4,"one-point",1,"degenerate",,,,,1,4,1.780868597354023,"SwitchDetected",4
123456,"TwoPole",21,51,7,0.7,2,"TopSupport","multi-point",3,5,"one-point",1,"calibrated",1.9200682690940125,0.013793239824834205,3,3,,,,"",
123456,"TwoPole",22,51,7,0.7,2,"TopSupport","multi-point",3,3,"one-point",1,"calibrated",1.838235294117647,0.00847930059941519,3,3,,,,"",
123456,"TwoPole",23,51,7,0.7,2,"TopSupport","multi-point",3,3,"one-point",1,"degenerate",,,,,1,4,1.5763694673667514,"SwitchDetected",3
123456,"TwoPole",24,51,7,0.7,2,"TopSupport","multi-point",3,4,"one-point",1,"calibrated",2.6844303042354345,0.013074256921971063,3,3,,,,"",
123456,"TwoPole",25,51,7,0.7,2,"TopSupport","multi-point",3,4,"one-point",1,"calibrated",1.8669616927119346,0.01039609864546184,3,3,,,,"",
123456,"TwoPole",26,51,7,0.7,2,"TopSupport","multi-point",3,3,"two-point",2,"calibrated",5.710659898477157,0.05356016446201098,3,4,,,,"",
123456,"TwoPole",27,51,7,0.7,2,"TopSupport","multi-point",3,4,"one-point",1,"calibrated",1.9619241389332946,0.0014505923729343636,3,3,,,,"",
123456,"TwoPole",28,51,7,0.7,2,"TopSupport","multi-point",3,4,"one-point",1,"calibrated",1.9065103798898462,0.00883643185095163,3,3,,,,"",
123456,"TwoPole",29,51,7,0.7,2,"TopSupport","multi-point",3,3,"one-point",1,"calibrated",2.158273381294964,0.02037444199977731,3,3,,,,"",
123456,"TwoPole",30,51,7,0.7,2,"TopSupport","multi-point",3,4,"two-point",2,"calibrated",2.9893711248892822,0.04520122511765104,4,4,,,,"",
123456,"TwoPole",31,51,7,0.7,2,"TopSupport","multi-point",3,3,"one-point",1,"calibrated",2.581755593803787,0.018114951527877145,3,4,,,,"",
123456,"TwoPole",32,51,7,0.7,2,"TopSupport","multi-point",3,3,"one-point",1,"degenerate",,,,,1,4,1.8457319982268179,"SwitchDetected",3
123456,"TwoPole",33,51,7,0.7,2,"TopSupport","multi-point",3,3,"one-point",1,"calibrated",1.5570934256055362,0.008089922555501347,3,3,,,,"",
123456,"TwoPole",34,51,7,0.7,2,"TopSupport","multi-point",3,4,"one-point",1,"calibrated",1.9477708844322608,0.000804008333827611,3,3,,,,"",
123456,"TwoPole",35,51,7,0.7,2,"TopSupport","multi-point",3,4,"one-point",1,"calibrated",2.5271433919880195,0.012863750085545,4,4,,,,"",
123456,"TwoPole",36,51,7,0.7,2,"TopSupport","multi-point",3,3,"one-point",1,"calibrated",2.17566478646253,0.010616294285556686,3,4,,,,"",
123456,"TwoPole",37,51,7,0.7,2,"TopSupport","multi-point",3,4,"one-point",1,"calibrated",1.8669616927119346,0.016230137496128477,3,4,,,,"",
123456,"TwoPole",38,51,7,0.7,2,"TopSupport","multi-point",3,4,"one-point",1,"degenerate",,,,,1,4,1.4467459474733382,"SwitchDetected",3
123456,"TwoPole",39,51,7,0.7,2,"TopSupport","multi-point",3,4,"one-point",1,"degenerate",,,,,1,4,1.5545244665157905,"SwitchDetected",3
123456,"TwoPole",40,51,7,0.7,2,"TopSupport","multi-point",3,3,"one-point",1,"degenerate",,,,,1,4,1.47811505146315,"SwitchDetected",3
123456,"TwoPole",41,51,7,0.7,2,"TopSupport","multi-point",3,3,"one-point",1,"degenerate",,,,,1,4,1.6765872076825845,"SwitchDetected",2
123456,"TwoPole",42,51,7,0.7,2,"TopSupport","multi-point",3,3,"one-point",1,"calibrated",2.3927685218007797,0.017863904974474674,3,3,,,,"",
123456,"TwoPole",43,51,7,0.7,2,"TopSupport","multi-point",3,4,"one-point",1,"degenerate",,,,,1,4,1.6718665894544038,"SwitchDetected",3
123456,"TwoPole",44,51,7,0.7,2,"TopSupport","multi-point",3,4,"one-point",1,"calibrated",1.825804706518799,0.00549878775952461,3,3,,,,"",
123456,"TwoPole",45,51,7,0.7,2,"TopSupport","multi-point",3,4,"one-point",1,"degenerate",,,,,1,4,1.7630251635148269,"SwitchDetected",2
123456,"TwoPole",46,51,7,0.7,2,"TopSupport","multi-point",3,4,"one-point",1,"degenerate",,,,,1,4,1.5886344376075072,"SwitchDetected",3
123456,"TwoPole",47,51,7,0.7,2,"TopSupport","multi-point",3,4,"one-point",1,"calibrated",2.371749824314828,0.00989825818371023,3,4,,,,"",
123456,"TwoPole",48,51,7,0.7,2,"TopSupport","multi-point",3,3,"one-point",1,"degenerate",,,,,1,4,1.6749327966951155,"SwitchDetected",3
123456,"TwoPole",49,51,7,0.7,2,"TopSupport","multi-point",3,3,"one-point",1,"degenerate",,,,,1,3,1.485983760203724,"SwitchDetected",3
123456,"TwoPole",50,51,7,0.7,2,"TopSupport","multi-point",3,5,"one-point",1,"degenerate",,,,,1,4,1.5872089404503598,"SwitchDetected",2
123456,"TwoPole",51,51,7,0.7,2,"TopSupport","multi-point",3,3,"one-point",1,"degenerate",,,,,1,4,1.4568048989332707,"SwitchDetected",3
123456,"TwoPole",52,51,7,0.7,2,"TopSupport","multi-point",3,4,"one-point",1,"calibrated",2.1034590215020255,0.006756719224816971,3,3,,,,"",
123456,"TwoPole",53,51,7,0.7,2,"TopSupport","multi-point",3,4,"one-point",1,"calibrated",1.7210606833248343,0.004800984996455664,3,3,,,,"",
123456,"TwoPole",54,51,7,0.7,2,"TopSupport","multi-point",3,4,"one-point",1,"degenerate",,,,,1,4,1.34306008091232,"SwitchDetected",3
123456,"TwoPole",55,51,7,0.7,2,"TopSupport","multi-point",3,3,"one-point",1,"degenerate",,,,,1,3,1.4702520512210184,"SwitchDetected",3
123456,"TwoPole",56,51,7,0.7,2,"TopSupport","multi-point",3,4,"one-point",1,"degenerate",,,,,1,4,1.6031232723910351,"SwitchDetected",3
123456,"TwoPole",57,51,7,0.7,2,"TopSupport","multi-point",3,4,"one-point",1,"calibrated",1.8931426167437946,0.01215031664518171,3,3,,,,"",
123456,"TwoPole",58,51,7,0.7,2,"TopSupport","multi-point",3,5,"one-point",1,"degenerate",,,,,1,4,1.6484141157532006,"SwitchDetected",3
123456,"TwoPole",59,51,7,0.7,2,"TopSupport","multi-point",3,3,"two-point",2,"calibrated",2.325581395348837,0.03346948766228219,3,3,,,,"",
123456,"TwoPole",60,51,7,0.7,2,"TopSupport","multi-point",3,3,"one-point",1,"calibrated",1.9477708844322608,0.007993809205438487,3,3,,,,"",
123456,"TwoPole",61,51,7,0.7,2,"TopSupport","multi-point",3,3,"one-point",1,"calibrated",2.039891205802357,0.009314471904586024,3,3,,,,"",
123456,"TwoPole",62,51,7,0.7,2,"TopSupport","multi-point",3,3,"one-point",1,"calibrated",2.039891205802357,0.009554324693194022,3,3,,,,"",
123456,"TwoPole",63,51,7,0.7,2,"TopSupport","multi-point",3,3,"one-point",1,"degenerate",,,,,1,3,1.6123988590979021,"SwitchDetected",3
123456,"TwoPole",64,51,7,0.7,2,"TopSupport","multi-point",3,3,"one-point",1,"calibrated",2.632092025736011,0.01765311642488452,3,3,,,,"",
123456,"TwoPole",65,51,7,0.7,2,"TopSupport","multi-point",3,3,"one-point",1,"calibrated",5.265210608424336,0.005937256172781624,3,4,,,,"",
123456,"TwoPole",66,51,7,0.7,2,"TopSupport","multi-point",3,3,"one-point",1,"degenerate",,,,,1,3,1.4217507736149992,"SwitchDetected",2
123456,"TwoPole",67,51,7,0.7,2,"TopSupport","multi-point",3,4,"one-point",1,"calibrated",1.5393386545039909,0.0027539341117092,3,3,,,,"",
123456,"TwoPole",68,51,7,0.7,2,"TopSupport","multi-point",3,4,"one-point",1,"calibrated",2.119974874371859,0.007241875811550932,3,3,,,,"",
123456,"TwoPole",69,51,7,0.7,2,"TopSupport","multi-point",3,4,"two-point",2,"calibrated",3.760445682451253,0.031396008296620884,4,4,,,,"",
123456,"TwoPole",70,51,7,0.7,2,"TopSupport","multi-point",3,4,"one-point",1,"degenerate",,,,,1,4,1.4098108083630934,"SwitchDetected",3
123456,"TwoPole",71,51,7,0.7,2,"TopSupport","multi-point",3,3,"one-point",1,"calibrated",1.8135411069317569,0.011004893511848031,3,3,,,,"",
123456,"TwoPole",72,51,7,0.7,2,"TopSupport","multi-point",3,4,"one-point",1,"degenerate",,,,,1,4,1.8401132100900743,"SwitchDetected",3
123456,"TwoPole",73,51,7,0.7,2,"TopSupport","multi-point",3,4,"one-point",1,"degenerate",,,,,1,4,1.474742315018694,"SwitchDetected",3
123456,"TwoPole",74,51,7,0.7,2,"TopSupport","multi-point",3,4,"one-point",1,"degenerate",,,,,1,4,1.5133646754876995,"SwitchDetected",3
123456,"TwoPole",75,51,7,0.7,2,"TopSupport","multi-point",3,4,"one-point",1,"calibrated",3.5037633013236436,0.016848988632187825,4,4,,,,"",
123456,"TwoPole",76,51,7,0.7,2,"TopSupport","multi-point",3,4,"one-point",1,"calibrated",1.6860247283626826,0.007711395661543459,3,3,,,,"",
123456,"TwoPole",77,51,7,0.7,2,"TopSupport","multi-point",3,4,"one-point",1,"calibrated",1.8135411069317569,0.008729031622654452,3,3,,,,"",
123456,"TwoPole",78,51,7,0.7,2,"TopSupport","multi-point",3,4,"one-point",1,"calibrated",1.9619241389332946,0.004718673877547464,3,3,,,,"",
123456,"TwoPole",79,51,7,0.7,2,"TopSupport","multi-point",3,3,"one-point",1,"calibrated",4.3172369683402625,0.006175034214850011,3,4,,,,"",
123456,"TwoPole",80,51,7,0.7,2,"TopSupport","multi-point",3,4,"two-point",2,"calibrated",4.299363057324841,0.04557543919302983,4,4,,,,"",
123456,"TwoPole",81,51,7,0.7,2,"TopSupport","multi-point",3,4,"one-point",1,"degenerate",,,,,1,4,1.7421516647017303,"SwitchDetected",3
123456,"TwoPole",82,51,7,0.7,2,"TopSupport","multi-point",3,4,"one-point",1,"degenerate",,,,,1,4,1.61775422063624,"SwitchDetected",3
123456,"TwoPole",83,51,7,0.7,2,"TopSupport","multi-point",3,3,"one-point",1,"calibrated",1.777719252041085,0.002431259855033287,3,3,,,,"",
123456,"TwoPole",84,51,7,0.7,2,"TopSupport","multi-point",3,4,"one-point",1,"calibrated",1.879961008216126,0.003979537177315215,3,4,,,,"",
123456,"TwoPole",85,51,7,0.7,2,"TopSupport","multi-point",3,4,"one-point",1,"calibrated",2.6844303042354345,0.026318623255097828,3,4,,,,"",
123456,"TwoPole",86,51,7,0.7,2,"TopSupport","multi-point",3,4,"one-point",1,"calibrated",1.825804706518799,0.0014538203984584609,3,3,,,,"",
123456,"TwoPole",87,51,7,0.7,2,"TopSupport","multi-point",3,3,"one-point",1,"calibrated",2.435943702634428,0.01905946872757262,3,3,,,,"",
123456,"TwoPole",88,51,7,0.7,2,"TopSupport","multi-point",3,3,"one-point",1,"calibrated",1.777719252041085,0.004617206189855965,3,3,,,,"",
123456,"TwoPole",89,51,7,0.7,2,"TopSupport","multi-point",3,4,"two-point",2,"calibrated",2.824858757062147,0.026421630397771324,3,3,,,,"",
123456,"TwoPole",90,51,7,0.7,2,"TopSupport","multi-point",3,4,"one-point",1,"calibrated",2.5271433919880195,0.00956122649571662,3,3,,,,"",
123456,"TwoPole",91,51,7,0.7,2,"TopSupport","multi-point",3,4,"one-point",1,"calibrated",1.7660910518053372,0.002037664823648996,3,3,,,,"",
123456,"TwoPole",92,51,7,0.7,2,"TopSupport","multi-point",3,5,"one-point",1,"calibrated",2.7113878288813016,0.01451069547770144,3,4,,,,"",
123456,"TwoPole",93,51,7,0.7,2,"TopSupport","multi-point",3,4,"one-point",1,"calibrated",1.9338203695745597,0.014914848738298188,3,3,,,,"",
123456,"TwoPole",94,51,7,0.7,2,"TopSupport","multi-point",3,3,"one-point",1,"degenerate",,,,,1,4,1.6152816847080376,"SwitchDetected",3
123456,"TwoPole",95,51,7,0.7,2,"TopSupport","multi-point",3,3,"one-point",1,"degenerate",,,,,1,4,1.7298845098313012,"SwitchDetected",3
123456,"TwoPole",96,51,7,0.7,2,"TopSupport","multi-point",3,4,"one-point",1,"degenerate",,,,,1,4,1.7780420917606021,"SwitchDetected",2
123456,"TwoPole",97,51,7,0.7,2,"TopSupport","multi-point",3,4,"one-point",1,"calibrated",2.3510971786833856,0.01319368290959326,3,3,,,,"",
123456,"TwoPole",98,51,7,0.7,2,"TopSupport","multi-point",3,3,"one-point",1,"degenerate",,,,,1,4,1.6257677843158655,"SwitchDetected",3
123456,"TwoPole",99,51,7,0.7,2,"TopSupport","multi-point",3,4,"one-point",1,"calibrated",2.286198137171888,0.00940206600522149,3,3,,,,"",
123456,"TwoPole",100,51,7,0.7,2,"TopSupport","multi-point",3,4,"one-point",1,"calibrated",1.9338203695745597,0.0010308098208115758,3,3,,,,"",
123456,"TwoPole",101,51,7,0.7,2,"TopSupport","multi-point",3,3,"one-point",1,"calibrated",1.838235294117647,0.007187146499531202,3,3,,,,"",
123456,"TwoPole",102,51,7,0.7,2,"TopSupport","multi-point",3,4,"one-point",1,"degenerate",,,,,1,4,1.7515763545744751,"SwitchDetected",2
123456,"TwoPole",103,51,7,0.7,2,"TopSupport","multi-point",3,5,"one-point",1,"calibrated",3.057065217391304,0.0036848559111005473,4,4,,,,"",
123456,"TwoPole",104,51,7,0.7,2,"TopSupport","multi-point",3,3,"one-point",1,"calibrated",3.7087912087912085,0.011477058028704782,3,3,,,,"",
123456,"TwoPole",105,51,7,0.7,2,"TopSupport","multi-point",3,4,"one-point",1,"calibrated",1.6860247283626826,0.004636331259342426,3,3,,,,"",
123456,"TwoPole",106,51,7,0.7,2,"TopSupport","multi-point",3,4,"one-point",1,"calibrated",1.9946808510638294,0.0029342019511307076,3,3,,,,"",
123456,"TwoPole",107,51,7,0.7,2,"TopSupport","multi-point",3,4,"one-point",1,"calibrated",1.8931426167437946,0.006848761189151731,3,4,,,,"",
123456,"TwoPole",108,51,7,0.7,2,"TopSupport","multi-point",3,3,"one-point",1,"calibrated",1.6449372486901424,0.001887159337983557,3,3,,,,"",
123456,"TwoPole",109,51,7,0.7,2,"TopSupport","multi-point",3,4,"one-point",1,"calibrated",2.119974874371859,0.02074325462653686,3,3,,,,"",
123456,"TwoPole",110,51,7,0.7,2,"TopSupport","multi-point",3,3,"one-point",1,"degenerate",,,,,1,3,1.4953059495087826,"SwitchDetected",2
123456,"TwoPole",111,51,7,0.7,2,"TopSupport","multi-point",3,3,"one-point",1,"calibrated",2.17566478646253,0.015601526568216345,3,3,,,,"",
123456,"TwoPole",112,51,7,0.7,2,"TopSupport","multi-point",3,4,"one-point",1,"degenerate",,,,,1,4,1.7477688185305735,"SwitchDetected",3
123456,"TwoPole",113,51,7,0.7,2,"TopSupport","multi-point",3,4,"one-point",1,"degenerate",,,,,1,4,1.5941352480340272,"SwitchDetected",3
123456,"TwoPole",114,51,7,0.7,2,"TopSupport","multi-point",3,4,"one-point",1,"calibrated",1.9338203695745597,0.003914181841855971,3,3,,,,"",
123456,"TwoPole",115,51,7,0.7,2,"TopSupport","multi-point",3,3,"one-point",1,"calibrated",3.6456926816095057,0.021908192337805027,3,3,,,,"",
123456,"TwoPole",116,51,7,0.7,2,"TopSupport","multi-point",3,4,"one-point",1,"degenerate",,,,,1,4,1.6570291502213639,"SwitchDetected",3
123456,"TwoPole",117,51,7,0.7,2,"TopSupport","multi-point",3,4,"one-point",1,"degenerate",,,,,1,3,1.4837925280577071,"SwitchDetected",3
123456,"TwoPole",118,51,7,0.7,2,"TopSupport","multi-point",3,4,"one-point",1,"calibrated",1.777719252041085,0.005203330562959084,3,3,,,,"",
123456,"TwoPole",119,51,7,0.7,2,"TopSupport","multi-point",3,3,"one-point",1,"calibrated",2.286198137171888,0.001325713804345369,3,4,,,,"",
123456,"TwoPole",120,51,7,0.7,2,"TopSupport","multi-point",3,4,"one-point",1,"calibrated",2.7669604427136707,0.024964202798419946,3,3,,,,"",
123456,"TwoPole",121,51,7,0.7,2,"TopSupport","multi-point",3,4,"one-point",1,"calibrated",1.8135411069317569,0.0013394408713427966,3,3,,,,"",
123456,"TwoPole",122,51,7,0.7,2,"TopSupport","multi-point",3,4,"one-point",1,"calibrated",2.039891205802357,0.008564002381091987,3,3,,,,"",
123456,"TwoPole",123,51,7,0.7,2,"TopSupport","multi-point",3,3,"one-point",1,"degenerate",,,,,1,3,1.4058831025018697,"SwitchDetected",3
123456,"TwoPole",124,51,7,0.7,2,"TopSupport","multi-point",3,3,"one-point",1,"calibrated",1.5393386545039909,0.004322988253208266,3,3,,,,"",
123456,"TwoPole",125,51,7,0.7,2,"TopSupport","multi-point",3,5,"one-point",1,"degenerate",,,,,1,4,1.5862500468957437,"SwitchDetected",3
123456,"TwoPole",126,51,7,0.7,2,"TopSupport","multi-point",3,4,"one-point",1,"degenerate",,,,,1,4,1.5195227934215534,"SwitchDetected",3
123456,"TwoPole",127,51,7,0.7,2,"TopSupport","multi-point",3,4,"one-point",1,"degenerate",,,,,1,4,1.6962014570519597,"SwitchDetected",3
123456,"TwoPole",128,51,7,0.7,2,"TopSupport","multi-point",3,5,"one-point",1,"degenerate",,,,,1,4,1.801622989166785,"SwitchDetected",3
123456,"TwoPole",129,51,7,0.7,2,"TopSupport","multi-point",3,4,"one-point",1,"calibrated",1.6860247283626826,0.0018453443642135311,3,3,,,,"",
123456,"TwoPole",130,51,7,0.7,2,"TopSupport","multi-point",3,3,"one-point",1,"degenerate",,,,,1,3,1.3477350027567123,"SwitchDetected",3
123456,"TwoPole",131,51,7,0.7,2,"TopSupport","multi-point",3,4,"one-point",1,"calibrated",1.9619241389332946,0.006223974482053324,3,3,,,,"",
123456,"TwoPole",132,51,7,0.7,2,"TopSupport","multi-point",3,4,"one-point",1,"calibrated",1.3995438523740409,0.00039026453204739657,3,3,,,,"",
123456,"TwoPole",133,51,7,0.7,2,"TopSupport","multi-point",3,3,"one-point",1,"degenerate",,,,,1,3,1.5427502555321355,"SwitchDetected",3
123456,"TwoPole",134,51,7,0.7,2,"TopSupport","multi-point",3,3,"one-point",1,"calibrated",1.9477708844322608,0.0018332863269183777,3,4,,,,"",
123456,"TwoPole",135,51,7,0.7,2,"TopSupport","multi-point",3,4,"one-point",1,"degenerate",,,,,1,4,1.3642348400714843,"SwitchDetected",2
123456,"TwoPole",136,51,7,0.7,2,"TopSupport","multi-point",3,4,"one-point",1,"calibrated",1.5752625437572931,0.0023287413555656616,3,3,,,,"",
123456,"TwoPole",137,51,7,0.7,2,"TopSupport","multi-point",3,4,"one-point",1,"degenerate",,,,,1,4,1.7782114290567281,"SwitchDetected",3
123456,"TwoPole",138,51,7,0.7,2,"TopSupport","multi-point",3,3,"one-point",1,"calibrated",2.5271433919880195,0.03232413184561549,3,3,,,,"",
123456,"TwoPole",139,51,7,0.7,2,"TopSupport","multi-point",3,4,"one-point",1,"calibrated",2.158273381294964,0.021611629015636635,3,3,,,,"",
123456,"TwoPole",140,51,7,0.7,2,"TopSupport","multi-point",3,3,"one-point",1,"calibrated",2.055420219244823,0.026211994730643277,3,3,,,,"",
123456,"TwoPole",141,51,7,0.7,2,"TopSupport","multi-point",3,4,"one-point",1,"calibrated",2.330801104972376,0.0073874349765584236,3,3,,,,"",
123456,"TwoPole",142,51,7,0.7,2,"TopSupport","multi-point",3,4,"one-point",1,"degenerate",,,,,1,4,1.7589836029317822,"SwitchDetected",3
123456,"TwoPole",143,51,7,0.7,2,"TopSupport","multi-point",3,3,"one-point",1,"calibrated",1.879961008216126,0.008404877739517652,3,3,,,,"",
123456,"TwoPole",144,51,7,0.7,2,"TopSupport","multi-point",3,4,"one-point",1,"calibrated",2.7669604427136707,0.007541492408421384,3,4,,,,"",
123456,"TwoPole",145,51,7,0.7,2,"TopSupport","multi-point",3,3,"one-point",1,"calibrated",2.4807056229327453,0.013872591527530953,3,4,,,,"",
123456,"TwoPole",146,51,7,0.7,2,"TopSupport","multi-point",3,4,"one-point",1,"calibrated",1.9946808510638294,0.01871570775985571,3,3,,,,"",
123456,"TwoPole",147,51,7,0.7,2,"TopSupport","multi-point",3,4,"one-point",1,"degenerate",,,,,1,4,1.6589922411938183,"SwitchDetected",3
123456,"TwoPole",148,51,7,0.7,2,"TopSupport","multi-point",3,4,"one-point",1,"calibrated",1.6755616234330397,0.0030252789183455586,3,3,,,,"",
123456,"TwoPole",149,51,7,0.7,2,"TopSupport","multi-point",3,3,"one-point",1,"calibrated",2.2481265611990007,0.01336535841993008,3,3,,,,"",
123456,"TwoPole",150,51,7,0.7,2,"TopSupport","multi-point",3,3,"one-point",1,"calibrated",1.9619241389332946,0.007391054485104826,3,3,,,,"",
123456,"TwoPole",151,51,7,0.7,2,"TopSupport","multi-point",3,4,"one-point",1,"degenerate",,,,,1,4,1.658746600488239,"SwitchDetected",3
123456,"TwoPole",152,51,7,0.7,2,"TopSupport","multi-point",3,3,"one-point",1,"calibrated",2.6066808264143657,0.011193402666680143,3,4,,,,"",
123456,"TwoPole",153,51,7,0.7,2,"TopSupport","multi-point",3,4,"one-point",1,"degenerate",,,,,1,4,1.4955454943770996,"SwitchDetected",3
123456,"TwoPole",154,51,7,0.7,2,"TopSupport","multi-point",3,3,"one-point",1,"calibrated",2.055420219244823,0.007706591292361918,3,3,,,,"",
123456,"TwoPole",155,51,7,0.7,2,"TopSupport","multi-point",3,4,"one-point",1,"degenerate",,,,,1,4,1.512615438020527,"SwitchDetected",3
123456,"TwoPole",156,51,7,0.7,2,"TopSupport","multi-point",3,4,"one-point",1,"calibrated",1.6755616234330397,0.0066800605412672505,3,3,,,,"",
123456,"TwoPole",157,51,7,0.7,2,"TopSupport","multi-point",3,4,"one-point",1,"calibrated",1.9477708844322608,0.003087864209938587,3,3,,,,"",
123456,"TwoPole",158,51,7,0.7,2,"TopSupport","multi-point",3,5,"one-point",1,"calibrated",2.1034590215020255,0.0025902096292828485,3,3,,,,"",
123456,"TwoPole",159,51,7,0.7,2,"TopSupport","multi-point",3,4,"one-point",1,"degenerate",,,,,1,4,1.7679591396845804,"SwitchDetected",2
123456,"TwoPole",160,51,7,0.7,2,"TopSupport","multi-point",3,4,"one-point",1,"degenerate",,,,,1,4,1.6858720495759985,"SwitchDetected",3
123456,"TwoPole",161,51,7,0.7,2,"TopSupport","multi-point",3,4,"two-point",2,"calibrated",2.862595419847328,0.0365192872041448,3,4,,,,"",
123456,"TwoPole",162,51,7,0.7,2,"TopSupport","multi-point",3,3,"one-point",1,"calibrated",2.286198137171888,0.007286524382156048,3,3,,,,"",
123456,"TwoPole",163,51,7,0.7,2,"TopSupport","multi-point",3,3,"one-point",1,"calibrated",1.8669616927119346,0.01153252844750548,3,3,,,,"",
123456,"TwoPole",164,51,7,0.7,2,"TopSupport","multi-point",3,4,"one-point",1,"degenerate",,,,,1,4,1.661863434363926,"SwitchDetected",3
123456,"TwoPole",165,51,7,0.7,2,"TopSupport","multi-point",3,3,"one-point",1,"calibrated",2.305721605465414,0.006654789424734697,3,3,,,,"",
123456,"TwoPole",166,51,7,0.7,2,"TopSupport","multi-point",3,3,"one-point",1,"calibrated",2.3510971786833856,0.013017208634004894,3,3,,,,"",
123456,"TwoPole",167,51,7,0.7,2,"TopSupport","multi-point",3,5,"one-point",1,"calibrated",1.8669616927119346,0.00257072447798173,3,3,,,,"",
123456,"TwoPole",168,51,7,0.7,2,"TopSupport","multi-point",3,4,"one-point",1,"degenerate",,,,,1,4,1.553891973494495,"SwitchDetected",3
123456,"TwoPole",169,51,7,0.7,2,"TopSupport","multi-point",3,4,"one-point",1,"degenerate",,,,,1,4,1.6937907691814647,"SwitchDetected",3
123456,"TwoPole",170,51,7,0.7,2,"TopSupport","multi-point",3,3,"one-point",1,"calibrated",1.825804706518799,0.0019388452465766038,3,3,,,,"",
123456,"TwoPole",171,51,7,0.7,2,"TopSupport","multi-point",3,3,"one-point",1,"degenerate",,,,,1,3,1.736660236162049,"SwitchDetected",3
123456,"TwoPole",172,51,7,0.7,2,"TopSupport","multi-point",3,4,"one-point",1,"calibrated",1.548165137614679,0.001533206558234097,3,3,,,,"",
123456,"TwoPole",173,51,7,0.7,2,"TopSupport","multi-point",3,3,"one-point",1,"calibrated",1.9619241389332946,0.008927081834457463,3,3,,,,"",
123456,"TwoPole",174,51,7,0.7,2,"TopSupport","multi-point",3,3,"one-point",1,"degenerate",,,,,1,3,1.516300648435089,"SwitchDetected",3
123456,"TwoPole",175,51,7,0.7,2,"TopSupport","multi-point",3,4,"one-point",1,"degenerate",,,,,1,4,1.4970377219881073,"SwitchDetected",3
123456,"TwoPole",176,51,7,0.7,2,"TopSupport","multi-point",3,4,"one-point",1,"calibrated",1.6860247283626826,0.00236941043263592,3,3,,,,"",
123456,"TwoPole",177,51,7,0.7,2,"TopSupport","multi-point",3,4,"one-point",1,"calibrated",1.9065103798898462,0.021488825730531756,3,3,,,,"",
123456,"TwoPole",178,51,7,0.7,2,"TopSupport","multi-point",3,4,"one-point",1,"calibrated",2.5510204081632653,0.018922351527648498,3,4,,,,"",
123456,"TwoPole",179,51,7,0.7,2,"TopSupport","multi-point",3,4,"one-point",1,"degenerate",,,,,1,4,1.5083521409366532,"SwitchDetected",3
123456,"TwoPole",180,51,7,0.7,2,"TopSupport","multi-point",3,5,"one-point",1,"calibrated",2.5510204081632653,0.013612772044690191,4,4,,,,"",
123456,"TwoPole",181,51,7,0.7,2,"TopSupport","multi-point",3,4,"one-point",1,"degenerate",,,,,1,4,1.5468117306183566,"SwitchDetected",3
123456,"TwoPole",182,51,7,0.7,2,"TopSupport","multi-point",3,3,"two-point",2,"calibrated",2.3510971786833856,0.03299269420976488,3,3,,,,"",
123456,"TwoPole",183,51,7,0.7,2,"TopSupport","multi-point",3,3,"one-point",1,"degenerate",,,,,1,4,1.5601097904411851,"SwitchDetected",2
123456,"TwoPole",184,51,7,0.7,2,"TopSupport","multi-point",3,4,"one-point",1,"calibrated",1.6860247283626826,0.0021341624080840962,3,3,,,,"",
123456,"TwoPole",185,51,7,0.7,2,"TopSupport","multi-point",3,3,"one-point",1,"calibrated",2.3927685218007797,0.00535261601204844,3,3,,,,"",
123456,"TwoPole",186,51,7,0.7,2,"TopSupport","multi-point",3,4,"one-point",1,"calibrated",1.9908568057808584,0.01278825703227716,3,3,,,,"",
123456,"TwoPole",187,51,7,0.7,2,"TopSupport","multi-point",3,3,"one-point",1,"degenerate",,,,,1,4,1.522358596566377,"SwitchDetected",2
123456,"TwoPole",188,51,7,0.7,2,"TopSupport","multi-point",3,4,"one-point",1,"degenerate",,,,,1,4,1.6502595905474693,"SwitchDetected",3
123456,"TwoPole",189,51,7,0.7,2,"TopSupport","multi-point",3,4,"one-point",1,"calibrated",2.1034590215020255,0.005450552075121553,3,3,,,,"",
123456,"TwoPole",190,51,7,0.7,2,"TopSupport","multi-point",3,5,"one-point",1,"degenerate",,,,,1,4,1.6564901144170197,"SwitchDetected",3
123456,"TwoPole",191,51,7,0.7,2,"TopSupport","multi-point",3,3,"one-point",1,"calibrated",1.777719252041085,0.008687755169549472,3,3,,,,"",
123456,"TwoPole",192,51,7,0.7,2,"TopSupport","multi-point",3,4,"one-point",1,"degenerate",,,,,1,4,1.715474107298278,"SwitchDetected",2
123456,"TwoPole",193,51,7,0.7,2,"TopSupport","multi-point",3,4,"one-point",1,"calibrated",3.057065217391304,0.03270826793167472,3,4,,,,"",
123456,"TwoPole",194,51,7,0.7,2,"TopSupport","multi-point",3,3,"one-point",1,"calibrated",2.024595080983803,0.0031423185832779267,3,3,,,,"",
123456,"TwoPole",195,51,7,0.7,2,"TopSupport","multi-point",3,4,"one-point",1,"degenerate",,,,,1,4,1.8307111744167504,"SwitchDetected",3
123456,"TwoPole",196,51,7,0.7,2,"TopSupport","multi-point",3,4,"one-point",1,"degenerate",,,,,1,4,1.7931830805558822,"SwitchDetected",2
123456,"TwoPole",197,51,7,0.7,2,"TopSupport","multi-point",3,3,"one-point",1,"calibrated",2.2481265611990007,0.010833518587219834,3,3,,,,"",
123456,"TwoPole",198,51,7,0.7,2,"TopSupport","multi-point",3,4,"one-point",1,"degenerate",,,,,1,4,1.3291858473022309,"SwitchDetected",3
123456,"TwoPole",199,51,7,0.7,2,"TopSupport","multi-point",3,4,"one-point",1,"degenerate",,,,,1,3,1.4296007366143444,"SwitchDetected",3
123456,"TwoPole",200,51,7,0.7,2,"TopSupport","multi-point",3,4,"one-point",1,"calibrated",2.071187480822338,0.005180417410959704,3,4,,,,"",
123456,"TwoPole",1,51,7,0.7,3,"TopSupport","multi-point",3,4,"one-point",1,"calibrated",2.2481265611990007,0.02769937288926137,3,4,,,,"",
123456,"TwoPole",2,51,7,0.7,3,"TopSupport","multi-point",3,4,"one-point",1,"degenerate",,,,,1,4,1.9385466283824218,"SwitchDetected",4
123456,"TwoPole",3,51,7,0.7,3,"TopSupport","multi-point",3,4,"two-point",2,"calibrated",3.1278962001853565,0.037262174095258775,3,4,,,,"",
123456,"TwoPole",4,51,7,0.7,3,"TopSupport","multi-point",3,4,"one-point",1,"calibrated",1.9800528014080374,0.0051166362575808455,3,4,,,,"",
123456,"TwoPole",5,51,7,0.7,3,"TopSupport","multi-point",3,4,"one-point",1,"degenerate",,,,,1,4,1.8069699697671118,"SwitchDetected",3
123456,"TwoPole",6,51,7,0.7,3,"TopSupport","multi-point",3,4,"one-point",1,"calibrated",1.976284584980237,0.009923071934390147,3,4,,,,"",
123456,"TwoPole",7,51,7,0.7,3,"TopSupport","multi-point",3,4,"one-point",1,"calibrated",2.371749824314828,0.007003876045883465,4,4,,,,"",
123456,"TwoPole",8,51,7,0.7,3,"TopSupport","multi-point",3,4,"one-point",1,"degenerate",,,,,1,3,1.738241091832686,"SwitchDetected",3
123456,"TwoPole",9,51,7,0.7,3,"TopSupport","multi-point",3,3,"one-point",1,"calibrated",2.684430304235435,0.028512571448580604,3,3,,,,"",
123456,"TwoPole",10,51,7,0.7,3,"TopSupport","multi-point",3,4,"one-point",1,"calibrated",2.7669604427136707,0.022600563755690462,3,3,,,,"",
123456,"TwoPole",11,51,7,0.7,3,"TopSupport","multi-point",3,3,"two-point",2,"calibrated",5.834053586862576,0.0025598177010791494,3,4,,,,"",
123456,"TwoPole",12,51,7,0.7,3,"TopSupport","multi-point",3,3,"one-point",1,"degenerate",,,,,1,4,2.2650693853766573,"SwitchDetected",3
123456,"TwoPole",13,51,7,0.7,3,"TopSupport","multi-point",3,4,"one-point",1,"calibrated",2.6844303042354345,0.0033171175325731883,3,4,,,,"",
123456,"TwoPole",14,51,7,0.7,3,"TopSupport","multi-point",3,3,"two-point",2,"calibrated",3.7996059667886293,0.042315930776222276,3,3,,,,"",
123456,"TwoPole",15,51,7,0.7,3,"TopSupport","multi-point",3,3,"one-point",1,"degenerate",,,,,1,3,1.4178281242529396,"SwitchDetected",3
123456,"TwoPole",16,51,7,0.7,3,"TopSupport","multi-point",3,4,"one-point",1,"degenerate",,,,,1,4,1.4078501134576473,"SwitchDetected",3
123456,"TwoPole",17,51,7,0.7,3,"TopSupport","multi-point",3,4,"one-point",1,"calibrated",2.2481265611990007,0.006137110039453866,4,4,,,,"",
123456,"TwoPole",18,51,7,0.7,3,"TopSupport","multi-point",3,3,"one-point",1,"calibrated",7.546115148127446,0.012655203679310943,3,4,,,,"",
123456,"TwoPole",19,51,7,0.7,3,"TopSupport","multi-point",3,5,"one-point",1,"calibrated",2.8932704672096015,0.029187140503562303,3,4,,,,"",
123456,"TwoPole",20,51,7,0.7,3,"TopSupport","multi-point",3,3,"one-point",1,"calibrated",5.238649592549476,0.0159837253796319,3,4,,,,"",
123456,"TwoPole",21,51,7,0.7,3,"TopSupport","multi-point",3,3,"one-point",1,"degenerate",,,,,1,3,1.523766653700452,"SwitchDetected",3
123456,"TwoPole",22,51,7,0.7,3,"TopSupport","multi-point",3,4,"one-point",1,"calibrated",1.825804706518799,0.002530930064193888,3,3,,,,"",
123456,"TwoPole",23,51,7,0.7,3,"TopSupport","multi-point",3,3,"one-point",1,"calibrated",3.658536585365854,0.005424724152400763,3,4,,,,"",
123456,"TwoPole",24,51,7,0.7,3,"TopSupport","multi-point",3,4,"one-point",1,"degenerate",,,,,1,4,1.8666864151394833,"SwitchDetected",3
123456,"TwoPole",25,51,7,0.7,3,"TopSupport","multi-point",3,4,"one-point",1,"calibrated",1.838235294117647,0.009966166397494949,3,3,,,,"",
123456,"TwoPole",26,51,7,0.7,3,"TopSupport","multi-point",3,4,"one-point",1,"degenerate",,,,,1,4,1.339772703112453,"SwitchDetected",3
123456,"TwoPole",27,51,7,0.7,3,"TopSupport","multi-point",3,3,"one-point",1,"calibrated",20,0.0051307755550672966,3,4,,,,"",
123456,"TwoPole",28,51,7,0.7,3,"TopSupport","multi-point",3,3,"one-point",1,"degenerate",,,,,1,3,1.2692301360816278,"SwitchDetected",3
123456,"TwoPole",29,51,7,0.7,3,"TopSupport","multi-point",3,4,"one-point",1,"calibrated",2.158273381294964,0.0015179898035877354,4,4,,,,"",
123456,"TwoPole",30,51,7,0.7,3,"TopSupport","multi-point",3,4,"one-point",1,"degenerate",,,,,1,3,1.552054916825951,"SwitchDetected",3
123456,"TwoPole",31,51,7,0.7,3,"TopSupport","two-point",2,2,"one-point",1,"degenerate",,,,,2,3,1.7982298126505536,"SwitchDetected",3
123456,"TwoPole",32,51,7,0.7,3,"TopSupport","multi-point",3,3,"one-point",1,"calibrated",1.6755616234330397,0.011231549007850818,3,3,,,,"",
123456,"TwoPole",33,51,7,0.7,3,"TopSupport","multi-point",3,3,"one-point",1,"calibrated",2.158273381294964,0.015888839986288112,3,3,,,,"",
123456,"TwoPole",34,51,7,0.7,3,"TopSupport","multi-point",3,4,"one-point",1,"degenerate",,,,,1,3,1.5772424249717214,"SwitchDetected",2
123456,"TwoPole",35,51,7,0.7,3,"TopSupport","multi-point",3,4,"two-point",2,"calibrated",2.286198137171888,0.027203169283864348,3,4,,,,"",
123456,"TwoPole",36,51,7,0.7,3,"TopSupport","multi-point",3,3,"one-point",1,"calibrated",1.7182130584192439,0.0030365617833437502,3,3,,,,"",
123456,"TwoPole",37,51,7,0.7,3,"TopSupport","multi-point",3,4,"one-point",1,"calibrated",3.9823008849557513,0.018974044958633234,4,4,,,,"",
123456,"TwoPole",38,51,7,0.7,3,"TopSupport","multi-point",3,4,"one-point",1,"degenerate",,,,,1,4,1.5400638434669487,"SwitchDetected",3
123456,"TwoPole",39,51,7,0.7,3,"TopSupport","multi-point",3,4,"one-point",1,"calibrated",1.9800528014080374,0.0044002648304667024,3,3,,,,"",
123456,"TwoPole",40,51,7,0.7,3,"TopSupport","multi-point",3,3,"one-point",1,"calibrated",2.305721605465414,0.003456448743379275,3,3,,,,"",
123456,"TwoPole",41,51,7,0.7,3,"TopSupport","multi-point",3,4,"one-point",1,"calibrated",2.1933387489845653,0.0030964407608200907,3,4,,,,"",
123456,"TwoPole",42,51,7,0.7,3,"TopSupport","multi-point",3,3,"one-point",1,"calibrated",2.330801104972376,0.013263560492306413,3,3,,,,"",
123456,"TwoPole",43,51,7,0.7,3,"TopSupport","multi-point",3,4,"one-point",1,"calibrated",3.458877786318216,0.027290277346570805,3,4,,,,"",
123456,"TwoPole",44,51,7,0.7,3,"TopSupport","multi-point",3,4,"one-point",1,"calibrated",1.9619241389332946,0.004164277981227641,4,4,,,,"",
123456,"TwoPole",45,51,7,0.7,3,"TopSupport","multi-point",3,5,"one-point",1,"degenerate",,,,,1,4,1.4776211507975785,"SwitchDetected",3
123456,"TwoPole",46,51,7,0.7,3,"TopSupport","multi-point",3,3,"one-point",1,"calibrated",3.597122302158273,0.02410680199812327,3,3,,,,"",
123456,"TwoPole",47,51,7,0.7,3,"TopSupport","multi-point",3,3,"two-point",2,"calibrated",2.5037091988130564,0.0365498533024593,3,4,,,,"",
123456,"TwoPole",48,51,7,0.7,3,"TopSupport","multi-point",3,5,"one-point",1,"calibrated",2.119974874371859,0.004915723411597281,3,4,,,,"",
123456,"TwoPole",49,51,7,0.7,3,"TopSupport","multi-point",3,3,"one-point",1,"calibrated",2.071187480822338,0.014313096203187133,3,3,,,,"",
123456,"TwoPole",50,51,7,0.7,3,"TopSupport","multi-point",3,3,"one-point",1,"degenerate",,,,,1,3,1.4531263858093126,"SwitchDetected",3
123456,"TwoPole",51,51,7,0.7,3,"TopSupport","two-point",2,2,"one-point",1,"degenerate",,,,,2,3,1.8630646355729479,"SwitchDetected",3
123456,"TwoPole",52,51,7,0.7,3,"TopSupport","multi-point",3,4,"one-point",1,"degenerate",,,,,1,4,1.8504473928671268,"SwitchDetected",3
123456,"TwoPole",53,51,7,0.7,3,"TopSupport","multi-point",3,4,"one-point",1,"degenerate",,,,,1,4,1.4862071827602144,"SwitchDetected",3
123456,"TwoPole",54,51,7,0.7,3,"TopSupport","multi-point",3,4,"one-point",1,"calibrated",3.2119914346895073,0.013636048571279993,3,4,,,,"",
123456,"TwoPole",55,51,7,0.7,3,"TopSupport","multi-point",3,4,"one-point",1,"calibrated",2.211302211302211,0.020482522908834896,3,4,,,,"",
123456,"TwoPole",56,51,7,0.7,3,"TopSupport","multi-point",3,4,"one-point",1,"degenerate",,,,,1,4,1.7668623796025744,"SwitchDetected",3
123456,"TwoPole",57,51,7,0.7,3,"TopSupport","multi-point",3,4,"one-point",1,"calibrated",2.2481265611990007,0.006405156010695992,3,3,,,,"",
123456,"TwoPole",58,51,7,0.7,3,"TopSupport","multi-point",3,4,"one-point",1,"calibrated",2.1034590215020255,0.002454856964253571,3,3,,,,"",
123456,"TwoPole",59,51,7,0.7,3,"TopSupport","multi-point",3,4,"one-point",1,"calibrated",2.435943702634428,0.024939781163180456,3,3,,,,"",
123456,"TwoPole",60,51,7,0.7,3,"TopSupport","multi-point",3,4,"one-point",1,"degenerate",,,,,1,4,1.6829510810166737,"SwitchDetected",3
123456,"TwoPole",61,51,7,0.7,3,"TopSupport","multi-point",3,4,"one-point",1,"calibrated",1.9065103798898462,0.0023331493119037303,3,4,,,,"",
123456,"TwoPole",62,51,7,0.7,3,"TopSupport","multi-point",3,4,"one-point",1,"calibrated",2.5510204081632653,0.0197883401432428,3,4,,,,"",
123456,"TwoPole",63,51,7,0.7,3,"TopSupport","multi-point",3,4,"two-point",2,"calibrated",7.736389684813753,0.028628818091370405,4,4,,,,"",
123456,"TwoPole",64,51,7,0.7,3,"TopSupport","multi-point",3,3,"one-point",1,"degenerate",,,,,1,3,1.4122753049000587,"SwitchDetected",3
123456,"TwoPole",65,51,7,0.7,3,"TopSupport","multi-point",3,4,"one-point",1,"calibrated",2.1034590215020255,0.004974514825983883,3,3,,,,"",
123456,"TwoPole",66,51,7,0.7,3,"TopSupport","multi-point",3,4,"one-point",1,"degenerate",,,,,1,4,2.00001159674693,"SwitchDetected",3
123456,"TwoPole",67,51,7,0.7,3,"TopSupport","multi-point",3,3,"one-point",1,"calibrated",2.7388922702373706,0.014567613462881641,3,3,,,,"",
123456,"TwoPole",68,51,7,0.7,3,"TopSupport","multi-point",3,4,"one-point",1,"degenerate",,,,,1,4,1.64304694752935,"SwitchDetected",3
123456,"TwoPole",69,51,7,0.7,3,"TopSupport","multi-point",3,3,"one-point",1,"calibrated",1.2417218543046358,0.002947127625995366,3,3,,,,"",
123456,"TwoPole",70,51,7,0.7,3,"TopSupport","multi-point",3,3,"one-point",1,"calibrated",1.976284584980237,0.006431949187262609,3,4,,,,"",
123456,"TwoPole",71,51,7,0.7,3,"TopSupport","multi-point",3,3,"one-point",1,"degenerate",,,,,1,3,1.6990827400612891,"SwitchDetected",3
123456,"TwoPole",72,51,7,0.7,3,"TopSupport","multi-point",3,4,"one-point",1,"calibrated",4.4598612487611495,0.01390791888904013,4,4,,,,"",
123456,"TwoPole",73,51,7,0.7,3,"TopSupport","multi-point",3,4,"one-point",1,"calibrated",2.17566478646253,0.01941646589331909,3,4,,,,"",
123456,"TwoPole",74,51,7,0.7,3,"TopSupport","multi-point",3,4,"one-point",1,"calibrated",3.3724706470147385,0.02908146621579242,3,4,,,,"",
123456,"TwoPole",75,51,7,0.7,3,"TopSupport","multi-point",3,3,"one-point",1,"degenerate",,,,,1,3,1.353597362203578,"SwitchDetected",3
123456,"TwoPole",76,51,7,0.7,3,"TopSupport","multi-point",3,4,"one-point",1,"calibrated",2.055420219244823,0.011750639270633325,3,4,,,,"",
123456,"TwoPole",77,51,7,0.7,3,"TopSupport","multi-point",3,4,"one-point",1,"calibrated",1.7895015906680807,0.002110007545127324,3,3,,,,"",
123456,"TwoPole",78,51,7,0.7,3,"TopSupport","multi-point",3,3,"one-point",1,"calibrated",1.8135411069317569,0.004168709611577678,3,3,,,,"",
123456,"TwoPole",79,51,7,0.7,3,"TopSupport","multi-point",3,3,"one-point",1,"calibrated",3.9244186046511618,0.02099284832930207,3,4,,,,"",
123456,"TwoPole",80,51,7,0.7,3,"TopSupport","multi-point",3,4,"one-point",1,"calibrated",10.146561443066515,0.030848120145219454,4,4,,,,"",
123456,"TwoPole",81,51,7,0.7,3,"TopSupport","multi-point",3,4,"one-point",1,"calibrated",3.8681948424068757,0.0063521859053644915,4,4,,,,"",
123456,"TwoPole",82,51,7,0.7,3,"TopSupport","multi-point",3,3,"one-point",1,"calibrated",1.7630925950111005,0.001914741126482803,3,3,,,,"",
123456,"TwoPole",83,51,7,0.7,3,"TopSupport","multi-point",3,3,"two-point",2,"calibrated",4.44078947368421,0.04092116764850144,3,3,,,,"",
123456,"TwoPole",84,51,7,0.7,3,"TopSupport","multi-point",3,3,"one-point",1,"calibrated",2.632092025736011,0.017284108273130094,3,3,,,,"",
123456,"TwoPole",85,51,7,0.7,3,"TopSupport","multi-point",3,3,"one-point",1,"calibrated",2.824858757062147,0.02265106536391552,3,4,,,,"",
123456,"TwoPole",86,51,7,0.7,3,"TopSupport","multi-point",3,3,"two-point",2,"calibrated",1.879961008216126,0.014853952483780356,3,3,,,,"",
123456,"TwoPole",87,51,7,0.7,3,"TopSupport","multi-point",3,4,"two-point",2,"calibrated",7.546115148127446,0.04363439752650386,4,4,,,,"",
123456,"TwoPole",88,51,7,0.7,3,"TopSupport","multi-point",3,5,"one-point",1,"calibrated",1.976284584980237,0.006807459596900167,3,3,,,,"",
123456,"TwoPole",89,51,7,0.7,3,"TopSupport","multi-point",3,4,"one-point",1,"calibrated",2.055420219244823,0.008943850664466905,3,3,,,,"",
123456,"TwoPole",90,51,7,0.7,3,"TopSupport","multi-point",3,4,"one-point",1,"calibrated",1.5845070422535212,0.0020788220681654704,3,3,,,,"",
123456,"TwoPole",91,51,7,0.7,3,"TopSupport","multi-point",3,3,"one-point",1,"calibrated",2.1367521367521367,0.0065888882200186814,3,3,,,,"",
123456,"TwoPole",92,51,7,0.7,3,"TopSupport","multi-point",3,4,"one-point",1,"calibrated",3.597122302158273,0.027046585565270526,4,4,,,,"",
123456,"TwoPole",93,51,7,0.7,3,"TopSupport","multi-point",3,3,"one-point",1,"degenerate",,,,,1,3,1.473320017040658,"SwitchDetected",3
123456,"TwoPole",94,51,7,0.7,3,"TopSupport","multi-point",3,3,"one-point",1,"calibrated",1.6860247283626826,0.004618487978692296,3,3,,,,"",
123456,"TwoPole",95,51,7,0.7,3,"TopSupport","multi-point",3,4,"one-point",1,"calibrated",2.7113878288813016,0.01624148402230322,3,4,,,,"",
123456,"TwoPole",96,51,7,0.7,3,"TopSupport","multi-point",3,3,"one-point",1,"degenerate",,,,,1,3,1.4950797831386045,"SwitchDetected",3
123456,"TwoPole",97,51,7,0.7,3,"TopSupport","multi-point",3,4,"one-point",1,"calibrated",2.3927685218007797,0.005748973513792886,3,3,,,,"",
123456,"TwoPole",98,51,7,0.7,3,"TopSupport","multi-point",3,4,"two-point",2,"calibrated",2.5271433919880195,0.0333510726912574,3,4,,,,"",
123456,"TwoPole",99,51,7,0.7,3,"TopSupport","multi-point",3,4,"one-point",1,"degenerate",,,,,1,4,1.6497411455047728,"SwitchDetected",3
123456,"TwoPole",100,51,7,0.7,3,"TopSupport","multi-point",3,4,"one-point",1,"calibrated",3.3724706470147385,0.005110571664195564,4,4,,,,"",
123456,"TwoPole",101,51,7,0.7,3,"TopSupport","multi-point",3,4,"one-point",1,"calibrated",2.286198137171888,0.01502374097223693,3,4,,,,"",
123456,"TwoPole",102,51,7,0.7,3,"TopSupport","multi-point",3,4,"two-point",2,"calibrated",3.5498290823034444,0.03044069083104799,4,4,,,,"",
123456,"TwoPole",103,51,7,0.7,3,"TopSupport","multi-point",3,4,"one-point",1,"calibrated",3.1742299553256523,0.028398894787339955,3,4,,,,"",
123456,"TwoPole",104,51,7,0.7,3,"TopSupport","multi-point",3,4,"one-point",1,"calibrated",2.4141630901287554,0.006959011288451954,3,4,,,,"",
123456,"TwoPole",105,51,7,0.7,3,"TopSupport","multi-point",3,3,"one-point",1,"degenerate",,,,,1,4,1.6782113692059895,"SwitchDetected",4
123456,"TwoPole",106,51,7,0.7,3,"TopSupport","multi-point",3,4,"one-point",1,"calibrated",2.4141630901287554,0.0056329925260324145,3,3,,,,"",
123456,"TwoPole",107,51,7,0.7,3,"TopSupport","multi-point",3,3,"two-point",2,"calibrated",5.265210608424336,0.07054011441961022,3,4,,,,"",
123456,"TwoPole",108,51,7,0.7,3,"TopSupport","multi-point",3,4,"one-point",1,"calibrated",7.079181961195594,0.014493084115044266,4,4,,,,"",
123456,"TwoPole",109,51,7,0.7,3,"TopSupport","multi-point",3,4,"one-point",1,"calibrated",1.6860247283626826,0.006893550341330823,3,3,,,,"",
123456,"TwoPole",110,51,7,0.7,3,"TopSupport","multi-point",3,3,"one-point",1,"degenerate",,,,,1,3,1.5828732037314033,"SwitchDetected",3
123456,"TwoPole",111,51,7,0.7,3,"TopSupport","multi-point",3,4,"one-point",1,"calibrated",2.458120903131828,0.008123183475785185,3,4,,,,"",
123456,"TwoPole",112,51,7,0.7,3,"TopSupport","multi-point",3,4,"one-point",1,"calibrated",2.4141630901287554,0.009656956955141134,3,4,,,,"",
123456,"TwoPole",113,51,7,0.7,3,"TopSupport","multi-point",3,4,"one-point",1,"calibrated",2.071187480822338,0.0039725073543820716,3,4,,,,"",
123456,"TwoPole",114,51,7,0.7,3,"TopSupport","multi-point",3,4,"one-point",1,"degenerate",,,,,1,4,1.5835742829624166,"SwitchDetected",3
123456,"TwoPole",115,51,7,0.7,3,"TopSupport","multi-point",3,4,"one-point",1,"calibrated",4.861361181130716,0.0035507296333721298,4,4,,,,"",
123456,"TwoPole",116,51,7,0.7,3,"TopSupport","two-point",2,2,"one-point",1,"degenerate",,,,,2,4,2.7130510522718536,"SwitchDetected",4
123456,"TwoPole",117,51,7,0.7,3,"TopSupport","multi-point",3,4,"one-point",1,"calibrated",2.6066808264143657,0.009612286253267812,3,4,,,,"",
123456,"TwoPole",118,51,7,0.7,3,"TopSupport","multi-point",3,5,"one-point",1,"calibrated",2.9893711248892822,0.01837045736660661,3,4,,,,"",
123456,"TwoPole",119,51,7,0.7,3,"TopSupport","multi-point",3,5,"one-point",1,"calibrated",2.5037091988130564,0.022106719062733475,3,4,,,,"",
123456,"TwoPole",120,51,7,0.7,3,"TopSupport","multi-point",3,3,"one-point",1,"degenerate",,,,,1,3,1.4365792858664765,"SwitchDetected",3
123456,"TwoPole",121,51,7,0.7,3,"TopSupport","multi-point",3,5,"one-point",1,"calibrated",2.119974874371859,0.0034515590994271656,3,3,,,,"",
123456,"TwoPole",122,51,7,0.7,3,"TopSupport","multi-point",3,3,"one-point",1,"degenerate",,,,,1,3,1.586205127187337,"SwitchDetected",3
123456,"TwoPole",123,51,7,0.7,3,"TopSupport","multi-point",3,5,"one-point",1,"degenerate",,,,,1,4,1.433270974731863,"SwitchDetected",3
123456,"TwoPole",124,51,7,0.7,3,"TopSupport","multi-point",3,3,"one-point",1,"degenerate",,,,,1,4,1.7731453009999103,"SwitchDetected",2
123456,"TwoPole",125,51,7,0.7,3,"TopSupport","multi-point",3,3,"one-point",1,"calibrated",3.057065217391304,0.0487935597628277,3,4,,,,"",
123456,"TwoPole",126,51,7,0.7,3,"TopSupport","multi-point",3,5,"one-point",1,"calibrated",4.692387904066736,0.00996182878777075,4,4,,,,"",
123456,"TwoPole",127,51,7,0.7,3,"TopSupport","multi-point",3,3,"two-point",2,"calibrated",1.9619241389332946,0.016689275579510617,3,3,,,,"",
123456,"TwoPole",128,51,7,0.7,3,"TopSupport","multi-point",3,4,"one-point",1,"calibrated",3.2119914346895073,0.019054659410299102,3,4,,,,"",
123456,"TwoPole",129,51,7,0.7,3,"TopSupport","multi-point",3,4,"one-point",1,"calibrated",2.119974874371859,0.018833595165436284,3,3,,,,"",
123456,"TwoPole",130,51,7,0.7,3,"TopSupport","multi-point",3,4,"one-point",1,"calibrated",2.211302211302211,0.020958614663794797,4,4,,,,"",
123456,"TwoPole",131,51,7,0.7,3,"TopSupport","multi-point",3,4,"one-point",1,"calibrated",2.9893711248892822,0.03309453305215007,3,4,,,,"",
123456,"TwoPole",132,51,7,0.7,3,"TopSupport","multi-point",3,4,"one-point",1,"degenerate",,,,,1,3,1.8326078701246553,"SwitchDetected",3
123456,"TwoPole",133,51,7,0.7,3,"TopSupport","multi-point",3,4,"one-point",1,"degenerate",,,,,2,4,1.9661733932361787,"SwitchDetected",3
123456,"TwoPole",134,51,7,0.7,3,"TopSupport","multi-point",3,4,"one-point",1,"calibrated",2.862595419847328,0.023884970658696533,4,4,,,,"",
123456,"TwoPole",135,51,7,0.7,3,"TopSupport","multi-point",3,4,"one-point",1,"degenerate",,,,,1,4,1.4333932330261359,"SwitchDetected",3
123456,"TwoPole",136,51,7,0.7,3,"TopSupport","multi-point",3,4,"one-point",1,"calibrated",3.3724706470147385,0.02780025012862113,3,4,,,,"",
123456,"TwoPole",137,51,7,0.7,3,"TopSupport","multi-point",3,4,"one-point",1,"degenerate",,,,,1,4,1.9554200277188902,"SwitchDetected",4
123456,"TwoPole",138,51,7,0.7,3,"TopSupport","multi-point",3,4,"one-point",1,"calibrated",2.7113878288813016,0.024226571151956127,3,4,,,,"",
123456,"TwoPole",139,51,7,0.7,3,"TopSupport","multi-point",3,4,"one-point",1,"degenerate",,,,,1,4,1.3805536497059983,"SwitchDetected",3
123456,"TwoPole",140,51,7,0.7,3,"TopSupport","multi-point",3,4,"one-point",1,"calibrated",2.055420219244823,0.016893570890881275,3,3,,,,"",
123456,"TwoPole",141,51,7,0.7,3,"TopSupport","multi-point",3,3,"one-point",1,"calibrated",2.039891205802357,0.016244004121532887,3,3,,,,"",
123456,"TwoPole",142,51,7,0.7,3,"TopSupport","multi-point",3,4,"one-point",1,"calibrated",3.2119914346895073,0.03391950167205109,3,4,,,,"",
123456,"TwoPole",143,51,7,0.7,3,"TopSupport","multi-point",3,4,"two-point",2,"calibrated",4.387390315242119,0.05302020814837205,4,4,,,,"",
123456,"TwoPole",144,51,7,0.7,3,"TopSupport","multi-point",3,4,"one-point",1,"calibrated",4.9504950495049505,0.05245398809057468,4,4,,,,"",
123456,"TwoPole",145,51,7,0.7,3,"TopSupport","multi-point",3,3,"one-point",1,"calibrated",2.1034590215020255,0.004357780233408081,3,3,,,,"",
123456,"TwoPole",146,51,7,0.7,3,"TopSupport","multi-point",3,4,"one-point",1,"degenerate",,,,,1,4,1.8427566442686183,"SwitchDetected",4
123456,"TwoPole",147,51,7,0.7,3,"TopSupport","multi-point",3,4,"one-point",1,"calibrated",2.9163966299416724,0.014322954120594072,4,4,,,,"",
123456,"TwoPole",148,51,7,0.7,3,"TopSupport","multi-point",3,4,"one-point",1,"calibrated",1.8135411069317569,0.01555850890839156,3,3,,,,"",
123456,"TwoPole",149,51,7,0.7,3,"TopSupport","multi-point",3,4,"one-point",1,"calibrated",2.4523160762942773,0.02098869344035835,3,4,,,,"",
123456,"TwoPole",150,51,7,0.7,3,"TopSupport","multi-point",3,4,"two-point",2,"calibrated",4.9504950495049505,0.021754324727868903,4,4,,,,"",
123456,"TwoPole",151,51,7,0.7,3,"TopSupport","multi-point",3,4,"one-point",1,"calibrated",2.158273381294964,0.012060012685314649,3,3,,,,"",
123456,"TwoPole",152,51,7,0.7,3,"TopSupport","multi-point",3,4,"one-point",1,"calibrated",2.1933387489845653,0.014966157863256249,3,3,,,,"",
123456,"TwoPole",153,51,7,0.7,3,"TopSupport","multi-point",3,4,"one-point",1,"calibrated",1.7432851239669418,0.007256949557420384,3,3,,,,"",
123456,"TwoPole",154,51,7,0.7,3,"TopSupport","multi-point",3,3,"one-point",1,"calibrated",2.1367521367521367,0.02216418074304878,3,3,,,,"",
123456,"TwoPole",155,51,7,0.7,3,"TopSupport","multi-point",3,4,"one-point",1,"calibrated",11.042944785276074,0.04824654836145553,4,4,,,,"",
123456,"TwoPole",156,51,7,0.7,3,"TopSupport","multi-point",3,3,"one-point",1,"calibrated",1.8931426167437946,0.006074156805301299,3,3,,,,"",
123456,"TwoPole",157,51,7,0.7,3,"TopSupport","multi-point",3,3,"one-point",1,"degenerate",,,,,1,3,1.7306684236725738,"SwitchDetected",2
123456,"TwoPole",158,51,7,0.7,3,"TopSupport","multi-point",3,4,"one-point",1,"calibrated",3.057065217391304,0.02203664927683268,3,3,,,,"",
123456,"TwoPole",159,51,7,0.7,3,"TopSupport","multi-point",3,3,"one-point",1,"degenerate",,,,,1,3,1.6480746099792305,"SwitchDetected",3
123456,"TwoPole",160,51,7,0.7,3,"TopSupport","multi-point",3,3,"one-point",1,"calibrated",3.658536585365854,0.02596400850613216,3,4,,,,"",
123456,"TwoPole",161,51,7,0.7,3,"TopSupport","multi-point",3,3,"one-point",1,"calibrated",1.6966193288927987,0.005014808491310874,3,3,,,,"",
123456,"TwoPole",162,51,7,0.7,3,"TopSupport","multi-point",3,3,"one-point",1,"calibrated",2.458120903131828,0.024096677110890686,3,3,,,,"",
123456,"TwoPole",163,51,7,0.7,3,"TopSupport","multi-point",3,3,"one-point",1,"calibrated",2.371749824314828,0.002105986738692222,3,4,,,,"",
123456,"TwoPole",164,51,7,0.7,3,"TopSupport","multi-point",3,3,"one-point",1,"calibrated",1.5570934256055362,0.0027262203127332804,3,3,,,,"",
123456,"TwoPole",165,51,7,0.7,3,"TopSupport","multi-point",3,5,"one-point",1,"calibrated",3.2020872865275143,0.024537631851026493,4,4,,,,"",
123456,"TwoPole",166,51,7,0.7,3,"TopSupport","multi-point",3,4,"one-point",1,"calibrated",2.6066808264143657,0.01479369053913751,3,4,,,,"",
123456,"TwoPole",167,51,7,0.7,3,"TopSupport","multi-point",3,3,"one-point",1,"calibrated",2.9893711248892822,0.030604689163725204,3,3,,,,"",
123456,"TwoPole",168,51,7,0.7,3,"TopSupport","multi-point",3,3,"one-point",1,"degenerate",,,,,1,4,1.6481392669633026,"SwitchDetected",4
123456,"TwoPole",169,51,7,0.7,3,"TopSupport","multi-point",3,4,"one-point",1,"calibrated",1.6860247283626826,0.0007640514881282313,3,3,,,,"",
123456,"TwoPole",170,51,7,0.7,3,"TopSupport","multi-point",3,5,"one-point",1,"degenerate",,,,,1,4,2.139559088114798,"SwitchDetected",3
123456,"TwoPole",171,51,7,0.7,3,"TopSupport","multi-point",3,4,"one-point",1,"calibrated",2.087198515769944,0.020148683524472088,3,3,,,,"",
123456,"TwoPole",172,51,7,0.7,3,"TopSupport","multi-point",3,4,"one-point",1,"degenerate",,,,,1,4,1.5557765945072084,"SwitchDetected",3
123456,"TwoPole",173,51,7,0.7,3,"TopSupport","multi-point",3,3,"one-point",1,"calibrated",3.2020872865275143,0.011170871539989575,3,3,,,,"",
123456,"TwoPole",174,51,7,0.7,3,"TopSupport","multi-point",3,3,"one-point",1,"degenerate",,,,,1,3,1.6033068203169034,"SwitchDetected",3
123456,"TwoPole",175,51,7,0.7,3,"TopSupport","multi-point",3,4,"one-point",1,"calibrated",1.838235294117647,0.013416653630185571,3,3,,,,"",
123456,"TwoPole",176,51,7,0.7,3,"TopSupport","multi-point",3,4,"one-point",1,"calibrated",5.478896103896105,0.02497630746783534,4,4,,,,"",
123456,"TwoPole",177,51,7,0.7,3,"TopSupport","multi-point",3,4,"one-point",1,"calibrated",1.825804706518799,0.0015150278739355068,3,4,,,,"",
123456,"TwoPole",178,51,7,0.7,3,"TopSupport","multi-point",3,5,"one-point",1,"degenerate",,,,,1,4,1.6647775681790122,"SwitchDetected",3
123456,"TwoPole",179,51,7,0.7,3,"TopSupport","multi-point",3,3,"one-point",1,"calibrated",1.3711151736745886,0.007664974403108183,3,3,,,,"",
123456,"TwoPole",180,51,7,0.7,3,"TopSupport","multi-point",3,4,"one-point",1,"degenerate",,,,,1,4,1.982456878023666,"SwitchDetected",3
123456,"TwoPole",181,51,7,0.7,3,"TopSupport","multi-point",3,5,"one-point",1,"calibrated",1.9946808510638294,0.010084546366746145,3,3,,,,"",
123456,"TwoPole",182,51,7,0.7,3,"TopSupport","multi-point",3,3,"one-point",1,"degenerate",,,,,1,4,1.8909266336854784,"SwitchDetected",4
123456,"TwoPole",183,51,7,0.7,3,"TopSupport","multi-point",3,4,"one-point",1,"calibrated",2.325581395348837,0.0013100428291124312,3,4,,,,"",
123456,"TwoPole",184,51,7,0.7,3,"TopSupport","multi-point",3,4,"one-point",1,"calibrated",1.7546139849233169,0.00575949055442495,3,3,,,,"",
123456,"TwoPole",185,51,7,0.7,3,"TopSupport","multi-point",3,4,"one-point",1,"degenerate",,,,,1,4,2.1990861524616068,"SwitchDetected",4
123456,"TwoPole",186,51,7,0.7,3,"TopSupport","multi-point",3,3,"one-point",1,"calibrated",1.8931426167437946,0.0015833966435938572,3,3,,,,"",
123456,"TwoPole",187,51,7,0.7,3,"TopSupport","multi-point",3,3,"two-point",2,"calibrated",3.2119914346895073,0.04557584296516918,3,4,,,,"",
123456,"TwoPole",188,51,7,0.7,3,"TopSupport","multi-point",3,4,"two-point",2,"calibrated",3.1645569620253164,0.0314906561186696,3,3,,,,"",
123456,"TwoPole",189,51,7,0.7,3,"TopSupport","multi-point",3,4,"one-point",1,"calibrated",1.8931426167437946,0.0017689883073464532,3,3,,,,"",
123456,"TwoPole",190,51,7,0.7,3,"TopSupport","multi-point",3,4,"one-point",1,"calibrated",1.6033254156769599,0.0003272059971864972,3,3,,,,"",
123456,"TwoPole",191,51,7,0.7,3,"TopSupport","multi-point",3,4,"one-point",1,"calibrated",4.04191616766467,0.007921605845707344,4,4,,,,"",
123456,"TwoPole",192,51,7,0.7,3,"TopSupport","multi-point",3,3,"one-point",1,"calibrated",2.6066808264143657,0.024790569954191894,3,3,,,,"",
123456,"TwoPole",193,51,7,0.7,3,"TopSupport","multi-point",3,4,"one-point",1,"calibrated",4.612230953194397,0.032676007686527515,4,4,,,,"",
123456,"TwoPole",194,51,7,0.7,3,"TopSupport","multi-point",3,5,"one-point",1,"degenerate",,,,,1,4,1.7375041988712692,"SwitchDetected",3
123456,"TwoPole",195,51,7,0.7,3,"TopSupport","multi-point",3,3,"two-point",2,"calibrated",3.1278962001853565,0.0273060649671825,3,3,,,,"",
123456,"TwoPole",196,51,7,0.7,3,"TopSupport","multi-point",3,3,"two-point",2,"calibrated",3.695592663564194,0.020613513681475057,3,3,,,,"",
123456,"TwoPole",197,51,7,0.7,3,"TopSupport","multi-point",3,4,"one-point",1,"calibrated",4.775380261761585,0.006317275499726513,4,4,,,,"",
123456,"TwoPole",198,51,7,0.7,3,"TopSupport","multi-point",3,4,"one-point",1,"calibrated",2.8932704672096015,0.017361060049831713,3,4,,,,"",
123456,"TwoPole",199,51,7,0.7,3,"TopSupport","multi-point",3,4,"one-point",1,"degenerate",,,,,1,3,1.4107339859326988,"SwitchDetected",3
123456,"TwoPole",200,51,7,0.7,3,"TopSupport","multi-point",3,4,"one-point",1,"degenerate",,,,,1,4,1.7571810457393666,"SwitchDetected",4
123456,"TwoPole",1,51,7,0.8,1,"TopSupport","multi-point",3,3,"one-point",1,"calibrated",2.458120903131828,0.012407455290404358,3,3,,,,"",
123456,"TwoPole",2,51,7,0.8,1,"TopSupport","multi-point",3,3,"one-point",1,"calibrated",2.5037091988130564,0.004538325507581747,3,3,,,,"",
123456,"TwoPole",3,51,7,0.8,1,"TopSupport","multi-point",3,3,"one-point",1,"calibrated",2.435943702634428,0.005602263178671052,3,3,,,,"",
123456,"TwoPole",4,51,7,0.8,1,"TopSupport","multi-point",3,3,"one-point",1,"calibrated",2.3927685218007797,0.005773571638925148,3,3,,,,"",
123456,"TwoPole",5,51,7,0.8,1,"TopSupport","multi-point",3,3,"one-point",1,"degenerate",,,,,1,4,2.1612708547005735,"SwitchDetected",3
123456,"TwoPole",6,51,7,0.8,1,"TopSupport","multi-point",3,3,"one-point",1,"degenerate",,,,,1,3,1.7180172126785562,"SwitchDetected",3
123456,"TwoPole",7,51,7,0.8,1,"TopSupport","multi-point",3,3,"one-point",1,"calibrated",2.325581395348837,0.0028470932602422203,3,3,,,,"",
123456,"TwoPole",8,51,7,0.8,1,"TopSupport","multi-point",3,3,"one-point",1,"calibrated",2.4807056229327453,0.002593048334131936,3,3,,,,"",
123456,"TwoPole",9,51,7,0.8,1,"TopSupport","multi-point",3,3,"one-point",1,"calibrated",2.1034590215020255,0.0027123807442559484,3,3,,,,"",
123456,"TwoPole",10,51,7,0.8,1,"TopSupport","multi-point",3,3,"one-point",1,"calibrated",1.838235294117647,0.0008097362995770325,3,3,,,,"",
123456,"TwoPole",11,51,7,0.8,1,"TopSupport","multi-point",3,3,"one-point",1,"degenerate",,,,,1,4,2.0104683259820266,"SwitchDetected",3
123456,"TwoPole",12,51,7,0.8,1,"TopSupport","multi-point",3,3,"one-point",1,"degenerate",,,,,1,4,1.815128638545504,"SwitchDetected",3
123456,"TwoPole",13,51,7,0.8,1,"TopSupport","multi-point",3,3,"one-point",1,"degenerate",,,,,1,4,1.670370899006994,"SwitchDetected",2
123456,"TwoPole",14,51,7,0.8,1,"TopSupport","multi-point",3,3,"one-point",1,"calibrated",2.8932704672096015,0.015938112316631604,3,3,,,,"",
123456,"TwoPole",15,51,7,0.8,1,"TopSupport","multi-point",3,3,"one-point",1,"calibrated",2.795609857113274,0.0022504284618728152,3,4,,,,"",
123456,"TwoPole",16,51,7,0.8,1,"TopSupport","multi-point",3,3,"one-point",1,"calibrated",1.976284584980237,0.0019045637610496428,3,3,,,,"",
123456,"TwoPole",17,51,7,0.8,1,"TopSupport","multi-point",3,3,"one-point",1,"calibrated",2.8932704672096015,0.018455783968158543,3,3,,,,"",
123456,"TwoPole",18,51,7,0.8,1,"TopSupport","multi-point",3,3,"one-point",1,"degenerate",,,,,1,3,1.9564217328315305,"SwitchDetected",3
123456,"TwoPole",19,51,7,0.8,1,"TopSupport","multi-point",3,3,"one-point",1,"calibrated",2.325581395348837,0.0019337734741552888,3,3,,,,"",
123456,"TwoPole",20,51,7,0.8,1,"TopSupport","multi-point",3,3,"one-point",1,"degenerate",,,,,1,4,1.7083238297567302,"SwitchDetected",2
123456,"TwoPole",21,51,7,0.8,1,"TopSupport","multi-point",3,3,"one-point",1,"degenerate",,,,,1,3,1.7933935929196856,"SwitchDetected",3
123456,"TwoPole",22,51,7,0.8,1,"TopSupport","multi-point",3,3,"one-point",1,"calibrated",2.6844303042354345,0.00954313339044697,3,3,,,,"",
123456,"TwoPole",23,51,7,0.8,1,"TopSupport","multi-point",3,3,"one-point",1,"calibrated",2.956636005256242,0.012042941746209939,3,3,,,,"",
123456,"TwoPole",24,51,7,0.8,1,"TopSupport","multi-point",3,3,"one-point",1,"degenerate",,,,,1,4,1.940583833363734,"SwitchDetected",2
123456,"TwoPole",25,51,7,0.8,1,"TopSupport","multi-point",3,3,"one-point",1,"calibrated",2.795609857113274,0.014514170444061237,3,3,,,,"",
123456,"TwoPole",26,51,7,0.8,1,"TopSupport","multi-point",3,3,"one-point",1,"calibrated",2.8932704672096015,0.015242052871845291,3,3,,,,"",
123456,"TwoPole",27,51,7,0.8,1,"TopSupport","multi-point",3,3,"one-point",1,"degenerate",,,,,1,4,1.9693532620568652,"SwitchDetected",2
123456,"TwoPole",28,51,7,0.8,1,"TopSupport","multi-point",3,3,"one-point",1,"calibrated",2.6580035440047256,0.01459050985397493,3,3,,,,"",
123456,"TwoPole",29,51,7,0.8,1,"TopSupport","multi-point",3,3,"one-point",1,"calibrated",2.4807056229327453,0.0065643010152741325,3,3,,,,"",
123456,"TwoPole",30,51,7,0.8,1,"TopSupport","multi-point",3,3,"one-point",1,"degenerate",,,,,1,4,1.7791904542262151,"SwitchDetected",2
123456,"TwoPole",31,51,7,0.8,1,"TopSupport","multi-point",3,3,"one-point",1,"calibrated",2.7669604427136707,0.011889138467165676,3,3,,,,"",
123456,"TwoPole",32,51,7,0.8,1,"TopSupport","multi-point",3,3,"one-point",1,"calibrated",2.632092025736011,0.006722529410906234,3,3,,,,"",
123456,"TwoPole",33,51,7,0.8,1,"TopSupport","multi-point",3,3,"one-point",1,"calibrated",2.824858757062147,0.007387777631104808,3,3,,,,"",
123456,"TwoPole",34,51,7,0.8,1,"TopSupport","multi-point",3,3,"one-point",1,"degenerate",,,,,1,4,1.9816152692261526,"SwitchDetected",3
123456,"TwoPole",35,51,7,0.8,1,"TopSupport","multi-point",3,3,"one-point",1,"degenerate",,,,,1,4,1.8305715731809646,"SwitchDetected",2
123456,"TwoPole",36,51,7,0.8,1,"TopSupport","multi-point",3,3,"one-point",1,"calibrated",2.3510971786833856,0.009214737866207282,3,3,,,,"",
123456,"TwoPole",37,51,7,0.8,1,"TopSupport","multi-point",3,3,"one-point",1,"calibrated",2.795609857113274,0.012353232128128888,3,3,,,,"",
123456,"TwoPole",38,51,7,0.8,1,"TopSupport","multi-point",3,3,"one-point",1,"degenerate",,,,,1,4,2.073121044253745,"SwitchDetected",2
123456,"TwoPole",39,51,7,0.8,1,"TopSupport","multi-point",3,3,"one-point",1,"calibrated",2.824858757062147,0.003289143211528342,3,3,,,,"",
123456,"TwoPole",40,51,7,0.8,1,"TopSupport","multi-point",3,3,"one-point",1,"calibrated",2.158273381294964,0.004123340600038891,3,3,,,,"",
123456,"TwoPole",41,51,7,0.8,1,"TopSupport","multi-point",3,3,"one-point",1,"calibrated",3.0920751259734307,0.011403364965734034,3,3,,,,"",
123456,"TwoPole",42,51,7,0.8,1,"TopSupport","multi-point",3,3,"one-point",1,"degenerate",,,,,1,4,1.7601259074440625,"SwitchDetected",2
123456,"TwoPole",43,51,7,0.8,1,"TopSupport","multi-point",3,3,"one-point",1,"calibrated",2.267002518891687,0.004803846538212074,3,3,,,,"",
123456,"TwoPole",44,51,7,0.8,1,"TopSupport","multi-point",3,3,"one-point",1,"degenerate",,,,,1,4,2.0477069219467965,"SwitchDetected",3
123456,"TwoPole",45,51,7,0.8,1,"TopSupport","multi-point",3,3,"one-point",1,"degenerate",,,,,1,3,1.8576685092363285,"SwitchDetected",3
123456,"TwoPole",46,51,7,0.8,1,"TopSupport","multi-point",3,3,"one-point",1,"degenerate",,,,,1,4,1.9092745013267265,"SwitchDetected",3
123456,"TwoPole",47,51,7,0.8,1,"TopSupport","multi-point",3,3,"one-point",1,"calibrated",3.0920751259734307,0.00513990003407886,3,4,,,,"",
123456,"TwoPole",48,51,7,0.8,1,"TopSupport","multi-point",3,3,"one-point",1,"degenerate",,,,,1,4,1.819353842890845,"SwitchDetected",2
123456,"TwoPole",49,51,7,0.8,1,"TopSupport","multi-point",3,3,"one-point",1,"calibrated",2.141157811260904,0.003683064594896197,3,3,,,,"",
123456,"TwoPole",50,51,7,0.8,1,"TopSupport","multi-point",3,3,"one-point",1,"degenerate",,,,,1,4,1.9792112751259505,"SwitchDetected",2
123456,"TwoPole",51,51,7,0.8,1,"TopSupport","multi-point",3,4,"one-point",1,"calibrated",3.0920751259734307,0.00439866026552728,3,3,,,,"",
123456,"TwoPole",52,51,7,0.8,1,"TopSupport","multi-point",3,3,"one-point",1,"degenerate",,,,,1,4,2.162689449001931,"SwitchDetected",3
123456,"TwoPole",53,51,7,0.8,1,"TopSupport","multi-point",3,3,"one-point",1,"calibrated",2.371749824314828,0.006563653217485969,3,3,,,,"",
123456,"TwoPole",54,51,7,0.8,1,"TopSupport","multi-point",3,3,"one-point",1,"degenerate",,,,,1,4,1.7131830080770767,"SwitchDetected",2
123456,"TwoPole",55,51,7,0.8,1,"TopSupport","multi-point",3,3,"one-point",1,"degenerate",,,,,1,4,2.0572583052669215,"SwitchDetected",2
123456,"TwoPole",56,51,7,0.8,1,"TopSupport","multi-point",3,3,"one-point",1,"calibrated",2.6066808264143657,0.008436694691672991,3,3,,,,"",
123456,"TwoPole",57,51,7,0.8,1,"TopSupport","multi-point",3,3,"one-point",1,"degenerate",,,,,1,3,1.7667880722394609,"SwitchDetected",2
123456,"TwoPole",58,51,7,0.8,1,"TopSupport","multi-point",3,3,"one-point",1,"calibrated",2.6580035440047256,0.0070879653993336685,3,3,,,,"",
123456,"TwoPole",59,51,7,0.8,1,"TopSupport","multi-point",3,3,"one-point",1,"degenerate",,,,,1,4,1.7265785234139022,"SwitchDetected",2
123456,"TwoPole",60,51,7,0.8,1,"TopSupport","multi-point",3,3,"one-point",1,"calibrated",3.7087912087912085,0.010020614529050887,3,3,,,,"",
123456,"TwoPole",61,51,7,0.8,1,"TopSupport","multi-point",3,3,"one-point",1,"degenerate",,,,,1,4,1.7526176543816374,"SwitchDetected",2
123456,"TwoPole",62,51,7,0.8,1,"TopSupport","multi-point",3,3,"one-point",1,"calibrated",2.286198137171888,0.007173944608010839,3,3,,,,"",
123456,"TwoPole",63,51,7,0.8,1,"TopSupport","multi-point",3,3,"one-point",1,"degenerate",,,,,1,4,1.4586258256183622,"SwitchDetected",2
123456,"TwoPole",64,51,7,0.8,1,"TopSupport","multi-point",3,3,"one-point",1,"degenerate",,,,,1,4,1.8375778158238736,"SwitchDetected",2
123456,"TwoPole",65,51,7,0.8,1,"TopSupport","multi-point",3,3,"one-point",1,"calibrated",2.7669604427136707,0.01396860157268138,3,3,,,,"",
123456,"TwoPole",66,51,7,0.8,1,"TopSupport","multi-point",3,3,"one-point",1,"calibrated",2.6844303042354345,0.01307536472740935,3,3,,,,"",
123456,"TwoPole",67,51,7,0.8,1,"TopSupport","multi-point",3,3,"one-point",1,"degenerate",,,,,1,3,1.7425852513621256,"SwitchDetected",2
123456,"TwoPole",68,51,7,0.8,1,"TopSupport","multi-point",3,3,"one-point",1,"calibrated",2.325581395348837,0.0026999218338558694,3,3,,,,"",
123456,"TwoPole",69,51,7,0.8,1,"TopSupport","multi-point",3,3,"one-point",1,"calibrated",2.305721605465414,0.0037973647906202213,3,3,,,,"",
123456,"TwoPole",70,51,7,0.8,1,"TopSupport","multi-point",3,3,"one-point",1,"calibrated",2.581755593803787,0.006029986877687653,3,3,,,,"",
123456,"TwoPole",71,51,7,0.8,1,"TopSupport","multi-point",3,3,"one-point",1,"degenerate",,,,,1,3,1.7291013058229208,"SwitchDetected",2
123456,"TwoPole",72,51,7,0.8,1,"TopSupport","multi-point",3,3,"one-point",1,"degenerate",,,,,1,4,1.9298639795729366,"SwitchDetected",2
123456,"TwoPole",73,51,7,0.8,1,"TopSupport","multi-point",3,3,"one-point",1,"calibrated",1.9338203695745597,0.0011968336598200346,3,3,,,,"",
123456,"TwoPole",74,51,7,0.8,1,"TopSupport","multi-point",3,3,"one-point",1,"calibrated",2.2481265611990007,0.004643441626513154,3,3,,,,"",
123456,"TwoPole",75,51,7,0.8,1,"TopSupport","multi-point",3,3,"one-point",1,"calibrated",2.7113878288813016,0.011214270721474356,3,3,,,,"",
123456,"TwoPole",76,51,7,0.8,1,"TopSupport","multi-point",3,3,"one-point",1,"degenerate",,,,,1,4,2.0245900449212093,"SwitchDetected",3
123456,"TwoPole",77,51,7,0.8,1,"TopSupport","multi-point",3,3,"one-point",1,"degenerate",,,,,1,4,2.113005287027084,"SwitchDetected",3
123456,"TwoPole",78,51,7,0.8,1,"TopSupport","multi-point",3,3,"one-point",1,"degenerate",,,,,1,4,1.8936968466896142,"SwitchDetected",2
123456,"TwoPole",79,51,7,0.8,1,"TopSupport","multi-point",3,3,"one-point",1,"calibrated",3.2506621719239104,0.01529863607621834,3,3,,,,"",
123456,"TwoPole",80,51,7,0.8,1,"TopSupport","multi-point",3,3,"one-point",1,"calibrated",2.286198137171888,0.0033835208163548675,3,3,,,,"",
123456,"TwoPole",81,51,7,0.8,1,"TopSupport","multi-point",3,3,"one-point",1,"calibrated",2.1367521367521367,0.004621999649373903,3,3,,,,"",
123456,"TwoPole",82,51,7,0.8,1,"TopSupport","multi-point",3,3,"one-point",1,"calibrated",2.458120903131828,0.020468061920176053,3,3,,,,"",
123456,"TwoPole",83,51,7,0.8,1,"TopSupport","multi-point",3,3,"one-point",1,"calibrated",1.9200682690940125,0.004640555212450817,3,3,,,,"",
123456,"TwoPole",84,51,7,0.8,1,"TopSupport","multi-point",3,3,"one-point",1,"calibrated",2.2481265611990007,0.008675204826361964,3,3,,,,"",
123456,"TwoPole",85,51,7,0.8,1,"TopSupport","multi-point",3,3,"one-point",1,"degenerate",,,,,1,4,1.662734957470053,"SwitchDetected",2
123456,"TwoPole",86,51,7,0.8,1,"TopSupport","multi-point",3,3,"one-point",1,"calibrated",2.5037091988130564,0.00408357809562906,3,3,,,,"",
123456,"TwoPole",87,51,7,0.8,1,"TopSupport","multi-point",3,3,"one-point",1,"calibrated",2.1034590215020255,0.0017393020271182958,3,3,,,,"",
123456,"TwoPole",88,51,7,0.8,1,"TopSupport","multi-point",3,3,"one-point",1,"calibrated",2.9246100519930676,0.006489929872215269,3,3,,,,"",
123456,"TwoPole",89,51,7,0.8,1,"TopSupport","multi-point",3,3,"one-point",1,"calibrated",2.435943702634428,0.004277831874468134,3,3,,,,"",
123456,"TwoPole",90,51,7,0.8,1,"TopSupport","multi-point",3,3,"one-point",1,"degenerate",,,,,1,4,1.6949183226577653,"SwitchDetected",2
123456,"TwoPole",91,51,7,0.8,1,"TopSupport","multi-point",3,3,"one-point",1,"calibrated",1.9338203695745597,0.005187761072643534,3,3,,,,"",
123456,"TwoPole",92,51,7,0.8,1,"TopSupport","multi-point",3,3,"one-point",1,"calibrated",2.795609857113274,0.012671478388204442,3,3,,,,"",
123456,"TwoPole",93,51,7,0.8,1,"TopSupport","multi-point",3,3,"one-point",1,"degenerate",,,,,1,4,1.6192663440619777,"SwitchDetected",2
123456,"TwoPole",94,51,7,0.8,1,"TopSupport","multi-point",3,3,"one-point",1,"calibrated",2.325581395348837,0.0017985134004216282,3,3,,,,"",
123456,"TwoPole",95,51,7,0.8,1,"TopSupport","multi-point",3,3,"one-point",1,"calibrated",2.2481265611990007,0.0068460202694346425,3,3,,,,"",
123456,"TwoPole",96,51,7,0.8,1,"TopSupport","multi-point",3,3,"one-point",1,"calibrated",2.7388922702373706,0.015251513351953757,3,3,,,,"",
123456,"TwoPole",97,51,7,0.8,1,"TopSupport","multi-point",3,3,"one-point",1,"calibrated",2.7388922702373706,0.0038693865340439786,3,3,,,,"",
123456,"TwoPole",98,51,7,0.8,1,"TopSupport","multi-point",3,3,"one-point",1,"calibrated",2.6844303042354345,0.012135452244854175,3,3,,,,"",
123456,"TwoPole",99,51,7,0.8,1,"TopSupport","multi-point",3,3,"one-point",1,"degenerate",,,,,1,4,1.6419391999454824,"SwitchDetected",2
123456,"TwoPole",100,51,7,0.8,1,"TopSupport","multi-point",3,3,"one-point",1,"degenerate",,,,,1,4,1.8301728297975017,"SwitchDetected",2
123456,"TwoPole",101,51,7,0.8,1,"TopSupport","multi-point",3,3,"one-point",1,"calibrated",3.0920751259734307,0.006902341093241769,3,3,,,,"",
123456,"TwoPole",102,51,7,0.8,1,"TopSupport","multi-point",3,3,"one-point",1,"calibrated",2.1034590215020255,0.0064423246512019736,3,3,,,,"",
123456,"TwoPole",103,51,7,0.8,1,"TopSupport","multi-point",3,3,"one-point",1,"degenerate",,,,,1,4,1.6070788370061682,"SwitchDetected",2
123456,"TwoPole",104,51,7,0.8,1,"TopSupport","multi-point",3,3,"one-point",1,"degenerate",,,,,1,4,1.7769703707218536,"SwitchDetected",3
123456,"TwoPole",105,51,7,0.8,1,"TopSupport","multi-point",3,3,"one-point",1,"calibrated",2.7388922702373706,0.012494685308673197,3,3,,,,"",
123456,"TwoPole",106,51,7,0.8,1,"TopSupport","multi-point",3,3,"one-point",1,"degenerate",,,,,1,4,2.1652531971151543,"SwitchDetected",3
123456,"TwoPole",107,51,7,0.8,1,"TopSupport","multi-point",3,3,"one-point",1,"calibrated",2.17566478646253,0.004757103849025649,3,3,,,,"",
123456,"TwoPole",108,51,7,0.8,1,"TopSupport","multi-point",3,3,"one-point",1,"degenerate",,,,,1,4,1.689958086275125,"SwitchDetected",2
123456,"TwoPole",109,51,7,0.8,1,"TopSupport","multi-point",3,3,"one-point",1,"calibrated",1.9619241389332946,0.004028790850715024,3,3,,,,"",
123456,"TwoPole",110,51,7,0.8,1,"TopSupport","multi-point",3,3,"one-point",1,"calibrated",2.305721605465414,0.0052229453665435886,3,3,,,,"",
123456,"TwoPole",111,51,7,0.8,1,"TopSupport","multi-point",3,3,"one-point",1,"calibrated",2.1367521367521367,0.00527263959988996,3,3,,,,"",
123456,"TwoPole",112,51,7,0.8,1,"TopSupport","multi-point",3,3,"one-point",1,"calibrated",1.9477708844322608,0.0039577112302624055,3,3,,,,"",
123456,"TwoPole",113,51,7,0.8,1,"TopSupport","multi-point",3,3,"one-point",1,"degenerate",,,,,1,4,2.0249071989628282,"SwitchDetected",3
123456,"TwoPole",114,51,7,0.8,1,"TopSupport","multi-point",3,3,"one-point",1,"degenerate",,,,,1,4,1.9002711400669978,"SwitchDetected",3
123456,"TwoPole",115,51,7,0.8,1,"TopSupport","multi-point",3,3,"one-point",1,"calibrated",2.039891205802357,0.003013755598365683,3,3,,,,"",
123456,"TwoPole",116,51,7,0.8,1,"TopSupport","multi-point",3,3,"one-point",1,"calibrated",2.1034590215020255,0.0016573803750444054,3,3,,,,"",
123456,"TwoPole",117,51,7,0.8,1,"TopSupport","multi-point",3,3,"one-point",1,"degenerate",,,,,1,4,1.8603214686365974,"SwitchDetected",2
123456,"TwoPole",118,51,7,0.8,1,"TopSupport","multi-point",3,3,"one-point",1,"degenerate",,,,,1,4,1.820063242309805,"SwitchDetected",2
123456,"TwoPole",119,51,7,0.8,1,"TopSupport","multi-point",3,3,"one-point",1,"calibrated",3.458877786318216,0.012000321506777399,3,3,,,,"",
123456,"TwoPole",120,51,7,0.8,1,"TopSupport","multi-point",3,3,"one-point",1,"degenerate",,,,,1,4,1.9298639795729366,"SwitchDetected",2
123456,"TwoPole",121,51,7,0.8,1,"TopSupport","multi-point",3,3,"one-point",1,"calibrated",2.6066808264143657,0.005436070852242269,3,3,,,,"",
123456,"TwoPole",122,51,7,0.8,1,"TopSupport","multi-point",3,3,"one-point",1,"calibrated",2.6844303042354345,0.004898674204704157,3,3,,,,"",
123456,"TwoPole",123,51,7,0.8,1,"TopSupport","multi-point",3,3,"one-point",1,"calibrated",2.1367521367521367,0.005558725151755289,3,3,,,,"",
123456,"TwoPole",124,51,7,0.8,1,"TopSupport","multi-point",3,3,"one-point",1,"degenerate",,,,,1,4,1.8346887641550371,"SwitchDetected",2
123456,"TwoPole",125,51,7,0.8,1,"TopSupport","multi-point",3,3,"one-point",1,"calibrated",2.1367521367521367,0.002705231314746666,3,3,,,,"",
123456,"TwoPole",126,51,7,0.8,1,"TopSupport","multi-point",3,3,"one-point",1,"calibrated",2.4807056229327453,0.0076861137701797295,3,3,,,,"",
123456,"TwoPole",127,51,7,0.8,1,"TopSupport","multi-point",3,3,"one-point",1,"calibrated",2.8325639949643304,0.009326015884023268,3,3,,,,"",
123456,"TwoPole",128,51,7,0.8,1,"TopSupport","multi-point",3,4,"one-point",1,"degenerate",,,,,1,4,1.872468912661737,"SwitchDetected",2
123456,"TwoPole",129,51,7,0.8,1,"TopSupport","multi-point",3,3,"one-point",1,"calibrated",2.071187480822338,0.0021170575490399085,3,3,,,,"",
123456,"TwoPole",130,51,7,0.8,1,"TopSupport","multi-point",3,3,"one-point",1,"calibrated",2.305721605465414,0.003600592601007959,3,3,,,,"",
123456,"TwoPole",131,51,7,0.8,1,"TopSupport","multi-point",3,3,"one-point",1,"calibrated",2.286198137171888,0.0027518372506612045,3,3,,,,"",
123456,"TwoPole",132,51,7,0.8,1,"TopSupport","multi-point",3,3,"one-point",1,"degenerate",,,,,1,4,2.211094474220655,"SwitchDetected",3
123456,"TwoPole",133,51,7,0.8,1,"TopSupport","multi-point",3,3,"one-point",1,"degenerate",,,,,1,4,2.1169982659840865,"SwitchDetected",3
123456,"TwoPole",134,51,7,0.8,1,"TopSupport","multi-point",3,3,"one-point",1,"calibrated",2.7669604427136707,0.013983135177382295,3,3,,,,"",
123456,"TwoPole",135,51,7,0.8,1,"TopSupport","multi-point",3,3,"one-point",1,"calibrated",2.458120903131828,0.004130567593035788,3,3,,,,"",
123456,"TwoPole",136,51,7,0.8,1,"TopSupport","multi-point",3,3,"one-point",1,"calibrated",2.267002518891687,0.0019429795557326663,3,3,,,,"",
123456,"TwoPole",137,51,7,0.8,1,"TopSupport","multi-point",3,3,"one-point",1,"degenerate",,,,,1,4,1.8672879562833065,"SwitchDetected",3
123456,"TwoPole",138,51,7,0.8,1,"TopSupport","multi-point",3,3,"one-point",1,"degenerate",,,,,1,4,1.9481656428313445,"SwitchDetected",3
123456,"TwoPole",139,51,7,0.8,1,"TopSupport","multi-point",3,3,"one-point",1,"degenerate",,,,,1,4,1.7466243371803698,"SwitchDetected",2
123456,"TwoPole",140,51,7,0.8,1,"TopSupport","multi-point",3,3,"one-point",1,"calibrated",3.4151277510751323,0.010383290778640187,3,3,,,,"",
123456,"TwoPole",141,51,7,0.8,1,"TopSupport","multi-point",3,3,"one-point",1,"calibrated",2.632092025736011,0.010439508143426778,3,3,,,,"",
123456,"TwoPole",142,51,7,0.8,1,"TopSupport","multi-point",3,3,"one-point",1,"calibrated",2.009526644834772,0.0036888634151812636,3,3,,,,"",
123456,"TwoPole",143,51,7,0.8,1,"TopSupport","multi-point",3,3,"one-point",1,"degenerate",,,,,1,3,2.260559724466689,"SwitchDetected",3
123456,"TwoPole",144,51,7,0.8,1,"TopSupport","multi-point",3,3,"one-point",1,"calibrated",1.9477708844322608,0.002510418017214525,3,3,,,,"",
123456,"TwoPole",145,51,7,0.8,1,"TopSupport","multi-point",3,3,"one-point",1,"degenerate",,,,,1,4,1.8430193841003586,"SwitchDetected",3
123456,"TwoPole",146,51,7,0.8,1,"TopSupport","multi-point",3,3,"one-point",1,"calibrated",2.071187480822338,0.004022946548665288,3,3,,,,"",
123456,"TwoPole",147,51,7,0.8,1,"TopSupport","multi-point",3,3,"one-point",1,"calibrated",2.5037091988130564,0.0036512257887767433,3,3,,,,"",
123456,"TwoPole",148,51,7,0.8,1,"TopSupport","multi-point",3,3,"one-point",1,"calibrated",1.9619241389332946,0.003377963332492856,3,3,,,,"",
123456,"TwoPole",149,51,7,0.8,1,"TopSupport","multi-point",3,3,"one-point",1,"degenerate",,,,,1,4,1.7100448959846197,"SwitchDetected",2
123456,"TwoPole",150,51,7,0.8,1,"TopSupport","multi-point",3,3,"one-point",1,"calibrated",2.229562345169281,0.004826435017457796,3,3,,,,"",
123456,"TwoPole",151,51,7,0.8,1,"TopSupport","multi-point",3,3,"one-point",1,"degenerate",,,,,1,4,1.9572648704763487,"SwitchDetected",2
123456,"TwoPole",152,51,7,0.8,1,"TopSupport","multi-point",3,3,"one-point",1,"calibrated",2.7669604427136707,0.009061509403919634,3,3,,,,"",
123456,"TwoPole",153,51,7,0.8,1,"TopSupport","multi-point",3,3,"one-point",1,"calibrated",2.5037091988130564,0.004716667681585667,3,3,,,,"",
123456,"TwoPole",154,51,7,0.8,1,"TopSupport","multi-point",3,3,"one-point",1,"degenerate",,,,,1,4,1.8790854826768943,"SwitchDetected",3
123456,"TwoPole",155,51,7,0.8,1,"TopSupport","multi-point",3,3,"one-point",1,"calibrated",2.435943702634428,0.01127732014843948,3,3,,,,"",
123456,"TwoPole",156,51,7,0.8,1,"TopSupport","multi-point",3,3,"one-point",1,"degenerate",,,,,1,4,1.9849859991488936,"SwitchDetected",3
123456,"TwoPole",157,51,7,0.8,1,"TopSupport","multi-point",3,3,"one-point",1,"calibrated",2.435943702634428,0.0041272325217385775,3,3,,,,"",
123456,"TwoPole",158,51,7,0.8,1,"TopSupport","multi-point",3,3,"one-point",1,"degenerate",,,,,1,4,1.9655064652134508,"SwitchDetected",3
123456,"TwoPole",159,51,7,0.8,1,"TopSupport","multi-point",3,3,"one-point",1,"degenerate",,,,,1,3,1.7016635984306556,"SwitchDetected",2
123456,"TwoPole",160,51,7,0.8,1,"TopSupport","multi-point",3,3,"one-point",1,"calibrated",3.3724706470147385,0.004637830389680681,3,3,,,,"",
123456,"TwoPole",161,51,7,0.8,1,"TopSupport","multi-point",3,3,"one-point",1,"calibrated",2.1367521367521367,0.0010992805950461794,3,3,,,,"",
123456,"TwoPole",162,51,7,0.8,1,"TopSupport","multi-point",3,3,"one-point",1,"degenerate",,,,,1,4,2.157275439068885,"SwitchDetected",3
123456,"TwoPole",163,51,7,0.8,1,"TopSupport","multi-point",3,3,"one-point",1,"calibrated",2.5510204081632653,0.011351954413426105,3,3,,,,"",
123456,"TwoPole",164,51,7,0.8,1,"TopSupport","multi-point",3,4,"one-point",1,"degenerate",,,,,1,4,1.8338878612943215,"SwitchDetected",2
123456,"TwoPole",165,51,7,0.8,1,"TopSupport","multi-point",3,3,"one-point",1,"calibrated",2.6580035440047256,0.012398609040619197,3,3,,,,"",
123456,"TwoPole",166,51,7,0.8,1,"TopSupport","multi-point",3,3,"one-point",1,"degenerate",,,,,1,4,1.894209158427289,"SwitchDetected",2
123456,"TwoPole",167,51,7,0.8,1,"TopSupport","multi-point",3,3,"one-point",1,"calibrated",2.119974874371859,0.0025464136573053477,3,3,,,,"",
123456,"TwoPole",168,51,7,0.8,1,"TopSupport","two-point",2,2,"one-point",1,"degenerate",,,,,1,4,2.118973699713336,"SwitchDetected",3
123456,"TwoPole",169,51,7,0.8,1,"TopSupport","multi-point",3,3,"one-point",1,"degenerate",,,,,1,4,1.8408590600708923,"SwitchDetected",2
123456,"TwoPole",170,51,7,0.8,1,"TopSupport","multi-point",3,3,"one-point",1,"degenerate",,,,,1,4,2.0487554785827276,"SwitchDetected",3
123456,"TwoPole",171,51,7,0.8,1,"TopSupport","multi-point",3,3,"one-point",1,"calibrated",2.7113878288813016,0.011385646538134045,3,3,,,,"",
123456,"TwoPole",172,51,7,0.8,1,"TopSupport","multi-point",3,3,"one-point",1,"degenerate",,,,,1,4,1.9314832716384127,"SwitchDetected",3
123456,"TwoPole",173,51,7,0.8,1,"TopSupport","multi-point",3,3,"one-point",1,"calibrated",2.7669604427136707,0.008742993726844976,3,3,,,,"",
123456,"TwoPole",174,51,7,0.8,1,"TopSupport","multi-point",3,3,"one-point",1,"calibrated",2.009526644834772,0.004846925750540365,3,3,,,,"",
123456,"TwoPole",175,51,7,0.8,1,"TopSupport","multi-point",3,3,"one-point",1,"calibrated",2.862595419847328,0.013711786935085592,3,3,,,,"",
123456,"TwoPole",176,51,7,0.8,1,"TopSupport","multi-point",3,3,"one-point",1,"calibrated",2.5037091988130564,0.012876971416611028,3,3,,,,"",
123456,"TwoPole",177,51,7,0.8,1,"TopSupport","multi-point",3,3,"one-point",1,"calibrated",2.1933387489845653,0.004517208896712716,3,3,,,,"",
123456,"TwoPole",178,51,7,0.8,1,"TopSupport","multi-point",3,3,"one-point",1,"degenerate",,,,,1,4,1.7964611885601698,"SwitchDetected",2
123456,"TwoPole",179,51,7,0.8,1,"TopSupport","multi-point",3,3,"one-point",1,"calibrated",2.286198137171888,0.00555218952772665,3,3,,,,"",
123456,"TwoPole",180,51,7,0.8,1,"TopSupport","multi-point",3,3,"one-point",1,"degenerate",,,,,1,3,1.802106013417902,"SwitchDetected",3
123456,"TwoPole",181,51,7,0.8,1,"TopSupport","multi-point",3,3,"one-point",1,"calibrated",2.4807056229327453,0.004125343669180898,3,3,,,,"",
123456,"TwoPole",182,51,7,0.8,1,"TopSupport","multi-point",3,3,"one-point",1,"degenerate",,,,,1,4,1.7192124403656055,"SwitchDetected",2
123456,"TwoPole",183,51,7,0.8,1,"TopSupport","multi-point",3,3,"one-point",1,"calibrated",2.2481265611990007,0.005026562216485311,3,3,,,,"",
123456,"TwoPole",184,51,7,0.8,1,"TopSupport","multi-point",3,3,"one-point",1,"degenerate",,,,,1,4,1.5134737173197086,"SwitchDetected",2
123456,"TwoPole",185,51,7,0.8,1,"TopSupport","multi-point",3,3,"one-point",1,"calibrated",2.7113878288813016,0.0031341069257158193,3,3,,,,"",
123456,"TwoPole",186,51,7,0.8,1,"TopSupport","multi-point",3,3,"one-point",1,"calibrated",3.0920751259734307,0.01489144807107153,3,4,,,,"",
123456,"TwoPole",187,51,7,0.8,1,"TopSupport","multi-point",3,3,"one-point",1,"calibrated",2.286198137171888,0.004312832516211893,3,3,,,,"",
123456,"TwoPole",188,51,7,0.8,1,"TopSupport","multi-point",3,3,"one-point",1,"calibrated",2.5510204081632653,0.001860062314531161,3,3,,,,"",
123456,"TwoPole",189,51,7,0.8,1,"TopSupport","multi-point",3,3,"one-point",1,"calibrated",2.3927685218007797,0.008555822350464036,3,3,,,,"",
123456,"TwoPole",190,51,7,0.8,1,"TopSupport","multi-point",3,3,"one-point",1,"calibrated",2.4807056229327453,0.004229934002921546,3,3,,,,"",
123456,"TwoPole",191,51,7,0.8,1,"TopSupport","multi-point",3,3,"one-point",1,"calibrated",2.435943702634428,0.008638962051877096,3,3,,,,"",
123456,"TwoPole",192,51,7,0.8,1,"TopSupport","multi-point",3,3,"one-point",1,"degenerate",,,,,1,4,1.670370899006994,"SwitchDetected",2
123456,"TwoPole",193,51,7,0.8,1,"TopSupport","multi-point",3,3,"one-point",1,"calibrated",2.7388922702373706,0.005787193633630239,3,3,,,,"",
123456,"TwoPole",194,51,7,0.8,1,"TopSupport","multi-point",3,3,"one-point",1,"calibrated",2.1933387489845653,0.008864979130414787,3,3,,,,"",
123456,"TwoPole",195,51,7,0.8,1,"TopSupport","multi-point",3,3,"one-point",1,"degenerate",,,,,1,4,1.7540262900534698,"SwitchDetected",2
123456,"TwoPole",196,51,7,0.8,1,"TopSupport","multi-point",3,3,"one-point",1,"calibrated",2.7669604427136707,0.006807614668486161,3,3,,,,"",
123456,"TwoPole",197,51,7,0.8,1,"TopSupport","multi-point",3,3,"one-point",1,"calibrated",2.458120903131828,0.014157431233792312,3,3,,,,"",
123456,"TwoPole",198,51,7,0.8,1,"TopSupport","multi-point",3,3,"one-point",1,"degenerate",,,,,1,3,1.6201874726202754,"SwitchDetected",2
123456,"TwoPole",199,51,7,0.8,1,"TopSupport","multi-point",3,3,"one-point",1,"degenerate",,,,,1,4,2.00475983628121,"SwitchDetected",3
123456,"TwoPole",200,51,7,0.8,1,"TopSupport","multi-point",3,3,"one-point",1,"calibrated",3.0228392297357813,0.008752333018452983,3,3,,,,"",
123456,"TwoPole",1,51,7,0.8,2,"TopSupport","multi-point",3,3,"one-point",1,"calibrated",3.813559322033898,0.005016445829161398,3,4,,,,"",
123456,"TwoPole",2,51,7,0.8,2,"TopSupport","multi-point",3,3,"one-point",1,"calibrated",2.055420219244823,0.016300463762139204,3,3,,,,"",
123456,"TwoPole",3,51,7,0.8,2,"TopSupport","multi-point",3,4,"one-point",1,"calibrated",2.267002518891687,0.008842915565232522,3,3,,,,"",
123456,"TwoPole",4,51,7,0.8,2,"TopSupport","multi-point",3,4,"one-point",1,"calibrated",2.956636005256242,0.02051611862692591,3,3,,,,"",
123456,"TwoPole",5,51,7,0.8,2,"TopSupport","multi-point",3,4,"one-point",1,"degenerate",,,,,1,4,2.0159191663662392,"SwitchDetected",2
123456,"TwoPole",6,51,7,0.8,2,"TopSupport","multi-point",3,3,"one-point",1,"calibrated",3.5037633013236436,0.0207282451761463,3,3,,,,"",
123456,"TwoPole",7,51,7,0.8,2,"TopSupport","multi-point",3,4,"one-point",1,"calibrated",2.824858757062147,0.013700904596500973,3,3,,,,"",
123456,"TwoPole",8,51,7,0.8,2,"TopSupport","multi-point",3,3,"one-point",1,"calibrated",2.4141630901287554,0.013424288426780104,3,3,,,,"",
123456,"TwoPole",9,51,7,0.8,2,"TopSupport","multi-point",3,3,"one-point",1,"calibrated",2.632092025736011,0.019353791303819718,3,3,,,,"",
123456,"TwoPole",10,51,7,0.8,2,"TopSupport","multi-point",3,3,"one-point",1,"calibrated",2.1034590215020255,0.009881300801518774,3,3,,,,"",
123456,"TwoPole",11,51,7,0.8,2,"TopSupport","multi-point",3,3,"one-point",1,"calibrated",2.1034590215020255,0.0023684283132412473,3,3,,,,"",
123456,"TwoPole",12,51,7,0.8,2,"TopSupport","multi-point",3,3,"one-point",1,"calibrated",2.286198137171888,0.0058197413123447506,3,3,,,,"",
123456,"TwoPole",13,51,7,0.8,2,"TopSupport","multi-point",3,4,"one-point",1,"calibrated",2.7113878288813016,0.012130991494251609,3,3,,,,"",
123456,"TwoPole",14,51,7,0.8,2,"TopSupport","multi-point",3,3,"one-point",1,"calibrated",2.119974874371859,0.0036678989069937797,3,3,,,,"",
123456,"TwoPole",15,51,7,0.8,2,"TopSupport","multi-point",3,3,"one-point",1,"degenerate",,,,,1,4,1.914865952663051,"SwitchDetected",2
123456,"TwoPole",16,51,7,0.8,2,"TopSupport","multi-point",3,3,"one-point",1,"calibrated",2.3927685218007797,0.004415714071387072,3,3,,,,"",
123456,"TwoPole",17,51,7,0.8,2,"TopSupport","multi-point",3,3,"one-point",1,"calibrated",3.5498290823034444,0.021863705870336564,3,3,,,,"",
123456,"TwoPole",18,51,7,0.8,2,"TopSupport","multi-point",3,3,"one-point",1,"calibrated",6.620892594409023,0.023435460434441422,3,4,,,,"",
123456,"TwoPole",19,51,7,0.8,2,"TopSupport","multi-point",3,4,"one-point",1,"calibrated",5.478896103896105,0.017427596333396803,4,4,,,,"",
123456,"TwoPole",20,51,7,0.8,2,"TopSupport","multi-point",3,4,"one-point",1,"calibrated",2.435943702634428,0.009986754127596524,3,3,,,,"",
123456,"TwoPole",21,51,7,0.8,2,"TopSupport","multi-point",3,3,"one-point",1,"calibrated",2.305721605465414,0.001448527647039872,3,3,,,,"",
123456,"TwoPole",22,51,7,0.8,2,"TopSupport","multi-point",3,4,"one-point",1,"calibrated",3.695592663564194,0.02531954466494538,4,4,,,,"",
123456,"TwoPole",23,51,7,0.8,2,"TopSupport","multi-point",3,3,"one-point",1,"calibrated",2.9246100519930676,0.005434054044789067,3,3,,,,"",
123456,"TwoPole",24,51,7,0.8,2,"TopSupport","multi-point",3,4,"one-point",1,"calibrated",2.055420219244823,0.0032745885063858366,3,3,,,,"",
123456,"TwoPole",25,51,7,0.8,2,"TopSupport","multi-point",3,4,"one-point",1,"calibrated",2.632092025736011,0.005930585028489886,3,4,,,,"",
123456,"TwoPole",26,51,7,0.8,2,"TopSupport","multi-point",3,4,"one-point",1,"calibrated",4.861361181130716,0.019636571891138,4,4,,,,"",
123456,"TwoPole",27,51,7,0.8,2,"TopSupport","multi-point",3,3,"one-point",1,"calibrated",4.04191616766467,0.014839356442845487,3,3,,,,"",
123456,"TwoPole",28,51,7,0.8,2,"TopSupport","multi-point",3,3,"one-point",1,"degenerate",,,,,1,3,2.14567866877297,"SwitchDetected",3
123456,"TwoPole",29,51,7,0.8,2,"TopSupport","multi-point",3,3,"one-point",1,"calibrated",2.1034590215020255,0.00678777787507829,3,3,,,,"",
123456,"TwoPole",30,51,7,0.8,2,"TopSupport","multi-point",3,3,"one-point",1,"calibrated",2.5510204081632653,0.0035392418757228786,3,3,,,,"",
123456,"TwoPole",31,51,7,0.8,2,"TopSupport","multi-point",3,4,"one-point",1,"degenerate",,,,,1,4,1.8680767697003064,"SwitchDetected",2
123456,"TwoPole",32,51,7,0.8,2,"TopSupport","multi-point",3,3,"one-point",1,"degenerate",,,,,1,3,2.09389022156845,"SwitchDetected",3
123456,"TwoPole",33,51,7,0.8,2,"TopSupport","multi-point",3,4,"one-point",1,"calibrated",4.103343465045592,0.014512926740860965,3,4,,,,"",
123456,"TwoPole",34,51,7,0.8,2,"TopSupport","multi-point",3,4,"one-point",1,"calibrated",2.9893711248892822,0.013556877629277294,3,3,,,,"",
123456,"TwoPole",35,51,7,0.8,2,"TopSupport","multi-point",3,4,"one-point",1,"calibrated",3.2902754082378745,0.009265395230341807,3,4,,,,"",
123456,"TwoPole",36,51,7,0.8,2,"TopSupport","multi-point",3,4,"one-point",1,"calibrated",3.1645569620253164,0.016302072905328004,3,3,,,,"",
123456,"TwoPole",37,51,7,0.8,2,"TopSupport","multi-point",3,3,"one-point",1,"calibrated",2.8932704672096015,0.015788437915449136,3,3,,,,"",
123456,"TwoPole",38,51,7,0.8,2,"TopSupport","multi-point",3,3,"one-point",1,"calibrated",2.1034590215020255,0.004611227835607587,3,3,,,,"",
123456,"TwoPole",39,51,7,0.8,2,"TopSupport","multi-point",3,4,"one-point",1,"calibrated",2.9246100519930676,0.011081166767150317,3,3,,,,"",
123456,"TwoPole",40,51,7,0.8,2,"TopSupport","two-point",2,2,"one-point",1,"degenerate",,,,,1,3,2.167012316417658,"SwitchDetected",3
123456,"TwoPole",41,51,7,0.8,2,"TopSupport","multi-point",3,3,"one-point",1,"calibrated",2.305721605465414,0.0008293067166217091,3,3,,,,"",
123456,"TwoPole",42,51,7,0.8,2,"TopSupport","multi-point",3,4,"one-point",1,"calibrated",2.3510971786833856,0.004599449634982417,3,3,,,,"",
123456,"TwoPole",43,51,7,0.8,2,"TopSupport","multi-point",3,3,"one-point",1,"calibrated",2.9246100519930676,0.030022193528161926,3,4,,,,"",
123456,"TwoPole",44,51,7,0.8,2,"TopSupport","multi-point",3,3,"one-point",1,"degenerate",,,,,1,3,1.9512874847071833,"SwitchDetected",2
123456,"TwoPole",45,51,7,0.8,2,"TopSupport","multi-point",3,3,"one-point",1,"calibrated",2.305721605465414,0.012938346295584916,3,3,,,,"",
123456,"TwoPole",46,51,7,0.8,2,"TopSupport","multi-point",3,3,"one-point",1,"calibrated",2.039891205802357,0.0028553541829111372,3,3,,,,"",
123456,"TwoPole",47,51,7,0.8,2,"TopSupport","multi-point",3,4,"one-point",1,"degenerate",,,,,1,4,2.1800852327634184,"SwitchDetected",3
123456,"TwoPole",48,51,7,0.8,2,"TopSupport","multi-point",3,4,"one-point",1,"degenerate",,,,,1,4,1.9807043323676028,"SwitchDetected",2
123456,"TwoPole",49,51,7,0.8,2,"TopSupport","multi-point",3,4,"one-point",1,"calibrated",1.838235294117647,0.003161912750466525,3,3,,,,"",
123456,"TwoPole",50,51,7,0.8,2,"TopSupport","multi-point",3,4,"one-point",1,"calibrated",2.824858757062147,0.0012861272809080108,3,3,,,,"",
123456,"TwoPole",51,51,7,0.8,2,"TopSupport","multi-point",3,3,"one-point",1,"calibrated",2.956636005256242,0.008980803045842468,3,3,,,,"",
123456,"TwoPole",52,51,7,0.8,2,"TopSupport","multi-point",3,4,"one-point",1,"calibrated",3.3308660251665434,0.00909242068879319,3,3,,,,"",
123456,"TwoPole",53,51,7,0.8,2,"TopSupport","multi-point",3,4,"one-point",1,"calibrated",2.325581395348837,0.008984026000004372,3,3,,,,"",
123456,"TwoPole",54,51,7,0.8,2,"TopSupport","two-point",2,2,"one-point",1,"degenerate",,,,,1,3,1.7465517222999818,"SwitchDetected",3
123456,"TwoPole",55,51,7,0.8,2,"TopSupport","multi-point",3,3,"one-point",1,"calibrated",2.5037091988130564,0.00743544612353184,3,3,,,,"",
123456,"TwoPole",56,51,7,0.8,2,"TopSupport","multi-point",3,4,"one-point",1,"degenerate",,,,,1,4,2.197217135450578,"SwitchDetected",3
123456,"TwoPole",57,51,7,0.8,2,"TopSupport","two-point",2,2,"one-point",1,"degenerate",,,,,1,3,2.110378162016993,"SwitchDetected",3
123456,"TwoPole",58,51,7,0.8,2,"TopSupport","multi-point",3,3,"one-point",1,"calibrated",3.597122302158273,0.021238176203660728,3,3,,,,"",
123456,"TwoPole",59,51,7,0.8,2,"TopSupport","multi-point",3,4,"one-point",1,"calibrated",2.211302211302211,0.00990214014825665,3,3,,,,"",
123456,"TwoPole",60,51,7,0.8,2,"TopSupport","multi-point",3,4,"one-point",1,"calibrated",2.1933387489845653,0.00849438784171194,3,3,,,,"",
123456,"TwoPole",61,51,7,0.8,2,"TopSupport","multi-point",3,4,"one-point",1,"degenerate",,,,,1,4,2.057409433455821,"SwitchDetected",3
123456,"TwoPole",62,51,7,0.8,2,"TopSupport","multi-point",3,4,"one-point",1,"calibrated",3.1645569620253164,0.025510549888779176,3,3,,,,"",
123456,"TwoPole",63,51,7,0.8,2,"TopSupport","multi-point",3,3,"one-point",1,"calibrated",2.581755593803787,0.008397977944143467,3,3,,,,"",
123456,"TwoPole",64,51,7,0.8,2,"TopSupport","multi-point",3,4,"one-point",1,"calibrated",2.158273381294964,0.0027154169468409017,3,3,,,,"",
123456,"TwoPole",65,51,7,0.8,2,"TopSupport","multi-point",3,4,"one-point",1,"degenerate",,,,,1,4,2.2688309925858636,"SwitchDetected",2
123456,"TwoPole",66,51,7,0.8,2,"TopSupport","multi-point",3,4,"one-point",1,"calibrated",2.119974874371859,0.0073906259183740275,3,3,,,,"",
123456,"TwoPole",67,51,7,0.8,2,"TopSupport","multi-point",3,4,"one-point",1,"calibrated",4.231974921630093,0.018799341059104958,4,4,,,,"",
123456,"TwoPole",68,51,7,0.8,2,"TopSupport","multi-point",3,3,"one-point",1,"degenerate",,,,,1,3,1.8993475629831258,"SwitchDetected",3
123456,"TwoPole",69,51,7,0.8,2,"TopSupport","multi-point",3,4,"one-point",1,"degenerate",,,,,1,4,2.1327432188359343,"SwitchDetected",3
123456,"TwoPole",70,51,7,0.8,2,"TopSupport","multi-point",3,3,"one-point",1,"degenerate",,,,,1,4,2.05298554708951,"SwitchDetected",2
123456,"TwoPole",71,51,7,0.8,2,"TopSupport","multi-point",3,3,"one-point",1,"calibrated",4.103343465045592,0.0021804245351826346,3,4,,,,"",
123456,"TwoPole",72,51,7,0.8,2,"TopSupport","multi-point",3,4,"one-point",1,"calibrated",2.795609857113274,0.012107244020903359,3,3,,,,"",
123456,"TwoPole",73,51,7,0.8,2,"TopSupport","multi-point",3,3,"one-point",1,"calibrated",2.7669604427136707,0.015977410000733126,3,3,,,,"",
123456,"TwoPole",74,51,7,0.8,2,"TopSupport","multi-point",3,4,"one-point",1,"calibrated",3.3724706470147385,0.019656941846981774,3,4,,,,"",
123456,"TwoPole",75,51,7,0.8,2,"TopSupport","multi-point",3,4,"one-point",1,"calibrated",2.458120903131828,0.005715746014568106,3,3,,,,"",
123456,"TwoPole",76,51,7,0.8,2,"TopSupport","multi-point",3,4,"one-point",1,"calibrated",2.824858757062147,0.010382137408563977,4,4,,,,"",
123456,"TwoPole",77,51,7,0.8,2,"TopSupport","multi-point",3,4,"one-point",1,"calibrated",2.8932704672096015,0.005041930907332309,3,3,,,,"",
123456,"TwoPole",78,51,7,0.8,2,"TopSupport","multi-point",3,4,"one-point",1,"calibrated",2.024595080983803,0.0014754247344927478,3,3,,,,"",
123456,"TwoPole",79,51,7,0.8,2,"TopSupport","multi-point",3,4,"one-point",1,"calibrated",2.286198137171888,0.007003448606455627,3,3,,,,"",
123456,"TwoPole",80,51,7,0.8,2,"TopSupport","multi-point",3,3,"one-point",1,"calibrated",2.9246100519930676,0.009929026475168688,3,3,,,,"",
123456,"TwoPole",81,51,7,0.8,2,"TopSupport","multi-point",3,4,"one-point",1,"calibrated",4.026245153593797,0.0137695634666087,4,4,,,,"",
123456,"TwoPole",82,51,7,0.8,2,"TopSupport","multi-point",3,3,"one-point",1,"degenerate",,,,,1,3,1.9240084762531628,"SwitchDetected",3
123456,"TwoPole",83,51,7,0.8,2,"TopSupport","multi-point",3,3,"one-point",1,"calibrated",4.692387904066736,0.00592504859151277,3,4,,,,"",
123456,"TwoPole",84,51,7,0.8,2,"TopSupport","multi-point",3,3,"one-point",1,"degenerate",,,,,1,3,2.010973577434726,"SwitchDetected",3
123456,"TwoPole",85,51,7,0.8,2,"TopSupport","multi-point",3,4,"one-point",1,"calibrated",2.119974874371859,0.0010508985798031096,3,3,,,,"",
123456,"TwoPole",86,51,7,0.8,2,"TopSupport","multi-point",3,4,"one-point",1,"degenerate",,,,,1,4,2.0878804744499386,"SwitchDetected",3
123456,"TwoPole",87,51,7,0.8,2,"TopSupport","multi-point",3,3,"one-point",1,"degenerate",,,,,1,3,1.7339364293863282,"SwitchDetected",3
123456,"TwoPole",88,51,7,0.8,2,"TopSupport","multi-point",3,4,"one-point",1,"calibrated",2.9893711248892822,0.017826008438139675,3,3,,,,"",
123456,"TwoPole",89,51,7,0.8,2,"TopSupport","multi-point",3,3,"one-point",1,"calibrated",1.9477708844322608,0.004110358267882775,3,3,,,,"",
123456,"TwoPole",90,51,7,0.8,2,"TopSupport","multi-point",3,3,"one-point",1,"calibrated",6.7669172932330826,0.051117561064293604,3,4,,,,"",
123456,"TwoPole",91,51,7,0.8,2,"TopSupport","multi-point",3,4,"one-point",1,"calibrated",2.7113878288813016,0.012505500293487704,3,3,,,,"",
123456,"TwoPole",92,51,7,0.8,2,"TopSupport","multi-point",3,3,"one-point",1,"degenerate",,,,,1,3,2.2433878662073274,"SwitchDetected",3
123456,"TwoPole",93,51,7,0.8,2,"TopSupport","multi-point",3,4,"one-point",1,"calibrated",4.974207811348563,0.022232058205124056,3,4,,,,"",
123456,"TwoPole",94,51,7,0.8,2,"TopSupport","multi-point",3,3,"one-point",1,"degenerate",,,,,1,4,2.0832730681580856,"SwitchDetected",3
123456,"TwoPole",95,51,7,0.8,2,"TopSupport","multi-point",3,3,"one-point",1,"degenerate",,,,,1,3,2.0053579433575734,"SwitchDetected",3
123456,"TwoPole",96,51,7,0.8,2,"TopSupport","multi-point",3,3,"one-point",1,"calibrated",2.3510971786833856,0.010888414096253378,3,3,,,,"",
123456,"TwoPole",97,51,7,0.8,2,"TopSupport","multi-point",3,3,"one-point",1,"calibrated",2.795609857113274,0.008907328434368802,3,3,,,,"",
123456,"TwoPole",98,51,7,0.8,2,"TopSupport","multi-point",3,4,"one-point",1,"calibrated",3.0228392297357813,0.016454263049993968,3,4,,,,"",
123456,"TwoPole",99,51,7,0.8,2,"TopSupport","multi-point",3,3,"one-point",1,"degenerate",,,,,1,3,2.152880959834855,"SwitchDetected",3
123456,"TwoPole",100,51,7,0.8,2,"TopSupport","multi-point",3,4,"one-point",1,"calibrated",3.2119914346895073,0.010379869596763354,3,3,,,,"",
123456,"TwoPole",101,51,7,0.8,2,"TopSupport","multi-point",3,4,"one-point",1,"calibrated",2.9893711248892822,0.016776261565324097,3,3,,,,"",
123456,"TwoPole",102,51,7,0.8,2,"TopSupport","multi-point",3,4,"one-point",1,"calibrated",3.0920751259734307,0.0018326622002814517,3,3,,,,"",
123456,"TwoPole",103,51,7,0.8,2,"TopSupport","multi-point",3,3,"one-point",1,"calibrated",2.9163966299416724,0.012761219240707129,3,3,,,,"",
123456,"TwoPole",104,51,7,0.8,2,"TopSupport","multi-point",3,4,"one-point",1,"degenerate",,,,,1,4,2.259131356823207,"SwitchDetected",3
123456,"TwoPole",105,51,7,0.8,2,"TopSupport","multi-point",3,3,"one-point",1,"calibrated",2.3927685218007797,0.0034406192299142376,3,3,,,,"",
123456,"TwoPole",106,51,7,0.8,2,"TopSupport","multi-point",3,3,"one-point",1,"degenerate",,,,,1,4,1.8703639384152084,"SwitchDetected",2
123456,"TwoPole",107,51,7,0.8,2,"TopSupport","multi-point",3,4,"one-point",1,"calibrated",5.834053586862576,0.021006375632655713,4,4,,,,"",
123456,"TwoPole",108,51,7,0.8,2,"TopSupport","multi-point",3,3,"one-point",1,"calibrated",3.5498290823034444,0.011363355827184044,3,3,,,,"",
123456,"TwoPole",109,51,7,0.8,2,"TopSupport","multi-point",3,4,"one-point",1,"degenerate",,,,,1,4,1.8987037383627046,"SwitchDetected",3
123456,"TwoPole",110,51,7,0.8,2,"TopSupport","multi-point",3,3,"one-point",1,"calibrated",3.1278962001853565,0.013022514383761561,3,3,,,,"",
123456,"TwoPole",111,51,7,0.8,2,"TopSupport","multi-point",3,3,"one-point",1,"calibrated",3.813559322033898,0.018634839922025574,3,3,,,,"",
123456,"TwoPole",112,51,7,0.8,2,"TopSupport","multi-point",3,4,"one-point",1,"calibrated",4.087193460490463,0.019633168322319608,4,4,,,,"",
123456,"TwoPole",113,51,7,0.8,2,"TopSupport","multi-point",3,4,"one-point",1,"calibrated",3.1278962001853565,0.010350078870717936,3,3,,,,"",
123456,"TwoPole",114,51,7,0.8,2,"TopSupport","multi-point",3,3,"one-point",1,"degenerate",,,,,1,4,2.005381875063877,"SwitchDetected",3
123456,"TwoPole",115,51,7,0.8,2,"TopSupport","multi-point",3,4,"one-point",1,"calibrated",2.1933387489845653,0.007391346288223278,3,3,,,,"",
123456,"TwoPole",116,51,7,0.8,2,"TopSupport","multi-point",3,3,"one-point",1,"degenerate",,,,,1,4,2.063574181266175,"SwitchDetected",3
123456,"TwoPole",117,51,7,0.8,2,"TopSupport","multi-point",3,3,"one-point",1,"degenerate",,,,,1,4,2.1030094702172066,"SwitchDetected",3
123456,"TwoPole",118,51,7,0.8,2,"TopSupport","multi-point",3,3,"one-point",1,"degenerate",,,,,1,4,2.190257937495969,"SwitchDetected",3
123456,"TwoPole",119,51,7,0.8,2,"TopSupport","multi-point",3,4,"one-point",1,"calibrated",2.325581395348837,0.008596263467330506,3,3,,,,"",
123456,"TwoPole",120,51,7,0.8,2,"TopSupport","multi-point",3,3,"one-point",1,"calibrated",1.9800528014080374,0.00943502573011953,3,3,,,,"",
123456,"TwoPole",121,51,7,0.8,2,"TopSupport","multi-point",3,4,"one-point",1,"calibrated",2.4141630901287554,0.007965267892714708,3,3,,,,"",
123456,"TwoPole",122,51,7,0.8,2,"TopSupport","multi-point",3,3,"one-point",1,"degenerate",,,,,1,3,1.9001207291063846,"SwitchDetected",3
123456,"TwoPole",123,51,7,0.8,2,"TopSupport","multi-point",3,4,"one-point",1,"degenerate",,,,,1,4,1.7402212133008386,"SwitchDetected",3
123456,"TwoPole",124,51,7,0.8,2,"TopSupport","multi-point",3,4,"one-point",1,"degenerate",,,,,1,4,1.842958745181764,"SwitchDetected",2
123456,"TwoPole",125,51,7,0.8,2,"TopSupport","multi-point",3,3,"one-point",1,"calibrated",2.9246100519930676,0.00945066139459187,3,3,,,,"",
123456,"TwoPole",126,51,7,0.8,2,"TopSupport","multi-point",3,3,"one-point",1,"degenerate",,,,,1,3,1.8774269602247096,"SwitchDetected",3
123456,"TwoPole",127,51,7,0.8,2,"TopSupport","multi-point",3,4,"one-point",1,"degenerate",,,,,1,3,1.9049241253861893,"SwitchDetected",2
123456,"TwoPole",128,51,7,0.8,2,"TopSupport","multi-point",3,3,"one-point",1,"calibrated",2.009526644834772,0.003732671422883397,3,3,,,,"",
123456,"TwoPole",129,51,7,0.8,2,"TopSupport","multi-point",3,4,"one-point",1,"calibrated",5.503465144720749,0.026234421256867424,4,4,,,,"",
123456,"TwoPole",130,51,7,0.8,2,"TopSupport","multi-point",3,4,"one-point",1,"calibrated",2.862595419847328,0.008785432001971584,3,3,,,,"",
123456,"TwoPole",131,51,7,0.8,2,"TopSupport","two-point",2,2,"one-point",1,"degenerate",,,,,1,3,2.4391941458744997,"SwitchDetected",3
123456,"TwoPole",132,51,7,0.8,2,"TopSupport","multi-point",3,4,"one-point",1,"calibrated",3.7087912087912085,0.01610524002636076,3,4,,,,"",
123456,"TwoPole",133,51,7,0.8,2,"TopSupport","multi-point",3,3,"one-point",1,"calibrated",2.286198137171888,0.0016772748290561487,3,3,,,,"",
123456,"TwoPole",134,51,7,0.8,2,"TopSupport","multi-point",3,3,"one-point",1,"calibrated",2.632092025736011,0.012357091044670348,3,3,,,,"",
123456,"TwoPole",135,51,7,0.8,2,"TopSupport","multi-point",3,3,"one-point",1,"calibrated",2.4141630901287554,0.007453911080410223,3,3,,,,"",
123456,"TwoPole",136,51,7,0.8,2,"TopSupport","multi-point",3,4,"one-point",1,"calibrated",2.824858757062147,0.011105360218904382,3,3,,,,"",
123456,"TwoPole",137,51,7,0.8,2,"TopSupport","multi-point",3,4,"one-point",1,"calibrated",2.4807056229327453,0.008106719795143952,3,3,,,,"",
123456,"TwoPole",138,51,7,0.8,2,"TopSupport","two-point",2,2,"one-point",1,"degenerate",,,,,1,4,2.254584785680965,"SwitchDetected",3
123456,"TwoPole",139,51,7,0.8,2,"TopSupport","multi-point",3,4,"one-point",1,"calibrated",2.371749824314828,0.005906299199870331,3,3,,,,"",
123456,"TwoPole",140,51,7,0.8,2,"TopSupport","multi-point",3,3,"one-point",1,"calibrated",2.267002518891687,0.0025825988987504323,3,3,,,,"",
123456,"TwoPole",141,51,7,0.8,2,"TopSupport","multi-point",3,4,"one-point",1,"degenerate",,,,,1,4,2.02666554513951,"SwitchDetected",3
123456,"TwoPole",142,51,7,0.8,2,"TopSupport","multi-point",3,3,"one-point",1,"calibrated",3.5498290823034444,0.010617536054543738,3,3,,,,"",
123456,"TwoPole",143,51,7,0.8,2,"TopSupport","multi-point",3,3,"one-point",1,"calibrated",2.458120903131828,0.009206755614592674,3,3,,,,"",
123456,"TwoPole",144,51,7,0.8,2,"TopSupport","multi-point",3,4,"one-point",1,"calibrated",2.039891205802357,0.0013093363488370022,3,3,,,,"",
123456,"TwoPole",145,51,7,0.8,2,"TopSupport","multi-point",3,4,"one-point",1,"degenerate",,,,,1,4,1.8050289954265581,"SwitchDetected",2
123456,"TwoPole",146,51,7,0.8,2,"TopSupport","multi-point",3,3,"one-point",1,"calibrated",3.813559322033898,0.020780103026814965,3,3,,,,"",
123456,"TwoPole",147,51,7,0.8,2,"TopSupport","multi-point",3,3,"one-point",1,"calibrated",3.057065217391304,0.01073106915183644,3,3,,,,"",
123456,"TwoPole",148,51,7,0.8,2,"TopSupport","multi-point",3,4,"one-point",1,"calibrated",3.1645569620253164,0.02553113435000509,3,3,,,,"",
123456,"TwoPole",149,51,7,0.8,2,"TopSupport","multi-point",3,3,"one-point",1,"calibrated",2.581755593803787,0.0060065848518522725,3,3,,,,"",
123456,"TwoPole",150,51,7,0.8,2,"TopSupport","multi-point",3,3,"one-point",1,"degenerate",,,,,1,3,2.019990309372661,"SwitchDetected",3
123456,"TwoPole",151,51,7,0.8,2,"TopSupport","multi-point",3,4,"one-point",1,"calibrated",2.1034590215020255,0.00576011219751563,3,3,,,,"",
123456,"TwoPole",152,51,7,0.8,2,"TopSupport","multi-point",3,3,"one-point",1,"calibrated",2.325581395348837,0.0008048252206455059,3,3,,,,"",
123456,"TwoPole",153,51,7,0.8,2,"TopSupport","multi-point",3,4,"one-point",1,"calibrated",2.6844303042354345,0.011373909130115819,3,3,,,,"",
123456,"TwoPole",154,51,7,0.8,2,"TopSupport","multi-point",3,3,"one-point",1,"degenerate",,,,,1,3,1.9254414404144684,"SwitchDetected",3
123456,"TwoPole",155,51,7,0.8,2,"TopSupport","multi-point",3,4,"one-point",1,"degenerate",,,,,1,4,1.9224456738078806,"SwitchDetected",3
123456,"TwoPole",156,51,7,0.8,2,"TopSupport","multi-point",3,3,"one-point",1,"calibrated",6.385998107852411,0.039164731361673866,3,3,,,,"",
123456,"TwoPole",157,51,7,0.8,2,"TopSupport","multi-point",3,4,"one-point",1,"calibrated",2.7113878288813016,0.008163484411196933,3,3,,,,"",
123456,"TwoPole",158,51,7,0.8,2,"TopSupport","multi-point",3,3,"one-point",1,"degenerate",,,,,1,3,2.0630674844308228,"SwitchDetected",3
123456,"TwoPole",159,51,7,0.8,2,"TopSupport","multi-point",3,3,"one-point",1,"degenerate",,,,,1,3,1.8897783109183608,"SwitchDetected",3
123456,"TwoPole",160,51,7,0.8,2,"TopSupport","multi-point",3,3,"one-point",1,"calibrated",2.305721605465414,0.0020441672339813624,3,3,,,,"",
123456,"TwoPole",161,51,7,0.8,2,"TopSupport","multi-point",3,4,"one-point",1,"degenerate",,,,,1,4,1.853877057309627,"SwitchDetected",2
123456,"TwoPole",162,51,7,0.8,2,"TopSupport","multi-point",3,3,"one-point",1,"calibrated",4.166666666666666,0.01811455160992573,3,4,,,,"",
123456,"TwoPole",163,51,7,0.8,2,"TopSupport","multi-point",3,3,"one-point",1,"degenerate",,,,,1,3,2.079534846233858,"SwitchDetected",3
123456,"TwoPole",164,51,7,0.8,2,"TopSupport","multi-point",3,4,"one-point",1,"calibrated",4.387390315242119,0.0267633348348373,3,4,,,,"",
123456,"TwoPole",165,51,7,0.8,2,"TopSupport","multi-point",3,3,"one-point",1,"calibrated",2.795609857113274,0.006470566515201396,3,3,,,,"",
123456,"TwoPole",166,51,7,0.8,2,"TopSupport","multi-point",3,4,"one-point",1,"degenerate",,,,,1,4,1.920117194652994,"SwitchDetected",3
123456,"TwoPole",167,51,7,0.8,2,"TopSupport","multi-point",3,4,"one-point",1,"degenerate",,,,,1,4,2.165169500764827,"SwitchDetected",3
123456,"TwoPole",168,51,7,0.8,2,"TopSupport","multi-point",3,4,"one-point",1,"degenerate",,,,,1,4,2.24599652558704,"SwitchDetected",3
123456,"TwoPole",169,51,7,0.8,2,"TopSupport","multi-point",3,4,"one-point",1,"calibrated",2.267002518891687,0.001289871482848483,3,3,,,,"",
123456,"TwoPole",170,51,7,0.8,2,"TopSupport","multi-point",3,5,"one-point",1,"calibrated",3.597122302158273,0.010227038437572947,3,4,,,,"",
123456,"TwoPole",171,51,7,0.8,2,"TopSupport","multi-point",3,3,"one-point",1,"degenerate",,,,,1,4,2.068960509612856,"SwitchDetected",2
123456,"TwoPole",172,51,7,0.8,2,"TopSupport","multi-point",3,3,"one-point",1,"calibrated",4.103343465045592,0.014146271512870488,3,4,,,,"",
123456,"TwoPole",173,51,7,0.8,2,"TopSupport","multi-point",3,4,"one-point",1,"calibrated",2.158273381294964,0.0038847349897022454,3,3,,,,"",
123456,"TwoPole",174,51,7,0.8,2,"TopSupport","multi-point",3,3,"one-point",1,"calibrated",2.7388922702373706,0.003969770337767762,3,3,,,,"",
123456,"TwoPole",175,51,7,0.8,2,"TopSupport","multi-point",3,4,"one-point",1,"calibrated",2.371749824314828,0.005907188743923552,3,3,,,,"",
123456,"TwoPole",176,51,7,0.8,2,"TopSupport","multi-point",3,3,"one-point",1,"degenerate",,,,,1,4,2.2855875389164737,"SwitchDetected",3
123456,"TwoPole",177,51,7,0.8,2,"TopSupport","multi-point",3,3,"one-point",1,"degenerate",,,,,1,4,2.558947432950431,"SwitchDetected",3
123456,"TwoPole",178,51,7,0.8,2,"TopSupport","multi-point",3,3,"one-point",1,"calibrated",2.581755593803787,0.006656789109322404,3,4,,,,"",
123456,"TwoPole",179,51,7,0.8,2,"TopSupport","multi-point",3,3,"one-point",1,"calibrated",3.2506621719239104,0.016630085279407594,3,3,,,,"",
123456,"TwoPole",180,51,7,0.8,2,"TopSupport","multi-point",3,3,"one-point",1,"calibrated",2.7113878288813016,0.006028517082156594,3,3,,,,"",
123456,"TwoPole",181,51,7,0.8,2,"TopSupport","multi-point",3,3,"one-point",1,"calibrated",2.371749824314828,0.014069160863083272,3,3,,,,"",
123456,"TwoPole",182,51,7,0.8,2,"TopSupport","multi-point",3,3,"one-point",1,"calibrated",5.478896103896105,0.020316963846031526,3,4,,,,"",
123456,"TwoPole",183,51,7,0.8,2,"TopSupport","multi-point",3,3,"one-point",1,"calibrated",2.581755593803787,0.006224787376407767,3,3,,,,"",
123456,"TwoPole",184,51,7,0.8,2,"TopSupport","multi-point",3,3,"one-point",1,"degenerate",,,,,1,3,2.2190363904902695,"SwitchDetected",3
123456,"TwoPole",185,51,7,0.8,2,"TopSupport","multi-point",3,4,"one-point",1,"calibrated",2.458120903131828,0.003998735818436252,3,3,,,,"",
123456,"TwoPole",186,51,7,0.8,2,"TopSupport","multi-point",3,4,"one-point",1,"calibrated",3.1645569620253164,0.007023101472384177,3,3,,,,"",
123456,"TwoPole",187,51,7,0.8,2,"TopSupport","multi-point",3,3,"one-point",1,"degenerate",,,,,1,3,2.090685926566316,"SwitchDetected",3
123456,"TwoPole",188,51,7,0.8,2,"TopSupport","multi-point",3,4,"one-point",1,"calibrated",1.976284584980237,0.00002434042053081916,3,3,,,,"",
123456,"TwoPole",189,51,7,0.8,2,"TopSupport","multi-point",3,4,"one-point",1,"calibrated",2.6844303042354345,0.0019015295288059809,3,3,,,,"",
123456,"TwoPole",190,51,7,0.8,2,"TopSupport","multi-point",3,3,"one-point",1,"degenerate",,,,,1,3,1.7237270758449383,"SwitchDetected",3
123456,"TwoPole",191,51,7,0.8,2,"TopSupport","multi-point",3,4,"one-point",1,"degenerate",,,,,1,4,1.753788309594375,"SwitchDetected",3
123456,"TwoPole",192,51,7,0.8,2,"TopSupport","two-point",2,2,"one-point",1,"degenerate",,,,,1,4,3.1475414875034406,"SwitchDetected",4
123456,"TwoPole",193,51,7,0.8,2,"TopSupport","multi-point",3,3,"one-point",1,"calibrated",1.9338203695745597,0.003974808192174749,3,3,,,,"",
123456,"TwoPole",194,51,7,0.8,2,"TopSupport","multi-point",3,4,"one-point",1,"calibrated",1.9946808510638294,0.002715506580067777,3,3,,,,"",
123456,"TwoPole",195,51,7,0.8,2,"TopSupport","multi-point",3,4,"one-point",1,"degenerate",,,,,1,4,1.9685227398679024,"SwitchDetected",3
123456,"TwoPole",196,51,7,0.8,2,"TopSupport","multi-point",3,3,"one-point",1,"calibrated",2.581755593803787,0.007236261217405644,3,3,,,,"",
123456,"TwoPole",197,51,7,0.8,2,"TopSupport","multi-point",3,3,"one-point",1,"degenerate",,,,,1,3,1.6140870074074218,"SwitchDetected",3
123456,"TwoPole",198,51,7,0.8,2,"TopSupport","multi-point",3,3,"one-point",1,"calibrated",2.6844303042354345,0.00364820323507376,3,3,,,,"",
123456,"TwoPole",199,51,7,0.8,2,"TopSupport","multi-point",3,3,"one-point",1,"degenerate",,,,,1,3,1.9534878175282133,"SwitchDetected",3
123456,"TwoPole",200,51,7,0.8,2,"TopSupport","multi-point",3,4,"one-point",1,"calibrated",2.305721605465414,0.004702111097023304,3,3,,,,"",
123456,"TwoPole",1,51,7,0.8,3,"TopSupport","multi-point",3,3,"two-point",2,"calibrated",1.9065103798898462,0.0012847427899739527,3,3,,,,"",
123456,"TwoPole",2,51,7,0.8,3,"TopSupport","multi-point",3,4,"one-point",1,"degenerate",,,,,1,4,1.8649876010879858,"SwitchDetected",3
123456,"TwoPole",3,51,7,0.8,3,"TopSupport","multi-point",3,3,"one-point",1,"calibrated",2.4807056229327453,0.020347704964753712,3,3,,,,"",
123456,"TwoPole",4,51,7,0.8,3,"TopSupport","multi-point",3,3,"one-point",1,"calibrated",2.2481265611990007,0.007050106016821701,3,3,,,,"",
123456,"TwoPole",5,51,7,0.8,3,"TopSupport","multi-point",3,3,"one-point",1,"calibrated",2.17566478646253,0.010276076964468901,3,3,,,,"",
123456,"TwoPole",6,51,7,0.8,3,"TopSupport","multi-point",3,4,"one-point",1,"calibrated",5.238649592549476,0.012378800998127843,4,4,,,,"",
123456,"TwoPole",7,51,7,0.8,3,"TopSupport","two-point",2,2,"one-point",1,"degenerate",,,,,1,3,2.2066520782146646,"SwitchDetected",3
123456,"TwoPole",8,51,7,0.8,3,"TopSupport","multi-point",3,3,"one-point",1,"calibrated",2.5037091988130564,0.004570020523430075,3,3,,,,"",
123456,"TwoPole",9,51,7,0.8,3,"TopSupport","multi-point",3,3,"one-point",1,"calibrated",2.6580035440047256,0.013558235266015689,3,3,,,,"",
123456,"TwoPole",10,51,7,0.8,3,"TopSupport","multi-point",3,4,"one-point",1,"degenerate",,,,,1,4,2.524312531584721,"SwitchDetected",2
123456,"TwoPole",11,51,7,0.8,3,"TopSupport","multi-point",3,4,"one-point",1,"calibrated",2.824858757062147,0.011744539256424349,3,3,,,,"",
123456,"TwoPole",12,51,7,0.8,3,"TopSupport","multi-point",3,3,"one-point",1,"calibrated",3.458877786318216,0.027907016415372812,3,3,,,,"",
123456,"TwoPole",13,51,7,0.8,3,"TopSupport","multi-point",3,3,"one-point",1,"degenerate",,,,,1,3,2.140649308950087,"SwitchDetected",2
123456,"TwoPole",14,51,7,0.8,3,"TopSupport","multi-point",3,4,"one-point",1,"calibrated",3.9244186046511618,0.018630051574632368,3,4,,,,"",
123456,"TwoPole",15,51,7,0.8,3,"TopSupport","multi-point",3,4,"one-point",1,"calibrated",3.3724706470147385,0.015625192094058084,3,4,,,,"",
123456,"TwoPole",16,51,7,0.8,3,"TopSupport","multi-point",3,3,"one-point",1,"calibrated",2.305721605465414,0.0004949856013165699,3,3,,,,"",
123456,"TwoPole",17,51,7,0.8,3,"TopSupport","two-point",2,2,"one-point",1,"degenerate",,,,,1,3,2.601978243529695,"SwitchDetected",3
123456,"TwoPole",18,51,7,0.8,3,"TopSupport","multi-point",3,3,"one-point",1,"degenerate",,,,,1,3,2.5495905000365693,"SwitchDetected",3
123456,"TwoPole",19,51,7,0.8,3,"TopSupport","multi-point",3,4,"one-point",1,"calibrated",1.8135411069317569,0.00013901417215153702,3,3,,,,"",
123456,"TwoPole",20,51,7,0.8,3,"TopSupport","multi-point",3,4,"one-point",1,"calibrated",2.211302211302211,0.004971052537614097,3,3,,,,"",
123456,"TwoPole",21,51,7,0.8,3,"TopSupport","multi-point",3,3,"one-point",1,"calibrated",3.9823008849557513,0.008798750288295009,3,4,,,,"",
123456,"TwoPole",22,51,7,0.8,3,"TopSupport","multi-point",3,4,"one-point",1,"calibrated",3.3308660251665434,0.004998449177937914,3,3,,,,"",
123456,"TwoPole",23,51,7,0.8,3,"TopSupport","multi-point",3,4,"one-point",1,"calibrated",4.692387904066736,0.02533180156699888,3,4,,,,"",
123456,"TwoPole",24,51,7,0.8,3,"TopSupport","multi-point",3,3,"one-point",1,"calibrated",7.736389684813753,0.013599840609356892,3,4,,,,"",
123456,"TwoPole",25,51,7,0.8,3,"TopSupport","multi-point",3,4,"one-point",1,"degenerate",,,,,1,4,2.240546242548293,"SwitchDetected",2
123456,"TwoPole",26,51,7,0.8,3,"TopSupport","multi-point",3,4,"one-point",1,"calibrated",2.267002518891687,0.0026571672132518665,3,3,,,,"",
123456,"TwoPole",27,51,7,0.8,3,"TopSupport","multi-point",3,3,"one-point",1,"calibrated",2.4807056229327453,0.016051193670635407,3,3,,,,"",
123456,"TwoPole",28,51,7,0.8,3,"TopSupport","multi-point",3,3,"one-point",1,"degenerate",,,,,1,3,1.9445135941783276,"SwitchDetected",3
123456,"TwoPole",29,51,7,0.8,3,"TopSupport","multi-point",3,3,"one-point",1,"calibrated",20,0.01109179578548852,3,4,,,,"",
123456,"TwoPole",30,51,7,0.8,3,"TopSupport","multi-point",3,3,"one-point",1,"calibrated",3.2902754082378745,0.007312540229874377,3,4,,,,"",
123456,"TwoPole",31,51,7,0.8,3,"TopSupport","multi-point",3,3,"one-point",1,"calibrated",16.875,0.011618579885243096,3,3,,,,"",
123456,"TwoPole",32,51,7,0.8,3,"TopSupport","two-point",2,2,"one-point",1,"degenerate",,,,,1,3,2.388268563598729,"SwitchDetected",3
123456,"TwoPole",33,51,7,0.8,3,"TopSupport","multi-point",3,4,"one-point",1,"calibrated",2.3510971786833856,0.00520463645756671,3,3,,,,"",
123456,"TwoPole",34,51,7,0.8,3,"TopSupport","multi-point",3,3,"one-point",1,"calibrated",5.9628975265017665,0.0065600136113593485,3,4,,,,"",
123456,"TwoPole",35,51,7,0.8,3,"TopSupport","multi-point",3,3,"one-point",1,"calibrated",3.458877786318216,0.017261607172282763,3,4,,,,"",
123456,"TwoPole",36,51,7,0.8,3,"TopSupport","multi-point",3,4,"one-point",1,"calibrated",4.671280276816609,0.019368155297915402,4,4,,,,"",
123456,"TwoPole",37,51,7,0.8,3,"TopSupport","multi-point",3,3,"one-point",1,"calibrated",2.862595419847328,0.010642406748006332,3,3,,,,"",
123456,"TwoPole",38,51,7,0.8,3,"TopSupport","multi-point",3,3,"one-point",1,"calibrated",2.8932704672096015,0.010093216312893841,3,4,,,,"",
123456,"TwoPole",39,51,7,0.8,3,"TopSupport","multi-point",3,4,"one-point",1,"calibrated",1.801441152922338,0.003298759067740295,3,3,,,,"",
123456,"TwoPole",40,51,7,0.8,3,"TopSupport","multi-point",3,3,"one-point",1,"calibrated",2.286198137171888,0.0042639670963036825,3,3,,,,"",
123456,"TwoPole",41,51,7,0.8,3,"TopSupport","multi-point",3,4,"one-point",1,"degenerate",,,,,1,4,1.8611044059806612,"SwitchDetected",3
123456,"TwoPole",42,51,7,0.8,3,"TopSupport","multi-point",3,4,"one-point",1,"calibrated",2.6844303042354345,0.012155459517675066,3,3,,,,"",
123456,"TwoPole",43,51,7,0.8,3,"TopSupport","multi-point",3,4,"one-point",1,"calibrated",3.760445682451253,0.011106788098081102,3,3,,,,"",
123456,"TwoPole",44,51,7,0.8,3,"TopSupport","multi-point",3,3,"one-point",1,"calibrated",2.1933387489845653,0.007686125873305968,3,3,,,,"",
123456,"TwoPole",45,51,7,0.8,3,"TopSupport","multi-point",3,4,"one-point",1,"degenerate",,,,,1,4,1.824806746349746,"SwitchDetected",3
123456,"TwoPole",46,51,7,0.8,3,"TopSupport","two-point",2,2,"one-point",1,"degenerate",,,,,1,3,2.76433161856138,"SwitchDetected",3
123456,"TwoPole",47,51,7,0.8,3,"TopSupport","multi-point",3,3,"two-point",2,"calibrated",17.419354838709676,0.06296254446650557,3,3,,,,"",
123456,"TwoPole",48,51,7,0.8,3,"TopSupport","multi-point",3,3,"one-point",1,"calibrated",6.919528446950282,0.02791352725846971,3,4,,,,"",
123456,"TwoPole",49,51,7,0.8,3,"TopSupport","two-point",2,2,"one-point",1,"degenerate",,,,,2,3,2.1865245283371393,"SwitchDetected",3
123456,"TwoPole",50,51,7,0.8,3,"TopSupport","multi-point",3,3,"one-point",1,"calibrated",1.8669616927119346,0.00195617082387684,3,3,,,,"",
123456,"TwoPole",51,51,7,0.8,3,"TopSupport","multi-point",3,4,"one-point",1,"calibrated",2.286198137171888,0.00677783409402414,3,3,,,,"",
123456,"TwoPole",52,51,7,0.8,3,"TopSupport","multi-point",3,3,"one-point",1,"degenerate",,,,,1,3,1.9367815310669383,"SwitchDetected",3
123456,"TwoPole",53,51,7,0.8,3,"TopSupport","multi-point",3,3,"one-point",1,"calibrated",2.4141630901287554,0.010082044261757737,3,3,,,,"",
123456,"TwoPole",54,51,7,0.8,3,"TopSupport","multi-point",3,3,"one-point",1,"calibrated",3.813559322033898,0.009870499681420347,3,3,,,,"",
123456,"TwoPole",55,51,7,0.8,3,"TopSupport","two-point",2,2,"one-point",1,"degenerate",,,,,1,3,2.054918654244008,"SwitchDetected",3
123456,"TwoPole",56,51,7,0.8,3,"TopSupport","multi-point",3,4,"one-point",1,"calibrated",2.305721605465414,0.00800934336039967,3,4,,,,"",
123456,"TwoPole",57,51,7,0.8,3,"TopSupport","multi-point",3,4,"one-point",1,"calibrated",3.2902754082378745,0.009900828451970897,3,4,,,,"",
123456,"TwoPole",58,51,7,0.8,3,"TopSupport","multi-point",3,3,"one-point",1,"degenerate",,,,,1,3,2.0319835248601414,"SwitchDetected",2
123456,"TwoPole",59,51,7,0.8,3,"TopSupport","multi-point",3,3,"one-point",1,"degenerate",,,,,1,3,2.315315471271767,"SwitchDetected",3
123456,"TwoPole",60,51,7,0.8,3,"TopSupport","multi-point",3,3,"one-point",1,"degenerate",,,,,1,3,2.1933740931782375,"SwitchDetected",3
123456,"TwoPole",61,51,7,0.8,3,"TopSupport","multi-point",3,3,"one-point",1,"calibrated",2.2481265611990007,0.0015193708798875803,3,3,,,,"",
123456,"TwoPole",62,51,7,0.8,3,"TopSupport","multi-point",3,3,"one-point",1,"calibrated",4.9504950495049505,0.019017415767580703,3,4,,,,"",
123456,"TwoPole",63,51,7,0.8,3,"TopSupport","multi-point",3,4,"one-point",1,"degenerate",,,,,1,4,2.1023780071550657,"SwitchDetected",3
123456,"TwoPole",64,51,7,0.8,3,"TopSupport","multi-point",3,4,"one-point",1,"degenerate",,,,,1,4,1.870468033708154,"SwitchDetected",3
123456,"TwoPole",65,51,7,0.8,3,"TopSupport","multi-point",3,4,"one-point",1,"calibrated",2.824858757062147,0.00673326543447702,3,3,,,,"",
123456,"TwoPole",66,51,7,0.8,3,"TopSupport","multi-point",3,3,"one-point",1,"degenerate",,,,,1,3,2.323189820163357,"SwitchDetected",3
123456,"TwoPole",67,51,7,0.8,3,"TopSupport","multi-point",3,3,"one-point",1,"calibrated",3.3724706470147385,0.007803210525030674,3,3,,,,"",
123456,"TwoPole",68,51,7,0.8,3,"TopSupport","two-point",2,2,"one-point",1,"degenerate",,,,,1,3,2.1416860483546016,"SwitchDetected",3
123456,"TwoPole",69,51,7,0.8,3,"TopSupport","multi-point",3,4,"one-point",1,"calibrated",2.5271433919880195,0.002072257002765911,3,3,,,,"",
123456,"TwoPole",70,51,7,0.8,3,"TopSupport","multi-point",3,3,"one-point",1,"degenerate",,,,,1,4,2.7341515706894746,"SwitchDetected",3
123456,"TwoPole",71,51,7,0.8,3,"TopSupport","multi-point",3,4,"one-point",1,"degenerate",,,,,1,4,2.2640012878718263,"SwitchDetected",3
123456,"TwoPole",72,51,7,0.8,3,"TopSupport","multi-point",3,3,"one-point",1,"degenerate",,,,,1,3,1.84605642618394,"SwitchDetected",3
123456,"TwoPole",73,51,7,0.8,3,"TopSupport","two-point",2,2,"one-point",1,"degenerate",,,,,1,2,1.000005950963148,"SwitchDetected",2
123456,"TwoPole",74,51,7,0.8,3,"TopSupport","multi-point",3,4,"one-point",1,"degenerate",,,,,1,4,2.6391242437324025,"SwitchDetected",3
123456,"TwoPole",75,51,7,0.8,3,"TopSupport","multi-point",3,4,"one-point",1,"calibrated",4.534766543500169,0.025529854274096812,4,4,,,,"",
123456,"TwoPole",76,51,7,0.8,3,"TopSupport","multi-point",3,4,"one-point",1,"calibrated",2.7388922702373706,0.011950624465203832,3,3,,,,"",
123456,"TwoPole",77,51,7,0.8,3,"TopSupport","multi-point",3,3,"one-point",1,"calibrated",3.8681948424068757,0.018232829817062573,3,4,,,,"",
123456,"TwoPole",78,51,7,0.8,3,"TopSupport","multi-point",3,3,"one-point",1,"calibrated",4.387390315242119,0.023375184128871112,3,4,,,,"",
123456,"TwoPole",79,51,7,0.8,3,"TopSupport","multi-point",3,4,"one-point",1,"degenerate",,,,,1,4,2.9765467951344076,"SwitchDetected",2
123456,"TwoPole",80,51,7,0.8,3,"TopSupport","multi-point",3,4,"one-point",1,"calibrated",3.5498290823034444,0.009518304571871194,3,3,,,,"",
123456,"TwoPole",81,51,7,0.8,3,"TopSupport","multi-point",3,4,"one-point",1,"calibrated",2.3927685218007797,0.008346729720593471,3,3,,,,"",
123456,"TwoPole",82,51,7,0.8,3,"TopSupport","multi-point",3,3,"one-point",1,"degenerate",,,,,1,3,2.0514066171135443,"SwitchDetected",3
123456,"TwoPole",83,51,7,0.8,3,"TopSupport","two-point",2,2,"one-point",1,"degenerate",,,,,1,3,2.386911612593057,"SwitchDetected",3
123456,"TwoPole",84,51,7,0.8,3,"TopSupport","multi-point",3,4,"one-point",1,"calibrated",5.342303126236644,0.017630471992744454,3,3,,,,"",
123456,"TwoPole",85,51,7,0.8,3,"TopSupport","multi-point",3,3,"one-point",1,"calibrated",4.534766543500169,0.03358971859796836,3,4,,,,"",
123456,"TwoPole",86,51,7,0.8,3,"TopSupport","multi-point",3,4,"one-point",1,"calibrated",2.824858757062147,0.0004114427304489111,3,4,,,,"",
123456,"TwoPole",87,51,7,0.8,3,"TopSupport","multi-point",3,3,"one-point",1,"calibrated",20,0.016264825079890737,3,3,,,,"",
123456,"TwoPole",88,51,7,0.8,3,"TopSupport","multi-point",3,4,"one-point",1,"calibrated",1.838235294117647,0.0003231396142926643,3,3,,,,"",
123456,"TwoPole",89,51,7,0.8,3,"TopSupport","multi-point",3,3,"one-point",1,"calibrated",7.736389684813753,0.006641138766371911,3,4,,,,"",
123456,"TwoPole",90,51,7,0.8,3,"TopSupport","multi-point",3,4,"one-point",1,"degenerate",,,,,1,4,2.0698524674248375,"SwitchDetected",3
123456,"TwoPole",91,51,7,0.8,3,"TopSupport","multi-point",3,3,"two-point",2,"calibrated",4.387390315242119,0.04989394738621764,3,4,,,,"",
123456,"TwoPole",92,51,7,0.8,3,"TopSupport","multi-point",3,4,"one-point",1,"calibrated",2.6066808264143657,0.005789597098654599,3,3,,,,"",
123456,"TwoPole",93,51,7,0.8,3,"TopSupport","multi-point",3,3,"one-point",1,"degenerate",,,,,1,3,2.079895192781301,"SwitchDetected",2
123456,"TwoPole",94,51,7,0.8,3,"TopSupport","multi-point",3,3,"one-point",1,"degenerate",,,,,1,3,2.062358526755496,"SwitchDetected",3
123456,"TwoPole",95,51,7,0.8,3,"TopSupport","multi-point",3,4,"one-point",1,"calibrated",4.103343465045592,0.017655542812962447,4,4,,,,"",
123456,"TwoPole",96,51,7,0.8,3,"TopSupport","multi-point",3,4,"one-point",1,"calibrated",2.1034590215020255,0.005343236712003615,3,3,,,,"",
123456,"TwoPole",97,51,7,0.8,3,"TopSupport","multi-point",3,3,"one-point",1,"calibrated",2.6066808264143657,0.014225932542414913,3,3,,,,"",
123456,"TwoPole",98,51,7,0.8,3,"TopSupport","multi-point",3,3,"one-point",1,"degenerate",,,,,1,3,1.9549650462296613,"SwitchDetected",2
123456,"TwoPole",99,51,7,0.8,3,"TopSupport","multi-point",3,4,"one-point",1,"calibrated",6.919528446950282,0.03236266936139109,4,4,,,,"",
123456,"TwoPole",100,51,7,0.8,3,"TopSupport","multi-point",3,4,"one-point",1,"degenerate",,,,,1,3,1.831110152440703,"SwitchDetected",3
123456,"TwoPole",101,51,7,0.8,3,"TopSupport","multi-point",3,3,"one-point",1,"calibrated",3.5498290823034444,0.005002232260609807,3,4,,,,"",
123456,"TwoPole",102,51,7,0.8,3,"TopSupport","multi-point",3,3,"one-point",1,"degenerate",,,,,1,3,1.7930874094543663,"SwitchDetected",3
123456,"TwoPole",103,51,7,0.8,3,"TopSupport","multi-point",3,4,"one-point",1,"degenerate",,,,,1,4,2.5424925551708784,"SwitchDetected",2
123456,"TwoPole",104,51,7,0.8,3,"TopSupport","multi-point",3,3,"one-point",1,"calibrated",2.5037091988130564,0.01423949389208782,3,3,,,,"",
123456,"TwoPole",105,51,7,0.8,3,"TopSupport","multi-point",3,4,"one-point",1,"calibrated",3.4151277510751323,0.014539678944149337,3,3,,,,"",
123456,"TwoPole",106,51,7,0.8,3,"TopSupport","multi-point",3,3,"one-point",1,"calibrated",3.1278962001853565,0.005753178080251133,3,4,,,,"",
123456,"TwoPole",107,51,7,0.8,3,"TopSupport","two-point",2,2,"one-point",1,"degenerate",,,,,1,3,2.3712160080236955,"SwitchDetected",3
123456,"TwoPole",108,51,7,0.8,3,"TopSupport","multi-point",3,3,"one-point",1,"degenerate",,,,,1,3,2.3536797435431476,"SwitchDetected",2
123456,"TwoPole",109,51,7,0.8,3,"TopSupport","multi-point",3,3,"one-point",1,"calibrated",4.692387904066736,0.020214583870681434,3,4,,,,"",
123456,"TwoPole",110,51,7,0.8,3,"TopSupport","multi-point",3,3,"one-point",1,"calibrated",2.956636005256242,0.006854656164738696,3,3,,,,"",
123456,"TwoPole",111,51,7,0.8,3,"TopSupport","multi-point",3,4,"one-point",1,"calibrated",3.4151277510751323,0.011417234337201468,3,4,,,,"",
123456,"TwoPole",112,51,7,0.8,3,"TopSupport","multi-point",3,4,"one-point",1,"calibrated",3.5037633013236436,0.012029177130113455,3,3,,,,"",
123456,"TwoPole",113,51,7,0.8,3,"TopSupport","multi-point",3,4,"one-point",1,"calibrated",3.057065217391304,0.004845114554656994,3,3,,,,"",
123456,"TwoPole",114,51,7,0.8,3,"TopSupport","multi-point",3,3,"one-point",1,"degenerate",,,,,1,4,3.1386056250272385,"SwitchDetected",4
123456,"TwoPole",115,51,7,0.8,3,"TopSupport","multi-point",3,4,"one-point",1,"calibrated",3.9244186046511618,0.01057340447968383,4,4,,,,"",
123456,"TwoPole",116,51,7,0.8,3,"TopSupport","multi-point",3,4,"one-point",1,"calibrated",3.813559322033898,0.009679039530773523,3,3,,,,"",
123456,"TwoPole",117,51,7,0.8,3,"TopSupport","multi-point",3,3,"one-point",1,"degenerate",,,,,1,3,1.9566267535031252,"SwitchDetected",3
123456,"TwoPole",118,51,7,0.8,3,"TopSupport","multi-point",3,3,"one-point",1,"degenerate",,,,,1,3,2.242639371913146,"SwitchDetected",3
123456,"TwoPole",119,51,7,0.8,3,"TopSupport","multi-point",3,3,"one-point",1,"degenerate",,,,,1,4,3.0894991160872127,"SwitchDetected",3
123456,"TwoPole",120,51,7,0.8,3,"TopSupport","multi-point",3,4,"one-point",1,"calibrated",4.103343465045592,0.01049912763756864,4,4,,,,"",
123456,"TwoPole",121,51,7,0.8,3,"TopSupport","multi-point",3,3,"one-point",1,"calibrated",4.04191616766467,0.019691894879961654,3,3,,,,"",
123456,"TwoPole",122,51,7,0.8,3,"TopSupport","multi-point",3,3,"one-point",1,"calibrated",1.7182130584192439,0.003061998619318572,3,3,,,,"",
123456,"TwoPole",123,51,7,0.8,3,"TopSupport","multi-point",3,4,"one-point",1,"calibrated",3.0228392297357813,0.014573400663529672,3,3,,,,"",
123456,"TwoPole",124,51,7,0.8,3,"TopSupport","multi-point",3,3,"one-point",1,"calibrated",3.760445682451253,0.011227696631388633,3,3,,,,"",
123456,"TwoPole",125,51,7,0.8,3,"TopSupport","multi-point",3,4,"one-point",1,"calibrated",6.7669172932330826,0.02622420353872809,4,4,,,,"",
123456,"TwoPole",126,51,7,0.8,3,"TopSupport","multi-point",3,4,"one-point",1,"calibrated",1.9619241389332946,0.0006971712748487945,3,3,,,,"",
123456,"TwoPole",127,51,7,0.8,3,"TopSupport","multi-point",3,4,"one-point",1,"calibrated",4.103343465045592,0.008070420869121466,3,4,,,,"",
123456,"TwoPole",128,51,7,0.8,3,"TopSupport","multi-point",3,4,"one-point",1,"calibrated",3.8681948424068757,0.0021321922249718773,3,3,,,,"",
123456,"TwoPole",129,51,7,0.8,3,"TopSupport","multi-point",3,4,"one-point",1,"calibrated",2.5510204081632653,0.005860227260646045,3,3,,,,"",
123456,"TwoPole",130,51,7,0.8,3,"TopSupport","multi-point",3,3,"one-point",1,"calibrated",20,0.03082620638477378,3,3,,,,"",
123456,"TwoPole",131,51,7,0.8,3,"TopSupport","multi-point",3,3,"one-point",1,"degenerate",,,,,1,3,1.9946700041028065,"SwitchDetected",3
123456,"TwoPole",132,51,7,0.8,3,"TopSupport","multi-point",3,4,"one-point",1,"calibrated",2.1367521367521367,0.000759594161931379,3,3,,,,"",
123456,"TwoPole",133,51,7,0.8,3,"TopSupport","multi-point",3,3,"one-point",1,"degenerate",,,,,1,3,2.4596519646515107,"SwitchDetected",2
123456,"TwoPole",134,51,7,0.8,3,"TopSupport","multi-point",3,3,"one-point",1,"calibrated",3.1645569620253164,0.02904142582962579,3,3,,,,"",
123456,"TwoPole",135,51,7,0.8,3,"TopSupport","multi-point",3,4,"one-point",1,"degenerate",,,,,1,4,2.0989641616986443,"SwitchDetected",3
123456,"TwoPole",136,51,7,0.8,3,"TopSupport","multi-point",3,3,"one-point",1,"calibrated",2.1367521367521367,0.010034782949023555,3,3,,,,"",
123456,"TwoPole",137,51,7,0.8,3,"TopSupport","multi-point",3,4,"one-point",1,"degenerate",,,,,1,4,2.199748258789964,"SwitchDetected",3
123456,"TwoPole",138,51,7,0.8,3,"TopSupport","multi-point",3,3,"one-point",1,"calibrated",2.862595419847328,0.00678694697092783,3,3,,,,"",
123456,"TwoPole",139,51,7,0.8,3,"TopSupport","multi-point",3,4,"one-point",1,"degenerate",,,,,1,4,2.485371855788058,"SwitchDetected",3
123456,"TwoPole",140,51,7,0.8,3,"TopSupport","multi-point",3,5,"one-point",1,"degenerate",,,,,1,4,2.1881189308880824,"SwitchDetected",2
123456,"TwoPole",141,51,7,0.8,3,"TopSupport","multi-point",3,3,"one-point",1,"calibrated",3.3202164289227745,0.02266437115369953,3,3,,,,"",
123456,"TwoPole",142,51,7,0.8,3,"TopSupport","multi-point",3,3,"one-point",1,"degenerate",,,,,1,3,2.0263722754080358,"SwitchDetected",3
123456,"TwoPole",143,51,7,0.8,3,"TopSupport","multi-point",3,3,"one-point",1,"calibrated",4.166666666666666,0.0023417415540487913,3,4,,,,"",
123456,"TwoPole",144,51,7,0.8,3,"TopSupport","multi-point",3,3,"one-point",1,"calibrated",2.8852318871553755,0.019019523229957494,3,3,,,,"",
123456,"TwoPole",145,51,7,0.8,3,"TopSupport","multi-point",3,4,"one-point",1,"calibrated",5.9628975265017665,0.027762173352763847,4,4,,,,"",
123456,"TwoPole",146,51,7,0.8,3,"TopSupport","two-point",2,2,"two-point",2,"degenerate",,,,,2,2,,"NoSwitchDetected",
123456,"TwoPole",147,51,7,0.8,3,"TopSupport","multi-point",3,3,"one-point",1,"degenerate",,,,,1,3,1.8633538606675564,"SwitchDetected",3
123456,"TwoPole",148,51,7,0.8,3,"TopSupport","multi-point",3,4,"one-point",1,"calibrated",2.7388922702373706,0.006290783063030822,3,3,,,,"",
123456,"TwoPole",149,51,7,0.8,3,"TopSupport","multi-point",3,4,"one-point",1,"calibrated",3.2119914346895073,0.008912328005897812,3,3,,,,"",
123456,"TwoPole",150,51,7,0.8,3,"TopSupport","multi-point",3,4,"one-point",1,"calibrated",3.1278962001853565,0.01184015687120215,3,3,,,,"",
123456,"TwoPole",151,51,7,0.8,3,"TopSupport","multi-point",3,3,"one-point",1,"degenerate",,,,,1,4,2.812024390672984,"SwitchDetected",4
123456,"TwoPole",152,51,7,0.8,3,"TopSupport","multi-point",3,3,"one-point",1,"calibrated",2.17566478646253,0.004801771708262127,3,3,,,,"",
123456,"TwoPole",153,51,7,0.8,3,"TopSupport","two-point",2,2,"two-point",2,"degenerate",,,,,1,3,1.8938462423178815,"SwitchDetected",2
123456,"TwoPole",154,51,7,0.8,3,"TopSupport","multi-point",3,3,"one-point",1,"calibrated",2.7113878288813016,0.008635144207080692,3,3,,,,"",
123456,"TwoPole",155,51,7,0.8,3,"TopSupport","two-point",2,2,"one-point",1,"degenerate",,,,,1,3,3.3860106959828853,"SwitchDetected",3
123456,"TwoPole",156,51,7,0.8,3,"TopSupport","multi-point",3,4,"one-point",1,"degenerate",,,,,1,3,2.15274305900006,"SwitchDetected",2
123456,"TwoPole",157,51,7,0.8,3,"TopSupport","multi-point",3,4,"one-point",1,"degenerate",,,,,1,4,2.1630791928720314,"SwitchDetected",3
123456,"TwoPole",158,51,7,0.8,3,"TopSupport","multi-point",3,4,"one-point",1,"calibrated",2.795609857113274,0.0003901133253401412,3,3,,,,"",
123456,"TwoPole",159,51,7,0.8,3,"TopSupport","multi-point",3,3,"one-point",1,"calibrated",3.9823008849557513,0.02199316608351343,3,3,,,,"",
123456,"TwoPole",160,51,7,0.8,3,"TopSupport","multi-point",3,3,"one-point",1,"calibrated",2.1933387489845653,0.0038046274867012484,3,3,,,,"",
123456,"TwoPole",161,51,7,0.8,3,"TopSupport","multi-point",3,3,"one-point",1,"degenerate",,,,,1,3,1.791710876655021,"SwitchDetected",3
123456,"TwoPole",162,51,7,0.8,3,"TopSupport","multi-point",3,3,"one-point",1,"calibrated",3.5498290823034444,0.005700783387766757,3,3,,,,"",
123456,"TwoPole",163,51,7,0.8,3,"TopSupport","multi-point",3,3,"one-point",1,"degenerate",,,,,1,3,1.982410103225319,"SwitchDetected",3
123456,"TwoPole",164,51,7,0.8,3,"TopSupport","multi-point",3,4,"one-point",1,"calibrated",5.562422744128553,0.031810985850822406,4,4,,,,"",
123456,"TwoPole",165,51,7,0.8,3,"TopSupport","multi-point",3,4,"one-point",1,"degenerate",,,,,1,4,1.9942439090296626,"SwitchDetected",3
123456,"TwoPole",166,51,7,0.8,3,"TopSupport","multi-point",3,4,"one-point",1,"degenerate",,,,,1,4,2.2267404564383027,"SwitchDetected",3
123456,"TwoPole",167,51,7,0.8,3,"TopSupport","multi-point",3,3,"one-point",1,"degenerate",,,,,1,3,1.7955014382148438,"SwitchDetected",3
123456,"TwoPole",168,51,7,0.8,3,"TopSupport","multi-point",3,3,"one-point",1,"calibrated",2.862595419847328,0.008180865773209542,3,3,,,,"",
123456,"TwoPole",169,51,7,0.8,3,"TopSupport","multi-point",3,3,"one-point",1,"calibrated",2.055420219244823,0.008162782986692147,3,3,,,,"",
123456,"TwoPole",170,51,7,0.8,3,"TopSupport","multi-point",3,3,"one-point",1,"calibrated",2.211302211302211,0.0012502896315960091,3,3,,,,"",
123456,"TwoPole",171,51,7,0.8,3,"TopSupport","multi-point",3,4,"one-point",1,"calibrated",4.753521126760563,0.021789878561267025,4,4,,,,"",
123456,"TwoPole",172,51,7,0.8,3,"TopSupport","multi-point",3,3,"one-point",1,"calibrated",6.7669172932330826,0.042159496726125026,3,4,,,,"",
123456,"TwoPole",173,51,7,0.8,3,"TopSupport","multi-point",3,3,"one-point",1,"degenerate",,,,,1,5,2.5668040360110824,"SwitchDetected",3
123456,"TwoPole",174,51,7,0.8,3,"TopSupport","multi-point",3,4,"one-point",1,"calibrated",1.7895015906680807,0.0014023334816229273,3,3,,,,"",
123456,"TwoPole",175,51,7,0.8,3,"TopSupport","multi-point",3,4,"one-point",1,"calibrated",4.103343465045592,0.0037573147679386388,3,4,,,,"",
123456,"TwoPole",176,51,7,0.8,3,"TopSupport","multi-point",3,3,"one-point",1,"degenerate",,,,,1,4,2.7741890695189704,"SwitchDetected",3
123456,"TwoPole",177,51,7,0.8,3,"TopSupport","multi-point",3,4,"one-point",1,"calibrated",2.956636005256242,0.017527041640524432,3,3,,,,"",
123456,"TwoPole",178,51,7,0.8,3,"TopSupport","multi-point",3,4,"one-point",1,"calibrated",3.5037633013236436,0.007298131547086146,3,4,,,,"",
123456,"TwoPole",179,51,7,0.8,3,"TopSupport","multi-point",3,4,"one-point",1,"calibrated",2.7669604427136707,0.0135567212933543,3,3,,,,"",
123456,"TwoPole",180,51,7,0.8,3,"TopSupport","multi-point",3,3,"one-point",1,"calibrated",3.2119914346895073,0.01902167725215377,3,3,,,,"",
123456,"TwoPole",181,51,7,0.8,3,"TopSupport","multi-point",3,3,"one-point",1,"calibrated",1.7660910518053372,0.003388221606318551,3,3,,,,"",
123456,"TwoPole",182,51,7,0.8,3,"TopSupport","multi-point",3,3,"one-point",1,"degenerate",,,,,1,4,2.49979116277136,"SwitchDetected",3
123456,"TwoPole",183,51,7,0.8,3,"TopSupport","multi-point",3,3,"one-point",1,"degenerate",,,,,1,3,2.252922291438132,"SwitchDetected",3
123456,"TwoPole",184,51,7,0.8,3,"TopSupport","two-point",2,2,"one-point",1,"degenerate",,,,,1,3,2.201448530021845,"SwitchDetected",3
123456,"TwoPole",185,51,7,0.8,3,"TopSupport","multi-point",3,3,"one-point",1,"calibrated",2.6580035440047256,0.007006613704817878,3,4,,,,"",
123456,"TwoPole",186,51,7,0.8,3,"TopSupport","multi-point",3,3,"one-point",1,"calibrated",2.435943702634428,0.00759232702983718,3,3,,,,"",
123456,"TwoPole",187,51,7,0.8,3,"TopSupport","multi-point",3,3,"one-point",1,"degenerate",,,,,1,3,1.8322881514679612,"SwitchDetected",3
123456,"TwoPole",188,51,7,0.8,3,"TopSupport","multi-point",3,3,"one-point",1,"degenerate",,,,,1,4,2.7238253253910596,"SwitchDetected",2
123456,"TwoPole",189,51,7,0.8,3,"TopSupport","multi-point",3,3,"one-point",1,"calibrated",4.692387904066736,0.01601716224340616,3,3,,,,"",
123456,"TwoPole",190,51,7,0.8,3,"TopSupport","two-point",2,2,"one-point",1,"degenerate",,,,,1,2,1.1301280274889296,"SwitchDetected",2
123456,"TwoPole",191,51,7,0.8,3,"TopSupport","multi-point",3,3,"one-point",1,"calibrated",5.592377796188898,0.031056224986950768,3,4,,,,"",
123456,"TwoPole",192,51,7,0.8,3,"TopSupport","multi-point",3,4,"one-point",1,"calibrated",5.164498852333589,0.02917896577963514,3,3,,,,"",
123456,"TwoPole",193,51,7,0.8,3,"TopSupport","multi-point",3,3,"one-point",1,"degenerate",,,,,1,3,1.7721168489547279,"SwitchDetected",2
123456,"TwoPole",194,51,7,0.8,3,"TopSupport","multi-point",3,3,"one-point",1,"degenerate",,,,,1,4,2.7115188245671815,"SwitchDetected",3
123456,"TwoPole",195,51,7,0.8,3,"TopSupport","multi-point",3,3,"one-point",1,"calibrated",2.211302211302211,0.011688214963314092,3,3,,,,"",
123456,"TwoPole",196,51,7,0.8,3,"TopSupport","multi-point",3,4,"one-point",1,"calibrated",3.057065217391304,0.002345618876811244,3,3,,,,"",
123456,"TwoPole",197,51,7,0.8,3,"TopSupport","multi-point",3,4,"one-point",1,"calibrated",4.166666666666666,0.015574896674616064,4,4,,,,"",
123456,"TwoPole",198,51,7,0.8,3,"TopSupport","multi-point",3,3,"one-point",1,"degenerate",,,,,1,3,2.2002955169851766,"SwitchDetected",3
123456,"TwoPole",199,51,7,0.8,3,"TopSupport","multi-point",3,4,"one-point",1,"calibrated",3.7087912087912085,0.0036883550004311837,3,3,,,,"",
123456,"TwoPole",200,51,7,0.8,3,"TopSupport","multi-point",3,3,"one-point",1,"degenerate",,,,,1,4,2.9756507533341905,"SwitchDetected",3
