"experimentSeed","model","rep","n","m","lambda","eta","legitimacySignal","geometricRegime","regimeNumber","maxFrontSize","regimeAtP1","frontSizeAtP1","calibrationStatus","pStar","areaStar","frontSizeAtPStar","selectedCandidate","winnerAtPMin","winnerAtInfinity","firstWinnerSwitchP","firstWinnerSwitchStatus","firstWinnerSwitchWinner"
123456,"TwoPole",1,51,3,0.5,1,"PairwiseSupport","two-point",2,2,"one-point",1,"degenerate",,,,,1,3,1.1375103838437979,"SwitchDetected",3
123456,"TwoPole",2,51,3,0.5,1,"PairwiseSupport","multi-point",3,3,"one-point",1,"calibrated",3.7996059667886293,0.014484524668619464,3,3,,,,"",
123456,"TwoPole",3,51,3,0.5,1,"PairwiseSupport","multi-point",3,3,"one-point",1,"calibrated",2.9893711248892822,0.024381527282389185,3,3,,,,"",
123456,"TwoPole",4,51,3,0.5,1,"PairwiseSupport","multi-point",3,3,"one-point",1,"degenerate",,,,,2,3,1.5849633566706869,"SwitchDetected",3
123456,"TwoPole",5,51,3,0.5,1,"PairwiseSupport","two-point",2,2,"one-point",1,"degenerate",,,,,1,3,1.2224008081692845,"SwitchDetected",3
123456,"TwoPole",6,51,3,0.5,1,"PairwiseSupport","multi-point",3,3,"one-point",1,"calibrated",2.9163966299416724,0.014517832180473256,3,3,,,,"",
123456,"TwoPole",7,51,3,0.5,1,"PairwiseSupport","one-point",1,1,"one-point",1,"degenerate",,,,,1,1,,"NoSwitchDetected",
123456,"TwoPole",8,51,3,0.5,1,"PairwiseSupport","two-point",2,2,"one-point",1,"degenerate",,,,,2,1,1.0588995077933394,"SwitchDetected",1
123456,"TwoPole",9,51,3,0.5,1,"PairwiseSupport","two-point",2,2,"one-point",1,"degenerate",,,,,2,1,1.0588995077933394,"SwitchDetected",1
123456,"TwoPole",10,51,3,0.5,1,"PairwiseSupport","multi-point",3,3,"one-point",1,"degenerate",,,,,2,3,1.9068912400437852,"SwitchDetected",3
123456,"TwoPole",11,51,3,0.5,1,"PairwiseSupport","two-point",2,2,"one-point",1,"degenerate",,,,,1,3,1.2224008081692845,"SwitchDetected",3
123456,"TwoPole",12,51,3,0.5,1,"PairwiseSupport","two-point",2,2,"one-point",1,"degenerate",,,,,2,1,1.7004410155630727,"SwitchDetected",1
123456,"TwoPole",13,51,3,0.5,1,"PairwiseSupport","one-point",1,1,"one-point",1,"degenerate",,,,,1,1,,"NoSwitchDetected",
123456,"TwoPole",14,51,3,0.5,1,"PairwiseSupport","one-point",1,1,"one-point",1,"degenerate",,,,,1,1,,"NoSwitchDetected",
123456,"TwoPole",15,51,3,0.5,1,"PairwiseSupport","multi-point",3,3,"one-point",1,"calibrated",2.795609857113274,0.004752931844786784,3,3,,,,"",
123456,"TwoPole",16,51,3,0.5,1,"PairwiseSupport","one-point",1,1,"one-point",1,"degenerate",,,,,1,1,,"NoSwitchDetected",
123456,"TwoPole",17,51,3,0.5,1,"PairwiseSupport","two-point",2,2,"one-point",1,"degenerate",,,,,1,3,1.3219291661716357,"SwitchDetected",3
123456,"TwoPole",18,51,3,0.5,1,"PairwiseSupport","two-point",2,2,"one-point",1,"degenerate",,,,,2,1,1.2224008081692845,"SwitchDetected",1
123456,"TwoPole",19,51,3,0.5,1,"PairwiseSupport","multi-point",3,3,"one-point",1,"calibrated",2.600154083204931,0.02495807999467492,3,3,,,,"",
123456,"TwoPole",20,51,3,0.5,1,"PairwiseSupport","multi-point",3,3,"one-point",1,"calibrated",2.9893711248892822,0.024381527282389237,3,3,,,,"",
123456,"TwoPole",21,51,3,0.5,1,"PairwiseSupport","two-point",2,2,"one-point",1,"degenerate",,,,,2,1,1.8579971473438577,"SwitchDetected",1
123456,"TwoPole",22,51,3,0.5,1,"PairwiseSupport","two-point",2,2,"one-point",1,"degenerate",,,,,2,1,1.1805771850792885,"SwitchDetected",1
123456,"TwoPole",23,51,3,0.5,1,"PairwiseSupport","two-point",2,2,"one-point",1,"degenerate",,,,,1,3,1.169933063033857,"SwitchDetected",3
123456,"TwoPole",24,51,3,0.5,1,"PairwiseSupport","two-point",2,2,"one-point",1,"degenerate",,,,,2,1,2.3692435057833823,"SwitchDetected",1
123456,"TwoPole",25,51,3,0.5,1,"PairwiseSupport","one-point",1,1,"one-point",1,"degenerate",,,,,1,1,,"NoSwitchDetected",
123456,"TwoPole",26,51,3,0.5,1,"PairwiseSupport","multi-point",3,3,"one-point",1,"calibrated",2.795609857113274,0.004752931844786784,3,3,,,,"",
123456,"TwoPole",27,51,3,0.5,1,"PairwiseSupport","one-point",1,1,"one-point",1,"degenerate",,,,,1,1,,"NoSwitchDetected",
123456,"TwoPole",28,51,3,0.5,1,"PairwiseSupport","multi-point",3,3,"one-point",1,"calibrated",3.4151277510751323,0.014367844682375758,3,3,,,,"",
123456,"TwoPole",29,51,3,0.5,1,"PairwiseSupport","multi-point",3,3,"one-point",1,"calibrated",2.795609857113274,0.004752931844786784,3,3,,,,"",
123456,"TwoPole",30,51,3,0.5,1,"PairwiseSupport","two-point",2,2,"one-point",1,"degenerate",,,,,2,1,1.473940318641535,"SwitchDetected",1
123456,"TwoPole",31,51,3,0.5,1,"PairwiseSupport","multi-point",3,3,"one-point",1,"calibrated",2.600154083204931,0.02495807999467492,3,3,,,,"",
123456,"TwoPole",32,51,3,0.5,1,"PairwiseSupport","two-point",2,2,"one-point",1,"degenerate",,,,,1,3,1.2224008081692845,"SwitchDetected",3
123456,"TwoPole",33,51,3,0.5,1,"PairwiseSupport","one-point",1,1,"one-point",1,"degenerate",,,,,1,1,,"NoSwitchDetected",
123456,"TwoPole",34,51,3,0.5,1,"PairwiseSupport","two-point",2,2,"one-point",1,"degenerate",,,,,1,3,1.5849633566706869,"SwitchDetected",3
123456,"TwoPole",35,51,3,0.5,1,"PairwiseSupport","two-point",2,2,"one-point",1,"degenerate",,,,,2,3,3.2730360085901227,"SwitchDetected",3
123456,"TwoPole",36,51,3,0.5,1,"PairwiseSupport","multi-point",3,3,"one-point",1,"calibrated",3.4151277510751323,0.014367844682375758,3,3,,,,"",
123456,"TwoPole",37,51,3,0.5,1,"PairwiseSupport","two-point",2,2,"one-point",1,"degenerate",,,,,2,1,1.054454287405083,"SwitchDetected",1
123456,"TwoPole",38,51,3,0.5,1,"PairwiseSupport","two-point",2,2,"one-point",1,"degenerate",,,,,1,3,1.087468032727584,"SwitchDetected",3
123456,"TwoPole",39,51,3,0.5,1,"PairwiseSupport","two-point",2,2,"one-point",1,"degenerate",,,,,2,1,1.6374433237381063,"SwitchDetected",1
123456,"TwoPole",40,51,3,0.5,1,"PairwiseSupport","multi-point",3,3,"one-point",1,"calibrated",2.600154083204931,0.02495807999467492,3,3,,,,"",
123456,"TwoPole",41,51,3,0.5,1,"PairwiseSupport","two-point",2,2,"one-point",1,"degenerate",,,,,2,1,1.0588995077933394,"SwitchDetected",1
123456,"TwoPole",42,51,3,0.5,1,"PairwiseSupport","one-point",1,1,"one-point",1,"degenerate",,,,,1,1,,"NoSwitchDetected",
123456,"TwoPole",43,51,3,0.5,1,"PairwiseSupport","multi-point",3,3,"one-point",1,"calibrated",2.600154083204931,0.02495807999467492,3,3,,,,"",
123456,"TwoPole",44,51,3,0.5,1,"PairwiseSupport","one-point",1,1,"one-point",1,"degenerate",,,,,1,1,,"NoSwitchDetected",
123456,"TwoPole",45,51,3,0.5,1,"PairwiseSupport","one-point",1,1,"one-point",1,"degenerate",,,,,1,1,,"NoSwitchDetected",
123456,"TwoPole",46,51,3,0.5,1,"PairwiseSupport","two-point",2,2,"one-point",1,"degenerate",,,,,2,1,1.0588995077933394,"SwitchDetected",1
123456,"TwoPole",47,51,3,0.5,1,"PairwiseSupport","one-point",1,1,"one-point",1,"degenerate",,,,,1,1,,"NoSwitchDetected",
123456,"TwoPole",48,51,3,0.5,1,"PairwiseSupport","two-point",2,2,"one-point",1,"degenerate",,,,,1,3,1.5849633566706869,"SwitchDetected",3
123456,"TwoPole",49,51,3,0.5,1,"PairwiseSupport","two-point",2,2,"one-point",1,"degenerate",,,,,1,3,1.1154841682301817,"SwitchDetected",3
123456,"TwoPole",50,51,3,0.5,1,"PairwiseSupport","two-point",2,2,"one-point",1,"degenerate",,,,,1,3,1.3219291661716357,"SwitchDetected",3
123456,"TwoPole",51,51,3,0.5,1,"PairwiseSupport","two-point",2,2,"one-point",1,"degenerate",,,,,2,1,1.0588995077933394,"SwitchDetected",1
123456,"TwoPole",52,51,3,0.5,1,"PairwiseSupport","multi-point",3,3,"one-point",1,"degenerate",,,,,2,3,1.4150462671072566,"SwitchDetected",3
123456,"TwoPole",53,51,3,0.5,1,"PairwiseSupport","two-point",2,2,"one-point",1,"degenerate",,,,,2,1,1.3985584195197238,"SwitchDetected",1
123456,"TwoPole",54,51,3,0.5,1,"PairwiseSupport","multi-point",3,3,"one-point",1,"calibrated",2.3457862728062553,0.015472677626743455,3,3,,,,"",
123456,"TwoPole",55,51,3,0.5,1,"PairwiseSupport","one-point",1,1,"one-point",1,"degenerate",,,,,2,2,,"NoSwitchDetected",
123456,"TwoPole",56,51,3,0.5,1,"PairwiseSupport","two-point",2,2,"one-point",1,"degenerate",,,,,2,1,1.0588995077933394,"SwitchDetected",1
123456,"TwoPole",57,51,3,0.5,1,"PairwiseSupport","two-point",2,2,"one-point",1,"degenerate",,,,,2,1,1.0588995077933394,"SwitchDetected",1
123456,"TwoPole",58,51,3,0.5,1,"PairwiseSupport","one-point",1,1,"one-point",1,"degenerate",,,,,1,1,,"NoSwitchDetected",
123456,"TwoPole",59,51,3,0.5,1,"PairwiseSupport","two-point",2,2,"one-point",1,"degenerate",,,,,2,1,1.047310681127489,"SwitchDetected",1
123456,"TwoPole",60,51,3,0.5,1,"PairwiseSupport","two-point",2,2,"one-point",1,"degenerate",,,,,2,1,1.4329654202196895,"SwitchDetected",1
123456,"TwoPole",61,51,3,0.5,1,"PairwiseSupport","two-point",2,2,"one-point",1,"degenerate",,,,,1,3,1.1154841682301817,"SwitchDetected",3
123456,"TwoPole",62,51,3,0.5,1,"PairwiseSupport","multi-point",3,3,"one-point",1,"degenerate",,,,,2,3,1.087468032727584,"SwitchDetected",3
123456,"TwoPole",63,51,3,0.5,1,"PairwiseSupport","two-point",2,2,"one-point",1,"degenerate",,,,,2,1,1.2064543540675492,"SwitchDetected",1
123456,"TwoPole",64,51,3,0.5,1,"PairwiseSupport","two-point",2,2,"one-point",1,"degenerate",,,,,1,3,1.5849633566706869,"SwitchDetected",3
123456,"TwoPole",65,51,3,0.5,1,"PairwiseSupport","two-point",2,2,"one-point",1,"degenerate",,,,,2,1,1.9475334442569967,"SwitchDetected",1
123456,"TwoPole",66,51,3,0.5,1,"PairwiseSupport","two-point",2,2,"one-point",1,"degenerate",,,,,2,1,1.4329654202196895,"SwitchDetected",1
123456,"TwoPole",67,51,3,0.5,1,"PairwiseSupport","multi-point",3,3,"one-point",1,"calibrated",3.7996059667886293,0.014484524668619464,3,3,,,,"",
123456,"TwoPole",68,51,3,0.5,1,"PairwiseSupport","multi-point",3,3,"one-point",1,"calibrated",2.600154083204931,0.02495807999467492,3,3,,,,"",
123456,"TwoPole",69,51,3,0.5,1,"PairwiseSupport","two-point",2,2,"one-point",1,"degenerate",,,,,2,1,1.0588995077933394,"SwitchDetected",1
123456,"TwoPole",70,51,3,0.5,1,"PairwiseSupport","one-point",1,1,"one-point",1,"degenerate",,,,,1,1,,"NoSwitchDetected",
123456,"TwoPole",71,51,3,0.5,1,"PairwiseSupport","multi-point",3,3,"one-point",1,"calibrated",2.795609857113274,0.004752931844786784,3,3,,,,"",
123456,"TwoPole",72,51,3,0.5,1,"PairwiseSupport","two-point",2,2,"one-point",1,"degenerate",,,,,2,3,3.906929052181016,"SwitchDetected",3
123456,"TwoPole",73,51,3,0.5,1,"PairwiseSupport","one-point",1,1,"one-point",1,"degenerate",,,,,1,1,,"NoSwitchDetected",
123456,"TwoPole",74,51,3,0.5,1,"PairwiseSupport","two-point",2,2,"one-point",1,"degenerate",,,,,1,3,1.169933063033857,"SwitchDetected",3
123456,"TwoPole",75,51,3,0.5,1,"PairwiseSupport","two-point",2,2,"one-point",1,"degenerate",,,,,2,1,1.054454287405083,"SwitchDetected",1
123456,"TwoPole",76,51,3,0.5,1,"PairwiseSupport","one-point",1,1,"one-point",1,"degenerate",,,,,1,1,,"NoSwitchDetected",
123456,"TwoPole",77,51,3,0.5,1,"PairwiseSupport","two-point",2,2,"one-point",1,"degenerate",,,,,2,1,1.473940318641535,"SwitchDetected",1
123456,"TwoPole",78,51,3,0.5,1,"PairwiseSupport","multi-point",3,3,"one-point",1,"calibrated",2.600154083204931,0.02495807999467492,3,3,,,,"",
123456,"TwoPole",79,51,3,0.5,1,"PairwiseSupport","two-point",2,2,"one-point",1,"degenerate",,,,,2,1,1.3692370853151121,"SwitchDetected",1
123456,"TwoPole",80,51,3,0.5,1,"PairwiseSupport","two-point",2,2,"one-point",1,"degenerate",,,,,1,3,1.2224008081692845,"SwitchDetected",3
123456,"TwoPole",81,51,3,0.5,1,"PairwiseSupport","one-point",1,1,"one-point",1,"degenerate",,,,,1,1,,"NoSwitchDetected",
123456,"TwoPole",82,51,3,0.5,1,"PairwiseSupport","two-point",2,2,"one-point",1,"degenerate",,,,,1,3,1.5849633566706869,"SwitchDetected",3
123456,"TwoPole",83,51,3,0.5,1,"PairwiseSupport","one-point",1,1,"one-point",1,"degenerate",,,,,1,1,,"NoSwitchDetected",
123456,"TwoPole",84,51,3,0.5,1,"PairwiseSupport","multi-point",3,3,"one-point",1,"degenerate",,,,,2,3,2.273035485310904,"SwitchDetected",3
123456,"TwoPole",85,51,3,0.5,1,"PairwiseSupport","two-point",2,2,"one-point",1,"degenerate",,,,,1,3,1.5849633566706869,"SwitchDetected",3
123456,"TwoPole",86,51,3,0.5,1,"PairwiseSupport","one-point",1,1,"one-point",1,"degenerate",,,,,1,1,,"NoSwitchDetected",
123456,"TwoPole",87,51,3,0.5,1,"PairwiseSupport","multi-point",3,3,"one-point",1,"calibrated",2.9163966299416724,0.014517832180473256,3,3,,,,"",
123456,"TwoPole",88,51,3,0.5,1,"PairwiseSupport","two-point",2,2,"one-point",1,"degenerate",,,,,2,1,1.054454287405083,"SwitchDetected",1
123456,"TwoPole",89,51,3,0.5,1,"PairwiseSupport","two-point",2,2,"one-point",1,"degenerate",,,,,2,1,1.047310681127489,"SwitchDetected",1
123456,"TwoPole",90,51,3,0.5,1,"PairwiseSupport","two-point",2,2,"one-point",1,"degenerate",,,,,2,1,1.054454287405083,"SwitchDetected",1
123456,"TwoPole",91,51,3,0.5,1,"PairwiseSupport","two-point",2,2,"one-point",1,"degenerate",,,,,2,1,1.2410158620748422,"SwitchDetected",1
123456,"TwoPole",92,51,3,0.5,1,"PairwiseSupport","one-point",1,1,"one-point",1,"degenerate",,,,,1,1,,"NoSwitchDetected",
123456,"TwoPole",93,51,3,0.5,1,"PairwiseSupport","two-point",2,2,"one-point",1,"degenerate",,,,,2,1,2.2224113719531116,"SwitchDetected",1
123456,"TwoPole",94,51,3,0.5,1,"PairwiseSupport","one-point",1,1,"one-point",1,"degenerate",,,,,1,1,,"NoSwitchDetected",
123456,"TwoPole",95,51,3,0.5,1,"PairwiseSupport","two-point",2,2,"one-point",1,"degenerate",,,,,2,1,1.473940318641535,"SwitchDetected",1
123456,"TwoPole",96,51,3,0.5,1,"PairwiseSupport","two-point",2,2,"one-point",1,"degenerate",,,,,1,3,1.1375103838437979,"SwitchDetected",3
123456,"TwoPole",97,51,3,0.5,1,"PairwiseSupport","one-point",1,1,"one-point",1,"degenerate",,,,,1,1,,"NoSwitchDetected",
123456,"TwoPole",98,51,3,0.5,1,"PairwiseSupport","one-point",1,1,"one-point",1,"degenerate",,,,,1,1,,"NoSwitchDetected",
123456,"TwoPole",99,51,3,0.5,1,"PairwiseSupport","two-point",2,2,"one-point",1,"degenerate",,,,,1,3,1.5849633566706869,"SwitchDetected",3
123456,"TwoPole",100,51,3,0.5,1,"PairwiseSupport","two-point",2,2,"one-point",1,"degenerate",,,,,2,1,1.1926513343805916,"SwitchDetected",1
123456,"TwoPole",101,51,3,0.5,1,"PairwiseSupport","one-point",1,1,"one-point",1,"degenerate",,,,,1,1,,"NoSwitchDetected",
123456,"TwoPole",102,51,3,0.5,1,"PairwiseSupport","two-point",2,2,"one-point",1,"degenerate",,,,,1,3,1.3219291661716357,"SwitchDetected",3
123456,"TwoPole",103,51,3,0.5,1,"PairwiseSupport","two-point",2,2,"one-point",1,"degenerate",,,,,1,3,1.0995360661117537,"SwitchDetected",3
123456,"TwoPole",104,51,3,0.5,1,"PairwiseSupport","multi-point",3,3,"one-point",1,"calibrated",2.9163966299416724,0.014517832180473256,3,3,,,,"",
123456,"TwoPole",105,51,3,0.5,1,"PairwiseSupport","two-point",2,2,"one-point",1,"degenerate",,,,,1,3,1.3219291661716357,"SwitchDetected",3
123456,"TwoPole",106,51,3,0.5,1,"PairwiseSupport","multi-point",3,3,"one-point",1,"calibrated",5.042958535674262,0.006042645072121211,3,3,,,,"",
123456,"TwoPole",107,51,3,0.5,1,"PairwiseSupport","two-point",2,2,"one-point",1,"degenerate",,,,,2,1,1.2410158620748422,"SwitchDetected",1
123456,"TwoPole",108,51,3,0.5,1,"PairwiseSupport","two-point",2,2,"one-point",1,"degenerate",,,,,2,1,1.2224008081692845,"SwitchDetected",1
123456,"TwoPole",109,51,3,0.5,1,"PairwiseSupport","multi-point",3,3,"one-point",1,"degenerate",,,,,2,3,1.082466376912229,"SwitchDetected",3
123456,"TwoPole",110,51,3,0.5,1,"PairwiseSupport","one-point",1,1,"one-point",1,"degenerate",,,,,1,1,,"NoSwitchDetected",
123456,"TwoPole",111,51,3,0.5,1,"PairwiseSupport","one-point",1,1,"one-point",1,"degenerate",,,,,1,1,,"NoSwitchDetected",
123456,"TwoPole",112,51,3,0.5,1,"PairwiseSupport","multi-point",3,3,"one-point",1,"calibrated",2.9893711248892822,0.024381527282389237,3,3,,,,"",
123456,"TwoPole",113,51,3,0.5,1,"PairwiseSupport","two-point",2,2,"one-point",1,"degenerate",,,,,2,1,1.2064543540675492,"SwitchDetected",1
123456,"TwoPole",114,51,3,0.5,1,"PairwiseSupport","one-point",1,1,"one-point",1,"degenerate",,,,,1,1,,"NoSwitchDetected",
123456,"TwoPole",115,51,3,0.5,1,"PairwiseSupport","one-point",1,1,"one-point",1,"degenerate",,,,,1,1,,"NoSwitchDetected",
123456,"TwoPole",116,51,3,0.5,1,"PairwiseSupport","two-point",2,2,"one-point",1,"degenerate",,,,,2,1,2.754905241281206,"SwitchDetected",1
123456,"TwoPole",117,51,3,0.5,1,"PairwiseSupport","two-point",2,2,"one-point",1,"degenerate",,,,,1,3,1.5849633566706869,"SwitchDetected",3
123456,"TwoPole",118,51,3,0.5,1,"PairwiseSupport","two-point",2,2,"one-point",1,"degenerate",,,,,2,1,1.3692370853151121,"SwitchDetected",1
123456,"TwoPole",119,51,3,0.5,1,"PairwiseSupport","one-point",1,1,"one-point",1,"degenerate",,,,,1,1,,"NoSwitchDetected",
123456,"TwoPole",120,51,3,0.5,1,"PairwiseSupport","two-point",2,2,"one-point",1,"degenerate",,,,,1,3,1.2224008081692845,"SwitchDetected",3
123456,"TwoPole",121,51,3,0.5,1,"PairwiseSupport","two-point",2,2,"one-point",1,"degenerate",,,,,2,1,1.054454287405083,"SwitchDetected",1
123456,"TwoPole",122,51,3,0.5,1,"PairwiseSupport","one-point",1,1,"one-point",1,"degenerate",,,,,1,1,,"NoSwitchDetected",
123456,"TwoPole",123,51,3,0.5,1,"PairwiseSupport","two-point",2,2,"one-point",1,"degenerate",,,,,2,1,1.0506305290120936,"SwitchDetected",1
123456,"TwoPole",124,51,3,0.5,1,"PairwiseSupport","two-point",2,2,"one-point",1,"degenerate",,,,,1,3,1.3219291661716357,"SwitchDetected",3
123456,"TwoPole",125,51,3,0.5,1,"PairwiseSupport","multi-point",3,3,"one-point",1,"calibrated",2.600154083204931,0.02495807999467492,3,3,,,,"",
123456,"TwoPole",126,51,3,0.5,1,"PairwiseSupport","two-point",2,2,"one-point",1,"degenerate",,,,,1,3,1.3219291661716357,"SwitchDetected",3
123456,"TwoPole",127,51,3,0.5,1,"PairwiseSupport","two-point",2,2,"one-point",1,"degenerate",,,,,1,3,1.5849633566706869,"SwitchDetected",3
123456,"TwoPole",128,51,3,0.5,1,"PairwiseSupport","one-point",1,1,"one-point",1,"degenerate",,,,,1,1,,"NoSwitchDetected",
123456,"TwoPole",129,51,3,0.5,1,"PairwiseSupport","one-point",1,1,"one-point",1,"degenerate",,,,,1,1,,"NoSwitchDetected",
123456,"TwoPole",130,51,3,0.5,1,"PairwiseSupport","one-point",1,1,"one-point",1,"degenerate",,,,,1,1,,"NoSwitchDetected",
123456,"TwoPole",131,51,3,0.5,1,"PairwiseSupport","two-point",2,2,"one-point",1,"degenerate",,,,,2,1,1.7004410155630727,"SwitchDetected",1
123456,"TwoPole",132,51,3,0.5,1,"PairwiseSupport","two-point",2,2,"one-point",1,"degenerate",,,,,2,1,1.2064543540675492,"SwitchDetected",1
123456,"TwoPole",133,51,3,0.5,1,"PairwiseSupport","multi-point",3,3,"one-point",1,"calibrated",5.042958535674262,0.006042645072121211,3,3,,,,"",
123456,"TwoPole",134,51,3,0.5,1,"PairwiseSupport","two-point",2,2,"one-point",1,"degenerate",,,,,1,3,1.5849633566706869,"SwitchDetected",3
123456,"TwoPole",135,51,3,0.5,1,"PairwiseSupport","one-point",1,1,"one-point",1,"degenerate",,,,,1,1,,"NoSwitchDetected",
123456,"TwoPole",136,51,3,0.5,1,"PairwiseSupport","two-point",2,2,"one-point",1,"degenerate",,,,,1,3,1.5849633566706869,"SwitchDetected",3
123456,"TwoPole",137,51,3,0.5,1,"PairwiseSupport","two-point",2,2,"one-point",1,"degenerate",,,,,1,3,1.5849633566706869,"SwitchDetected",3
123456,"TwoPole",138,51,3,0.5,1,"PairwiseSupport","one-point",1,1,"one-point",1,"degenerate",,,,,1,1,,"NoSwitchDetected",
123456,"TwoPole",139,51,3,0.5,1,"PairwiseSupport","two-point",2,2,"one-point",1,"degenerate",,,,,1,3,1.5849633566706869,"SwitchDetected",3
123456,"TwoPole",140,51,3,0.5,1,"PairwiseSupport","multi-point",3,3,"one-point",1,"calibrated",3.4151277510751323,0.014367844682375758,3,3,,,,"",
123456,"TwoPole",141,51,3,0.5,1,"PairwiseSupport","multi-point",3,3,"one-point",1,"calibrated",2.9163966299416724,0.014517832180473256,3,3,,,,"",
123456,"TwoPole",142,51,3,0.5,1,"PairwiseSupport","one-point",1,1,"one-point",1,"degenerate",,,,,1,1,,"NoSwitchDetected",
123456,"TwoPole",143,51,3,0.5,1,"PairwiseSupport","two-point",2,2,"one-point",1,"degenerate",,,,,1,3,1.3219291661716357,"SwitchDetected",3
123456,"TwoPole",144,51,3,0.5,1,"PairwiseSupport","two-point",2,2,"one-point",1,"degenerate",,,,,1,3,1.3219291661716357,"SwitchDetected",3
123456,"TwoPole",145,51,3,0.5,1,"PairwiseSupport","one-point",1,1,"one-point",1,"degenerate",,,,,1,1,,"NoSwitchDetected",
123456,"TwoPole",146,51,3,0.5,1,"PairwiseSupport","two-point",2,2,"one-point",1,"degenerate",,,,,1,3,1.169933063033857,"SwitchDetected",3
123456,"TwoPole",147,51,3,0.5,1,"PairwiseSupport","one-point",1,1,"one-point",1,"degenerate",,,,,1,1,,"NoSwitchDetected",
123456,"TwoPole",148,51,3,0.5,1,"PairwiseSupport","two-point",2,2,"one-point",1,"degenerate",,,,,1,3,1.169933063033857,"SwitchDetected",3
123456,"TwoPole",149,51,3,0.5,1,"PairwiseSupport","two-point",2,2,"one-point",1,"degenerate",,,,,2,1,1.3985584195197238,"SwitchDetected",1
123456,"TwoPole",150,51,3,0.5,1,"PairwiseSupport","one-point",1,1,"one-point",1,"degenerate",,,,,1,1,,"NoSwitchDetected",
123456,"TwoPole",151,51,3,0.5,1,"PairwiseSupport","two-point",2,2,"one-point",1,"degenerate",,,,,1,3,1.2224008081692845,"SwitchDetected",3
123456,"TwoPole",152,51,3,0.5,1,"PairwiseSupport","multi-point",3,3,"one-point",1,"calibrated",2.9893711248892822,0.024381527282389237,3,3,,,,"",
123456,"TwoPole",153,51,3,0.5,1,"PairwiseSupport","multi-point",3,3,"one-point",1,"calibrated",3.6456926816095057,0.0046757477917087325,3,3,,,,"",
123456,"TwoPole",154,51,3,0.5,1,"PairwiseSupport","one-point",1,1,"one-point",1,"degenerate",,,,,1,1,,"NoSwitchDetected",
123456,"TwoPole",155,51,3,0.5,1,"PairwiseSupport","two-point",2,2,"one-point",1,"degenerate",,,,,2,1,2.058896710842132,"SwitchDetected",1
123456,"TwoPole",156,51,3,0.5,1,"PairwiseSupport","multi-point",3,3,"one-point",1,"calibrated",2.9893711248892822,0.024381527282389185,3,3,,,,"",
123456,"TwoPole",157,51,3,0.5,1,"PairwiseSupport","multi-point",3,3,"one-point",1,"calibrated",3.4151277510751323,0.014367844682375758,3,3,,,,"",
123456,"TwoPole",158,51,3,0.5,1,"PairwiseSupport","two-point",2,2,"one-point",1,"degenerate",,,,,1,3,1.5849633566706869,"SwitchDetected",3
123456,"TwoPole",159,51,3,0.5,1,"PairwiseSupport","one-point",1,1,"one-point",1,"degenerate",,,,,1,1,,"NoSwitchDetected",
123456,"TwoPole",160,51,3,0.5,1,"PairwiseSupport","two-point",2,2,"one-point",1,"degenerate",,,,,2,1,2.378532812255019,"SwitchDetected",1
123456,"TwoPole",161,51,3,0.5,1,"PairwiseSupport","two-point",2,2,"one-point",1,"degenerate",,,,,2,1,1.2410158620748422,"SwitchDetected",1
123456,"TwoPole",162,51,3,0.5,1,"PairwiseSupport","one-point",1,1,"one-point",1,"degenerate",,,,,1,1,,"NoSwitchDetected",
123456,"TwoPole",163,51,3,0.5,1,"PairwiseSupport","one-point",1,1,"one-point",1,"degenerate",,,,,1,1,,"NoSwitchDetected",
123456,"TwoPole",164,51,3,0.5,1,"PairwiseSupport","two-point",2,2,"one-point",1,"degenerate",,,,,2,3,3.906929052181016,"SwitchDetected",3
123456,"TwoPole",165,51,3,0.5,1,"PairwiseSupport","one-point",1,1,"one-point",1,"degenerate",,,,,1,1,,"NoSwitchDetected",
123456,"TwoPole",166,51,3,0.5,1,"PairwiseSupport","one-point",1,1,"one-point",1,"degenerate",,,,,1,1,,"NoSwitchDetected",
123456,"TwoPole",167,51,3,0.5,1,"PairwiseSupport","one-point",1,1,"one-point",1,"degenerate",,,,,1,1,,"NoSwitchDetected",
123456,"TwoPole",168,51,3,0.5,1,"PairwiseSupport","two-point",2,2,"one-point",1,"degenerate",,,,,2,1,1.7004410155630727,"SwitchDetected",1
123456,"TwoPole",169,51,3,0.5,1,"PairwiseSupport","two-point",2,2,"one-point",1,"degenerate",,,,,2,1,1.0588995077933394,"SwitchDetected",1
123456,"TwoPole",170,51,3,0.5,1,"PairwiseSupport","two-point",2,2,"one-point",1,"degenerate",,,,,1,3,1.1375103838437979,"SwitchDetected",3
123456,"TwoPole",171,51,3,0.5,1,"PairwiseSupport","multi-point",3,3,"one-point",1,"degenerate",,,,,2,3,1.6322740753950427,"SwitchDetected",3
123456,"TwoPole",172,51,3,0.5,1,"PairwiseSupport","two-point",2,2,"one-point",1,"degenerate",,,,,1,3,1.0995360661117537,"SwitchDetected",3
123456,"TwoPole",173,51,3,0.5,1,"PairwiseSupport","two-point",2,2,"one-point",1,"degenerate",,,,,2,1,1.044394578314693,"SwitchDetected",1
123456,"TwoPole",174,51,3,0.5,1,"PairwiseSupport","two-point",2,2,"one-point",1,"degenerate",,,,,2,1,1.0418239804556264,"SwitchDetected",1
123456,"TwoPole",175,51,3,0.5,1,"PairwiseSupport","one-point",1,1,"one-point",1,"degenerate",,,,,1,1,,"NoSwitchDetected",
123456,"TwoPole",176,51,3,0.5,1,"PairwiseSupport","two-point",2,2,"one-point",1,"degenerate",,,,,2,1,1.2064543540675492,"SwitchDetected",1
123456,"TwoPole",177,51,3,0.5,1,"PairwiseSupport","multi-point",3,3,"one-point",1,"calibrated",2.600154083204931,0.02495807999467492,3,3,,,,"",
123456,"TwoPole",178,51,3,0.5,1,"PairwiseSupport","one-point",1,1,"one-point",1,"degenerate",,,,,1,1,,"NoSwitchDetected",
123456,"TwoPole",179,51,3,0.5,1,"PairwiseSupport","multi-point",3,3,"one-point",1,"calibrated",3.7996059667886293,0.014484524668619464,3,3,,,,"",
123456,"TwoPole",180,51,3,0.5,1,"PairwiseSupport","multi-point",3,3,"one-point",1,"calibrated",3.4151277510751323,0.014367844682375758,3,3,,,,"",
123456,"TwoPole",181,51,3,0.5,1,"PairwiseSupport","two-point",2,2,"one-point",1,"degenerate",,,,,1,3,1.5849633566706869,"SwitchDetected",3
123456,"TwoPole",182,51,3,0.5,1,"PairwiseSupport","two-point",2,2,"one-point",1,"degenerate",,,,,2,1,1.044394578314693,"SwitchDetected",1
123456,"TwoPole",183,51,3,0.5,1,"PairwiseSupport","one-point",1,1,"one-point",1,"degenerate",,,,,1,1,,"NoSwitchDetected",
123456,"TwoPole",184,51,3,0.5,1,"PairwiseSupport","two-point",2,2,"one-point",1,"degenerate",,,,,1,3,1.169933063033857,"SwitchDetected",3
123456,"TwoPole",185,51,3,0.5,1,"PairwiseSupport","two-point",2,2,"one-point",1,"degenerate",,,,,2,1,1.5849633566706869,"SwitchDetected",1
123456,"TwoPole",186,51,3,0.5,1,"PairwiseSupport","one-point",1,1,"one-point",1,"degenerate",,,,,1,1,,"NoSwitchDetected",
123456,"TwoPole",187,51,3,0.5,1,"PairwiseSupport","two-point",2,2,"one-point",1,"degenerate",,,,,1,3,1.1154841682301817,"SwitchDetected",3
123456,"TwoPole",188,51,3,0.5,1,"PairwiseSupport","two-point",2,2,"one-point",1,"degenerate",,,,,2,1,1.0506305290120936,"SwitchDetected",1
123456,"TwoPole",189,51,3,0.5,1,"PairwiseSupport","one-point",1,1,"one-point",1,"degenerate",,,,,1,1,,"NoSwitchDetected",
123456,"TwoPole",190,51,3,0.5,1,"PairwiseSupport","multi-point",3,3,"one-point",1,"calibrated",2.9163966299416724,0.014517832180473256,3,3,,,,"",
123456,"TwoPole",191,51,3,0.5,1,"PairwiseSupport","two-point",2,2,"one-point",1,"degenerate",,,,,1,3,1.1375103838437979,"SwitchDetected",3
123456,"TwoPole",192,51,3,0.5,1,"PairwiseSupport","multi-point",3,3,"one-point",1,"calibrated",3.7996059667886293,0.014484524668619464,3,3,,,,"",
123456,"TwoPole",193,51,3,0.5,1,"PairwiseSupport","multi-point",3,3,"one-point",1,"calibrated",2.3457862728062553,0.015472677626743455,3,3,,,,"",
123456,"TwoPole",194,51,3,0.5,1,"PairwiseSupport","one-point",1,1,"one-point",1,"degenerate",,,,,1,1,,"NoSwitchDetected",
123456,"TwoPole",195,51,3,0.5,1,"PairwiseSupport","one-point",1,1,"one-point",1,"degenerate",,,,,1,1,,"NoSwitchDetected",
123456,"TwoPole",196,51,3,0.5,1,"PairwiseSupport","one-point",1,1,"one-point",1,"degenerate",,,,,1,1,,"NoSwitchDetected",
123456,"TwoPole",197,51,3,0.5,1,"PairwiseSupport","two-point",2,2,"one-point",1,"degenerate",,,,,2,1,1.054454287405083,"SwitchDetected",1
123456,"TwoPole",198,51,3,0.5,1,"PairwiseSupport","one-point",1,1,"one-point",1,"degenerate",,,,,1,1,,"NoSwitchDetected",
123456,"TwoPole",199,51,3,0.5,1,"PairwiseSupport","two-point",2,2,"one-point",1,"degenerate",,,,,2,1,3.058905018796098,"SwitchDetected",1
123456,"TwoPole",200,51,3,0.5,1,"PairwiseSupport","two-point",2,2,"one-point",1,"degenerate",,,,,2,1,1.8579971473438577,"SwitchDetected",1
123456,"TwoPole",1,51,3,0.5,2,"PairwiseSupport","two-point",2,2,"one-point",1,"degenerate",,,,,3,2,1.5849633566706869,"SwitchDetected",2
123456,"TwoPole",2,51,3,0.5,2,"PairwiseSupport","one-point",1,1,"one-point",1,"degenerate",,,,,2,2,,"NoSwitchDetected",
123456,"TwoPole",3,51,3,0.5,2,"PairwiseSupport","one-point",1,1,"one-point",1,"degenerate",,,,,1,1,,"NoSwitchDetected",
123456,"TwoPole",4,51,3,0.5,2,"PairwiseSupport","one-point",1,1,"one-point",1,"degenerate",,,,,2,2,,"NoSwitchDetected",
123456,"TwoPole",5,51,3,0.5,2,"PairwiseSupport","two-point",2,2,"one-point",1,"degenerate",,,,,3,2,2.00001159674693,"SwitchDetected",2
123456,"TwoPole",6,51,3,0.5,2,"PairwiseSupport","two-point",2,2,"one-point",1,"degenerate",,,,,3,1,1.2224008081692845,"SwitchDetected",1
123456,"TwoPole",7,51,3,0.5,2,"PairwiseSupport","one-point",1,1,"one-point",1,"degenerate",,,,,2,2,,"NoSwitchDetected",
123456,"TwoPole",8,51,3,0.5,2,"PairwiseSupport","one-point",1,1,"one-point",1,"degenerate",,,,,1,1,,"NoSwitchDetected",
123456,"TwoPole",9,51,3,0.5,2,"PairwiseSupport","one-point",1,1,"one-point",1,"degenerate",,,,,2,2,,"NoSwitchDetected",
123456,"TwoPole",10,51,3,0.5,2,"PairwiseSupport","two-point",2,2,"one-point",1,"degenerate",,,,,3,2,1.7004410155630727,"SwitchDetected",2
123456,"TwoPole",11,51,3,0.5,2,"PairwiseSupport","two-point",2,2,"one-point",1,"degenerate",,,,,1,2,1.3219291661716357,"SwitchDetected",2
123456,"TwoPole",12,51,3,0.5,2,"PairwiseSupport","one-point",1,1,"one-point",1,"degenerate",,,,,2,2,,"NoSwitchDetected",
123456,"TwoPole",13,51,3,0.5,2,"PairwiseSupport","one-point",1,1,"one-point",1,"degenerate",,,,,2,2,,"NoSwitchDetected",
123456,"TwoPole",14,51,3,0.5,2,"PairwiseSupport","two-point",2,2,"one-point",1,"degenerate",,,,,3,2,2.00001159674693,"SwitchDetected",2
123456,"TwoPole",15,51,3,0.5,2,"PairwiseSupport","one-point",1,1,"one-point",1,"degenerate",,,,,2,2,,"NoSwitchDetected",
123456,"TwoPole",16,51,3,0.5,2,"PairwiseSupport","one-point",1,1,"one-point",1,"degenerate",,,,,2,2,,"NoSwitchDetected",
123456,"TwoPole",17,51,3,0.5,2,"PairwiseSupport","one-point",1,1,"one-point",1,"degenerate",,,,,2,2,,"NoSwitchDetected",
123456,"TwoPole",18,51,3,0.5,2,"PairwiseSupport","one-point",1,1,"one-point",1,"degenerate",,,,,1,1,,"NoSwitchDetected",
123456,"TwoPole",19,51,3,0.5,2,"PairwiseSupport","two-point",2,2,"one-point",1,"degenerate",,,,,3,2,1.4405818248322313,"SwitchDetected",2
123456,"TwoPole",20,51,3,0.5,2,"PairwiseSupport","two-point",2,2,"one-point",1,"degenerate",,,,,3,2,2.00001159674693,"SwitchDetected",2
123456,"TwoPole",21,51,3,0.5,2,"PairwiseSupport","one-point",1,1,"one-point",1,"degenerate",,,,,1,1,,"NoSwitchDetected",
123456,"TwoPole",22,51,3,0.5,2,"PairwiseSupport","two-point",2,2,"one-point",1,"degenerate",,,,,3,2,1.7369833590336334,"SwitchDetected",2
123456,"TwoPole",23,51,3,0.5,2,"PairwiseSupport","one-point",1,1,"one-point",1,"degenerate",,,,,2,2,,"NoSwitchDetected",
123456,"TwoPole",24,51,3,0.5,2,"PairwiseSupport","two-point",2,2,"one-point",1,"degenerate",,,,,1,2,1.4150462671072566,"SwitchDetected",2
123456,"TwoPole",25,51,3,0.5,2,"PairwiseSupport","two-point",2,2,"one-point",1,"degenerate",,,,,3,2,2.4594359689508223,"SwitchDetected",2
123456,"TwoPole",26,51,3,0.5,2,"PairwiseSupport","two-point",2,2,"one-point",1,"degenerate",,,,,1,2,1.087468032727584,"SwitchDetected",2
123456,"TwoPole",27,51,3,0.5,2,"PairwiseSupport","two-point",2,2,"one-point",1,"degenerate",,,,,3,2,1.1926513343805916,"SwitchDetected",2
123456,"TwoPole",28,51,3,0.5,2,"PairwiseSupport","two-point",2,2,"one-point",1,"degenerate",,,,,1,2,2.115479157514041,"SwitchDetected",2
123456,"TwoPole",29,51,3,0.5,2,"PairwiseSupport","two-point",2,2,"one-point",1,"degenerate",,,,,3,2,2.8073734677162334,"SwitchDetected",2
123456,"TwoPole",30,51,3,0.5,2,"PairwiseSupport","one-point",1,1,"one-point",1,"degenerate",,,,,2,2,,"NoSwitchDetected",
123456,"TwoPole",31,51,3,0.5,2,"PairwiseSupport","two-point",2,2,"one-point",1,"degenerate",,,,,3,2,1.7369833590336334,"SwitchDetected",2
123456,"TwoPole",32,51,3,0.5,2,"PairwiseSupport","one-point",1,1,"one-point",1,"degenerate",,,,,1,1,,"NoSwitchDetected",
123456,"TwoPole",33,51,3,0.5,2,"PairwiseSupport","two-point",2,2,"one-point",1,"degenerate",,,,,1,2,1.1154841682301817,"SwitchDetected",2
123456,"TwoPole",34,51,3,0.5,2,"PairwiseSupport","two-point",2,2,"one-point",1,"degenerate",,,,,1,2,1.485432062947722,"SwitchDetected",2
123456,"TwoPole",35,51,3,0.5,2,"PairwiseSupport","one-point",1,1,"one-point",1,"degenerate",,,,,2,2,,"NoSwitchDetected",
123456,"TwoPole",36,51,3,0.5,2,"PairwiseSupport","two-point",2,2,"one-point",1,"degenerate",,,,,3,2,1.6520767171025332,"SwitchDetected",2
123456,"TwoPole",37,51,3,0.5,2,"PairwiseSupport","two-point",2,2,"one-point",1,"degenerate",,,,,1,2,2.00001159674693,"SwitchDetected",2
123456,"TwoPole",38,51,3,0.5,2,"PairwiseSupport","two-point",2,2,"one-point",1,"degenerate",,,,,1,2,1.7369833590336334,"SwitchDetected",2
123456,"TwoPole",39,51,3,0.5,2,"PairwiseSupport","one-point",1,1,"one-point",1,"degenerate",,,,,1,1,,"NoSwitchDetected",
123456,"TwoPole",40,51,3,0.5,2,"PairwiseSupport","two-point",2,2,"one-point",1,"degenerate",,,,,1,2,1.2224008081692845,"SwitchDetected",2
123456,"TwoPole",41,51,3,0.5,2,"PairwiseSupport","two-point",2,2,"one-point",1,"degenerate",,,,,3,2,1.8480053915196364,"SwitchDetected",2
123456,"TwoPole",42,51,3,0.5,2,"PairwiseSupport","two-point",2,2,"one-point",1,"degenerate",,,,,1,2,2.00001159674693,"SwitchDetected",2
123456,"TwoPole",43,51,3,0.5,2,"PairwiseSupport","one-point",1,1,"one-point",1,"degenerate",,,,,2,2,,"NoSwitchDetected",
123456,"TwoPole",44,51,3,0.5,2,"PairwiseSupport","two-point",2,2,"one-point",1,"degenerate",,,,,3,2,2.584967147535138,"SwitchDetected",2
123456,"TwoPole",45,51,3,0.5,2,"PairwiseSupport","two-point",2,2,"one-point",1,"degenerate",,,,,3,2,3.3219519711924486,"SwitchDetected",2
123456,"TwoPole",46,51,3,0.5,2,"PairwiseSupport","one-point",1,1,"one-point",1,"degenerate",,,,,2,2,,"NoSwitchDetected",
123456,"TwoPole",47,51,3,0.5,2,"PairwiseSupport","two-point",2,2,"one-point",1,"degenerate",,,,,1,2,1.1154841682301817,"SwitchDetected",2
123456,"TwoPole",48,51,3,0.5,2,"PairwiseSupport","one-point",1,1,"one-point",1,"degenerate",,,,,2,2,,"NoSwitchDetected",
123456,"TwoPole",49,51,3,0.5,2,"PairwiseSupport","two-point",2,2,"one-point",1,"degenerate",,,,,1,2,1.1154841682301817,"SwitchDetected",2
123456,"TwoPole",50,51,3,0.5,2,"PairwiseSupport","two-point",2,2,"one-point",1,"degenerate",,,,,1,2,2.115479157514041,"SwitchDetected",2
123456,"TwoPole",51,51,3,0.5,2,"PairwiseSupport","one-point",1,1,"one-point",1,"degenerate",,,,,3,3,,"NoSwitchDetected",
123456,"TwoPole",52,51,3,0.5,2,"PairwiseSupport","one-point",1,1,"one-point",1,"degenerate",,,,,2,2,,"NoSwitchDetected",
123456,"TwoPole",53,51,3,0.5,2,"PairwiseSupport","two-point",2,2,"one-point",1,"degenerate",,,,,1,2,1.3219291661716357,"SwitchDetected",2
123456,"TwoPole",54,51,3,0.5,2,"PairwiseSupport","two-point",2,2,"one-point",1,"degenerate",,,,,3,1,1.5849633566706869,"SwitchDetected",1
123456,"TwoPole",55,51,3,0.5,2,"PairwiseSupport","two-point",2,2,"one-point",1,"degenerate",,,,,3,2,1.5025124026740577,"SwitchDetected",2
123456,"TwoPole",56,51,3,0.5,2,"PairwiseSupport","two-point",2,2,"one-point",1,"degenerate",,,,,1,2,1.7369833590336334,"SwitchDetected",2
123456,"TwoPole",57,51,3,0.5,2,"PairwiseSupport","one-point",1,1,"one-point",1,"degenerate",,,,,2,2,,"NoSwitchDetected",
123456,"TwoPole",58,51,3,0.5,2,"PairwiseSupport","two-point",2,2,"one-point",1,"degenerate",,,,,1,2,1.4150462671072566,"SwitchDetected",2
123456,"TwoPole",59,51,3,0.5,2,"PairwiseSupport","one-point",1,1,"one-point",1,"degenerate",,,,,2,2,,"NoSwitchDetected",
123456,"TwoPole",60,51,3,0.5,2,"PairwiseSupport","two-point",2,2,"one-point",1,"degenerate",,,,,3,2,2.169950542371748,"SwitchDetected",2
123456,"TwoPole",61,51,3,0.5,2,"PairwiseSupport","multi-point",3,3,"one-point",1,"calibrated",1.4862930749752286,0.001541109058476459,3,2,,,,"",
123456,"TwoPole",62,51,3,0.5,2,"PairwiseSupport","two-point",2,2,"one-point",1,"degenerate",,,,,3,2,1.8744740769639563,"SwitchDetected",2
123456,"TwoPole",63,51,3,0.5,2,"PairwiseSupport","two-point",2,2,"one-point",1,"degenerate",,,,,1,3,2.00001159674693,"SwitchDetected",3
123456,"TwoPole",64,51,3,0.5,2,"PairwiseSupport","two-point",2,2,"one-point",1,"degenerate",,,,,1,2,3.1699259467067815,"SwitchDetected",2
123456,"TwoPole",65,51,3,0.5,2,"PairwiseSupport","two-point",2,2,"one-point",1,"degenerate",,,,,3,2,3.3219519711924486,"SwitchDetected",2
123456,"TwoPole",66,51,3,0.5,2,"PairwiseSupport","two-point",2,2,"one-point",1,"degenerate",,,,,1,3,1.5849633566706869,"SwitchDetected",3
123456,"TwoPole",67,51,3,0.5,2,"PairwiseSupport","one-point",1,1,"one-point",1,"degenerate",,,,,2,2,,"NoSwitchDetected",
123456,"TwoPole",68,51,3,0.5,2,"PairwiseSupport","one-point",1,1,"one-point",1,"degenerate",,,,,2,2,,"NoSwitchDetected",
123456,"TwoPole",69,51,3,0.5,2,"PairwiseSupport","one-point",1,1,"one-point",1,"degenerate",,,,,2,2,,"NoSwitchDetected",
123456,"TwoPole",70,51,3,0.5,2,"PairwiseSupport","one-point",1,1,"one-point",1,"degenerate",,,,,2,2,,"NoSwitchDetected",
123456,"TwoPole",71,51,3,0.5,2,"PairwiseSupport","one-point",1,1,"one-point",1,"degenerate",,,,,2,2,,"NoSwitchDetected",
123456,"TwoPole",72,51,3,0.5,2,"PairwiseSupport","one-point",1,1,"one-point",1,"degenerate",,,,,2,2,,"NoSwitchDetected",
123456,"TwoPole",73,51,3,0.5,2,"PairwiseSupport","two-point",2,2,"one-point",1,"degenerate",,,,,3,2,1.392324116466077,"SwitchDetected",2
123456,"TwoPole",74,51,3,0.5,2,"PairwiseSupport","one-point",1,1,"one-point",1,"degenerate",,,,,2,2,,"NoSwitchDetected",
123456,"TwoPole",75,51,3,0.5,2,"PairwiseSupport","one-point",1,1,"one-point",1,"degenerate",,,,,2,2,,"NoSwitchDetected",
123456,"TwoPole",76,51,3,0.5,2,"PairwiseSupport","two-point",2,2,"one-point",1,"degenerate",,,,,1,2,2.115479157514041,"SwitchDetected",2
123456,"TwoPole",77,51,3,0.5,2,"PairwiseSupport","two-point",2,2,"one-point",1,"degenerate",,,,,3,2,1.1926513343805916,"SwitchDetected",2
123456,"TwoPole",78,51,3,0.5,2,"PairwiseSupport","one-point",1,1,"one-point",1,"degenerate",,,,,2,2,,"NoSwitchDetected",
123456,"TwoPole",79,51,3,0.5,2,"PairwiseSupport","one-point",1,1,"one-point",1,"degenerate",,,,,3,3,,"NoSwitchDetected",
123456,"TwoPole",80,51,3,0.5,2,"PairwiseSupport","two-point",2,2,"one-point",1,"degenerate",,,,,3,2,3.700445503464086,"SwitchDetected",2
123456,"TwoPole",81,51,3,0.5,2,"PairwiseSupport","two-point",2,2,"one-point",1,"degenerate",,,,,3,2,1.169933063033857,"SwitchDetected",2
123456,"TwoPole",82,51,3,0.5,2,"PairwiseSupport","two-point",2,2,"one-point",1,"degenerate",,,,,3,2,1.8744740769639563,"SwitchDetected",2
123456,"TwoPole",83,51,3,0.5,2,"PairwiseSupport","one-point",1,1,"one-point",1,"degenerate",,,,,2,2,,"NoSwitchDetected",
123456,"TwoPole",84,51,3,0.5,2,"PairwiseSupport","one-point",1,1,"one-point",1,"degenerate",,,,,3,3,,"NoSwitchDetected",
123456,"TwoPole",85,51,3,0.5,2,"PairwiseSupport","two-point",2,2,"one-point",1,"degenerate",,,,,1,2,1.1154841682301817,"SwitchDetected",2
123456,"TwoPole",86,51,3,0.5,2,"PairwiseSupport","one-point",1,1,"one-point",1,"degenerate",,,,,3,3,,"NoSwitchDetected",
123456,"TwoPole",87,51,3,0.5,2,"PairwiseSupport","two-point",2,2,"one-point",1,"degenerate",,,,,1,2,1.5849633566706869,"SwitchDetected",2
123456,"TwoPole",88,51,3,0.5,2,"PairwiseSupport","two-point",2,2,"one-point",1,"degenerate",,,,,1,2,1.7369833590336334,"SwitchDetected",2
123456,"TwoPole",89,51,3,0.5,2,"PairwiseSupport","two-point",2,2,"one-point",1,"degenerate",,,,,3,2,2.9069308406306753,"SwitchDetected",2
123456,"TwoPole",90,51,3,0.5,2,"PairwiseSupport","two-point",2,2,"one-point",1,"degenerate",,,,,1,2,3.5850262137536877,"SwitchDetected",2
123456,"TwoPole",91,51,3,0.5,2,"PairwiseSupport","one-point",1,1,"one-point",1,"degenerate",,,,,2,2,,"NoSwitchDetected",
123456,"TwoPole",92,51,3,0.5,2,"PairwiseSupport","one-point",1,1,"one-point",1,"degenerate",,,,,2,2,,"NoSwitchDetected",
123456,"TwoPole",93,51,3,0.5,2,"PairwiseSupport","two-point",2,2,"one-point",1,"degenerate",,,,,1,2,1.3219291661716357,"SwitchDetected",2
123456,"TwoPole",94,51,3,0.5,2,"PairwiseSupport","two-point",2,2,"one-point",1,"degenerate",,,,,1,2,1.070393007166387,"SwitchDetected",2
123456,"TwoPole",95,51,3,0.5,2,"PairwiseSupport","one-point",1,1,"one-point",1,"degenerate",,,,,2,2,,"NoSwitchDetected",
123456,"TwoPole",96,51,3,0.5,2,"PairwiseSupport","two-point",2,2,"one-point",1,"degenerate",,,,,1,2,3.1699259467067815,"SwitchDetected",2
123456,"TwoPole",97,51,3,0.5,2,"PairwiseSupport","two-point",2,2,"one-point",1,"degenerate",,,,,1,2,2.584967147535138,"SwitchDetected",2
123456,"TwoPole",98,51,3,0.5,2,"PairwiseSupport","one-point",1,1,"one-point",1,"degenerate",,,,,2,2,,"NoSwitchDetected",
123456,"TwoPole",99,51,3,0.5,2,"PairwiseSupport","two-point",2,2,"one-point",1,"degenerate",,,,,3,2,1.7369833590336334,"SwitchDetected",2
123456,"TwoPole",100,51,3,0.5,2,"PairwiseSupport","two-point",2,2,"one-point",1,"degenerate",,,,,3,2,2.169950542371748,"SwitchDetected",2
123456,"TwoPole",101,51,3,0.5,2,"PairwiseSupport","two-point",2,2,"one-point",1,"degenerate",,,,,1,2,2.4150409410169296,"SwitchDetected",2
123456,"TwoPole",102,51,3,0.5,2,"PairwiseSupport","one-point",1,1,"one-point",1,"degenerate",,,,,1,1,,"NoSwitchDetected",
123456,"TwoPole",103,51,3,0.5,2,"PairwiseSupport","two-point",2,2,"one-point",1,"degenerate",,,,,3,2,1.1926513343805916,"SwitchDetected",2
123456,"TwoPole",104,51,3,0.5,2,"PairwiseSupport","one-point",1,1,"one-point",1,"degenerate",,,,,2,2,,"NoSwitchDetected",
123456,"TwoPole",105,51,3,0.5,2,"PairwiseSupport","one-point",1,1,"one-point",1,"degenerate",,,,,2,2,,"NoSwitchDetected",
123456,"TwoPole",106,51,3,0.5,2,"PairwiseSupport","one-point",1,1,"one-point",1,"degenerate",,,,,2,2,,"NoSwitchDetected",
123456,"TwoPole",107,51,3,0.5,2,"PairwiseSupport","two-point",2,2,"one-point",1,"degenerate",,,,,1,2,2.4150409410169296,"SwitchDetected",2
123456,"TwoPole",108,51,3,0.5,2,"PairwiseSupport","two-point",2,2,"one-point",1,"degenerate",,,,,3,2,1.7004410155630727,"SwitchDetected",2
123456,"TwoPole",109,51,3,0.5,2,"PairwiseSupport","two-point",2,2,"one-point",1,"degenerate",,,,,3,2,3.3219519711924486,"SwitchDetected",2
123456,"TwoPole",110,51,3,0.5,2,"PairwiseSupport","one-point",1,1,"one-point",1,"degenerate",,,,,3,3,,"NoSwitchDetected",
123456,"TwoPole",111,51,3,0.5,2,"PairwiseSupport","one-point",1,1,"one-point",1,"degenerate",,,,,2,2,,"NoSwitchDetected",
123456,"TwoPole",112,51,3,0.5,2,"PairwiseSupport","multi-point",3,3,"one-point",1,"degenerate",,,,,3,2,1.2630387707573838,"SwitchDetected",2
123456,"TwoPole",113,51,3,0.5,2,"PairwiseSupport","two-point",2,2,"one-point",1,"degenerate",,,,,3,2,1.4150462671072566,"SwitchDetected",2
123456,"TwoPole",114,51,3,0.5,2,"PairwiseSupport","one-point",1,1,"one-point",1,"degenerate",,,,,2,2,,"NoSwitchDetected",
123456,"TwoPole",115,51,3,0.5,2,"PairwiseSupport","one-point",1,1,"one-point",1,"degenerate",,,,,2,2,,"NoSwitchDetected",
123456,"TwoPole",116,51,3,0.5,2,"PairwiseSupport","one-point",1,1,"one-point",1,"degenerate",,,,,3,3,,"NoSwitchDetected",
123456,"TwoPole",117,51,3,0.5,2,"PairwiseSupport","one-point",1,1,"one-point",1,"degenerate",,,,,3,3,,"NoSwitchDetected",
123456,"TwoPole",118,51,3,0.5,2,"PairwiseSupport","one-point",1,1,"one-point",1,"degenerate",,,,,1,1,,"NoSwitchDetected",
123456,"TwoPole",119,51,3,0.5,2,"PairwiseSupport","one-point",1,1,"one-point",1,"degenerate",,,,,3,3,,"NoSwitchDetected",
123456,"TwoPole",120,51,3,0.5,2,"PairwiseSupport","multi-point",3,3,"one-point",1,"degenerate",,,,,3,2,1.3219291661716357,"SwitchDetected",2
123456,"TwoPole",121,51,3,0.5,2,"PairwiseSupport","two-point",2,2,"one-point",1,"degenerate",,,,,1,2,1.1375103838437979,"SwitchDetected",2
123456,"TwoPole",122,51,3,0.5,2,"PairwiseSupport","two-point",2,2,"one-point",1,"degenerate",,,,,3,2,2.5025087711527214,"SwitchDetected",2
123456,"TwoPole",123,51,3,0.5,2,"PairwiseSupport","one-point",1,1,"one-point",1,"degenerate",,,,,2,2,,"NoSwitchDetected",
123456,"TwoPole",124,51,3,0.5,2,"PairwiseSupport","one-point",1,1,"one-point",1,"degenerate",,,,,2,2,,"NoSwitchDetected",
123456,"TwoPole",125,51,3,0.5,2,"PairwiseSupport","one-point",1,1,"one-point",1,"degenerate",,,,,2,2,,"NoSwitchDetected",
123456,"TwoPole",126,51,3,0.5,2,"PairwiseSupport","one-point",1,1,"one-point",1,"degenerate",,,,,1,1,,"NoSwitchDetected",
123456,"TwoPole",127,51,3,0.5,2,"PairwiseSupport","one-point",1,1,"one-point",1,"degenerate",,,,,1,1,,"NoSwitchDetected",
123456,"TwoPole",128,51,3,0.5,2,"PairwiseSupport","one-point",1,1,"one-point",1,"degenerate",,,,,1,1,,"NoSwitchDetected",
123456,"TwoPole",129,51,3,0.5,2,"PairwiseSupport","one-point",1,1,"one-point",1,"degenerate",,,,,1,1,,"NoSwitchDetected",
123456,"TwoPole",130,51,3,0.5,2,"PairwiseSupport","one-point",1,1,"one-point",1,"degenerate",,,,,2,2,,"NoSwitchDetected",
123456,"TwoPole",131,51,3,0.5,2,"PairwiseSupport","one-point",1,1,"one-point",1,"degenerate",,,,,2,2,,"NoSwitchDetected",
123456,"TwoPole",132,51,3,0.5,2,"PairwiseSupport","two-point",2,2,"one-point",1,"degenerate",,,,,3,2,4.459447781333548,"SwitchDetected",2
123456,"TwoPole",133,51,3,0.5,2,"PairwiseSupport","two-point",2,2,"one-point",1,"degenerate",,,,,1,2,1.070393007166387,"SwitchDetected",2
123456,"TwoPole",134,51,3,0.5,2,"PairwiseSupport","one-point",1,1,"one-point",1,"degenerate",,,,,3,3,,"NoSwitchDetected",
123456,"TwoPole",135,51,3,0.5,2,"PairwiseSupport","two-point",2,2,"one-point",1,"degenerate",,,,,1,2,3.1699259467067815,"SwitchDetected",2
123456,"TwoPole",136,51,3,0.5,2,"PairwiseSupport","two-point",2,2,"one-point",1,"degenerate",,,,,1,2,3.1699259467067815,"SwitchDetected",2
123456,"TwoPole",137,51,3,0.5,2,"PairwiseSupport","two-point",2,2,"one-point",1,"degenerate",,,,,3,2,1.4150462671072566,"SwitchDetected",2
123456,"TwoPole",138,51,3,0.5,2,"PairwiseSupport","two-point",2,2,"one-point",1,"degenerate",,,,,3,2,2.2224113719531116,"SwitchDetected",2
123456,"TwoPole",139,51,3,0.5,2,"PairwiseSupport","one-point",1,1,"one-point",1,"degenerate",,,,,1,1,,"NoSwitchDetected",
123456,"TwoPole",140,51,3,0.5,2,"PairwiseSupport","two-point",2,2,"one-point",1,"degenerate",,,,,3,2,1.4150462671072566,"SwitchDetected",2
123456,"TwoPole",141,51,3,0.5,2,"PairwiseSupport","two-point",2,2,"one-point",1,"degenerate",,,,,2,3,1.5849633566706869,"SwitchDetected",3
123456,"TwoPole",142,51,3,0.5,2,"PairwiseSupport","two-point",2,2,"one-point",1,"degenerate",,,,,1,2,1.7369833590336334,"SwitchDetected",2
123456,"TwoPole",143,51,3,0.5,2,"PairwiseSupport","two-point",2,2,"one-point",1,"degenerate",,,,,1,2,2.4594359689508223,"SwitchDetected",2
123456,"TwoPole",144,51,3,0.5,2,"PairwiseSupport","two-point",2,2,"one-point",1,"degenerate",,,,,1,2,1.5849633566706869,"SwitchDetected",2
123456,"TwoPole",145,51,3,0.5,2,"PairwiseSupport","one-point",1,1,"one-point",1,"degenerate",,,,,2,2,,"NoSwitchDetected",
123456,"TwoPole",146,51,3,0.5,2,"PairwiseSupport","one-point",1,1,"one-point",1,"degenerate",,,,,2,2,,"NoSwitchDetected",
123456,"TwoPole",147,51,3,0.5,2,"PairwiseSupport","two-point",2,2,"one-point",1,"degenerate",,,,,1,2,1.1375103838437979,"SwitchDetected",2
123456,"TwoPole",148,51,3,0.5,2,"PairwiseSupport","one-point",1,1,"one-point",1,"degenerate",,,,,2,2,,"NoSwitchDetected",
123456,"TwoPole",149,51,3,0.5,2,"PairwiseSupport","one-point",1,1,"one-point",1,"degenerate",,,,,3,3,,"NoSwitchDetected",
123456,"TwoPole",150,51,3,0.5,2,"PairwiseSupport","one-point",1,1,"one-point",1,"degenerate",,,,,2,2,,"NoSwitchDetected",
123456,"TwoPole",151,51,3,0.5,2,"PairwiseSupport","two-point",2,2,"one-point",1,"degenerate",,,,,3,2,1.4405818248322313,"SwitchDetected",2
123456,"TwoPole",152,51,3,0.5,2,"PairwiseSupport","two-point",2,2,"one-point",1,"degenerate",,,,,1,2,1.5235732367585293,"SwitchDetected",2
123456,"TwoPole",153,51,3,0.5,2,"PairwiseSupport","two-point",2,2,"one-point",1,"degenerate",,,,,3,2,2.169950542371748,"SwitchDetected",2
123456,"TwoPole",154,51,3,0.5,2,"PairwiseSupport","one-point",1,1,"one-point",1,"degenerate",,,,,3,3,,"NoSwitchDetected",
123456,"TwoPole",155,51,3,0.5,2,"PairwiseSupport","one-point",1,1,"one-point",1,"degenerate",,,,,2,2,,"NoSwitchDetected",
123456,"TwoPole",156,51,3,0.5,2,"PairwiseSupport","one-point",1,1,"one-point",1,"degenerate",,,,,2,2,,"NoSwitchDetected",
123456,"TwoPole",157,51,3,0.5,2,"PairwiseSupport","one-point",1,1,"one-point",1,"degenerate",,,,,3,3,,"NoSwitchDetected",
123456,"TwoPole",158,51,3,0.5,2,"PairwiseSupport","one-point",1,1,"one-point",1,"degenerate",,,,,2,2,,"NoSwitchDetected",
123456,"TwoPole",159,51,3,0.5,2,"PairwiseSupport","two-point",2,2,"one-point",1,"degenerate",,,,,1,2,2.4594359689508223,"SwitchDetected",2
123456,"TwoPole",160,51,3,0.5,2,"PairwiseSupport","two-point",2,2,"one-point",1,"degenerate",,,,,3,2,1.5849633566706869,"SwitchDetected",2
123456,"TwoPole",161,51,3,0.5,2,"PairwiseSupport","two-point",2,2,"one-point",1,"degenerate",,,,,1,2,1.5849633566706869,"SwitchDetected",2
123456,"TwoPole",162,51,3,0.5,2,"PairwiseSupport","two-point",2,2,"one-point",1,"degenerate",,,,,1,2,1.3625755372199808,"SwitchDetected",2
123456,"TwoPole",163,51,3,0.5,2,"PairwiseSupport","two-point",2,2,"one-point",1,"degenerate",,,,,1,2,1.087468032727584,"SwitchDetected",2
123456,"TwoPole",164,51,3,0.5,2,"PairwiseSupport","one-point",1,1,"one-point",1,"degenerate",,,,,1,1,,"NoSwitchDetected",
123456,"TwoPole",165,51,3,0.5,2,"PairwiseSupport","two-point",2,2,"one-point",1,"degenerate",,,,,3,2,2.5025087711527214,"SwitchDetected",2
123456,"TwoPole",166,51,3,0.5,2,"PairwiseSupport","two-point",2,2,"one-point",1,"degenerate",,,,,3,2,1.5025124026740577,"SwitchDetected",2
123456,"TwoPole",167,51,3,0.5,2,"PairwiseSupport","two-point",2,2,"one-point",1,"degenerate",,,,,3,2,1.8744740769639563,"SwitchDetected",2
123456,"TwoPole",168,51,3,0.5,2,"PairwiseSupport","two-point",2,2,"one-point",1,"degenerate",,,,,1,2,1.7655443523782555,"SwitchDetected",2
123456,"TwoPole",169,51,3,0.5,2,"PairwiseSupport","one-point",1,1,"one-point",1,"degenerate",,,,,2,2,,"NoSwitchDetected",
123456,"TwoPole",170,51,3,0.5,2,"PairwiseSupport","multi-point",3,3,"one-point",1,"degenerate",,,,,3,2,1.1375103838437979,"SwitchDetected",2
123456,"TwoPole",171,51,3,0.5,2,"PairwiseSupport","two-point",2,2,"one-point",1,"degenerate",,,,,3,2,1.3536409773826539,"SwitchDetected",2
123456,"TwoPole",172,51,3,0.5,2,"PairwiseSupport","one-point",1,1,"one-point",1,"degenerate",,,,,2,2,,"NoSwitchDetected",
123456,"TwoPole",173,51,3,0.5,2,"PairwiseSupport","two-point",2,2,"one-point",1,"degenerate",,,,,3,2,2.169950542371748,"SwitchDetected",2
123456,"TwoPole",174,51,3,0.5,2,"PairwiseSupport","two-point",2,2,"one-point",1,"degenerate",,,,,1,2,1.087468032727584,"SwitchDetected",2
123456,"TwoPole",175,51,3,0.5,2,"PairwiseSupport","one-point",1,1,"one-point",1,"degenerate",,,,,2,2,,"NoSwitchDetected",
123456,"TwoPole",176,51,3,0.5,2,"PairwiseSupport","two-point",2,2,"one-point",1,"degenerate",,,,,1,2,2.584967147535138,"SwitchDetected",2
123456,"TwoPole",177,51,3,0.5,2,"PairwiseSupport","two-point",2,2,"one-point",1,"degenerate",,,,,3,2,1.8744740769639563,"SwitchDetected",2
123456,"TwoPole",178,51,3,0.5,2,"PairwiseSupport","one-point",1,1,"one-point",1,"degenerate",,,,,2,2,,"NoSwitchDetected",
123456,"TwoPole",179,51,3,0.5,2,"PairwiseSupport","two-point",2,2,"one-point",1,"degenerate",,,,,1,2,1.7369833590336334,"SwitchDetected",2
123456,"TwoPole",180,51,3,0.5,2,"PairwiseSupport","one-point",1,1,"one-point",1,"degenerate",,,,,1,1,,"NoSwitchDetected",
123456,"TwoPole",181,51,3,0.5,2,"PairwiseSupport","one-point",1,1,"one-point",1,"degenerate",,,,,2,2,,"NoSwitchDetected",
123456,"TwoPole",182,51,3,0.5,2,"PairwiseSupport","one-point",1,1,"one-point",1,"degenerate",,,,,3,3,,"NoSwitchDetected",
123456,"TwoPole",183,51,3,0.5,2,"PairwiseSupport","one-point",1,1,"one-point",1,"degenerate",,,,,2,2,,"NoSwitchDetected",
123456,"TwoPole",184,51,3,0.5,2,"PairwiseSupport","two-point",2,2,"one-point",1,"degenerate",,,,,3,2,2.00001159674693,"SwitchDetected",2
123456,"TwoPole",185,51,3,0.5,2,"PairwiseSupport","one-point",1,1,"one-point",1,"degenerate",,,,,2,2,,"NoSwitchDetected",
123456,"TwoPole",186,51,3,0.5,2,"PairwiseSupport","one-point",1,1,"one-point",1,"degenerate",,,,,2,2,,"NoSwitchDetected",
123456,"TwoPole",187,51,3,0.5,2,"PairwiseSupport","two-point",2,2,"one-point",1,"degenerate",,,,,3,2,2.5025087711527214,"SwitchDetected",2
123456,"TwoPole",188,51,3,0.5,2,"PairwiseSupport","one-point",1,1,"one-point",1,"degenerate",,,,,2,2,,"NoSwitchDetected",
123456,"TwoPole",189,51,3,0.5,2,"PairwiseSupport","one-point",1,1,"one-point",1,"degenerate",,,,,2,2,,"NoSwitchDetected",
123456,"TwoPole",190,51,3,0.5,2,"PairwiseSupport","one-point",1,1,"one-point",1,"degenerate",,,,,1,1,,"NoSwitchDetected",
123456,"TwoPole",191,51,3,0.5,2,"PairwiseSupport","two-point",2,2,"one-point",1,"degenerate",,,,,3,2,1.8744740769639563,"SwitchDetected",2
123456,"TwoPole",192,51,3,0.5,2,"PairwiseSupport","one-point",1,1,"one-point",1,"degenerate",,,,,3,3,,"NoSwitchDetected",
123456,"TwoPole",193,51,3,0.5,2,"PairwiseSupport","two-point",2,2,"one-point",1,"degenerate",,,,,3,2,2.247949486994438,"SwitchDetected",2
123456,"TwoPole",194,51,3,0.5,2,"PairwiseSupport","multi-point",3,3,"one-point",1,"degenerate",,,,,3,2,2.584967147535138,"SwitchDetected",2
123456,"TwoPole",195,51,3,0.5,2,"PairwiseSupport","two-point",2,2,"one-point",1,"degenerate",,,,,3,2,1.392324116466077,"SwitchDetected",2
123456,"TwoPole",196,51,3,0.5,2,"PairwiseSupport","one-point",1,1,"one-point",1,"degenerate",,,,,1,1,,"NoSwitchDetected",
123456,"TwoPole",197,51,3,0.5,2,"PairwiseSupport","two-point",2,2,"one-point",1,"degenerate",,,,,3,2,1.1375103838437979,"SwitchDetected",2
123456,"TwoPole",198,51,3,0.5,2,"PairwiseSupport","one-point",1,1,"one-point",1,"degenerate",,,,,2,2,,"NoSwitchDetected",
123456,"TwoPole",199,51,3,0.5,2,"PairwiseSupport","one-point",1,1,"one-point",1,"degenerate",,,,,2,2,,"NoSwitchDetected",
123456,"TwoPole",200,51,3,0.5,2,"PairwiseSupport","two-point",2,2,"one-point",1,"degenerate",,,,,1,2,1.6629653237626216,"SwitchDetected",2
123456,"TwoPole",1,51,3,0.5,3,"PairwiseSupport","one-point",1,1,"one-point",1,"degenerate",,,,,3,3,,"NoSwitchDetected",
123456,"TwoPole",2,51,3,0.5,3,"PairwiseSupport","one-point",1,1,"one-point",1,"degenerate",,,,,2,2,,"NoSwitchDetected",
123456,"TwoPole",3,51,3,0.5,3,"PairwiseSupport","two-point",2,2,"one-point",1,"degenerate",,,,,3,1,1.4150462671072566,"SwitchDetected",1
123456,"TwoPole",4,51,3,0.5,3,"PairwiseSupport","one-point",1,1,"one-point",1,"degenerate",,,,,3,3,,"NoSwitchDetected",
123456,"TwoPole",5,51,3,0.5,3,"PairwiseSupport","one-point",1,1,"one-point",1,"degenerate",,,,,2,2,,"NoSwitchDetected",
123456,"TwoPole",6,51,3,0.5,3,"PairwiseSupport","one-point",1,1,"one-point",1,"degenerate",,,,,1,1,,"NoSwitchDetected",
123456,"TwoPole",7,51,3,0.5,3,"PairwiseSupport","one-point",1,1,"one-point",1,"degenerate",,,,,1,1,,"NoSwitchDetected",
123456,"TwoPole",8,51,3,0.5,3,"PairwiseSupport","one-point",1,1,"one-point",1,"degenerate",,,,,1,1,,"NoSwitchDetected",
123456,"TwoPole",9,51,3,0.5,3,"PairwiseSupport","one-point",1,1,"one-point",1,"degenerate",,,,,2,2,,"NoSwitchDetected",
123456,"TwoPole",10,51,3,0.5,3,"PairwiseSupport","one-point",1,1,"one-point",1,"degenerate",,,,,1,1,,"NoSwitchDetected",
123456,"TwoPole",11,51,3,0.5,3,"PairwiseSupport","one-point",1,1,"one-point",1,"degenerate",,,,,1,1,,"NoSwitchDetected",
123456,"TwoPole",12,51,3,0.5,3,"PairwiseSupport","one-point",1,1,"one-point",1,"degenerate",,,,,1,1,,"NoSwitchDetected",
123456,"TwoPole",13,51,3,0.5,3,"PairwiseSupport","one-point",1,1,"one-point",1,"degenerate",,,,,3,3,,"NoSwitchDetected",
123456,"TwoPole",14,51,3,0.5,3,"PairwiseSupport","two-point",2,2,"one-point",1,"degenerate",,,,,2,1,1.5849633566706869,"SwitchDetected",1
123456,"TwoPole",15,51,3,0.5,3,"PairwiseSupport","one-point",1,1,"one-point",1,"degenerate",,,,,3,3,,"NoSwitchDetected",
123456,"TwoPole",16,51,3,0.5,3,"PairwiseSupport","one-point",1,1,"one-point",1,"degenerate",,,,,3,3,,"NoSwitchDetected",
123456,"TwoPole",17,51,3,0.5,3,"PairwiseSupport","one-point",1,1,"one-point",1,"degenerate",,,,,1,1,,"NoSwitchDetected",
123456,"TwoPole",18,51,3,0.5,3,"PairwiseSupport","one-point",1,1,"one-point",1,"degenerate",,,,,3,3,,"NoSwitchDetected",
123456,"TwoPole",19,51,3,0.5,3,"PairwiseSupport","one-point",1,1,"one-point",1,"degenerate",,,,,1,1,,"NoSwitchDetected",
123456,"TwoPole",20,51,3,0.5,3,"PairwiseSupport","one-point",1,1,"one-point",1,"degenerate",,,,,3,3,,"NoSwitchDetected",
123456,"TwoPole",21,51,3,0.5,3,"PairwiseSupport","one-point",1,1,"one-point",1,"degenerate",,,,,3,3,,"NoSwitchDetected",
123456,"TwoPole",22,51,3,0.5,3,"PairwiseSupport","two-point",2,2,"one-point",1,"degenerate",,,,,2,3,1.2224008081692845,"SwitchDetected",3
123456,"TwoPole",23,51,3,0.5,3,"PairwiseSupport","one-point",1,1,"one-point",1,"degenerate",,,,,1,1,,"NoSwitchDetected",
123456,"TwoPole",24,51,3,0.5,3,"PairwiseSupport","one-point",1,1,"one-point",1,"degenerate",,,,,3,3,,"NoSwitchDetected",
123456,"TwoPole",25,51,3,0.5,3,"PairwiseSupport","one-point",1,1,"one-point",1,"degenerate",,,,,2,2,,"NoSwitchDetected",
123456,"TwoPole",26,51,3,0.5,3,"PairwiseSupport","two-point",2,2,"one-point",1,"degenerate",,,,,3,1,2.00001159674693,"SwitchDetected",1
123456,"TwoPole",27,51,3,0.5,3,"PairwiseSupport","one-point",1,1,"one-point",1,"degenerate",,,,,3,3,,"NoSwitchDetected",
123456,"TwoPole",28,51,3,0.5,3,"PairwiseSupport","one-point",1,1,"one-point",1,"degenerate",,,,,2,2,,"NoSwitchDetected",
123456,"TwoPole",29,51,3,0.5,3,"PairwiseSupport","one-point",1,1,"one-point",1,"degenerate",,,,,1,1,,"NoSwitchDetected",
123456,"TwoPole",30,51,3,0.5,3,"PairwiseSupport","one-point",1,1,"one-point",1,"degenerate",,,,,3,3,,"NoSwitchDetected",
123456,"TwoPole",31,51,3,0.5,3,"PairwiseSupport","one-point",1,1,"one-point",1,"degenerate",,,,,1,1,,"NoSwitchDetected",
123456,"TwoPole",32,51,3,0.5,3,"PairwiseSupport","one-point",1,1,"one-point",1,"degenerate",,,,,1,1,,"NoSwitchDetected",
123456,"TwoPole",33,51,3,0.5,3,"PairwiseSupport","two-point",2,2,"one-point",1,"degenerate",,,,,2,1,2.584967147535138,"SwitchDetected",1
123456,"TwoPole",34,51,3,0.5,3,"PairwiseSupport","one-point",1,1,"one-point",1,"degenerate",,,,,2,2,,"NoSwitchDetected",
123456,"TwoPole",35,51,3,0.5,3,"PairwiseSupport","one-point",1,1,"one-point",1,"degenerate",,,,,1,1,,"NoSwitchDetected",
123456,"TwoPole",36,51,3,0.5,3,"PairwiseSupport","two-point",2,2,"one-point",1,"degenerate",,,,,2,3,2.9069308406306753,"SwitchDetected",3
123456,"TwoPole",37,51,3,0.5,3,"PairwiseSupport","two-point",2,2,"one-point",1,"degenerate",,,,,2,3,2.2224113719531116,"SwitchDetected",3
123456,"TwoPole",38,51,3,0.5,3,"PairwiseSupport","one-point",1,1,"one-point",1,"degenerate",,,,,2,2,,"NoSwitchDetected",
123456,"TwoPole",39,51,3,0.5,3,"PairwiseSupport","one-point",1,1,"one-point",1,"degenerate",,,,,1,1,,"NoSwitchDetected",
123456,"TwoPole",40,51,3,0.5,3,"PairwiseSupport","one-point",1,1,"one-point",1,"degenerate",,,,,3,3,,"NoSwitchDetected",
123456,"TwoPole",41,51,3,0.5,3,"PairwiseSupport","one-point",1,1,"one-point",1,"degenerate",,,,,2,2,,"NoSwitchDetected",
123456,"TwoPole",42,51,3,0.5,3,"PairwiseSupport","two-point",2,2,"one-point",1,"degenerate",,,,,2,1,1.9068912400437852,"SwitchDetected",1
123456,"TwoPole",43,51,3,0.5,3,"PairwiseSupport","one-point",1,1,"one-point",1,"degenerate",,,,,3,3,,"NoSwitchDetected",
123456,"TwoPole",44,51,3,0.5,3,"PairwiseSupport","one-point",1,1,"one-point",1,"degenerate",,,,,2,2,,"NoSwitchDetected",
123456,"TwoPole",45,51,3,0.5,3,"PairwiseSupport","one-point",1,1,"one-point",1,"degenerate",,,,,2,2,,"NoSwitchDetected",
123456,"TwoPole",46,51,3,0.5,3,"PairwiseSupport","one-point",1,1,"one-point",1,"degenerate",,,,,3,3,,"NoSwitchDetected",
123456,"TwoPole",47,51,3,0.5,3,"PairwiseSupport","one-point",1,1,"one-point",1,"degenerate",,,,,1,1,,"NoSwitchDetected",
123456,"TwoPole",48,51,3,0.5,3,"PairwiseSupport","one-point",1,1,"one-point",1,"degenerate",,,,,2,2,,"NoSwitchDetected",
123456,"TwoPole",49,51,3,0.5,3,"PairwiseSupport","one-point",1,1,"one-point",1,"degenerate",,,,,1,1,,"NoSwitchDetected",
123456,"TwoPole",50,51,3,0.5,3,"PairwiseSupport","one-point",1,1,"one-point",1,"degenerate",,,,,1,1,,"NoSwitchDetected",
123456,"TwoPole",51,51,3,0.5,3,"PairwiseSupport","one-point",1,1,"one-point",1,"degenerate",,,,,1,1,,"NoSwitchDetected",
123456,"TwoPole",52,51,3,0.5,3,"PairwiseSupport","two-point",2,2,"one-point",1,"degenerate",,,,,2,3,1.4405818248322313,"SwitchDetected",3
123456,"TwoPole",53,51,3,0.5,3,"PairwiseSupport","one-point",1,1,"one-point",1,"degenerate",,,,,1,1,,"NoSwitchDetected",
123456,"TwoPole",54,51,3,0.5,3,"PairwiseSupport","two-point",2,2,"one-point",1,"degenerate",,,,,2,1,1.1375103838437979,"SwitchDetected",1
123456,"TwoPole",55,51,3,0.5,3,"PairwiseSupport","one-point",1,1,"one-point",1,"degenerate",,,,,1,1,,"NoSwitchDetected",
123456,"TwoPole",56,51,3,0.5,3,"PairwiseSupport","one-point",1,1,"one-point",1,"degenerate",,,,,3,3,,"NoSwitchDetected",
123456,"TwoPole",57,51,3,0.5,3,"PairwiseSupport","one-point",1,1,"one-point",1,"degenerate",,,,,2,2,,"NoSwitchDetected",
123456,"TwoPole",58,51,3,0.5,3,"PairwiseSupport","one-point",1,1,"one-point",1,"degenerate",,,,,1,1,,"NoSwitchDetected",
123456,"TwoPole",59,51,3,0.5,3,"PairwiseSupport","one-point",1,1,"one-point",1,"degenerate",,,,,1,1,,"NoSwitchDetected",
123456,"TwoPole",60,51,3,0.5,3,"PairwiseSupport","two-point",2,2,"one-point",1,"degenerate",,,,,1,3,1.3219291661716357,"SwitchDetected",3
123456,"TwoPole",61,51,3,0.5,3,"PairwiseSupport","one-point",1,1,"one-point",1,"degenerate",,,,,1,1,,"NoSwitchDetected",
123456,"TwoPole",62,51,3,0.5,3,"PairwiseSupport","one-point",1,1,"one-point",1,"degenerate",,,,,3,3,,"NoSwitchDetected",
123456,"TwoPole",63,51,3,0.5,3,"PairwiseSupport","one-point",1,1,"one-point",1,"degenerate",,,,,2,2,,"NoSwitchDetected",
123456,"TwoPole",64,51,3,0.5,3,"PairwiseSupport","two-point",2,2,"one-point",1,"degenerate",,,,,3,1,2.00001159674693,"SwitchDetected",1
123456,"TwoPole",65,51,3,0.5,3,"PairwiseSupport","two-point",2,2,"one-point",1,"degenerate",,,,,2,1,2.584967147535138,"SwitchDetected",1
123456,"TwoPole",66,51,3,0.5,3,"PairwiseSupport","one-point",1,1,"one-point",1,"degenerate",,,,,3,3,,"NoSwitchDetected",
123456,"TwoPole",67,51,3,0.5,3,"PairwiseSupport","two-point",2,2,"one-point",1,"degenerate",,,,,2,3,1.3219291661716357,"SwitchDetected",3
123456,"TwoPole",68,51,3,0.5,3,"PairwiseSupport","one-point",1,1,"one-point",1,"degenerate",,,,,2,2,,"NoSwitchDetected",
123456,"TwoPole",69,51,3,0.5,3,"PairwiseSupport","multi-point",3,3,"one-point",1,"degenerate",,,,,2,3,1.3219291661716357,"SwitchDetected",3
123456,"TwoPole",70,51,3,0.5,3,"PairwiseSupport","one-point",1,1,"one-point",1,"degenerate",,,,,3,3,,"NoSwitchDetected",
123456,"TwoPole",71,51,3,0.5,3,"PairwiseSupport","one-point",1,1,"one-point",1,"degenerate",,,,,3,3,,"NoSwitchDetected",
123456,"TwoPole",72,51,3,0.5,3,"PairwiseSupport","one-point",1,1,"one-point",1,"degenerate",,,,,3,3,,"NoSwitchDetected",
123456,"TwoPole",73,51,3,0.5,3,"PairwiseSupport","one-point",1,1,"one-point",1,"degenerate",,,,,2,2,,"NoSwitchDetected",
123456,"TwoPole",74,51,3,0.5,3,"PairwiseSupport","one-point",1,1,"one-point",1,"degenerate",,,,,3,3,,"NoSwitchDetected",
123456,"TwoPole",75,51,3,0.5,3,"PairwiseSupport","one-point",1,1,"one-point",1,"degenerate",,,,,3,3,,"NoSwitchDetected",
123456,"TwoPole",76,51,3,0.5,3,"PairwiseSupport","one-point",1,1,"one-point",1,"degenerate",,,,,1,1,,"NoSwitchDetected",
123456,"TwoPole",77,51,3,0.5,3,"PairwiseSupport","one-point",1,1,"one-point",1,"degenerate",,,,,1,1,,"NoSwitchDetected",
123456,"TwoPole",78,51,3,0.5,3,"PairwiseSupport","one-point",1,1,"one-point",1,"degenerate",,,,,3,3,,"NoSwitchDetected",
123456,"TwoPole",79,51,3,0.5,3,"PairwiseSupport","one-point",1,1,"one-point",1,"degenerate",,,,,2,2,,"NoSwitchDetected",
123456,"TwoPole",80,51,3,0.5,3,"PairwiseSupport","two-point",2,2,"one-point",1,"degenerate",,,,,2,1,2.8073734677162334,"SwitchDetected",1
123456,"TwoPole",81,51,3,0.5,3,"PairwiseSupport","two-point",2,2,"one-point",1,"degenerate",,,,,3,1,2.169950542371748,"SwitchDetected",1
123456,"TwoPole",82,51,3,0.5,3,"PairwiseSupport","one-point",1,1,"one-point",1,"degenerate",,,,,3,3,,"NoSwitchDetected",
123456,"TwoPole",83,51,3,0.5,3,"PairwiseSupport","one-point",1,1,"one-point",1,"degenerate",,,,,1,1,,"NoSwitchDetected",
123456,"TwoPole",84,51,3,0.5,3,"PairwiseSupport","one-point",1,1,"one-point",1,"degenerate",,,,,2,2,,"NoSwitchDetected",
123456,"TwoPole",85,51,3,0.5,3,"PairwiseSupport","one-point",1,1,"one-point",1,"degenerate",,,,,1,1,,"NoSwitchDetected",
123456,"TwoPole",86,51,3,0.5,3,"PairwiseSupport","one-point",1,1,"one-point",1,"degenerate",,,,,3,3,,"NoSwitchDetected",
123456,"TwoPole",87,51,3,0.5,3,"PairwiseSupport","one-point",1,1,"one-point",1,"degenerate",,,,,1,1,,"NoSwitchDetected",
123456,"TwoPole",88,51,3,0.5,3,"PairwiseSupport","one-point",1,1,"one-point",1,"degenerate",,,,,2,2,,"NoSwitchDetected",
123456,"TwoPole",89,51,3,0.5,3,"PairwiseSupport","one-point",1,1,"one-point",1,"degenerate",,,,,1,1,,"NoSwitchDetected",
123456,"TwoPole",90,51,3,0.5,3,"PairwiseSupport","two-point",2,2,"one-point",1,"degenerate",,,,,2,3,1.5849633566706869,"SwitchDetected",3
123456,"TwoPole",91,51,3,0.5,3,"PairwiseSupport","one-point",1,1,"one-point",1,"degenerate",,,,,3,3,,"NoSwitchDetected",
123456,"TwoPole",92,51,3,0.5,3,"PairwiseSupport","one-point",1,1,"one-point",1,"degenerate",,,,,3,3,,"NoSwitchDetected",
123456,"TwoPole",93,51,3,0.5,3,"PairwiseSupport","one-point",1,1,"one-point",1,"degenerate",,,,,1,1,,"NoSwitchDetected",
123456,"TwoPole",94,51,3,0.5,3,"PairwiseSupport","one-point",1,1,"one-point",1,"degenerate",,,,,3,3,,"NoSwitchDetected",
123456,"TwoPole",95,51,3,0.5,3,"PairwiseSupport","one-point",1,1,"one-point",1,"degenerate",,,,,3,3,,"NoSwitchDetected",
123456,"TwoPole",96,51,3,0.5,3,"PairwiseSupport","one-point",1,1,"one-point",1,"degenerate",,,,,3,3,,"NoSwitchDetected",
123456,"TwoPole",97,51,3,0.5,3,"PairwiseSupport","one-point",1,1,"one-point",1,"degenerate",,,,,1,1,,"NoSwitchDetected",
123456,"TwoPole",98,51,3,0.5,3,"PairwiseSupport","two-point",2,2,"one-point",1,"degenerate",,,,,3,1,1.8744740769639563,"SwitchDetected",1
123456,"TwoPole",99,51,3,0.5,3,"PairwiseSupport","one-point",1,1,"one-point",1,"degenerate",,,,,1,1,,"NoSwitchDetected",
123456,"TwoPole",100,51,3,0.5,3,"PairwiseSupport","one-point",1,1,"one-point",1,"degenerate",,,,,3,3,,"NoSwitchDetected",
123456,"TwoPole",101,51,3,0.5,3,"PairwiseSupport","two-point",2,2,"one-point",1,"degenerate",,,,,2,1,1.5849633566706869,"SwitchDetected",1
123456,"TwoPole",102,51,3,0.5,3,"PairwiseSupport","one-point",1,1,"one-point",1,"degenerate",,,,,1,1,,"NoSwitchDetected",
123456,"TwoPole",103,51,3,0.5,3,"PairwiseSupport","one-point",1,1,"one-point",1,"degenerate",,,,,2,2,,"NoSwitchDetected",
123456,"TwoPole",104,51,3,0.5,3,"PairwiseSupport","one-point",1,1,"one-point",1,"degenerate",,,,,3,3,,"NoSwitchDetected",
123456,"TwoPole",105,51,3,0.5,3,"PairwiseSupport","two-point",2,2,"one-point",1,"degenerate",,,,,1,3,2.00001159674693,"SwitchDetected",3
123456,"TwoPole",106,51,3,0.5,3,"PairwiseSupport","one-point",1,1,"one-point",1,"degenerate",,,,,1,1,,"NoSwitchDetected",
123456,"TwoPole",107,51,3,0.5,3,"PairwiseSupport","two-point",2,2,"one-point",1,"degenerate",,,,,3,1,2.169950542371748,"SwitchDetected",1
123456,"TwoPole",108,51,3,0.5,3,"PairwiseSupport","two-point",2,2,"one-point",1,"degenerate",,,,,1,3,1.3219291661716357,"SwitchDetected",3
123456,"TwoPole",109,51,3,0.5,3,"PairwiseSupport","one-point",1,1,"one-point",1,"degenerate",,,,,3,3,,"NoSwitchDetected",
123456,"TwoPole",110,51,3,0.5,3,"PairwiseSupport","one-point",1,1,"one-point",1,"degenerate",,,,,1,1,,"NoSwitchDetected",
123456,"TwoPole",111,51,3,0.5,3,"PairwiseSupport","one-point",1,1,"one-point",1,"degenerate",,,,,2,2,,"NoSwitchDetected",
123456,"TwoPole",112,51,3,0.5,3,"PairwiseSupport","one-point",1,1,"one-point",1,"degenerate",,,,,2,2,,"NoSwitchDetected",
123456,"TwoPole",113,51,3,0.5,3,"PairwiseSupport","two-point",2,2,"one-point",1,"degenerate",,,,,2,3,1.4150462671072566,"SwitchDetected",3
123456,"TwoPole",114,51,3,0.5,3,"PairwiseSupport","one-point",1,1,"one-point",1,"degenerate",,,,,2,2,,"NoSwitchDetected",
123456,"TwoPole",115,51,3,0.5,3,"PairwiseSupport","two-point",2,2,"one-point",1,"degenerate",,,,,1,3,1.0780082113906728,"SwitchDetected",3
123456,"TwoPole",116,51,3,0.5,3,"PairwiseSupport","one-point",1,1,"one-point",1,"degenerate",,,,,3,3,,"NoSwitchDetected",
123456,"TwoPole",117,51,3,0.5,3,"PairwiseSupport","one-point",1,1,"one-point",1,"degenerate",,,,,2,2,,"NoSwitchDetected",
123456,"TwoPole",118,51,3,0.5,3,"PairwiseSupport","one-point",1,1,"one-point",1,"degenerate",,,,,3,3,,"NoSwitchDetected",
123456,"TwoPole",119,51,3,0.5,3,"PairwiseSupport","two-point",2,2,"one-point",1,"degenerate",,,,,1,3,3.906929052181016,"SwitchDetected",3
123456,"TwoPole",120,51,3,0.5,3,"PairwiseSupport","one-point",1,1,"one-point",1,"degenerate",,,,,1,1,,"NoSwitchDetected",
123456,"TwoPole",121,51,3,0.5,3,"PairwiseSupport","one-point",1,1,"one-point",1,"degenerate",,,,,2,2,,"NoSwitchDetected",
123456,"TwoPole",122,51,3,0.5,3,"PairwiseSupport","one-point",1,1,"one-point",1,"degenerate",,,,,2,2,,"NoSwitchDetected",
123456,"TwoPole",123,51,3,0.5,3,"PairwiseSupport","two-point",2,2,"one-point",1,"degenerate",,,,,3,1,1.1926513343805916,"SwitchDetected",1
123456,"TwoPole",124,51,3,0.5,3,"PairwiseSupport","one-point",1,1,"one-point",1,"degenerate",,,,,2,2,,"NoSwitchDetected",
123456,"TwoPole",125,51,3,0.5,3,"PairwiseSupport","one-point",1,1,"one-point",1,"degenerate",,,,,1,1,,"NoSwitchDetected",
123456,"TwoPole",126,51,3,0.5,3,"PairwiseSupport","one-point",1,1,"one-point",1,"degenerate",,,,,2,2,,"NoSwitchDetected",
123456,"TwoPole",127,51,3,0.5,3,"PairwiseSupport","one-point",1,1,"one-point",1,"degenerate",,,,,1,1,,"NoSwitchDetected",
123456,"TwoPole",128,51,3,0.5,3,"PairwiseSupport","one-point",1,1,"one-point",1,"degenerate",,,,,3,3,,"NoSwitchDetected",
123456,"TwoPole",129,51,3,0.5,3,"PairwiseSupport","two-point",2,2,"one-point",1,"degenerate",,,,,2,1,1.5849633566706869,"SwitchDetected",1
123456,"TwoPole",130,51,3,0.5,3,"PairwiseSupport","one-point",1,1,"one-point",1,"degenerate",,,,,1,1,,"NoSwitchDetected",
123456,"TwoPole",131,51,3,0.5,3,"PairwiseSupport","two-point",2,2,"one-point",1,"degenerate",,,,,3,1,2.8073734677162334,"SwitchDetected",1
123456,"TwoPole",132,51,3,0.5,3,"PairwiseSupport","one-point",1,1,"one-point",1,"degenerate",,,,,3,3,,"NoSwitchDetected",
123456,"TwoPole",133,51,3,0.5,3,"PairwiseSupport","one-point",1,1,"one-point",1,"degenerate",,,,,2,2,,"NoSwitchDetected",
123456,"TwoPole",134,51,3,0.5,3,"PairwiseSupport","one-point",1,1,"one-point",1,"degenerate",,,,,3,3,,"NoSwitchDetected",
123456,"TwoPole",135,51,3,0.5,3,"PairwiseSupport","one-point",1,1,"one-point",1,"degenerate",,,,,2,2,,"NoSwitchDetected",
123456,"TwoPole",136,51,3,0.5,3,"PairwiseSupport","one-point",1,1,"one-point",1,"degenerate",,,,,3,3,,"NoSwitchDetected",
123456,"TwoPole",137,51,3,0.5,3,"PairwiseSupport","one-point",1,1,"one-point",1,"degenerate",,,,,1,1,,"NoSwitchDetected",
123456,"TwoPole",138,51,3,0.5,3,"PairwiseSupport","one-point",1,1,"one-point",1,"degenerate",,,,,3,3,,"NoSwitchDetected",
123456,"TwoPole",139,51,3,0.5,3,"PairwiseSupport","one-point",1,1,"one-point",1,"degenerate",,,,,1,1,,"NoSwitchDetected",
123456,"TwoPole",140,51,3,0.5,3,"PairwiseSupport","two-point",2,2,"one-point",1,"degenerate",,,,,2,3,1.5849633566706869,"SwitchDetected",3
123456,"TwoPole",141,51,3,0.5,3,"PairwiseSupport","one-point",1,1,"one-point",1,"degenerate",,,,,3,3,,"NoSwitchDetected",
123456,"TwoPole",142,51,3,0.5,3,"PairwiseSupport","two-point",2,2,"one-point",1,"degenerate",,,,,1,3,2.584967147535138,"SwitchDetected",3
123456,"TwoPole",143,51,3,0.5,3,"PairwiseSupport","one-point",1,1,"one-point",1,"degenerate",,,,,3,3,,"NoSwitchDetected",
123456,"TwoPole",144,51,3,0.5,3,"PairwiseSupport","one-point",1,1,"one-point",1,"degenerate",,,,,3,3,,"NoSwitchDetected",
123456,"TwoPole",145,51,3,0.5,3,"PairwiseSupport","one-point",1,1,"one-point",1,"degenerate",,,,,1,1,,"NoSwitchDetected",
123456,"TwoPole",146,51,3,0.5,3,"PairwiseSupport","one-point",1,1,"one-point",1,"degenerate",,,,,3,3,,"NoSwitchDetected",
123456,"TwoPole",147,51,3,0.5,3,"PairwiseSupport","one-point",1,1,"one-point",1,"degenerate",,,,,3,3,,"NoSwitchDetected",
123456,"TwoPole",148,51,3,0.5,3,"PairwiseSupport","one-point",1,1,"one-point",1,"degenerate",,,,,3,3,,"NoSwitchDetected",
123456,"TwoPole",149,51,3,0.5,3,"PairwiseSupport","one-point",1,1,"one-point",1,"degenerate",,,,,1,1,,"NoSwitchDetected",
123456,"TwoPole",150,51,3,0.5,3,"PairwiseSupport","one-point",1,1,"one-point",1,"degenerate",,,,,3,3,,"NoSwitchDetected",
123456,"TwoPole",151,51,3,0.5,3,"PairwiseSupport","one-point",1,1,"one-point",1,"degenerate",,,,,2,2,,"NoSwitchDetected",
123456,"TwoPole",152,51,3,0.5,3,"PairwiseSupport","one-point",1,1,"one-point",1,"degenerate",,,,,3,3,,"NoSwitchDetected",
123456,"TwoPole",153,51,3,0.5,3,"PairwiseSupport","one-point",1,1,"one-point",1,"degenerate",,,,,3,3,,"NoSwitchDetected",
123456,"TwoPole",154,51,3,0.5,3,"PairwiseSupport","one-point",1,1,"one-point",1,"degenerate",,,,,3,3,,"NoSwitchDetected",
123456,"TwoPole",155,51,3,0.5,3,"PairwiseSupport","two-point",2,2,"one-point",1,"degenerate",,,,,2,3,1.5849633566706869,"SwitchDetected",3
123456,"TwoPole",156,51,3,0.5,3,"PairwiseSupport","one-point",1,1,"one-point",1,"degenerate",,,,,1,1,,"NoSwitchDetected",
123456,"TwoPole",157,51,3,0.5,3,"PairwiseSupport","one-point",1,1,"one-point",1,"degenerate",,,,,2,2,,"NoSwitchDetected",
123456,"TwoPole",158,51,3,0.5,3,"PairwiseSupport","one-point",1,1,"one-point",1,"degenerate",,,,,1,1,,"NoSwitchDetected",
123456,"TwoPole",159,51,3,0.5,3,"PairwiseSupport","one-point",1,1,"one-point",1,"degenerate",,,,,2,2,,"NoSwitchDetected",
123456,"TwoPole",160,51,3,0.5,3,"PairwiseSupport","one-point",1,1,"one-point",1,"degenerate",,,,,1,1,,"NoSwitchDetected",
123456,"TwoPole",161,51,3,0.5,3,"PairwiseSupport","one-point",1,1,"one-point",1,"degenerate",,,,,2,2,,"NoSwitchDetected",
123456,"TwoPole",162,51,3,0.5,3,"PairwiseSupport","two-point",2,2,"one-point",1,"degenerate",,,,,2,1,1.485432062947722,"SwitchDetected",1
123456,"TwoPole",163,51,3,0.5,3,"PairwiseSupport","one-point",1,1,"one-point",1,"degenerate",,,,,3,3,,"NoSwitchDetected",
123456,"TwoPole",164,51,3,0.5,3,"PairwiseSupport","one-point",1,1,"one-point",1,"degenerate",,,,,3,3,,"NoSwitchDetected",
123456,"TwoPole",165,51,3,0.5,3,"PairwiseSupport","two-point",2,2,"one-point",1,"degenerate",,,,,1,3,1.7369833590336334,"SwitchDetected",3
123456,"TwoPole",166,51,3,0.5,3,"PairwiseSupport","one-point",1,1,"one-point",1,"degenerate",,,,,1,1,,"NoSwitchDetected",
123456,"TwoPole",167,51,3,0.5,3,"PairwiseSupport","one-point",1,1,"one-point",1,"degenerate",,,,,3,3,,"NoSwitchDetected",
123456,"TwoPole",168,51,3,0.5,3,"PairwiseSupport","two-point",2,2,"one-point",1,"degenerate",,,,,1,3,1.2224008081692845,"SwitchDetected",3
123456,"TwoPole",169,51,3,0.5,3,"PairwiseSupport","one-point",1,1,"one-point",1,"degenerate",,,,,2,2,,"NoSwitchDetected",
123456,"TwoPole",170,51,3,0.5,3,"PairwiseSupport","one-point",1,1,"one-point",1,"degenerate",,,,,3,3,,"NoSwitchDetected",
123456,"TwoPole",171,51,3,0.5,3,"PairwiseSupport","one-point",1,1,"one-point",1,"degenerate",,,,,3,3,,"NoSwitchDetected",
123456,"TwoPole",172,51,3,0.5,3,"PairwiseSupport","two-point",2,2,"one-point",1,"degenerate",,,,,2,1,1.7369833590336334,"SwitchDetected",1
123456,"TwoPole",173,51,3,0.5,3,"PairwiseSupport","one-point",1,1,"one-point",1,"degenerate",,,,,1,1,,"NoSwitchDetected",
123456,"TwoPole",174,51,3,0.5,3,"PairwiseSupport","one-point",1,1,"one-point",1,"degenerate",,,,,1,1,,"NoSwitchDetected",
123456,"TwoPole",175,51,3,0.5,3,"PairwiseSupport","one-point",1,1,"one-point",1,"degenerate",,,,,3,3,,"NoSwitchDetected",
123456,"TwoPole",176,51,3,0.5,3,"PairwiseSupport","one-point",1,1,"one-point",1,"degenerate",,,,,1,1,,"NoSwitchDetected",
123456,"TwoPole",177,51,3,0.5,3,"PairwiseSupport","two-point",2,2,"one-point",1,"degenerate",,,,,2,1,2.00001159674693,"SwitchDetected",1
123456,"TwoPole",178,51,3,0.5,3,"PairwiseSupport","one-point",1,1,"one-point",1,"degenerate",,,,,1,1,,"NoSwitchDetected",
123456,"TwoPole",179,51,3,0.5,3,"PairwiseSupport","one-point",1,1,"one-point",1,"degenerate",,,,,2,2,,"NoSwitchDetected",
123456,"TwoPole",180,51,3,0.5,3,"PairwiseSupport","two-point",2,2,"one-point",1,"degenerate",,,,,2,1,1.070393007166387,"SwitchDetected",1
123456,"TwoPole",181,51,3,0.5,3,"PairwiseSupport","two-point",2,2,"one-point",1,"degenerate",,,,,3,1,4.000021972776951,"SwitchDetected",1
123456,"TwoPole",182,51,3,0.5,3,"PairwiseSupport","two-point",2,2,"one-point",1,"degenerate",,,,,2,1,3.1699259467067815,"SwitchDetected",1
123456,"TwoPole",183,51,3,0.5,3,"PairwiseSupport","two-point",2,2,"one-point",1,"degenerate",,,,,2,3,2.8073734677162334,"SwitchDetected",3
123456,"TwoPole",184,51,3,0.5,3,"PairwiseSupport","one-point",1,1,"one-point",1,"degenerate",,,,,1,1,,"NoSwitchDetected",
123456,"TwoPole",185,51,3,0.5,3,"PairwiseSupport","two-point",2,2,"one-point",1,"degenerate",,,,,2,1,2.115479157514041,"SwitchDetected",1
123456,"TwoPole",186,51,3,0.5,3,"PairwiseSupport","one-point",1,1,"one-point",1,"degenerate",,,,,3,3,,"NoSwitchDetected",
123456,"TwoPole",187,51,3,0.5,3,"PairwiseSupport","one-point",1,1,"one-point",1,"degenerate",,,,,3,3,,"NoSwitchDetected",
123456,"TwoPole",188,51,3,0.5,3,"PairwiseSupport","two-point",2,2,"one-point",1,"degenerate",,,,,3,1,2.169950542371748,"SwitchDetected",1
123456,"TwoPole",189,51,3,0.5,3,"PairwiseSupport","one-point",1,1,"one-point",1,"degenerate",,,,,1,1,,"NoSwitchDetected",
123456,"TwoPole",190,51,3,0.5,3,"PairwiseSupport","one-point",1,1,"one-point",1,"degenerate",,,,,1,1,,"NoSwitchDetected",
123456,"TwoPole",191,51,3,0.5,3,"PairwiseSupport","two-point",2,2,"one-point",1,"degenerate",,,,,2,1,1.169933063033857,"SwitchDetected",1
123456,"TwoPole",192,51,3,0.5,3,"PairwiseSupport","two-point",2,2,"one-point",1,"degenerate",,,,,1,3,2.00001159674693,"SwitchDetected",3
123456,"TwoPole",193,51,3,0.5,3,"PairwiseSupport","one-point",1,1,"one-point",1,"degenerate",,,,,3,3,,"NoSwitchDetected",
123456,"TwoPole",194,51,3,0.5,3,"PairwiseSupport","two-point",2,2,"one-point",1,"degenerate",,,,,3,1,2.00001159674693,"SwitchDetected",1
123456,"TwoPole",195,51,3,0.5,3,"PairwiseSupport","one-point",1,1,"one-point",1,"degenerate",,,,,3,3,,"NoSwitchDetected",
123456,"TwoPole",196,51,3,0.5,3,"PairwiseSupport","one-point",1,1,"one-point",1,"degenerate",,,,,3,3,,"NoSwitchDetected",
123456,"TwoPole",197,51,3,0.5,3,"PairwiseSupport","one-point",1,1,"one-point",1,"degenerate",,,,,3,3,,"NoSwitchDetected",
123456,"TwoPole",198,51,3,0.5,3,"PairwiseSupport","multi-point",3,3,"one-point",1,"calibrated",2.6775089250297497,0.00925917799697734,3,1,,,,"",
123456,"TwoPole",199,51,3,0.5,3,"PairwiseSupport","one-point",1,1,"one-point",1,"degenerate",,,,,3,3,,"NoSwitchDetected",
123456,"TwoPole",200,51,3,0.5,3,"PairwiseSupport","two-point",2,2,"one-point",1,"degenerate",,,,,2,1,2.584967147535138,"SwitchDetected",1
123456,"TwoPole",1,51,3,0.6,1,"PairwiseSupport","one-point",1,1,"one-point",1,"degenerate",,,,,1,1,,"NoSwitchDetected",
123456,"TwoPole",2,51,3,0.6,1,"PairwiseSupport","one-point",1,1,"one-point",1,"degenerate",,,,,1,1,,"NoSwitchDetected",
123456,"TwoPole",3,51,3,0.6,1,"PairwiseSupport","two-point",2,2,"one-point",1,"degenerate",,,,,2,1,1.4150462671072566,"SwitchDetected",1
123456,"TwoPole",4,51,3,0.6,1,"PairwiseSupport","one-point",1,1,"one-point",1,"degenerate",,,,,1,1,,"NoSwitchDetected",
123456,"TwoPole",5,51,3,0.6,1,"PairwiseSupport","two-point",2,2,"two-point",2,"degenerate",,,,,1,1,,"NoSwitchDetected",
123456,"TwoPole",6,51,3,0.6,1,"PairwiseSupport","two-point",2,2,"one-point",1,"degenerate",,,,,2,1,1.1255333041828635,"SwitchDetected",1
123456,"TwoPole",7,51,3,0.6,1,"PairwiseSupport","two-point",2,2,"one-point",1,"degenerate",,,,,2,1,1.3219291661716357,"SwitchDetected",1
123456,"TwoPole",8,51,3,0.6,1,"PairwiseSupport","one-point",1,1,"one-point",1,"degenerate",,,,,1,1,,"NoSwitchDetected",
123456,"TwoPole",9,51,3,0.6,1,"PairwiseSupport","one-point",1,1,"one-point",1,"degenerate",,,,,1,1,,"NoSwitchDetected",
123456,"TwoPole",10,51,3,0.6,1,"PairwiseSupport","one-point",1,1,"one-point",1,"degenerate",,,,,1,1,,"NoSwitchDetected",
123456,"TwoPole",11,51,3,0.6,1,"PairwiseSupport","two-point",2,2,"two-point",2,"degenerate",,,,,1,1,,"NoSwitchDetected",
123456,"TwoPole",12,51,3,0.6,1,"PairwiseSupport","one-point",1,1,"one-point",1,"degenerate",,,,,1,1,,"NoSwitchDetected",
123456,"TwoPole",13,51,3,0.6,1,"PairwiseSupport","two-point",2,2,"one-point",1,"degenerate",,,,,2,1,1.6322740753950427,"SwitchDetected",1
123456,"TwoPole",14,51,3,0.6,1,"PairwiseSupport","multi-point",3,3,"two-point",2,"calibrated",2.9246100519930676,0.0335833437540862,3,3,,,,"",
123456,"TwoPole",15,51,3,0.6,1,"PairwiseSupport","two-point",2,2,"one-point",1,"degenerate",,,,,1,3,2.9069308406306753,"SwitchDetected",3
123456,"TwoPole",16,51,3,0.6,1,"PairwiseSupport","two-point",2,2,"two-point",2,"degenerate",,,,,1,1,,"NoSwitchDetected",
123456,"TwoPole",17,51,3,0.6,1,"PairwiseSupport","one-point",1,1,"one-point",1,"degenerate",,,,,1,1,,"NoSwitchDetected",
123456,"TwoPole",18,51,3,0.6,1,"PairwiseSupport","one-point",1,1,"one-point",1,"degenerate",,,,,1,1,,"NoSwitchDetected",
123456,"TwoPole",19,51,3,0.6,1,"PairwiseSupport","one-point",1,1,"one-point",1,"degenerate",,,,,1,1,,"NoSwitchDetected",
123456,"TwoPole",20,51,3,0.6,1,"PairwiseSupport","two-point",2,2,"two-point",2,"degenerate",,,,,1,1,,"NoSwitchDetected",
123456,"TwoPole",21,51,3,0.6,1,"PairwiseSupport","one-point",1,1,"one-point",1,"degenerate",,,,,1,1,,"NoSwitchDetected",
123456,"TwoPole",22,51,3,0.6,1,"PairwiseSupport","two-point",2,2,"one-point",1,"degenerate",,,,,2,1,1.8365134267862055,"SwitchDetected",1
123456,"TwoPole",23,51,3,0.6,1,"PairwiseSupport","two-point",2,2,"one-point",1,"degenerate",,,,,2,1,1.2730185375943144,"SwitchDetected",1
123456,"TwoPole",24,51,3,0.6,1,"PairwiseSupport","one-point",1,1,"one-point",1,"degenerate",,,,,1,1,,"NoSwitchDetected",
123456,"TwoPole",25,51,3,0.6,1,"PairwiseSupport","multi-point",3,3,"two-point",2,"calibrated",2.9246100519930676,0.0335833437540862,3,3,,,,"",
123456,"TwoPole",26,51,3,0.6,1,"PairwiseSupport","one-point",1,1,"one-point",1,"degenerate",,,,,1,1,,"NoSwitchDetected",
123456,"TwoPole",27,51,3,0.6,1,"PairwiseSupport","two-point",2,2,"two-point",2,"degenerate",,,,,1,1,,"NoSwitchDetected",
123456,"TwoPole",28,51,3,0.6,1,"PairwiseSupport","two-point",2,2,"two-point",2,"degenerate",,,,,1,1,,"NoSwitchDetected",
123456,"TwoPole",29,51,3,0.6,1,"PairwiseSupport","two-point",2,2,"two-point",2,"degenerate",,,,,1,1,,"NoSwitchDetected",
123456,"TwoPole",30,51,3,0.6,1,"PairwiseSupport","one-point",1,1,"one-point",1,"degenerate",,,,,1,1,,"NoSwitchDetected",
123456,"TwoPole",31,51,3,0.6,1,"PairwiseSupport","two-point",2,2,"one-point",1,"degenerate",,,,,2,1,2.263056099522533,"SwitchDetected",1
123456,"TwoPole",32,51,3,0.6,1,"PairwiseSupport","one-point",1,1,"one-point",1,"degenerate",,,,,1,1,,"NoSwitchDetected",
123456,"TwoPole",33,51,3,0.6,1,"PairwiseSupport","one-point",1,1,"one-point",1,"degenerate",,,,,1,1,,"NoSwitchDetected",
123456,"TwoPole",34,51,3,0.6,1,"PairwiseSupport","one-point",1,1,"one-point",1,"degenerate",,,,,1,1,,"NoSwitchDetected",
123456,"TwoPole",35,51,3,0.6,1,"PairwiseSupport","two-point",2,2,"one-point",1,"degenerate",,,,,2,1,1.7369833590336334,"SwitchDetected",1
123456,"TwoPole",36,51,3,0.6,1,"PairwiseSupport","one-point",1,1,"one-point",1,"degenerate",,,,,1,1,,"NoSwitchDetected",
123456,"TwoPole",37,51,3,0.6,1,"PairwiseSupport","two-point",2,2,"two-point",2,"degenerate",,,,,1,1,,"NoSwitchDetected",
123456,"TwoPole",38,51,3,0.6,1,"PairwiseSupport","two-point",2,2,"one-point",1,"degenerate",,,,,1,3,3.700445503464086,"SwitchDetected",3
123456,"TwoPole",39,51,3,0.6,1,"PairwiseSupport","one-point",1,1,"one-point",1,"degenerate",,,,,1,1,,"NoSwitchDetected",
123456,"TwoPole",40,51,3,0.6,1,"PairwiseSupport","two-point",2,2,"one-point",1,"degenerate",,,,,2,1,1.6322740753950427,"SwitchDetected",1
123456,"TwoPole",41,51,3,0.6,1,"PairwiseSupport","two-point",2,2,"one-point",1,"degenerate",,,,,2,1,1.1255333041828635,"SwitchDetected",1
123456,"TwoPole",42,51,3,0.6,1,"PairwiseSupport","one-point",1,1,"one-point",1,"degenerate",,,,,1,1,,"NoSwitchDetected",
123456,"TwoPole",43,51,3,0.6,1,"PairwiseSupport","one-point",1,1,"one-point",1,"degenerate",,,,,1,1,,"NoSwitchDetected",
123456,"TwoPole",44,51,3,0.6,1,"PairwiseSupport","one-point",1,1,"one-point",1,"degenerate",,,,,1,1,,"NoSwitchDetected",
123456,"TwoPole",45,51,3,0.6,1,"PairwiseSupport","two-point",2,2,"one-point",1,"degenerate",,,,,2,1,3.115504120664936,"SwitchDetected",1
123456,"TwoPole",46,51,3,0.6,1,"PairwiseSupport","one-point",1,1,"one-point",1,"degenerate",,,,,1,1,,"NoSwitchDetected",
123456,"TwoPole",47,51,3,0.6,1,"PairwiseSupport","one-point",1,1,"one-point",1,"degenerate",,,,,1,1,,"NoSwitchDetected",
123456,"TwoPole",48,51,3,0.6,1,"PairwiseSupport","two-point",2,2,"two-point",2,"degenerate",,,,,1,1,,"NoSwitchDetected",
123456,"TwoPole",49,51,3,0.6,1,"PairwiseSupport","one-point",1,1,"one-point",1,"degenerate",,,,,1,1,,"NoSwitchDetected",
123456,"TwoPole",50,51,3,0.6,1,"PairwiseSupport","one-point",1,1,"one-point",1,"degenerate",,,,,1,1,,"NoSwitchDetected",
123456,"TwoPole",51,51,3,0.6,1,"PairwiseSupport","one-point",1,1,"one-point",1,"degenerate",,,,,1,1,,"NoSwitchDetected",
123456,"TwoPole",52,51,3,0.6,1,"PairwiseSupport","two-point",2,2,"one-point",1,"degenerate",,,,,2,1,2.00001159674693,"SwitchDetected",1
123456,"TwoPole",53,51,3,0.6,1,"PairwiseSupport","two-point",2,2,"one-point",1,"degenerate",,,,,2,1,1.152007267545848,"SwitchDetected",1
123456,"TwoPole",54,51,3,0.6,1,"PairwiseSupport","two-point",2,2,"two-point",2,"degenerate",,,,,1,1,,"NoSwitchDetected",
123456,"TwoPole",55,51,3,0.6,1,"PairwiseSupport","one-point",1,1,"one-point",1,"degenerate",,,,,1,1,,"NoSwitchDetected",
123456,"TwoPole",56,51,3,0.6,1,"PairwiseSupport","one-point",1,1,"one-point",1,"degenerate",,,,,1,1,,"NoSwitchDetected",
123456,"TwoPole",57,51,3,0.6,1,"PairwiseSupport","one-point",1,1,"one-point",1,"degenerate",,,,,1,1,,"NoSwitchDetected",
123456,"TwoPole",58,51,3,0.6,1,"PairwiseSupport","two-point",2,2,"one-point",1,"degenerate",,,,,2,1,1.6880567205191517,"SwitchDetected",1
123456,"TwoPole",59,51,3,0.6,1,"PairwiseSupport","two-point",2,2,"one-point",1,"degenerate",,,,,2,1,1.2730185375943144,"SwitchDetected",1
123456,"TwoPole",60,51,3,0.6,1,"PairwiseSupport","one-point",1,1,"one-point",1,"degenerate",,,,,1,1,,"NoSwitchDetected",
123456,"TwoPole",61,51,3,0.6,1,"PairwiseSupport","one-point",1,1,"one-point",1,"degenerate",,,,,1,1,,"NoSwitchDetected",
123456,"TwoPole",62,51,3,0.6,1,"PairwiseSupport","two-point",2,2,"one-point",1,"degenerate",,,,,2,1,1.106916522353934,"SwitchDetected",1
123456,"TwoPole",63,51,3,0.6,1,"PairwiseSupport","two-point",2,2,"two-point",2,"degenerate",,,,,1,1,,"NoSwitchDetected",
123456,"TwoPole",64,51,3,0.6,1,"PairwiseSupport","one-point",1,1,"one-point",1,"degenerate",,,,,2,2,,"NoSwitchDetected",
123456,"TwoPole",65,51,3,0.6,1,"PairwiseSupport","one-point",1,1,"one-point",1,"degenerate",,,,,1,1,,"NoSwitchDetected",
123456,"TwoPole",66,51,3,0.6,1,"PairwiseSupport","one-point",1,1,"one-point",1,"degenerate",,,,,1,1,,"NoSwitchDetected",
123456,"TwoPole",67,51,3,0.6,1,"PairwiseSupport","one-point",1,1,"one-point",1,"degenerate",,,,,1,1,,"NoSwitchDetected",
123456,"TwoPole",68,51,3,0.6,1,"PairwiseSupport","two-point",2,2,"two-point",2,"degenerate",,,,,1,1,,"NoSwitchDetected",
123456,"TwoPole",69,51,3,0.6,1,"PairwiseSupport","one-point",1,1,"one-point",1,"degenerate",,,,,1,1,,"NoSwitchDetected",
123456,"TwoPole",70,51,3,0.6,1,"PairwiseSupport","two-point",2,2,"two-point",2,"degenerate",,,,,1,1,,"NoSwitchDetected",
123456,"TwoPole",71,51,3,0.6,1,"PairwiseSupport","one-point",1,1,"one-point",1,"degenerate",,,,,1,1,,"NoSwitchDetected",
123456,"TwoPole",72,51,3,0.6,1,"PairwiseSupport","two-point",2,2,"two-point",2,"degenerate",,,,,1,1,,"NoSwitchDetected",
123456,"TwoPole",73,51,3,0.6,1,"PairwiseSupport","two-point",2,2,"two-point",2,"degenerate",,,,,1,1,,"NoSwitchDetected",
123456,"TwoPole",74,51,3,0.6,1,"PairwiseSupport","one-point",1,1,"one-point",1,"degenerate",,,,,1,1,,"NoSwitchDetected",
123456,"TwoPole",75,51,3,0.6,1,"PairwiseSupport","one-point",1,1,"one-point",1,"degenerate",,,,,1,1,,"NoSwitchDetected",
123456,"TwoPole",76,51,3,0.6,1,"PairwiseSupport","two-point",2,2,"one-point",1,"degenerate",,,,,2,1,1.2537659274722734,"SwitchDetected",1
123456,"TwoPole",77,51,3,0.6,1,"PairwiseSupport","two-point",2,2,"two-point",2,"degenerate",,,,,1,1,,"NoSwitchDetected",
123456,"TwoPole",78,51,3,0.6,1,"PairwiseSupport","one-point",1,1,"one-point",1,"degenerate",,,,,1,1,,"NoSwitchDetected",
123456,"TwoPole",79,51,3,0.6,1,"PairwiseSupport","two-point",2,2,"one-point",1,"degenerate",,,,,2,1,1.6880567205191517,"SwitchDetected",1
123456,"TwoPole",80,51,3,0.6,1,"PairwiseSupport","one-point",1,1,"one-point",1,"degenerate",,,,,1,1,,"NoSwitchDetected",
123456,"TwoPole",81,51,3,0.6,1,"PairwiseSupport","two-point",2,2,"two-point",2,"degenerate",,,,,1,1,,"NoSwitchDetected",
123456,"TwoPole",82,51,3,0.6,1,"PairwiseSupport","two-point",2,2,"one-point",1,"degenerate",,,,,2,1,1.1154841682301817,"SwitchDetected",1
123456,"TwoPole",83,51,3,0.6,1,"PairwiseSupport","two-point",2,2,"two-point",2,"degenerate",,,,,1,1,,"NoSwitchDetected",
123456,"TwoPole",84,51,3,0.6,1,"PairwiseSupport","one-point",1,1,"one-point",1,"degenerate",,,,,1,1,,"NoSwitchDetected",
123456,"TwoPole",85,51,3,0.6,1,"PairwiseSupport","one-point",1,1,"one-point",1,"degenerate",,,,,1,1,,"NoSwitchDetected",
123456,"TwoPole",86,51,3,0.6,1,"PairwiseSupport","two-point",2,2,"two-point",2,"degenerate",,,,,1,1,,"NoSwitchDetected",
123456,"TwoPole",87,51,3,0.6,1,"PairwiseSupport","two-point",2,2,"two-point",2,"degenerate",,,,,1,1,,"NoSwitchDetected",
123456,"TwoPole",88,51,3,0.6,1,"PairwiseSupport","two-point",2,2,"one-point",1,"degenerate",,,,,2,1,2.273035485310904,"SwitchDetected",1
123456,"TwoPole",89,51,3,0.6,1,"PairwiseSupport","one-point",1,1,"one-point",1,"degenerate",,,,,1,1,,"NoSwitchDetected",
123456,"TwoPole",90,51,3,0.6,1,"PairwiseSupport","two-point",2,2,"one-point",1,"degenerate",,,,,1,3,2.9069308406306753,"SwitchDetected",3
123456,"TwoPole",91,51,3,0.6,1,"PairwiseSupport","two-point",2,2,"two-point",2,"degenerate",,,,,1,1,,"NoSwitchDetected",
123456,"TwoPole",92,51,3,0.6,1,"PairwiseSupport","one-point",1,1,"one-point",1,"degenerate",,,,,1,1,,"NoSwitchDetected",
123456,"TwoPole",93,51,3,0.6,1,"PairwiseSupport","two-point",2,2,"two-point",2,"degenerate",,,,,1,1,,"NoSwitchDetected",
123456,"TwoPole",94,51,3,0.6,1,"PairwiseSupport","multi-point",3,3,"one-point",1,"calibrated",2.9246100519930676,0.011068330382543762,3,3,,,,"",
123456,"TwoPole",95,51,3,0.6,1,"PairwiseSupport","two-point",2,2,"two-point",2,"degenerate",,,,,1,1,,"NoSwitchDetected",
123456,"TwoPole",96,51,3,0.6,1,"PairwiseSupport","two-point",2,2,"one-point",1,"degenerate",,,,,2,1,1.3219291661716357,"SwitchDetected",1
123456,"TwoPole",97,51,3,0.6,1,"PairwiseSupport","two-point",2,2,"one-point",1,"degenerate",,,,,2,1,1.392324116466077,"SwitchDetected",1
123456,"TwoPole",98,51,3,0.6,1,"PairwiseSupport","one-point",1,1,"one-point",1,"degenerate",,,,,1,1,,"NoSwitchDetected",
123456,"TwoPole",99,51,3,0.6,1,"PairwiseSupport","one-point",1,1,"one-point",1,"degenerate",,,,,1,1,,"NoSwitchDetected",
123456,"TwoPole",100,51,3,0.6,1,"PairwiseSupport","two-point",2,2,"one-point",1,"degenerate",,,,,2,1,2.263056099522533,"SwitchDetected",1
123456,"TwoPole",101,51,3,0.6,1,"PairwiseSupport","two-point",2,2,"two-point",2,"degenerate",,,,,1,1,,"NoSwitchDetected",
123456,"TwoPole",102,51,3,0.6,1,"PairwiseSupport","two-point",2,2,"one-point",1,"degenerate",,,,,2,1,1.3536409773826539,"SwitchDetected",1
123456,"TwoPole",103,51,3,0.6,1,"PairwiseSupport","one-point",1,1,"one-point",1,"degenerate",,,,,1,1,,"NoSwitchDetected",
123456,"TwoPole",104,51,3,0.6,1,"PairwiseSupport","one-point",1,1,"one-point",1,"degenerate",,,,,1,1,,"NoSwitchDetected",
123456,"TwoPole",105,51,3,0.6,1,"PairwiseSupport","two-point",2,2,"one-point",1,"degenerate",,,,,2,1,1.0995360661117537,"SwitchDetected",1
123456,"TwoPole",106,51,3,0.6,1,"PairwiseSupport","two-point",2,2,"one-point",1,"degenerate",,,,,2,1,2.00001159674693,"SwitchDetected",1
123456,"TwoPole",107,51,3,0.6,1,"PairwiseSupport","one-point",1,1,"one-point",1,"degenerate",,,,,1,1,,"NoSwitchDetected",
123456,"TwoPole",108,51,3,0.6,1,"PairwiseSupport","two-point",2,2,"one-point",1,"degenerate",,,,,1,3,1.938613720803654,"SwitchDetected",3
123456,"TwoPole",109,51,3,0.6,1,"PairwiseSupport","two-point",2,2,"one-point",1,"degenerate",,,,,2,1,1.1255333041828635,"SwitchDetected",1
123456,"TwoPole",110,51,3,0.6,1,"PairwiseSupport","two-point",2,2,"one-point",1,"degenerate",,,,,2,1,1.2730185375943144,"SwitchDetected",1
123456,"TwoPole",111,51,3,0.6,1,"PairwiseSupport","one-point",1,1,"one-point",1,"degenerate",,,,,1,1,,"NoSwitchDetected",
123456,"TwoPole",112,51,3,0.6,1,"PairwiseSupport","two-point",2,2,"one-point",1,"degenerate",,,,,2,1,1.3219291661716357,"SwitchDetected",1
123456,"TwoPole",113,51,3,0.6,1,"PairwiseSupport","one-point",1,1,"one-point",1,"degenerate",,,,,1,1,,"NoSwitchDetected",
123456,"TwoPole",114,51,3,0.6,1,"PairwiseSupport","two-point",2,2,"one-point",1,"degenerate",,,,,2,1,1.152007267545848,"SwitchDetected",1
123456,"TwoPole",115,51,3,0.6,1,"PairwiseSupport","two-point",2,2,"one-point",1,"degenerate",,,,,2,1,1.3536409773826539,"SwitchDetected",1
123456,"TwoPole",116,51,3,0.6,1,"PairwiseSupport","two-point",2,2,"one-point",1,"degenerate",,,,,2,1,1.6322740753950427,"SwitchDetected",1
123456,"TwoPole",117,51,3,0.6,1,"PairwiseSupport","two-point",2,2,"one-point",1,"degenerate",,,,,2,1,1.8365134267862055,"SwitchDetected",1
123456,"TwoPole",118,51,3,0.6,1,"PairwiseSupport","one-point",1,1,"one-point",1,"degenerate",,,,,1,1,,"NoSwitchDetected",
123456,"TwoPole",119,51,3,0.6,1,"PairwiseSupport","one-point",1,1,"one-point",1,"degenerate",,,,,1,1,,"NoSwitchDetected",
123456,"TwoPole",120,51,3,0.6,1,"PairwiseSupport","one-point",1,1,"one-point",1,"degenerate",,,,,1,1,,"NoSwitchDetected",
123456,"TwoPole",121,51,3,0.6,1,"PairwiseSupport","one-point",1,1,"one-point",1,"degenerate",,,,,1,1,,"NoSwitchDetected",
123456,"TwoPole",122,51,3,0.6,1,"PairwiseSupport","two-point",2,2,"one-point",1,"degenerate",,,,,2,1,2.643857799049702,"SwitchDetected",1
123456,"TwoPole",123,51,3,0.6,1,"PairwiseSupport","two-point",2,2,"one-point",1,"degenerate",,,,,2,1,1.5849633566706869,"SwitchDetected",1
123456,"TwoPole",124,51,3,0.6,1,"PairwiseSupport","two-point",2,2,"one-point",1,"degenerate",,,,,1,3,2.9069308406306753,"SwitchDetected",3
123456,"TwoPole",125,51,3,0.6,1,"PairwiseSupport","two-point",2,2,"one-point",1,"degenerate",,,,,2,1,1.3219291661716357,"SwitchDetected",1
123456,"TwoPole",126,51,3,0.6,1,"PairwiseSupport","two-point",2,2,"two-point",2,"degenerate",,,,,1,1,,"NoSwitchDetected",
123456,"TwoPole",127,51,3,0.6,1,"PairwiseSupport","two-point",2,2,"two-point",2,"degenerate",,,,,1,1,,"NoSwitchDetected",
123456,"TwoPole",128,51,3,0.6,1,"PairwiseSupport","two-point",2,2,"one-point",1,"degenerate",,,,,2,1,2.432978561084149,"SwitchDetected",1
123456,"TwoPole",129,51,3,0.6,1,"PairwiseSupport","two-point",2,2,"one-point",1,"degenerate",,,,,1,3,3.700445503464086,"SwitchDetected",3
123456,"TwoPole",130,51,3,0.6,1,"PairwiseSupport","one-point",1,1,"one-point",1,"degenerate",,,,,1,1,,"NoSwitchDetected",
123456,"TwoPole",131,51,3,0.6,1,"PairwiseSupport","two-point",2,2,"one-point",1,"degenerate",,,,,2,1,1.106916522353934,"SwitchDetected",1
123456,"TwoPole",132,51,3,0.6,1,"PairwiseSupport","two-point",2,2,"two-point",2,"degenerate",,,,,1,1,,"NoSwitchDetected",
123456,"TwoPole",133,51,3,0.6,1,"PairwiseSupport","two-point",2,2,"two-point",2,"degenerate",,,,,1,1,,"NoSwitchDetected",
123456,"TwoPole",134,51,3,0.6,1,"PairwiseSupport","two-point",2,2,"two-point",2,"degenerate",,,,,1,1,,"NoSwitchDetected",
123456,"TwoPole",135,51,3,0.6,1,"PairwiseSupport","two-point",2,2,"two-point",2,"degenerate",,,,,1,1,,"NoSwitchDetected",
123456,"TwoPole",136,51,3,0.6,1,"PairwiseSupport","two-point",2,2,"one-point",1,"degenerate",,,,,2,1,1.1255333041828635,"SwitchDetected",1
123456,"TwoPole",137,51,3,0.6,1,"PairwiseSupport","two-point",2,2,"one-point",1,"degenerate",,,,,2,1,1.1375103838437979,"SwitchDetected",1
123456,"TwoPole",138,51,3,0.6,1,"PairwiseSupport","one-point",1,1,"one-point",1,"degenerate",,,,,1,1,,"NoSwitchDetected",
123456,"TwoPole",139,51,3,0.6,1,"PairwiseSupport","two-point",2,2,"one-point",1,"degenerate",,,,,1,3,2.9069308406306753,"SwitchDetected",3
123456,"TwoPole",140,51,3,0.6,1,"PairwiseSupport","one-point",1,1,"one-point",1,"degenerate",,,,,1,1,,"NoSwitchDetected",
123456,"TwoPole",141,51,3,0.6,1,"PairwiseSupport","one-point",1,1,"one-point",1,"degenerate",,,,,1,1,,"NoSwitchDetected",
123456,"TwoPole",142,51,3,0.6,1,"PairwiseSupport","two-point",2,2,"two-point",2,"degenerate",,,,,1,1,,"NoSwitchDetected",
123456,"TwoPole",143,51,3,0.6,1,"PairwiseSupport","two-point",2,2,"two-point",2,"degenerate",,,,,1,1,,"NoSwitchDetected",
123456,"TwoPole",144,51,3,0.6,1,"PairwiseSupport","one-point",1,1,"one-point",1,"degenerate",,,,,1,1,,"NoSwitchDetected",
123456,"TwoPole",145,51,3,0.6,1,"PairwiseSupport","one-point",1,1,"one-point",1,"degenerate",,,,,1,1,,"NoSwitchDetected",
123456,"TwoPole",146,51,3,0.6,1,"PairwiseSupport","one-point",1,1,"one-point",1,"degenerate",,,,,1,1,,"NoSwitchDetected",
123456,"TwoPole",147,51,3,0.6,1,"PairwiseSupport","two-point",2,2,"one-point",1,"degenerate",,,,,2,1,1.5849633566706869,"SwitchDetected",1
123456,"TwoPole",148,51,3,0.6,1,"PairwiseSupport","one-point",1,1,"one-point",1,"degenerate",,,,,1,1,,"NoSwitchDetected",
123456,"TwoPole",149,51,3,0.6,1,"PairwiseSupport","one-point",1,1,"one-point",1,"degenerate",,,,,1,1,,"NoSwitchDetected",
123456,"TwoPole",150,51,3,0.6,1,"PairwiseSupport","one-point",1,1,"one-point",1,"degenerate",,,,,1,1,,"NoSwitchDetected",
123456,"TwoPole",151,51,3,0.6,1,"PairwiseSupport","two-point",2,2,"two-point",2,"degenerate",,,,,1,1,,"NoSwitchDetected",
123456,"TwoPole",152,51,3,0.6,1,"PairwiseSupport","two-point",2,2,"two-point",2,"degenerate",,,,,1,1,,"NoSwitchDetected",
123456,"TwoPole",153,51,3,0.6,1,"PairwiseSupport","one-point",1,1,"one-point",1,"degenerate",,,,,1,1,,"NoSwitchDetected",
123456,"TwoPole",154,51,3,0.6,1,"PairwiseSupport","one-point",1,1,"one-point",1,"degenerate",,,,,1,1,,"NoSwitchDetected",
123456,"TwoPole",155,51,3,0.6,1,"PairwiseSupport","two-point",2,2,"two-point",2,"degenerate",,,,,1,1,,"NoSwitchDetected",
123456,"TwoPole",156,51,3,0.6,1,"PairwiseSupport","two-point",2,2,"one-point",1,"degenerate",,,,,2,1,1.485432062947722,"SwitchDetected",1
123456,"TwoPole",157,51,3,0.6,1,"PairwiseSupport","one-point",1,1,"one-point",1,"degenerate",,,,,1,1,,"NoSwitchDetected",
123456,"TwoPole",158,51,3,0.6,1,"PairwiseSupport","multi-point",3,3,"one-point",1,"degenerate",,,,,2,3,4.000021972776951,"SwitchDetected",3
123456,"TwoPole",159,51,3,0.6,1,"PairwiseSupport","one-point",1,1,"one-point",1,"degenerate",,,,,1,1,,"NoSwitchDetected",
123456,"TwoPole",160,51,3,0.6,1,"PairwiseSupport","one-point",1,1,"one-point",1,"degenerate",,,,,1,1,,"NoSwitchDetected",
123456,"TwoPole",161,51,3,0.6,1,"PairwiseSupport","one-point",1,1,"one-point",1,"degenerate",,,,,1,1,,"NoSwitchDetected",
123456,"TwoPole",162,51,3,0.6,1,"PairwiseSupport","two-point",2,2,"one-point",1,"degenerate",,,,,2,1,1.485432062947722,"SwitchDetected",1
123456,"TwoPole",163,51,3,0.6,1,"PairwiseSupport","multi-point",3,3,"two-point",2,"calibrated",2.9246100519930676,0.0335833437540862,3,3,,,,"",
123456,"TwoPole",164,51,3,0.6,1,"PairwiseSupport","one-point",1,1,"one-point",1,"degenerate",,,,,1,1,,"NoSwitchDetected",
123456,"TwoPole",165,51,3,0.6,1,"PairwiseSupport","two-point",2,2,"one-point",1,"degenerate",,,,,2,1,1.087468032727584,"SwitchDetected",1
123456,"TwoPole",166,51,3,0.6,1,"PairwiseSupport","two-point",2,2,"one-point",1,"degenerate",,,,,2,1,2.00001159674693,"SwitchDetected",1
123456,"TwoPole",167,51,3,0.6,1,"PairwiseSupport","one-point",1,1,"one-point",1,"degenerate",,,,,1,1,,"NoSwitchDetected",
123456,"TwoPole",168,51,3,0.6,1,"PairwiseSupport","one-point",1,1,"one-point",1,"degenerate",,,,,1,1,,"NoSwitchDetected",
123456,"TwoPole",169,51,3,0.6,1,"PairwiseSupport","two-point",2,2,"two-point",2,"degenerate",,,,,1,1,,"NoSwitchDetected",
123456,"TwoPole",170,51,3,0.6,1,"PairwiseSupport","one-point",1,1,"one-point",1,"degenerate",,,,,1,1,,"NoSwitchDetected",
123456,"TwoPole",171,51,3,0.6,1,"PairwiseSupport","one-point",1,1,"one-point",1,"degenerate",,,,,1,1,,"NoSwitchDetected",
123456,"TwoPole",172,51,3,0.6,1,"PairwiseSupport","one-point",1,1,"one-point",1,"degenerate",,,,,1,1,,"NoSwitchDetected",
123456,"TwoPole",173,51,3,0.6,1,"PairwiseSupport","two-point",2,2,"one-point",1,"degenerate",,,,,1,3,2.5025087711527214,"SwitchDetected",3
123456,"TwoPole",174,51,3,0.6,1,"PairwiseSupport","two-point",2,2,"one-point",1,"degenerate",,,,,1,3,2.070413520366417,"SwitchDetected",3
123456,"TwoPole",175,51,3,0.6,1,"PairwiseSupport","one-point",1,1,"one-point",1,"degenerate",,,,,1,1,,"NoSwitchDetected",
123456,"TwoPole",176,51,3,0.6,1,"PairwiseSupport","two-point",2,2,"one-point",1,"degenerate",,,,,2,1,1.1154841682301817,"SwitchDetected",1
123456,"TwoPole",177,51,3,0.6,1,"PairwiseSupport","one-point",1,1,"one-point",1,"degenerate",,,,,1,1,,"NoSwitchDetected",
123456,"TwoPole",178,51,3,0.6,1,"PairwiseSupport","two-point",2,2,"two-point",2,"degenerate",,,,,1,1,,"NoSwitchDetected",
123456,"TwoPole",179,51,3,0.6,1,"PairwiseSupport","two-point",2,2,"one-point",1,"degenerate",,,,,2,1,2.4594359689508223,"SwitchDetected",1
123456,"TwoPole",180,51,3,0.6,1,"PairwiseSupport","one-point",1,1,"one-point",1,"degenerate",,,,,1,1,,"NoSwitchDetected",
123456,"TwoPole",181,51,3,0.6,1,"PairwiseSupport","one-point",1,1,"one-point",1,"degenerate",,,,,1,1,,"NoSwitchDetected",
123456,"TwoPole",182,51,3,0.6,1,"PairwiseSupport","two-point",2,2,"one-point",1,"degenerate",,,,,2,1,1.5849633566706869,"SwitchDetected",1
123456,"TwoPole",183,51,3,0.6,1,"PairwiseSupport","one-point",1,1,"one-point",1,"degenerate",,,,,1,1,,"NoSwitchDetected",
123456,"TwoPole",184,51,3,0.6,1,"PairwiseSupport","two-point",2,2,"two-point",2,"degenerate",,,,,1,1,,"NoSwitchDetected",
123456,"TwoPole",185,51,3,0.6,1,"PairwiseSupport","two-point",2,2,"one-point",1,"degenerate",,,,,2,1,1.2730185375943144,"SwitchDetected",1
123456,"TwoPole",186,51,3,0.6,1,"PairwiseSupport","two-point",2,2,"one-point",1,"degenerate",,,,,2,1,1.2730185375943144,"SwitchDetected",1
123456,"TwoPole",187,51,3,0.6,1,"PairwiseSupport","two-point",2,2,"one-point",1,"degenerate",,,,,1,3,2.9069308406306753,"SwitchDetected",3
123456,"TwoPole",188,51,3,0.6,1,"PairwiseSupport","one-point",1,1,"one-point",1,"degenerate",,,,,1,1,,"NoSwitchDetected",
123456,"TwoPole",189,51,3,0.6,1,"PairwiseSupport","two-point",2,2,"two-point",2,"degenerate",,,,,1,1,,"NoSwitchDetected",
123456,"TwoPole",190,51,3,0.6,1,"PairwiseSupport","one-point",1,1,"one-point",1,"degenerate",,,,,1,1,,"NoSwitchDetected",
123456,"TwoPole",191,51,3,0.6,1,"PairwiseSupport","one-point",1,1,"one-point",1,"degenerate",,,,,1,1,,"NoSwitchDetected",
123456,"TwoPole",192,51,3,0.6,1,"PairwiseSupport","two-point",2,2,"one-point",1,"degenerate",,,,,2,1,1.2954630723048512,"SwitchDetected",1
123456,"TwoPole",193,51,3,0.6,1,"PairwiseSupport","one-point",1,1,"one-point",1,"degenerate",,,,,1,1,,"NoSwitchDetected",
123456,"TwoPole",194,51,3,0.6,1,"PairwiseSupport","one-point",1,1,"one-point",1,"degenerate",,,,,1,1,,"NoSwitchDetected",
123456,"TwoPole",195,51,3,0.6,1,"PairwiseSupport","one-point",1,1,"one-point",1,"degenerate",,,,,1,1,,"NoSwitchDetected",
123456,"TwoPole",196,51,3,0.6,1,"PairwiseSupport","two-point",2,2,"two-point",2,"degenerate",,,,,1,1,,"NoSwitchDetected",
123456,"TwoPole",197,51,3,0.6,1,"PairwiseSupport","two-point",2,2,"one-point",1,"degenerate",,,,,2,1,1.3536409773826539,"SwitchDetected",1
123456,"TwoPole",198,51,3,0.6,1,"PairwiseSupport","two-point",2,2,"two-point",2,"degenerate",,,,,1,1,,"NoSwitchDetected",
123456,"TwoPole",199,51,3,0.6,1,"PairwiseSupport","two-point",2,2,"one-point",1,"degenerate",,,,,2,1,1.0931131005775472,"SwitchDetected",1
123456,"TwoPole",200,51,3,0.6,1,"PairwiseSupport","multi-point",3,3,"one-point",1,"calibrated",2.9246100519930676,0.022770651389158403,3,3,,,,"",
123456,"TwoPole",1,51,3,0.6,2,"PairwiseSupport","two-point",2,2,"two-point",2,"degenerate",,,,,2,2,,"NoSwitchDetected",
123456,"TwoPole",2,51,3,0.6,2,"PairwiseSupport","multi-point",3,3,"two-point",2,"degenerate",,,,,1,2,1.7369833590336334,"SwitchDetected",2
123456,"TwoPole",3,51,3,0.6,2,"PairwiseSupport","one-point",1,1,"one-point",1,"degenerate",,,,,3,3,,"NoSwitchDetected",
123456,"TwoPole",4,51,3,0.6,2,"PairwiseSupport","one-point",1,1,"one-point",1,"degenerate",,,,,1,1,,"NoSwitchDetected",
123456,"TwoPole",5,51,3,0.6,2,"PairwiseSupport","two-point",2,2,"two-point",2,"degenerate",,,,,2,2,,"NoSwitchDetected",
123456,"TwoPole",6,51,3,0.6,2,"PairwiseSupport","one-point",1,1,"one-point",1,"degenerate",,,,,1,1,,"NoSwitchDetected",
123456,"TwoPole",7,51,3,0.6,2,"PairwiseSupport","two-point",2,2,"one-point",1,"degenerate",,,,,1,2,1.8744740769639563,"SwitchDetected",2
123456,"TwoPole",8,51,3,0.6,2,"PairwiseSupport","one-point",1,1,"one-point",1,"degenerate",,,,,1,2,1.4150462671072566,"SwitchDetected",2
123456,"TwoPole",9,51,3,0.6,2,"PairwiseSupport","one-point",1,1,"one-point",1,"degenerate",,,,,2,2,,"NoSwitchDetected",
123456,"TwoPole",10,51,3,0.6,2,"PairwiseSupport","one-point",1,1,"one-point",1,"degenerate",,,,,1,1,,"NoSwitchDetected",
123456,"TwoPole",11,51,3,0.6,2,"PairwiseSupport","two-point",2,2,"two-point",2,"degenerate",,,,,1,1,,"NoSwitchDetected",
123456,"TwoPole",12,51,3,0.6,2,"PairwiseSupport","one-point",1,1,"one-point",1,"degenerate",,,,,2,2,,"NoSwitchDetected",
123456,"TwoPole",13,51,3,0.6,2,"PairwiseSupport","two-point",2,2,"two-point",2,"degenerate",,,,,3,2,1.7369833590336334,"SwitchDetected",2
123456,"TwoPole",14,51,3,0.6,2,"PairwiseSupport","two-point",2,2,"two-point",2,"degenerate",,,,,2,2,,"NoSwitchDetected",
123456,"TwoPole",15,51,3,0.6,2,"PairwiseSupport","two-point",2,2,"one-point",1,"degenerate",,,,,1,2,1.938613720803654,"SwitchDetected",2
123456,"TwoPole",16,51,3,0.6,2,"PairwiseSupport","two-point",2,2,"two-point",2,"degenerate",,,,,1,1,,"NoSwitchDetected",
123456,"TwoPole",17,51,3,0.6,2,"PairwiseSupport","two-point",2,2,"two-point",2,"degenerate",,,,,1,1,,"NoSwitchDetected",
123456,"TwoPole",18,51,3,0.6,2,"PairwiseSupport","two-point",2,2,"two-point",2,"degenerate",,,,,3,3,,"NoSwitchDetected",
123456,"TwoPole",19,51,3,0.6,2,"PairwiseSupport","one-point",1,1,"one-point",1,"degenerate",,,,,3,3,,"NoSwitchDetected",
123456,"TwoPole",20,51,3,0.6,2,"PairwiseSupport","two-point",2,2,"two-point",2,"degenerate",,,,,1,1,,"NoSwitchDetected",
123456,"TwoPole",21,51,3,0.6,2,"PairwiseSupport","one-point",1,1,"one-point",1,"degenerate",,,,,1,1,,"NoSwitchDetected",
123456,"TwoPole",22,51,3,0.6,2,"PairwiseSupport","one-point",1,1,"one-point",1,"degenerate",,,,,2,2,,"NoSwitchDetected",
123456,"TwoPole",23,51,3,0.6,2,"PairwiseSupport","one-point",1,1,"one-point",1,"degenerate",,,,,3,3,,"NoSwitchDetected",
123456,"TwoPole",24,51,3,0.6,2,"PairwiseSupport","two-point",2,2,"one-point",1,"degenerate",,,,,1,2,3.3923677936254384,"SwitchDetected",2
123456,"TwoPole",25,51,3,0.6,2,"PairwiseSupport","two-point",2,2,"one-point",1,"degenerate",,,,,3,2,3.1699259467067815,"SwitchDetected",2
123456,"TwoPole",26,51,3,0.6,2,"PairwiseSupport","two-point",2,2,"one-point",1,"degenerate",,,,,1,2,2.9069308406306753,"SwitchDetected",2
123456,"TwoPole",27,51,3,0.6,2,"PairwiseSupport","one-point",1,1,"one-point",1,"degenerate",,,,,1,2,1.5849633566706869,"SwitchDetected",2
123456,"TwoPole",28,51,3,0.6,2,"PairwiseSupport","two-point",2,2,"two-point",2,"degenerate",,,,,3,3,,"NoSwitchDetected",
123456,"TwoPole",29,51,3,0.6,2,"PairwiseSupport","one-point",1,1,"one-point",1,"degenerate",,,,,2,2,,"NoSwitchDetected",
123456,"TwoPole",30,51,3,0.6,2,"PairwiseSupport","one-point",1,1,"one-point",1,"degenerate",,,,,1,2,1.7004410155630727,"SwitchDetected",2
123456,"TwoPole",31,51,3,0.6,2,"PairwiseSupport","one-point",1,1,"one-point",1,"degenerate",,,,,2,2,,"NoSwitchDetected",
123456,"TwoPole",32,51,3,0.6,2,"PairwiseSupport","one-point",1,1,"one-point",1,"degenerate",,,,,2,2,,"NoSwitchDetected",
123456,"TwoPole",33,51,3,0.6,2,"PairwiseSupport","one-point",1,1,"one-point",1,"degenerate",,,,,2,2,,"NoSwitchDetected",
123456,"TwoPole",34,51,3,0.6,2,"PairwiseSupport","one-point",1,1,"one-point",1,"degenerate",,,,,2,2,,"NoSwitchDetected",
123456,"TwoPole",35,51,3,0.6,2,"PairwiseSupport","two-point",2,2,"one-point",1,"degenerate",,,,,1,2,1.169933063033857,"SwitchDetected",2
123456,"TwoPole",36,51,3,0.6,2,"PairwiseSupport","one-point",1,1,"one-point",1,"degenerate",,,,,2,2,,"NoSwitchDetected",
123456,"TwoPole",37,51,3,0.6,2,"PairwiseSupport","two-point",2,2,"two-point",2,"degenerate",,,,,2,2,,"NoSwitchDetected",
123456,"TwoPole",38,51,3,0.6,2,"PairwiseSupport","one-point",1,1,"one-point",1,"degenerate",,,,,1,1,,"NoSwitchDetected",
123456,"TwoPole",39,51,3,0.6,2,"PairwiseSupport","one-point",1,1,"one-point",1,"degenerate",,,,,1,1,,"NoSwitchDetected",
123456,"TwoPole",40,51,3,0.6,2,"PairwiseSupport","one-point",1,1,"one-point",1,"degenerate",,,,,2,2,,"NoSwitchDetected",
123456,"TwoPole",41,51,3,0.6,2,"PairwiseSupport","two-point",2,2,"one-point",1,"degenerate",,,,,1,2,1.7004410155630727,"SwitchDetected",2
123456,"TwoPole",42,51,3,0.6,2,"PairwiseSupport","two-point",2,2,"one-point",1,"degenerate",,,,,1,2,1.2224008081692845,"SwitchDetected",2
123456,"TwoPole",43,51,3,0.6,2,"PairwiseSupport","one-point",1,1,"one-point",1,"degenerate",,,,,3,2,1.1375103838437979,"SwitchDetected",2
123456,"TwoPole",44,51,3,0.6,2,"PairwiseSupport","one-point",1,1,"one-point",1,"degenerate",,,,,3,2,1.169933063033857,"SwitchDetected",2
123456,"TwoPole",45,51,3,0.6,2,"PairwiseSupport","two-point",2,2,"one-point",1,"degenerate",,,,,1,2,4.000021972776951,"SwitchDetected",2
123456,"TwoPole",46,51,3,0.6,2,"PairwiseSupport","multi-point",3,3,"two-point",2,"calibrated",4.04191616766467,0.003074158341225291,3,2,,,,"",
123456,"TwoPole",47,51,3,0.6,2,"PairwiseSupport","one-point",1,1,"one-point",1,"degenerate",,,,,1,1,,"NoSwitchDetected",
123456,"TwoPole",48,51,3,0.6,2,"PairwiseSupport","two-point",2,2,"one-point",1,"degenerate",,,,,1,2,1.4405818248322313,"SwitchDetected",2
123456,"TwoPole",49,51,3,0.6,2,"PairwiseSupport","one-point",1,1,"one-point",1,"degenerate",,,,,3,3,,"NoSwitchDetected",
123456,"TwoPole",50,51,3,0.6,2,"PairwiseSupport","one-point",1,1,"one-point",1,"degenerate",,,,,2,2,,"NoSwitchDetected",
123456,"TwoPole",51,51,3,0.6,2,"PairwiseSupport","one-point",1,1,"one-point",1,"degenerate",,,,,2,2,,"NoSwitchDetected",
123456,"TwoPole",52,51,3,0.6,2,"PairwiseSupport","two-point",2,2,"one-point",1,"degenerate",,,,,3,2,1.6629653237626216,"SwitchDetected",2
123456,"TwoPole",53,51,3,0.6,2,"PairwiseSupport","one-point",1,1,"one-point",1,"degenerate",,,,,3,3,,"NoSwitchDetected",
123456,"TwoPole",54,51,3,0.6,2,"PairwiseSupport","one-point",1,1,"one-point",1,"degenerate",,,,,2,2,,"NoSwitchDetected",
123456,"TwoPole",55,51,3,0.6,2,"PairwiseSupport","two-point",2,2,"one-point",1,"degenerate",,,,,1,2,3.700445503464086,"SwitchDetected",2
123456,"TwoPole",56,51,3,0.6,2,"PairwiseSupport","two-point",2,2,"two-point",2,"degenerate",,,,,2,2,,"NoSwitchDetected",
123456,"TwoPole",57,51,3,0.6,2,"PairwiseSupport","two-point",2,2,"one-point",1,"degenerate",,,,,1,2,1.3219291661716357,"SwitchDetected",2
123456,"TwoPole",58,51,3,0.6,2,"PairwiseSupport","two-point",2,2,"one-point",1,"degenerate",,,,,1,2,2.169950542371748,"SwitchDetected",2
123456,"TwoPole",59,51,3,0.6,2,"PairwiseSupport","two-point",2,2,"two-point",2,"degenerate",,,,,2,2,,"NoSwitchDetected",
123456,"TwoPole",60,51,3,0.6,2,"PairwiseSupport","multi-point",3,3,"one-point",1,"calibrated",3.3308660251665434,0.001190940584616107,3,2,,,,"",
123456,"TwoPole",61,51,3,0.6,2,"PairwiseSupport","two-point",2,2,"one-point",1,"degenerate",,,,,1,2,1.1375103838437979,"SwitchDetected",2
123456,"TwoPole",62,51,3,0.6,2,"PairwiseSupport","two-point",2,2,"one-point",1,"degenerate",,,,,1,2,2.8073734677162334,"SwitchDetected",2
123456,"TwoPole",63,51,3,0.6,2,"PairwiseSupport","one-point",1,1,"one-point",1,"degenerate",,,,,1,2,1.152007267545848,"SwitchDetected",2
123456,"TwoPole",64,51,3,0.6,2,"PairwiseSupport","one-point",1,1,"one-point",1,"degenerate",,,,,3,3,,"NoSwitchDetected",
123456,"TwoPole",65,51,3,0.6,2,"PairwiseSupport","one-point",1,1,"one-point",1,"degenerate",,,,,2,2,,"NoSwitchDetected",
123456,"TwoPole",66,51,3,0.6,2,"PairwiseSupport","one-point",1,1,"one-point",1,"degenerate",,,,,2,2,,"NoSwitchDetected",
123456,"TwoPole",67,51,3,0.6,2,"PairwiseSupport","one-point",1,1,"one-point",1,"degenerate",,,,,1,1,,"NoSwitchDetected",
123456,"TwoPole",68,51,3,0.6,2,"PairwiseSupport","two-point",2,2,"one-point",1,"degenerate",,,,,1,2,2.9069308406306753,"SwitchDetected",2
123456,"TwoPole",69,51,3,0.6,2,"PairwiseSupport","two-point",2,2,"one-point",1,"degenerate",,,,,1,2,2.584967147535138,"SwitchDetected",2
123456,"TwoPole",70,51,3,0.6,2,"PairwiseSupport","one-point",1,1,"one-point",1,"degenerate",,,,,1,1,,"NoSwitchDetected",
123456,"TwoPole",71,51,3,0.6,2,"PairwiseSupport","one-point",1,1,"one-point",1,"degenerate",,,,,2,2,,"NoSwitchDetected",
123456,"TwoPole",72,51,3,0.6,2,"PairwiseSupport","one-point",1,1,"one-point",1,"degenerate",,,,,1,1,,"NoSwitchDetected",
123456,"TwoPole",73,51,3,0.6,2,"PairwiseSupport","two-point",2,2,"one-point",1,"degenerate",,,,,1,2,1.2224008081692845,"SwitchDetected",2
123456,"TwoPole",74,51,3,0.6,2,"PairwiseSupport","one-point",1,1,"one-point",1,"degenerate",,,,,2,2,,"NoSwitchDetected",
123456,"TwoPole",75,51,3,0.6,2,"PairwiseSupport","one-point",1,1,"one-point",1,"degenerate",,,,,3,2,1.169933063033857,"SwitchDetected",2
123456,"TwoPole",76,51,3,0.6,2,"PairwiseSupport","one-point",1,1,"one-point",1,"degenerate",,,,,2,2,,"NoSwitchDetected",
123456,"TwoPole",77,51,3,0.6,2,"PairwiseSupport","two-point",2,2,"one-point",1,"degenerate",,,,,1,2,1.2224008081692845,"SwitchDetected",2
123456,"TwoPole",78,51,3,0.6,2,"PairwiseSupport","two-point",2,2,"one-point",1,"degenerate",,,,,1,2,3.3923677936254384,"SwitchDetected",2
123456,"TwoPole",79,51,3,0.6,2,"PairwiseSupport","one-point",1,1,"one-point",1,"degenerate",,,,,1,1,,"NoSwitchDetected",
123456,"TwoPole",80,51,3,0.6,2,"PairwiseSupport","two-point",2,2,"one-point",1,"degenerate",,,,,1,2,2.247949486994438,"SwitchDetected",2
123456,"TwoPole",81,51,3,0.6,2,"PairwiseSupport","multi-point",3,3,"one-point",1,"degenerate",,,,,3,2,1.6629653237626216,"SwitchDetected",2
123456,"TwoPole",82,51,3,0.6,2,"PairwiseSupport","one-point",1,1,"one-point",1,"degenerate",,,,,1,2,2.584967147535138,"SwitchDetected",2
123456,"TwoPole",83,51,3,0.6,2,"PairwiseSupport","one-point",1,1,"one-point",1,"degenerate",,,,,1,1,,"NoSwitchDetected",
123456,"TwoPole",84,51,3,0.6,2,"PairwiseSupport","one-point",1,1,"one-point",1,"degenerate",,,,,1,1,,"NoSwitchDetected",
123456,"TwoPole",85,51,3,0.6,2,"PairwiseSupport","one-point",1,1,"one-point",1,"degenerate",,,,,1,1,,"NoSwitchDetected",
123456,"TwoPole",86,51,3,0.6,2,"PairwiseSupport","one-point",1,1,"one-point",1,"degenerate",,,,,1,1,,"NoSwitchDetected",
123456,"TwoPole",87,51,3,0.6,2,"PairwiseSupport","one-point",1,1,"one-point",1,"degenerate",,,,,1,1,,"NoSwitchDetected",
123456,"TwoPole",88,51,3,0.6,2,"PairwiseSupport","one-point",1,1,"one-point",1,"degenerate",,,,,1,1,,"NoSwitchDetected",
123456,"TwoPole",89,51,3,0.6,2,"PairwiseSupport","two-point",2,2,"two-point",2,"degenerate",,,,,3,2,1.169933063033857,"SwitchDetected",2
123456,"TwoPole",90,51,3,0.6,2,"PairwiseSupport","two-point",2,2,"two-point",2,"degenerate",,,,,1,1,,"NoSwitchDetected",
123456,"TwoPole",91,51,3,0.6,2,"PairwiseSupport","two-point",2,2,"two-point",2,"degenerate",,,,,3,2,1.1375103838437979,"SwitchDetected",2
123456,"TwoPole",92,51,3,0.6,2,"PairwiseSupport","two-point",2,2,"one-point",1,"degenerate",,,,,1,2,1.3219291661716357,"SwitchDetected",2
123456,"TwoPole",93,51,3,0.6,2,"PairwiseSupport","one-point",1,1,"one-point",1,"degenerate",,,,,2,2,,"NoSwitchDetected",
123456,"TwoPole",94,51,3,0.6,2,"PairwiseSupport","one-point",1,1,"one-point",1,"degenerate",,,,,1,2,1.3219291661716357,"SwitchDetected",2
123456,"TwoPole",95,51,3,0.6,2,"PairwiseSupport","two-point",2,2,"two-point",2,"degenerate",,,,,2,2,,"NoSwitchDetected",
123456,"TwoPole",96,51,3,0.6,2,"PairwiseSupport","one-point",1,1,"one-point",1,"degenerate",,,,,2,2,,"NoSwitchDetected",
123456,"TwoPole",97,51,3,0.6,2,"PairwiseSupport","two-point",2,2,"two-point",2,"degenerate",,,,,2,2,,"NoSwitchDetected",
123456,"TwoPole",98,51,3,0.6,2,"PairwiseSupport","one-point",1,1,"one-point",1,"degenerate",,,,,2,2,,"NoSwitchDetected",
123456,"TwoPole",99,51,3,0.6,2,"PairwiseSupport","one-point",1,1,"one-point",1,"degenerate",,,,,2,2,,"NoSwitchDetected",
123456,"TwoPole",100,51,3,0.6,2,"PairwiseSupport","one-point",1,1,"one-point",1,"degenerate",,,,,2,2,,"NoSwitchDetected",
123456,"TwoPole",101,51,3,0.6,2,"PairwiseSupport","one-point",1,1,"one-point",1,"degenerate",,,,,2,2,,"NoSwitchDetected",
123456,"TwoPole",102,51,3,0.6,2,"PairwiseSupport","two-point",2,2,"one-point",1,"degenerate",,,,,1,2,2.169950542371748,"SwitchDetected",2
123456,"TwoPole",103,51,3,0.6,2,"PairwiseSupport","one-point",1,1,"one-point",1,"degenerate",,,,,2,2,,"NoSwitchDetected",
123456,"TwoPole",104,51,3,0.6,2,"PairwiseSupport","two-point",2,2,"two-point",2,"degenerate",,,,,2,2,,"NoSwitchDetected",
123456,"TwoPole",105,51,3,0.6,2,"PairwiseSupport","two-point",2,2,"two-point",2,"degenerate",,,,,3,2,2.584967147535138,"SwitchDetected",2
123456,"TwoPole",106,51,3,0.6,2,"PairwiseSupport","one-point",1,1,"one-point",1,"degenerate",,,,,2,2,,"NoSwitchDetected",
123456,"TwoPole",107,51,3,0.6,2,"PairwiseSupport","one-point",1,1,"one-point",1,"degenerate",,,,,1,2,1.152007267545848,"SwitchDetected",2
123456,"TwoPole",108,51,3,0.6,2,"PairwiseSupport","one-point",1,1,"one-point",1,"degenerate",,,,,2,2,,"NoSwitchDetected",
123456,"TwoPole",109,51,3,0.6,2,"PairwiseSupport","one-point",1,1,"one-point",1,"degenerate",,,,,2,2,,"NoSwitchDetected",
123456,"TwoPole",110,51,3,0.6,2,"PairwiseSupport","one-point",1,1,"one-point",1,"degenerate",,,,,1,1,,"NoSwitchDetected",
123456,"TwoPole",111,51,3,0.6,2,"PairwiseSupport","two-point",2,2,"two-point",2,"degenerate",,,,,3,2,2.00001159674693,"SwitchDetected",2
123456,"TwoPole",112,51,3,0.6,2,"PairwiseSupport","one-point",1,1,"one-point",1,"degenerate",,,,,3,3,,"NoSwitchDetected",
123456,"TwoPole",113,51,3,0.6,2,"PairwiseSupport","two-point",2,2,"one-point",1,"degenerate",,,,,1,2,2.7370016851504215,"SwitchDetected",2
123456,"TwoPole",114,51,3,0.6,2,"PairwiseSupport","one-point",1,1,"one-point",1,"degenerate",,,,,2,2,,"NoSwitchDetected",
123456,"TwoPole",115,51,3,0.6,2,"PairwiseSupport","two-point",2,2,"one-point",1,"degenerate",,,,,1,2,1.1926513343805916,"SwitchDetected",2
123456,"TwoPole",116,51,3,0.6,2,"PairwiseSupport","two-point",2,2,"two-point",2,"degenerate",,,,,1,1,,"NoSwitchDetected",
123456,"TwoPole",117,51,3,0.6,2,"PairwiseSupport","two-point",2,2,"one-point",1,"degenerate",,,,,1,2,3.1699259467067815,"SwitchDetected",2
123456,"TwoPole",118,51,3,0.6,2,"PairwiseSupport","one-point",1,1,"one-point",1,"degenerate",,,,,1,2,1.1926513343805916,"SwitchDetected",2
123456,"TwoPole",119,51,3,0.6,2,"PairwiseSupport","one-point",1,1,"one-point",1,"degenerate",,,,,1,1,,"NoSwitchDetected",
123456,"TwoPole",120,51,3,0.6,2,"PairwiseSupport","one-point",1,1,"one-point",1,"degenerate",,,,,3,3,,"NoSwitchDetected",
123456,"TwoPole",121,51,3,0.6,2,"PairwiseSupport","two-point",2,2,"two-point",2,"degenerate",,,,,2,2,,"NoSwitchDetected",
123456,"TwoPole",122,51,3,0.6,2,"PairwiseSupport","one-point",1,1,"one-point",1,"degenerate",,,,,2,2,,"NoSwitchDetected",
123456,"TwoPole",123,51,3,0.6,2,"PairwiseSupport","two-point",2,2,"one-point",1,"degenerate",,,,,1,2,1.7369833590336334,"SwitchDetected",2
123456,"TwoPole",124,51,3,0.6,2,"PairwiseSupport","one-point",1,1,"one-point",1,"degenerate",,,,,2,2,,"NoSwitchDetected",
123456,"TwoPole",125,51,3,0.6,2,"PairwiseSupport","two-point",2,2,"one-point",1,"degenerate",,,,,1,2,3.3219519711924486,"SwitchDetected",2
123456,"TwoPole",126,51,3,0.6,2,"PairwiseSupport","one-point",1,1,"one-point",1,"degenerate",,,,,1,1,,"NoSwitchDetected",
123456,"TwoPole",127,51,3,0.6,2,"PairwiseSupport","one-point",1,1,"one-point",1,"degenerate",,,,,2,2,,"NoSwitchDetected",
123456,"TwoPole",128,51,3,0.6,2,"PairwiseSupport","two-point",2,2,"one-point",1,"degenerate",,,,,1,2,2.8073734677162334,"SwitchDetected",2
123456,"TwoPole",129,51,3,0.6,2,"PairwiseSupport","one-point",1,1,"one-point",1,"degenerate",,,,,1,1,,"NoSwitchDetected",
123456,"TwoPole",130,51,3,0.6,2,"PairwiseSupport","one-point",1,1,"one-point",1,"degenerate",,,,,2,2,,"NoSwitchDetected",
123456,"TwoPole",131,51,3,0.6,2,"PairwiseSupport","one-point",1,1,"one-point",1,"degenerate",,,,,2,2,,"NoSwitchDetected",
123456,"TwoPole",132,51,3,0.6,2,"PairwiseSupport","two-point",2,2,"two-point",2,"degenerate",,,,,1,1,,"NoSwitchDetected",
123456,"TwoPole",133,51,3,0.6,2,"PairwiseSupport","two-point",2,2,"one-point",1,"degenerate",,,,,3,2,1.5849633566706869,"SwitchDetected",2
123456,"TwoPole",134,51,3,0.6,2,"PairwiseSupport","two-point",2,2,"two-point",2,"degenerate",,,,,2,2,,"NoSwitchDetected",
123456,"TwoPole",135,51,3,0.6,2,"PairwiseSupport","two-point",2,2,"two-point",2,"degenerate",,,,,2,2,,"NoSwitchDetected",
123456,"TwoPole",136,51,3,0.6,2,"PairwiseSupport","one-point",1,1,"one-point",1,"degenerate",,,,,1,1,,"NoSwitchDetected",
123456,"TwoPole",137,51,3,0.6,2,"PairwiseSupport","two-point",2,2,"one-point",1,"degenerate",,,,,1,2,1.7004410155630727,"SwitchDetected",2
123456,"TwoPole",138,51,3,0.6,2,"PairwiseSupport","one-point",1,1,"one-point",1,"degenerate",,,,,3,2,1.7369833590336334,"SwitchDetected",2
123456,"TwoPole",139,51,3,0.6,2,"PairwiseSupport","two-point",2,2,"one-point",1,"degenerate",,,,,1,2,2.7370016851504215,"SwitchDetected",2
123456,"TwoPole",140,51,3,0.6,2,"PairwiseSupport","one-point",1,1,"one-point",1,"degenerate",,,,,2,2,,"NoSwitchDetected",
123456,"TwoPole",141,51,3,0.6,2,"PairwiseSupport","two-point",2,2,"one-point",1,"degenerate",,,,,3,2,1.6629653237626216,"SwitchDetected",2
123456,"TwoPole",142,51,3,0.6,2,"PairwiseSupport","two-point",2,2,"one-point",1,"degenerate",,,,,1,2,1.5849633566706869,"SwitchDetected",2
123456,"TwoPole",143,51,3,0.6,2,"PairwiseSupport","two-point",2,2,"one-point",1,"degenerate",,,,,1,2,2.070413520366417,"SwitchDetected",2
123456,"TwoPole",144,51,3,0.6,2,"PairwiseSupport","one-point",1,1,"one-point",1,"degenerate",,,,,2,2,,"NoSwitchDetected",
123456,"TwoPole",145,51,3,0.6,2,"PairwiseSupport","two-point",2,2,"one-point",1,"degenerate",,,,,1,2,3.3923677936254384,"SwitchDetected",2
123456,"TwoPole",146,51,3,0.6,2,"PairwiseSupport","one-point",1,1,"one-point",1,"degenerate",,,,,2,2,,"NoSwitchDetected",
123456,"TwoPole",147,51,3,0.6,2,"PairwiseSupport","one-point",1,1,"one-point",1,"degenerate",,,,,2,2,,"NoSwitchDetected",
123456,"TwoPole",148,51,3,0.6,2,"PairwiseSupport","one-point",1,1,"one-point",1,"degenerate",,,,,1,1,,"NoSwitchDetected",
123456,"TwoPole",149,51,3,0.6,2,"PairwiseSupport","one-point",1,1,"one-point",1,"degenerate",,,,,3,2,1.1154841682301817,"SwitchDetected",2
123456,"TwoPole",150,51,3,0.6,2,"PairwiseSupport","one-point",1,1,"one-point",1,"degenerate",,,,,3,2,2.00001159674693,"SwitchDetected",2
123456,"TwoPole",151,51,3,0.6,2,"PairwiseSupport","two-point",2,2,"one-point",1,"degenerate",,,,,1,2,2.247949486994438,"SwitchDetected",2
123456,"TwoPole",152,51,3,0.6,2,"PairwiseSupport","two-point",2,2,"one-point",1,"degenerate",,,,,1,2,2.2224113719531116,"SwitchDetected",2
123456,"TwoPole",153,51,3,0.6,2,"PairwiseSupport","two-point",2,2,"one-point",1,"degenerate",,,,,1,2,1.7369833590336334,"SwitchDetected",2
123456,"TwoPole",154,51,3,0.6,2,"PairwiseSupport","one-point",1,1,"one-point",1,"degenerate",,,,,1,2,1.7369833590336334,"SwitchDetected",2
123456,"TwoPole",155,51,3,0.6,2,"PairwiseSupport","one-point",1,1,"one-point",1,"degenerate",,,,,2,2,,"NoSwitchDetected",
123456,"TwoPole",156,51,3,0.6,2,"PairwiseSupport","one-point",1,1,"one-point",1,"degenerate",,,,,3,2,2.584967147535138,"SwitchDetected",2
123456,"TwoPole",157,51,3,0.6,2,"PairwiseSupport","two-point",2,2,"one-point",1,"degenerate",,,,,3,2,1.5235732367585293,"SwitchDetected",2
123456,"TwoPole",158,51,3,0.6,2,"PairwiseSupport","one-point",1,1,"one-point",1,"degenerate",,,,,3,2,1.0995360661117537,"SwitchDetected",2
123456,"TwoPole",159,51,3,0.6,2,"PairwiseSupport","one-point",1,1,"one-point",1,"degenerate",,,,,2,2,,"NoSwitchDetected",
123456,"TwoPole",160,51,3,0.6,2,"PairwiseSupport","one-point",1,1,"one-point",1,"degenerate",,,,,2,2,,"NoSwitchDetected",
123456,"TwoPole",161,51,3,0.6,2,"PairwiseSupport","one-point",1,1,"one-point",1,"degenerate",,,,,2,2,,"NoSwitchDetected",
123456,"TwoPole",162,51,3,0.6,2,"PairwiseSupport","one-point",1,1,"one-point",1,"degenerate",,,,,2,2,,"NoSwitchDetected",
123456,"TwoPole",163,51,3,0.6,2,"PairwiseSupport","two-point",2,2,"two-point",2,"degenerate",,,,,2,2,,"NoSwitchDetected",
123456,"TwoPole",164,51,3,0.6,2,"PairwiseSupport","one-point",1,1,"one-point",1,"degenerate",,,,,2,2,,"NoSwitchDetected",
123456,"TwoPole",165,51,3,0.6,2,"PairwiseSupport","two-point",2,2,"one-point",1,"degenerate",,,,,1,2,3.1699259467067815,"SwitchDetected",2
123456,"TwoPole",166,51,3,0.6,2,"PairwiseSupport","one-point",1,1,"one-point",1,"degenerate",,,,,2,2,,"NoSwitchDetected",
123456,"TwoPole",167,51,3,0.6,2,"PairwiseSupport","one-point",1,1,"one-point",1,"degenerate",,,,,2,2,,"NoSwitchDetected",
123456,"TwoPole",168,51,3,0.6,2,"PairwiseSupport","two-point",2,2,"one-point",1,"degenerate",,,,,1,2,1.5025124026740577,"SwitchDetected",2
123456,"TwoPole",169,51,3,0.6,2,"PairwiseSupport","one-point",1,1,"one-point",1,"degenerate",,,,,3,3,,"NoSwitchDetected",
123456,"TwoPole",170,51,3,0.6,2,"PairwiseSupport","two-point",2,2,"one-point",1,"degenerate",,,,,1,2,2.584967147535138,"SwitchDetected",2
123456,"TwoPole",171,51,3,0.6,2,"PairwiseSupport","one-point",1,1,"one-point",1,"degenerate",,,,,1,2,2.00001159674693,"SwitchDetected",2
123456,"TwoPole",172,51,3,0.6,2,"PairwiseSupport","one-point",1,1,"one-point",1,"degenerate",,,,,1,2,1.1926513343805916,"SwitchDetected",2
123456,"TwoPole",173,51,3,0.6,2,"PairwiseSupport","two-point",2,2,"two-point",2,"degenerate",,,,,2,2,,"NoSwitchDetected",
123456,"TwoPole",174,51,3,0.6,2,"PairwiseSupport","two-point",2,2,"one-point",1,"degenerate",,,,,3,2,2.169950542371748,"SwitchDetected",2
123456,"TwoPole",175,51,3,0.6,2,"PairwiseSupport","one-point",1,1,"one-point",1,"degenerate",,,,,2,2,,"NoSwitchDetected",
123456,"TwoPole",176,51,3,0.6,2,"PairwiseSupport","two-point",2,2,"one-point",1,"degenerate",,,,,1,2,1.2630387707573838,"SwitchDetected",2
123456,"TwoPole",177,51,3,0.6,2,"PairwiseSupport","two-point",2,2,"one-point",1,"degenerate",,,,,1,2,1.5025124026740577,"SwitchDetected",2
123456,"TwoPole",178,51,3,0.6,2,"PairwiseSupport","multi-point",3,3,"one-point",1,"degenerate",,,,,3,2,1.9068912400437852,"SwitchDetected",2
123456,"TwoPole",179,51,3,0.6,2,"PairwiseSupport","one-point",1,1,"one-point",1,"degenerate",,,,,2,2,,"NoSwitchDetected",
123456,"TwoPole",180,51,3,0.6,2,"PairwiseSupport","two-point",2,2,"one-point",1,"degenerate",,,,,1,2,2.584967147535138,"SwitchDetected",2
123456,"TwoPole",181,51,3,0.6,2,"PairwiseSupport","two-point",2,2,"one-point",1,"degenerate",,,,,1,2,1.5305255015964774,"SwitchDetected",2
123456,"TwoPole",182,51,3,0.6,2,"PairwiseSupport","one-point",1,1,"one-point",1,"degenerate",,,,,1,2,1.3219291661716357,"SwitchDetected",2
123456,"TwoPole",183,51,3,0.6,2,"PairwiseSupport","one-point",1,1,"one-point",1,"degenerate",,,,,1,1,,"NoSwitchDetected",
123456,"TwoPole",184,51,3,0.6,2,"PairwiseSupport","two-point",2,2,"one-point",1,"degenerate",,,,,1,2,1.7004410155630727,"SwitchDetected",2
123456,"TwoPole",185,51,3,0.6,2,"PairwiseSupport","one-point",1,1,"one-point",1,"degenerate",,,,,3,2,1.0780082113906728,"SwitchDetected",2
123456,"TwoPole",186,51,3,0.6,2,"PairwiseSupport","two-point",2,2,"one-point",1,"degenerate",,,,,1,2,1.3219291661716357,"SwitchDetected",2
123456,"TwoPole",187,51,3,0.6,2,"PairwiseSupport","two-point",2,2,"one-point",1,"degenerate",,,,,3,2,1.7776094873830577,"SwitchDetected",2
123456,"TwoPole",188,51,3,0.6,2,"PairwiseSupport","multi-point",3,3,"one-point",1,"degenerate",,,,,1,2,3.1699259467067815,"SwitchDetected",2
123456,"TwoPole",189,51,3,0.6,2,"PairwiseSupport","one-point",1,1,"one-point",1,"degenerate",,,,,2,2,,"NoSwitchDetected",
123456,"TwoPole",190,51,3,0.6,2,"PairwiseSupport","two-point",2,2,"two-point",2,"degenerate",,,,,3,2,1.1154841682301817,"SwitchDetected",2
123456,"TwoPole",191,51,3,0.6,2,"PairwiseSupport","two-point",2,2,"two-point",2,"degenerate",,,,,1,1,,"NoSwitchDetected",
123456,"TwoPole",192,51,3,0.6,2,"PairwiseSupport","two-point",2,2,"one-point",1,"degenerate",,,,,1,2,1.2224008081692845,"SwitchDetected",2
123456,"TwoPole",193,51,3,0.6,2,"PairwiseSupport","one-point",1,1,"one-point",1,"degenerate",,,,,3,2,1.1154841682301817,"SwitchDetected",2
123456,"TwoPole",194,51,3,0.6,2,"PairwiseSupport","one-point",1,1,"one-point",1,"degenerate",,,,,1,2,1.4150462671072566,"SwitchDetected",2
123456,"TwoPole",195,51,3,0.6,2,"PairwiseSupport","two-point",2,2,"two-point",2,"degenerate",,,,,2,2,,"NoSwitchDetected",
123456,"TwoPole",196,51,3,0.6,2,"PairwiseSupport","two-point",2,2,"one-point",1,"degenerate",,,,,3,2,3.906929052181016,"SwitchDetected",2
123456,"TwoPole",197,51,3,0.6,2,"PairwiseSupport","one-point",1,1,"one-point",1,"degenerate",,,,,2,2,,"NoSwitchDetected",
123456,"TwoPole",198,51,3,0.6,2,"PairwiseSupport","one-point",1,1,"one-point",1,"degenerate",,,,,2,2,,"NoSwitchDetected",
123456,"TwoPole",199,51,3,0.6,2,"PairwiseSupport","one-point",1,1,"one-point",1,"degenerate",,,,,3,3,,"NoSwitchDetected",
123456,"TwoPole",200,51,3,0.6,2,"PairwiseSupport","two-point",2,2,"one-point",1,"degenerate",,,,,3,2,1.5849633566706869,"SwitchDetected",2
123456,"TwoPole",1,51,3,0.6,3,"PairwiseSupport","one-point",1,1,"one-point",1,"degenerate",,,,,1,1,,"NoSwitchDetected",
123456,"TwoPole",2,51,3,0.6,3,"PairwiseSupport","one-point",1,1,"one-point",1,"degenerate",,,,,1,1,,"NoSwitchDetected",
123456,"TwoPole",3,51,3,0.6,3,"PairwiseSupport","two-point",2,2,"two-point",2,"degenerate",,,,,1,1,,"NoSwitchDetected",
123456,"TwoPole",4,51,3,0.6,3,"PairwiseSupport","one-point",1,1,"one-point",1,"degenerate",,,,,2,2,,"NoSwitchDetected",
123456,"TwoPole",5,51,3,0.6,3,"PairwiseSupport","one-point",1,1,"one-point",1,"degenerate",,,,,1,1,,"NoSwitchDetected",
123456,"TwoPole",6,51,3,0.6,3,"PairwiseSupport","one-point",1,1,"one-point",1,"degenerate",,,,,1,1,,"NoSwitchDetected",
123456,"TwoPole",7,51,3,0.6,3,"PairwiseSupport","two-point",2,2,"two-point",2,"degenerate",,,,,3,3,,"NoSwitchDetected",
123456,"TwoPole",8,51,3,0.6,3,"PairwiseSupport","two-point",2,2,"one-point",1,"degenerate",,,,,2,1,1.3219291661716357,"SwitchDetected",1
123456,"TwoPole",9,51,3,0.6,3,"PairwiseSupport","two-point",2,2,"one-point",1,"degenerate",,,,,2,3,2.4150409410169296,"SwitchDetected",3
123456,"TwoPole",10,51,3,0.6,3,"PairwiseSupport","one-point",1,1,"one-point",1,"degenerate",,,,,3,3,,"NoSwitchDetected",
123456,"TwoPole",11,51,3,0.6,3,"PairwiseSupport","two-point",2,2,"two-point",2,"degenerate",,,,,2,2,,"NoSwitchDetected",
123456,"TwoPole",12,51,3,0.6,3,"PairwiseSupport","two-point",2,2,"one-point",1,"degenerate",,,,,2,1,2.169950542371748,"SwitchDetected",1
123456,"TwoPole",13,51,3,0.6,3,"PairwiseSupport","two-point",2,2,"two-point",2,"degenerate",,,,,1,1,,"NoSwitchDetected",
123456,"TwoPole",14,51,3,0.6,3,"PairwiseSupport","two-point",2,2,"one-point",1,"degenerate",,,,,2,1,1.6520767171025332,"SwitchDetected",1
123456,"TwoPole",15,51,3,0.6,3,"PairwiseSupport","one-point",1,1,"one-point",1,"degenerate",,,,,3,3,,"NoSwitchDetected",
123456,"TwoPole",16,51,3,0.6,3,"PairwiseSupport","two-point",2,2,"two-point",2,"degenerate",,,,,1,1,,"NoSwitchDetected",
123456,"TwoPole",17,51,3,0.6,3,"PairwiseSupport","two-point",2,2,"two-point",2,"degenerate",,,,,2,3,1.169933063033857,"SwitchDetected",3
123456,"TwoPole",18,51,3,0.6,3,"PairwiseSupport","one-point",1,1,"one-point",1,"degenerate",,,,,3,2,2.00001159674693,"SwitchDetected",2
123456,"TwoPole",19,51,3,0.6,3,"PairwiseSupport","one-point",1,1,"one-point",1,"degenerate",,,,,3,3,,"NoSwitchDetected",
123456,"TwoPole",20,51,3,0.6,3,"PairwiseSupport","two-point",2,2,"two-point",2,"degenerate",,,,,1,1,,"NoSwitchDetected",
123456,"TwoPole",21,51,3,0.6,3,"PairwiseSupport","one-point",1,1,"one-point",1,"degenerate",,,,,3,3,,"NoSwitchDetected",
123456,"TwoPole",22,51,3,0.6,3,"PairwiseSupport","one-point",1,1,"one-point",1,"degenerate",,,,,2,2,,"NoSwitchDetected",
123456,"TwoPole",23,51,3,0.6,3,"PairwiseSupport","two-point",2,2,"two-point",2,"degenerate",,,,,3,3,,"NoSwitchDetected",
123456,"TwoPole",24,51,3,0.6,3,"PairwiseSupport","one-point",1,1,"one-point",1,"degenerate",,,,,1,1,,"NoSwitchDetected",
123456,"TwoPole",25,51,3,0.6,3,"PairwiseSupport","two-point",2,2,"two-point",2,"degenerate",,,,,3,1,1.0780082113906728,"SwitchDetected",1
123456,"TwoPole",26,51,3,0.6,3,"PairwiseSupport","one-point",1,1,"one-point",1,"degenerate",,,,,3,3,,"NoSwitchDetected",
123456,"TwoPole",27,51,3,0.6,3,"PairwiseSupport","one-point",1,1,"one-point",1,"degenerate",,,,,1,1,,"NoSwitchDetected",
123456,"TwoPole",28,51,3,0.6,3,"PairwiseSupport","one-point",1,1,"one-point",1,"degenerate",,,,,2,2,,"NoSwitchDetected",
123456,"TwoPole",29,51,3,0.6,3,"PairwiseSupport","one-point",1,1,"one-point",1,"degenerate",,,,,1,1,,"NoSwitchDetected",
123456,"TwoPole",30,51,3,0.6,3,"PairwiseSupport","two-point",2,2,"one-point",1,"degenerate",,,,,2,1,1.5025124026740577,"SwitchDetected",1
123456,"TwoPole",31,51,3,0.6,3,"PairwiseSupport","two-point",2,2,"two-point",2,"degenerate",,,,,3,3,,"NoSwitchDetected",
123456,"TwoPole",32,51,3,0.6,3,"PairwiseSupport","two-point",2,2,"two-point",2,"degenerate",,,,,1,1,,"NoSwitchDetected",
123456,"TwoPole",33,51,3,0.6,3,"PairwiseSupport","one-point",1,1,"one-point",1,"degenerate",,,,,2,2,,"NoSwitchDetected",
123456,"TwoPole",34,51,3,0.6,3,"PairwiseSupport","one-point",1,1,"one-point",1,"degenerate",,,,,2,2,,"NoSwitchDetected",
123456,"TwoPole",35,51,3,0.6,3,"PairwiseSupport","one-point",1,1,"one-point",1,"degenerate",,,,,3,3,,"NoSwitchDetected",
123456,"TwoPole",36,51,3,0.6,3,"PairwiseSupport","one-point",1,1,"one-point",1,"degenerate",,,,,2,2,,"NoSwitchDetected",
123456,"TwoPole",37,51,3,0.6,3,"PairwiseSupport","one-point",1,1,"one-point",1,"degenerate",,,,,1,1,,"NoSwitchDetected",
123456,"TwoPole",38,51,3,0.6,3,"PairwiseSupport","two-point",2,2,"one-point",1,"degenerate",,,,,2,1,1.2630387707573838,"SwitchDetected",1
123456,"TwoPole",39,51,3,0.6,3,"PairwiseSupport","one-point",1,1,"one-point",1,"degenerate",,,,,1,1,,"NoSwitchDetected",
123456,"TwoPole",40,51,3,0.6,3,"PairwiseSupport","one-point",1,1,"one-point",1,"degenerate",,,,,3,3,,"NoSwitchDetected",
123456,"TwoPole",41,51,3,0.6,3,"PairwiseSupport","one-point",1,1,"one-point",1,"degenerate",,,,,2,2,,"NoSwitchDetected",
123456,"TwoPole",42,51,3,0.6,3,"PairwiseSupport","one-point",1,1,"one-point",1,"degenerate",,,,,2,2,,"NoSwitchDetected",
123456,"TwoPole",43,51,3,0.6,3,"PairwiseSupport","one-point",1,1,"one-point",1,"degenerate",,,,,2,2,,"NoSwitchDetected",
123456,"TwoPole",44,51,3,0.6,3,"PairwiseSupport","one-point",1,1,"one-point",1,"degenerate",,,,,1,1,,"NoSwitchDetected",
123456,"TwoPole",45,51,3,0.6,3,"PairwiseSupport","one-point",1,1,"one-point",1,"degenerate",,,,,3,3,,"NoSwitchDetected",
123456,"TwoPole",46,51,3,0.6,3,"PairwiseSupport","one-point",1,1,"one-point",1,"degenerate",,,,,2,2,,"NoSwitchDetected",
123456,"TwoPole",47,51,3,0.6,3,"PairwiseSupport","two-point",2,2,"one-point",1,"degenerate",,,,,2,1,2.00001159674693,"SwitchDetected",1
123456,"TwoPole",48,51,3,0.6,3,"PairwiseSupport","two-point",2,2,"two-point",2,"degenerate",,,,,3,3,,"NoSwitchDetected",
123456,"TwoPole",49,51,3,0.6,3,"PairwiseSupport","one-point",1,1,"one-point",1,"degenerate",,,,,2,2,,"NoSwitchDetected",
123456,"TwoPole",50,51,3,0.6,3,"PairwiseSupport","one-point",1,1,"one-point",1,"degenerate",,,,,1,2,1.5849633566706869,"SwitchDetected",2
123456,"TwoPole",51,51,3,0.6,3,"PairwiseSupport","one-point",1,1,"one-point",1,"degenerate",,,,,2,2,,"NoSwitchDetected",
123456,"TwoPole",52,51,3,0.6,3,"PairwiseSupport","two-point",2,2,"two-point",2,"degenerate",,,,,1,1,,"NoSwitchDetected",
123456,"TwoPole",53,51,3,0.6,3,"PairwiseSupport","one-point",1,1,"one-point",1,"degenerate",,,,,1,1,,"NoSwitchDetected",
123456,"TwoPole",54,51,3,0.6,3,"PairwiseSupport","one-point",1,1,"one-point",1,"degenerate",,,,,3,3,,"NoSwitchDetected",
123456,"TwoPole",55,51,3,0.6,3,"PairwiseSupport","two-point",2,2,"two-point",2,"degenerate",,,,,1,2,2.584967147535138,"SwitchDetected",2
123456,"TwoPole",56,51,3,0.6,3,"PairwiseSupport","two-point",2,2,"two-point",2,"degenerate",,,,,3,1,1.3219291661716357,"SwitchDetected",1
123456,"TwoPole",57,51,3,0.6,3,"PairwiseSupport","one-point",1,1,"one-point",1,"degenerate",,,,,2,3,1.1375103838437979,"SwitchDetected",3
123456,"TwoPole",58,51,3,0.6,3,"PairwiseSupport","one-point",1,1,"one-point",1,"degenerate",,,,,2,3,1.3219291661716357,"SwitchDetected",3
123456,"TwoPole",59,51,3,0.6,3,"PairwiseSupport","two-point",2,2,"two-point",2,"degenerate",,,,,3,3,,"NoSwitchDetected",
123456,"TwoPole",60,51,3,0.6,3,"PairwiseSupport","one-point",1,1,"one-point",1,"degenerate",,,,,1,1,,"NoSwitchDetected",
123456,"TwoPole",61,51,3,0.6,3,"PairwiseSupport","one-point",1,1,"one-point",1,"degenerate",,,,,1,3,1.2224008081692845,"SwitchDetected",3
123456,"TwoPole",62,51,3,0.6,3,"PairwiseSupport","one-point",1,1,"one-point",1,"degenerate",,,,,2,2,,"NoSwitchDetected",
123456,"TwoPole",63,51,3,0.6,3,"PairwiseSupport","two-point",2,2,"one-point",1,"degenerate",,,,,2,3,2.115479157514041,"SwitchDetected",3
123456,"TwoPole",64,51,3,0.6,3,"PairwiseSupport","two-point",2,2,"one-point",1,"degenerate",,,,,2,1,1.7004410155630727,"SwitchDetected",1
123456,"TwoPole",65,51,3,0.6,3,"PairwiseSupport","one-point",1,1,"one-point",1,"degenerate",,,,,3,3,,"NoSwitchDetected",
123456,"TwoPole",66,51,3,0.6,3,"PairwiseSupport","one-point",1,1,"one-point",1,"degenerate",,,,,1,1,,"NoSwitchDetected",
123456,"TwoPole",67,51,3,0.6,3,"PairwiseSupport","two-point",2,2,"one-point",1,"degenerate",,,,,2,3,3.1699259467067815,"SwitchDetected",3
123456,"TwoPole",68,51,3,0.6,3,"PairwiseSupport","one-point",1,1,"one-point",1,"degenerate",,,,,1,1,,"NoSwitchDetected",
123456,"TwoPole",69,51,3,0.6,3,"PairwiseSupport","one-point",1,1,"one-point",1,"degenerate",,,,,2,2,,"NoSwitchDetected",
123456,"TwoPole",70,51,3,0.6,3,"PairwiseSupport","one-point",1,1,"one-point",1,"degenerate",,,,,1,1,,"NoSwitchDetected",
123456,"TwoPole",71,51,3,0.6,3,"PairwiseSupport","one-point",1,1,"one-point",1,"degenerate",,,,,3,3,,"NoSwitchDetected",
123456,"TwoPole",72,51,3,0.6,3,"PairwiseSupport","one-point",1,1,"one-point",1,"degenerate",,,,,1,1,,"NoSwitchDetected",
123456,"TwoPole",73,51,3,0.6,3,"PairwiseSupport","one-point",1,1,"one-point",1,"degenerate",,,,,2,2,,"NoSwitchDetected",
123456,"TwoPole",74,51,3,0.6,3,"PairwiseSupport","one-point",1,1,"one-point",1,"degenerate",,,,,2,2,,"NoSwitchDetected",
123456,"TwoPole",75,51,3,0.6,3,"PairwiseSupport","two-point",2,2,"two-point",2,"degenerate",,,,,1,1,,"NoSwitchDetected",
123456,"TwoPole",76,51,3,0.6,3,"PairwiseSupport","two-point",2,2,"one-point",1,"degenerate",,,,,2,1,1.1375103838437979,"SwitchDetected",1
123456,"TwoPole",77,51,3,0.6,3,"PairwiseSupport","two-point",2,2,"two-point",2,"degenerate",,,,,1,1,,"NoSwitchDetected",
123456,"TwoPole",78,51,3,0.6,3,"PairwiseSupport","one-point",1,1,"one-point",1,"degenerate",,,,,2,2,,"NoSwitchDetected",
123456,"TwoPole",79,51,3,0.6,3,"PairwiseSupport","one-point",1,1,"one-point",1,"degenerate",,,,,2,3,2.00001159674693,"SwitchDetected",3
123456,"TwoPole",80,51,3,0.6,3,"PairwiseSupport","one-point",1,1,"one-point",1,"degenerate",,,,,1,1,,"NoSwitchDetected",
123456,"TwoPole",81,51,3,0.6,3,"PairwiseSupport","two-point",2,2,"one-point",1,"degenerate",,,,,3,1,2.4594359689508223,"SwitchDetected",1
123456,"TwoPole",82,51,3,0.6,3,"PairwiseSupport","one-point",1,1,"one-point",1,"degenerate",,,,,3,3,,"NoSwitchDetected",
123456,"TwoPole",83,51,3,0.6,3,"PairwiseSupport","one-point",1,1,"one-point",1,"degenerate",,,,,2,2,,"NoSwitchDetected",
123456,"TwoPole",84,51,3,0.6,3,"PairwiseSupport","one-point",1,1,"one-point",1,"degenerate",,,,,3,3,,"NoSwitchDetected",
123456,"TwoPole",85,51,3,0.6,3,"PairwiseSupport","two-point",2,2,"two-point",2,"degenerate",,,,,3,1,2.584967147535138,"SwitchDetected",1
123456,"TwoPole",86,51,3,0.6,3,"PairwiseSupport","one-point",1,1,"one-point",1,"degenerate",,,,,1,1,,"NoSwitchDetected",
123456,"TwoPole",87,51,3,0.6,3,"PairwiseSupport","one-point",1,1,"one-point",1,"degenerate",,,,,3,3,,"NoSwitchDetected",
123456,"TwoPole",88,51,3,0.6,3,"PairwiseSupport","one-point",1,1,"one-point",1,"degenerate",,,,,2,2,,"NoSwitchDetected",
123456,"TwoPole",89,51,3,0.6,3,"PairwiseSupport","one-point",1,1,"one-point",1,"degenerate",,,,,1,1,,"NoSwitchDetected",
123456,"TwoPole",90,51,3,0.6,3,"PairwiseSupport","one-point",1,1,"one-point",1,"degenerate",,,,,1,1,,"NoSwitchDetected",
123456,"TwoPole",91,51,3,0.6,3,"PairwiseSupport","one-point",1,1,"one-point",1,"degenerate",,,,,2,2,,"NoSwitchDetected",
123456,"TwoPole",92,51,3,0.6,3,"PairwiseSupport","two-point",2,2,"two-point",2,"degenerate",,,,,3,3,,"NoSwitchDetected",
123456,"TwoPole",93,51,3,0.6,3,"PairwiseSupport","one-point",1,1,"one-point",1,"degenerate",,,,,3,3,,"NoSwitchDetected",
123456,"TwoPole",94,51,3,0.6,3,"PairwiseSupport","one-point",1,1,"one-point",1,"degenerate",,,,,3,3,,"NoSwitchDetected",
123456,"TwoPole",95,51,3,0.6,3,"PairwiseSupport","one-point",1,1,"one-point",1,"degenerate",,,,,3,3,,"NoSwitchDetected",
123456,"TwoPole",96,51,3,0.6,3,"PairwiseSupport","one-point",1,1,"one-point",1,"degenerate",,,,,2,2,,"NoSwitchDetected",
123456,"TwoPole",97,51,3,0.6,3,"PairwiseSupport","one-point",1,1,"one-point",1,"degenerate",,,,,2,2,,"NoSwitchDetected",
123456,"TwoPole",98,51,3,0.6,3,"PairwiseSupport","two-point",2,2,"one-point",1,"degenerate",,,,,2,1,1.3219291661716357,"SwitchDetected",1
123456,"TwoPole",99,51,3,0.6,3,"PairwiseSupport","one-point",1,1,"one-point",1,"degenerate",,,,,1,1,,"NoSwitchDetected",
123456,"TwoPole",100,51,3,0.6,3,"PairwiseSupport","one-point",1,1,"one-point",1,"degenerate",,,,,1,1,,"NoSwitchDetected",
123456,"TwoPole",101,51,3,0.6,3,"PairwiseSupport","one-point",1,1,"one-point",1,"degenerate",,,,,2,2,,"NoSwitchDetected",
123456,"TwoPole",102,51,3,0.6,3,"PairwiseSupport","multi-point",3,3,"one-point",1,"degenerate",,,,,2,3,2.4594359689508223,"SwitchDetected",3
123456,"TwoPole",103,51,3,0.6,3,"PairwiseSupport","one-point",1,1,"one-point",1,"degenerate",,,,,2,2,,"NoSwitchDetected",
123456,"TwoPole",104,51,3,0.6,3,"PairwiseSupport","one-point",1,1,"one-point",1,"degenerate",,,,,2,2,,"NoSwitchDetected",
123456,"TwoPole",105,51,3,0.6,3,"PairwiseSupport","one-point",1,1,"one-point",1,"degenerate",,,,,2,1,2.169950542371748,"SwitchDetected",1
123456,"TwoPole",106,51,3,0.6,3,"PairwiseSupport","one-point",1,1,"one-point",1,"degenerate",,,,,3,3,,"NoSwitchDetected",
123456,"TwoPole",107,51,3,0.6,3,"PairwiseSupport","one-point",1,1,"one-point",1,"degenerate",,,,,1,1,,"NoSwitchDetected",
123456,"TwoPole",108,51,3,0.6,3,"PairwiseSupport","one-point",1,1,"one-point",1,"degenerate",,,,,2,2,,"NoSwitchDetected",
123456,"TwoPole",109,51,3,0.6,3,"PairwiseSupport","one-point",1,1,"one-point",1,"degenerate",,,,,1,1,,"NoSwitchDetected",
123456,"TwoPole",110,51,3,0.6,3,"PairwiseSupport","one-point",1,1,"one-point",1,"degenerate",,,,,1,1,,"NoSwitchDetected",
123456,"TwoPole",111,51,3,0.6,3,"PairwiseSupport","one-point",1,1,"one-point",1,"degenerate",,,,,3,3,,"NoSwitchDetected",
123456,"TwoPole",112,51,3,0.6,3,"PairwiseSupport","two-point",2,2,"one-point",1,"degenerate",,,,,2,3,3.1699259467067815,"SwitchDetected",3
123456,"TwoPole",113,51,3,0.6,3,"PairwiseSupport","two-point",2,2,"two-point",2,"degenerate",,,,,1,1,,"NoSwitchDetected",
123456,"TwoPole",114,51,3,0.6,3,"PairwiseSupport","two-point",2,2,"one-point",1,"degenerate",,,,,2,1,1.5849633566706869,"SwitchDetected",1
123456,"TwoPole",115,51,3,0.6,3,"PairwiseSupport","one-point",1,1,"one-point",1,"degenerate",,,,,1,1,,"NoSwitchDetected",
123456,"TwoPole",116,51,3,0.6,3,"PairwiseSupport","two-point",2,2,"one-point",1,"degenerate",,,,,2,1,1.8744740769639563,"SwitchDetected",1
123456,"TwoPole",117,51,3,0.6,3,"PairwiseSupport","two-point",2,2,"one-point",1,"degenerate",,,,,1,3,2.00001159674693,"SwitchDetected",3
123456,"TwoPole",118,51,3,0.6,3,"PairwiseSupport","one-point",1,1,"one-point",1,"degenerate",,,,,1,1,,"NoSwitchDetected",
123456,"TwoPole",119,51,3,0.6,3,"PairwiseSupport","one-point",1,1,"one-point",1,"degenerate",,,,,2,2,,"NoSwitchDetected",
123456,"TwoPole",120,51,3,0.6,3,"PairwiseSupport","two-point",2,2,"two-point",2,"degenerate",,,,,2,2,,"NoSwitchDetected",
123456,"TwoPole",121,51,3,0.6,3,"PairwiseSupport","one-point",1,1,"one-point",1,"degenerate",,,,,2,2,,"NoSwitchDetected",
123456,"TwoPole",122,51,3,0.6,3,"PairwiseSupport","one-point",1,1,"one-point",1,"degenerate",,,,,3,3,,"NoSwitchDetected",
123456,"TwoPole",123,51,3,0.6,3,"PairwiseSupport","one-point",1,1,"one-point",1,"degenerate",,,,,3,3,,"NoSwitchDetected",
123456,"TwoPole",124,51,3,0.6,3,"PairwiseSupport","two-point",2,2,"two-point",2,"degenerate",,,,,3,3,,"NoSwitchDetected",
123456,"TwoPole",125,51,3,0.6,3,"PairwiseSupport","one-point",1,1,"one-point",1,"degenerate",,,,,1,1,,"NoSwitchDetected",
123456,"TwoPole",126,51,3,0.6,3,"PairwiseSupport","two-point",2,2,"two-point",2,"degenerate",,,,,2,3,1.169933063033857,"SwitchDetected",3
123456,"TwoPole",127,51,3,0.6,3,"PairwiseSupport","one-point",1,1,"one-point",1,"degenerate",,,,,2,2,,"NoSwitchDetected",
123456,"TwoPole",128,51,3,0.6,3,"PairwiseSupport","one-point",1,1,"one-point",1,"degenerate",,,,,1,1,,"NoSwitchDetected",
123456,"TwoPole",129,51,3,0.6,3,"PairwiseSupport","two-point",2,2,"two-point",2,"degenerate",,,,,2,3,2.584967147535138,"SwitchDetected",3
123456,"TwoPole",130,51,3,0.6,3,"PairwiseSupport","two-point",2,2,"two-point",2,"degenerate",,,,,3,1,1.2224008081692845,"SwitchDetected",1
123456,"TwoPole",131,51,3,0.6,3,"PairwiseSupport","one-point",1,1,"one-point",1,"degenerate",,,,,2,2,,"NoSwitchDetected",
123456,"TwoPole",132,51,3,0.6,3,"PairwiseSupport","one-point",1,1,"one-point",1,"degenerate",,,,,1,1,,"NoSwitchDetected",
123456,"TwoPole",133,51,3,0.6,3,"PairwiseSupport","one-point",1,1,"one-point",1,"degenerate",,,,,2,2,,"NoSwitchDetected",
123456,"TwoPole",134,51,3,0.6,3,"PairwiseSupport","one-point",1,1,"one-point",1,"degenerate",,,,,3,3,,"NoSwitchDetected",
123456,"TwoPole",135,51,3,0.6,3,"PairwiseSupport","one-point",1,1,"one-point",1,"degenerate",,,,,1,1,,"NoSwitchDetected",
123456,"TwoPole",136,51,3,0.6,3,"PairwiseSupport","one-point",1,1,"one-point",1,"degenerate",,,,,3,3,,"NoSwitchDetected",
123456,"TwoPole",137,51,3,0.6,3,"PairwiseSupport","one-point",1,1,"one-point",1,"degenerate",,,,,2,2,,"NoSwitchDetected",
123456,"TwoPole",138,51,3,0.6,3,"PairwiseSupport","two-point",2,2,"two-point",2,"degenerate",,,,,1,1,,"NoSwitchDetected",
123456,"TwoPole",139,51,3,0.6,3,"PairwiseSupport","two-point",2,2,"one-point",1,"degenerate",,,,,2,1,1.3219291661716357,"SwitchDetected",1
123456,"TwoPole",140,51,3,0.6,3,"PairwiseSupport","one-point",1,1,"one-point",1,"degenerate",,,,,2,2,,"NoSwitchDetected",
123456,"TwoPole",141,51,3,0.6,3,"PairwiseSupport","one-point",1,1,"one-point",1,"degenerate",,,,,2,3,1.3219291661716357,"SwitchDetected",3
123456,"TwoPole",142,51,3,0.6,3,"PairwiseSupport","one-point",1,1,"one-point",1,"degenerate",,,,,1,1,,"NoSwitchDetected",
123456,"TwoPole",143,51,3,0.6,3,"PairwiseSupport","two-point",2,2,"one-point",1,"degenerate",,,,,2,1,1.7004410155630727,"SwitchDetected",1
123456,"TwoPole",144,51,3,0.6,3,"PairwiseSupport","one-point",1,1,"one-point",1,"degenerate",,,,,3,3,,"NoSwitchDetected",
123456,"TwoPole",145,51,3,0.6,3,"PairwiseSupport","two-point",2,2,"two-point",2,"degenerate",,,,,2,2,,"NoSwitchDetected",
123456,"TwoPole",146,51,3,0.6,3,"PairwiseSupport","one-point",1,1,"one-point",1,"degenerate",,,,,1,1,,"NoSwitchDetected",
123456,"TwoPole",147,51,3,0.6,3,"PairwiseSupport","two-point",2,2,"one-point",1,"degenerate",,,,,2,1,1.5025124026740577,"SwitchDetected",1
123456,"TwoPole",148,51,3,0.6,3,"PairwiseSupport","one-point",1,1,"one-point",1,"degenerate",,,,,2,2,,"NoSwitchDetected",
123456,"TwoPole",149,51,3,0.6,3,"PairwiseSupport","two-point",2,2,"one-point",1,"degenerate",,,,,1,3,3.3219519711924486,"SwitchDetected",3
123456,"TwoPole",150,51,3,0.6,3,"PairwiseSupport","one-point",1,1,"one-point",1,"degenerate",,,,,3,3,,"NoSwitchDetected",
123456,"TwoPole",151,51,3,0.6,3,"PairwiseSupport","one-point",1,1,"one-point",1,"degenerate",,,,,3,3,,"NoSwitchDetected",
123456,"TwoPole",152,51,3,0.6,3,"PairwiseSupport","one-point",1,1,"one-point",1,"degenerate",,,,,2,2,,"NoSwitchDetected",
123456,"TwoPole",153,51,3,0.6,3,"PairwiseSupport","one-point",1,1,"one-point",1,"degenerate",,,,,1,1,,"NoSwitchDetected",
123456,"TwoPole",154,51,3,0.6,3,"PairwiseSupport","one-point",1,1,"one-point",1,"degenerate",,,,,2,1,1.3219291661716357,"SwitchDetected",1
123456,"TwoPole",155,51,3,0.6,3,"PairwiseSupport","one-point",1,1,"one-point",1,"degenerate",,,,,1,1,,"NoSwitchDetected",
123456,"TwoPole",156,51,3,0.6,3,"PairwiseSupport","one-point",1,1,"one-point",1,"degenerate",,,,,2,2,,"NoSwitchDetected",
123456,"TwoPole",157,51,3,0.6,3,"PairwiseSupport","one-point",1,1,"one-point",1,"degenerate",,,,,2,2,,"NoSwitchDetected",
123456,"TwoPole",158,51,3,0.6,3,"PairwiseSupport","two-point",2,2,"two-point",2,"degenerate",,,,,1,1,,"NoSwitchDetected",
123456,"TwoPole",159,51,3,0.6,3,"PairwiseSupport","one-point",1,1,"one-point",1,"degenerate",,,,,1,1,,"NoSwitchDetected",
123456,"TwoPole",160,51,3,0.6,3,"PairwiseSupport","one-point",1,1,"one-point",1,"degenerate",,,,,1,1,,"NoSwitchDetected",
123456,"TwoPole",161,51,3,0.6,3,"PairwiseSupport","one-point",1,1,"one-point",1,"degenerate",,,,,3,3,,"NoSwitchDetected",
123456,"TwoPole",162,51,3,0.6,3,"PairwiseSupport","two-point",2,2,"one-point",1,"degenerate",,,,,2,1,2.00001159674693,"SwitchDetected",1
123456,"TwoPole",163,51,3,0.6,3,"PairwiseSupport","one-point",1,1,"one-point",1,"degenerate",,,,,3,3,,"NoSwitchDetected",
123456,"TwoPole",164,51,3,0.6,3,"PairwiseSupport","one-point",1,1,"one-point",1,"degenerate",,,,,2,2,,"NoSwitchDetected",
123456,"TwoPole",165,51,3,0.6,3,"PairwiseSupport","one-point",1,1,"one-point",1,"degenerate",,,,,1,1,,"NoSwitchDetected",
123456,"TwoPole",166,51,3,0.6,3,"PairwiseSupport","two-point",2,2,"two-point",2,"degenerate",,,,,1,1,,"NoSwitchDetected",
123456,"TwoPole",167,51,3,0.6,3,"PairwiseSupport","two-point",2,2,"two-point",2,"degenerate",,,,,3,1,1.5849633566706869,"SwitchDetected",1
123456,"TwoPole",168,51,3,0.6,3,"PairwiseSupport","two-point",2,2,"one-point",1,"degenerate",,,,,2,1,1.3219291661716357,"SwitchDetected",1
123456,"TwoPole",169,51,3,0.6,3,"PairwiseSupport","one-point",1,1,"one-point",1,"degenerate",,,,,1,1,,"NoSwitchDetected",
123456,"TwoPole",170,51,3,0.6,3,"PairwiseSupport","one-point",1,1,"one-point",1,"degenerate",,,,,1,1,,"NoSwitchDetected",
123456,"TwoPole",171,51,3,0.6,3,"PairwiseSupport","one-point",1,1,"one-point",1,"degenerate",,,,,2,2,,"NoSwitchDetected",
123456,"TwoPole",172,51,3,0.6,3,"PairwiseSupport","one-point",1,1,"one-point",1,"degenerate",,,,,1,1,,"NoSwitchDetected",
123456,"TwoPole",173,51,3,0.6,3,"PairwiseSupport","one-point",1,1,"one-point",1,"degenerate",,,,,1,1,,"NoSwitchDetected",
123456,"TwoPole",174,51,3,0.6,3,"PairwiseSupport","one-point",1,1,"one-point",1,"degenerate",,,,,1,1,,"NoSwitchDetected",
123456,"TwoPole",175,51,3,0.6,3,"PairwiseSupport","one-point",1,1,"one-point",1,"degenerate",,,,,3,3,,"NoSwitchDetected",
123456,"TwoPole",176,51,3,0.6,3,"PairwiseSupport","one-point",1,1,"one-point",1,"degenerate",,,,,1,1,,"NoSwitchDetected",
123456,"TwoPole",177,51,3,0.6,3,"PairwiseSupport","two-point",2,2,"one-point",1,"degenerate",,,,,2,1,2.169950542371748,"SwitchDetected",1
123456,"TwoPole",178,51,3,0.6,3,"PairwiseSupport","one-point",1,1,"one-point",1,"degenerate",,,,,3,3,,"NoSwitchDetected",
123456,"TwoPole",179,51,3,0.6,3,"PairwiseSupport","two-point",2,2,"two-point",2,"degenerate",,,,,3,3,,"NoSwitchDetected",
123456,"TwoPole",180,51,3,0.6,3,"PairwiseSupport","one-point",1,1,"one-point",1,"degenerate",,,,,2,1,1.2630387707573838,"SwitchDetected",1
123456,"TwoPole",181,51,3,0.6,3,"PairwiseSupport","one-point",1,1,"one-point",1,"degenerate",,,,,3,1,1.2224008081692845,"SwitchDetected",1
123456,"TwoPole",182,51,3,0.6,3,"PairwiseSupport","one-point",1,1,"one-point",1,"degenerate",,,,,2,2,,"NoSwitchDetected",
123456,"TwoPole",183,51,3,0.6,3,"PairwiseSupport","two-point",2,2,"two-point",2,"degenerate",,,,,3,1,1.169933063033857,"SwitchDetected",1
123456,"TwoPole",184,51,3,0.6,3,"PairwiseSupport","two-point",2,2,"one-point",1,"degenerate",,,,,2,1,2.070413520366417,"SwitchDetected",1
123456,"TwoPole",185,51,3,0.6,3,"PairwiseSupport","one-point",1,1,"one-point",1,"degenerate",,,,,3,3,,"NoSwitchDetected",
123456,"TwoPole",186,51,3,0.6,3,"PairwiseSupport","two-point",2,2,"two-point",2,"degenerate",,,,,1,1,,"NoSwitchDetected",
123456,"TwoPole",187,51,3,0.6,3,"PairwiseSupport","two-point",2,2,"two-point",2,"degenerate",,,,,3,3,,"NoSwitchDetected",
123456,"TwoPole",188,51,3,0.6,3,"PairwiseSupport","two-point",2,2,"one-point",1,"degenerate",,,,,2,3,3.1699259467067815,"SwitchDetected",3
123456,"TwoPole",189,51,3,0.6,3,"PairwiseSupport","one-point",1,1,"one-point",1,"degenerate",,,,,2,2,,"NoSwitchDetected",
123456,"TwoPole",190,51,3,0.6,3,"PairwiseSupport","one-point",1,1,"one-point",1,"degenerate",,,,,1,1,,"NoSwitchDetected",
123456,"TwoPole",191,51,3,0.6,3,"PairwiseSupport","one-point",1,1,"one-point",1,"degenerate",,,,,1,1,,"NoSwitchDetected",
123456,"TwoPole",192,51,3,0.6,3,"PairwiseSupport","two-point",2,2,"two-point",2,"degenerate",,,,,1,1,,"NoSwitchDetected",
123456,"TwoPole",193,51,3,0.6,3,"PairwiseSupport","one-point",1,1,"one-point",1,"degenerate",,,,,2,2,,"NoSwitchDetected",
123456,"TwoPole",194,51,3,0.6,3,"PairwiseSupport","two-point",2,2,"one-point",1,"degenerate",,,,,2,1,3.3219519711924486,"SwitchDetected",1
123456,"TwoPole",195,51,3,0.6,3,"PairwiseSupport","one-point",1,1,"one-point",1,"degenerate",,,,,2,2,,"NoSwitchDetected",
123456,"TwoPole",196,51,3,0.6,3,"PairwiseSupport","two-point",2,2,"one-point",1,"degenerate",,,,,1,3,2.8073734677162334,"SwitchDetected",3
123456,"TwoPole",197,51,3,0.6,3,"PairwiseSupport","one-point",1,1,"one-point",1,"degenerate",,,,,1,1,,"NoSwitchDetected",
123456,"TwoPole",198,51,3,0.6,3,"PairwiseSupport","one-point",1,1,"one-point",1,"degenerate",,,,,3,3,,"NoSwitchDetected",
123456,"TwoPole",199,51,3,0.6,3,"PairwiseSupport","two-point",2,2,"two-point",2,"degenerate",,,,,1,1,,"NoSwitchDetected",
123456,"TwoPole",200,51,3,0.6,3,"PairwiseSupport","one-point",1,1,"one-point",1,"degenerate",,,,,1,1,,"NoSwitchDetected",
123456,"TwoPole",1,51,3,0.7,1,"PairwiseSupport","two-point",2,2,"one-point",1,"degenerate",,,,,2,1,1.000005950963148,"SwitchDetected",1
123456,"TwoPole",2,51,3,0.7,1,"PairwiseSupport","two-point",2,2,"two-point",2,"degenerate",,,,,1,1,,"NoSwitchDetected",
123456,"TwoPole",3,51,3,0.7,1,"PairwiseSupport","two-point",2,2,"two-point",2,"degenerate",,,,,1,1,,"NoSwitchDetected",
123456,"TwoPole",4,51,3,0.7,1,"PairwiseSupport","one-point",1,1,"one-point",1,"degenerate",,,,,1,1,,"NoSwitchDetected",
123456,"TwoPole",5,51,3,0.7,1,"PairwiseSupport","one-point",1,1,"one-point",1,"degenerate",,,,,1,1,,"NoSwitchDetected",
123456,"TwoPole",6,51,3,0.7,1,"PairwiseSupport","one-point",1,1,"one-point",1,"degenerate",,,,,1,1,,"NoSwitchDetected",
123456,"TwoPole",7,51,3,0.7,1,"PairwiseSupport","two-point",2,2,"two-point",2,"degenerate",,,,,1,1,,"NoSwitchDetected",
123456,"TwoPole",8,51,3,0.7,1,"PairwiseSupport","two-point",2,2,"two-point",2,"degenerate",,,,,1,1,,"NoSwitchDetected",
123456,"TwoPole",9,51,3,0.7,1,"PairwiseSupport","two-point",2,2,"two-point",2,"degenerate",,,,,1,1,,"NoSwitchDetected",
123456,"TwoPole",10,51,3,0.7,1,"PairwiseSupport","two-point",2,2,"two-point",2,"degenerate",,,,,1,1,,"NoSwitchDetected",
123456,"TwoPole",11,51,3,0.7,1,"PairwiseSupport","one-point",1,1,"one-point",1,"degenerate",,,,,1,1,,"NoSwitchDetected",
123456,"TwoPole",12,51,3,0.7,1,"PairwiseSupport","two-point",2,2,"one-point",1,"degenerate",,,,,2,1,2.0506305745338946,"SwitchDetected",1
123456,"TwoPole",13,51,3,0.7,1,"PairwiseSupport","two-point",2,2,"one-point",1,"degenerate",,,,,2,1,1.000005950963148,"SwitchDetected",1
123456,"TwoPole",14,51,3,0.7,1,"PairwiseSupport","two-point",2,2,"two-point",2,"degenerate",,,,,1,1,,"NoSwitchDetected",
123456,"TwoPole",15,51,3,0.7,1,"PairwiseSupport","one-point",1,1,"one-point",1,"degenerate",,,,,1,1,,"NoSwitchDetected",
123456,"TwoPole",16,51,3,0.7,1,"PairwiseSupport","two-point",2,2,"one-point",1,"degenerate",,,,,2,1,2.3219378771076404,"SwitchDetected",1
123456,"TwoPole",17,51,3,0.7,1,"PairwiseSupport","one-point",1,1,"one-point",1,"degenerate",,,,,1,1,,"NoSwitchDetected",
123456,"TwoPole",18,51,3,0.7,1,"PairwiseSupport","one-point",1,1,"one-point",1,"degenerate",,,,,1,1,,"NoSwitchDetected",
123456,"TwoPole",19,51,3,0.7,1,"PairwiseSupport","two-point",2,2,"two-point",2,"degenerate",,,,,1,1,,"NoSwitchDetected",
123456,"TwoPole",20,51,3,0.7,1,"PairwiseSupport","two-point",2,2,"one-point",1,"degenerate",,,,,2,1,1.169933063033857,"SwitchDetected",1
123456,"TwoPole",21,51,3,0.7,1,"PairwiseSupport","one-point",1,1,"one-point",1,"degenerate",,,,,1,1,,"NoSwitchDetected",
123456,"TwoPole",22,51,3,0.7,1,"PairwiseSupport","one-point",1,1,"one-point",1,"degenerate",,,,,1,1,,"NoSwitchDetected",
123456,"TwoPole",23,51,3,0.7,1,"PairwiseSupport","one-point",1,1,"one-point",1,"degenerate",,,,,1,1,,"NoSwitchDetected",
123456,"TwoPole",24,51,3,0.7,1,"PairwiseSupport","one-point",1,1,"one-point",1,"degenerate",,,,,1,1,,"NoSwitchDetected",
123456,"TwoPole",25,51,3,0.7,1,"PairwiseSupport","one-point",1,1,"one-point",1,"degenerate",,,,,1,1,,"NoSwitchDetected",
123456,"TwoPole",26,51,3,0.7,1,"PairwiseSupport","two-point",2,2,"two-point",2,"degenerate",,,,,1,1,,"NoSwitchDetected",
123456,"TwoPole",27,51,3,0.7,1,"PairwiseSupport","two-point",2,2,"two-point",2,"degenerate",,,,,1,1,,"NoSwitchDetected",
123456,"TwoPole",28,51,3,0.7,1,"PairwiseSupport","two-point",2,2,"one-point",1,"degenerate",,,,,2,1,1.157546297171257,"SwitchDetected",1
123456,"TwoPole",29,51,3,0.7,1,"PairwiseSupport","two-point",2,2,"two-point",2,"degenerate",,,,,1,1,,"NoSwitchDetected",
123456,"TwoPole",30,51,3,0.7,1,"PairwiseSupport","one-point",1,1,"one-point",1,"degenerate",,,,,1,1,,"NoSwitchDetected",
123456,"TwoPole",31,51,3,0.7,1,"PairwiseSupport","two-point",2,2,"two-point",2,"degenerate",,,,,1,1,,"NoSwitchDetected",
123456,"TwoPole",32,51,3,0.7,1,"PairwiseSupport","two-point",2,2,"one-point",1,"degenerate",,,,,2,1,1.5360657628154706,"SwitchDetected",1
123456,"TwoPole",33,51,3,0.7,1,"PairwiseSupport","two-point",2,2,"two-point",2,"degenerate",,,,,1,1,,"NoSwitchDetected",
123456,"TwoPole",34,51,3,0.7,1,"PairwiseSupport","one-point",1,1,"one-point",1,"degenerate",,,,,1,1,,"NoSwitchDetected",
123456,"TwoPole",35,51,3,0.7,1,"PairwiseSupport","two-point",2,2,"one-point",1,"degenerate",,,,,2,1,2.8579851414078163,"SwitchDetected",1
123456,"TwoPole",36,51,3,0.7,1,"PairwiseSupport","two-point",2,2,"one-point",1,"degenerate",,,,,2,1,1.807358665660985,"SwitchDetected",1
123456,"TwoPole",37,51,3,0.7,1,"PairwiseSupport","two-point",2,2,"two-point",2,"degenerate",,,,,1,1,,"NoSwitchDetected",
123456,"TwoPole",38,51,3,0.7,1,"PairwiseSupport","one-point",1,1,"one-point",1,"degenerate",,,,,1,1,,"NoSwitchDetected",
123456,"TwoPole",39,51,3,0.7,1,"PairwiseSupport","two-point",2,2,"one-point",1,"degenerate",,,,,2,1,1.1844299226151727,"SwitchDetected",1
123456,"TwoPole",40,51,3,0.7,1,"PairwiseSupport","one-point",1,1,"one-point",1,"degenerate",,,,,1,1,,"NoSwitchDetected",
123456,"TwoPole",41,51,3,0.7,1,"PairwiseSupport","one-point",1,1,"one-point",1,"degenerate",,,,,1,1,,"NoSwitchDetected",
123456,"TwoPole",42,51,3,0.7,1,"PairwiseSupport","two-point",2,2,"one-point",1,"degenerate",,,,,2,1,1.378515096755412,"SwitchDetected",1
123456,"TwoPole",43,51,3,0.7,1,"PairwiseSupport","two-point",2,2,"two-point",2,"degenerate",,,,,1,1,,"NoSwitchDetected",
123456,"TwoPole",44,51,3,0.7,1,"PairwiseSupport","two-point",2,2,"two-point",2,"degenerate",,,,,1,1,,"NoSwitchDetected",
123456,"TwoPole",45,51,3,0.7,1,"PairwiseSupport","one-point",1,1,"one-point",1,"degenerate",,,,,1,1,,"NoSwitchDetected",
123456,"TwoPole",46,51,3,0.7,1,"PairwiseSupport","two-point",2,2,"two-point",2,"degenerate",,,,,1,1,,"NoSwitchDetected",
123456,"TwoPole",47,51,3,0.7,1,"PairwiseSupport","one-point",1,1,"one-point",1,"degenerate",,,,,1,1,,"NoSwitchDetected",
123456,"TwoPole",48,51,3,0.7,1,"PairwiseSupport","one-point",1,1,"one-point",1,"degenerate",,,,,1,1,,"NoSwitchDetected",
123456,"TwoPole",49,51,3,0.7,1,"PairwiseSupport","two-point",2,2,"one-point",1,"degenerate",,,,,2,1,1.3479295965117057,"SwitchDetected",1
123456,"TwoPole",50,51,3,0.7,1,"PairwiseSupport","one-point",1,1,"one-point",1,"degenerate",,,,,1,1,,"NoSwitchDetected",
123456,"TwoPole",51,51,3,0.7,1,"PairwiseSupport","one-point",1,1,"one-point",1,"degenerate",,,,,1,1,,"NoSwitchDetected",
123456,"TwoPole",52,51,3,0.7,1,"PairwiseSupport","one-point",1,1,"one-point",1,"degenerate",,,,,1,1,,"NoSwitchDetected",
123456,"TwoPole",53,51,3,0.7,1,"PairwiseSupport","two-point",2,2,"one-point",1,"degenerate",,,,,2,1,1.4150462671072566,"SwitchDetected",1
123456,"TwoPole",54,51,3,0.7,1,"PairwiseSupport","one-point",1,1,"one-point",1,"degenerate",,,,,1,1,,"NoSwitchDetected",
123456,"TwoPole",55,51,3,0.7,1,"PairwiseSupport","one-point",1,1,"one-point",1,"degenerate",,,,,1,1,,"NoSwitchDetected",
123456,"TwoPole",56,51,3,0.7,1,"PairwiseSupport","two-point",2,2,"one-point",1,"degenerate",,,,,2,1,1.000005950963148,"SwitchDetected",1
123456,"TwoPole",57,51,3,0.7,1,"PairwiseSupport","two-point",2,2,"one-point",1,"degenerate",,,,,2,1,1.3219291661716357,"SwitchDetected",1
123456,"TwoPole",58,51,3,0.7,1,"PairwiseSupport","one-point",1,1,"one-point",1,"degenerate",,,,,1,1,,"NoSwitchDetected",
123456,"TwoPole",59,51,3,0.7,1,"PairwiseSupport","one-point",1,1,"one-point",1,"degenerate",,,,,1,1,,"NoSwitchDetected",
123456,"TwoPole",60,51,3,0.7,1,"PairwiseSupport","two-point",2,2,"one-point",1,"degenerate",,,,,2,1,1.000005950963148,"SwitchDetected",1
123456,"TwoPole",61,51,3,0.7,1,"PairwiseSupport","one-point",1,1,"one-point",1,"degenerate",,,,,1,1,,"NoSwitchDetected",
123456,"TwoPole",62,51,3,0.7,1,"PairwiseSupport","one-point",1,1,"one-point",1,"degenerate",,,,,1,1,,"NoSwitchDetected",
123456,"TwoPole",63,51,3,0.7,1,"PairwiseSupport","two-point",2,2,"one-point",1,"degenerate",,,,,2,1,1.3479295965117057,"SwitchDetected",1
123456,"TwoPole",64,51,3,0.7,1,"PairwiseSupport","one-point",1,1,"one-point",1,"degenerate",,,,,1,1,,"NoSwitchDetected",
123456,"TwoPole",65,51,3,0.7,1,"PairwiseSupport","one-point",1,1,"one-point",1,"degenerate",,,,,1,1,,"NoSwitchDetected",
123456,"TwoPole",66,51,3,0.7,1,"PairwiseSupport","two-point",2,2,"two-point",2,"degenerate",,,,,1,1,,"NoSwitchDetected",
123456,"TwoPole",67,51,3,0.7,1,"PairwiseSupport","one-point",1,1,"one-point",1,"degenerate",,,,,1,1,,"NoSwitchDetected",
123456,"TwoPole",68,51,3,0.7,1,"PairwiseSupport","one-point",1,1,"one-point",1,"degenerate",,,,,1,1,,"NoSwitchDetected",
123456,"TwoPole",69,51,3,0.7,1,"PairwiseSupport","one-point",1,1,"one-point",1,"degenerate",,,,,1,1,,"NoSwitchDetected",
123456,"TwoPole",70,51,3,0.7,1,"PairwiseSupport","one-point",1,1,"one-point",1,"degenerate",,,,,1,1,,"NoSwitchDetected",
123456,"TwoPole",71,51,3,0.7,1,"PairwiseSupport","one-point",1,1,"one-point",1,"degenerate",,,,,1,1,,"NoSwitchDetected",
123456,"TwoPole",72,51,3,0.7,1,"PairwiseSupport","two-point",2,2,"one-point",1,"degenerate",,,,,2,1,1.6438666786398168,"SwitchDetected",1
123456,"TwoPole",73,51,3,0.7,1,"PairwiseSupport","one-point",1,1,"one-point",1,"degenerate",,,,,1,1,,"NoSwitchDetected",
123456,"TwoPole",74,51,3,0.7,1,"PairwiseSupport","two-point",2,2,"one-point",1,"degenerate",,,,,2,1,1.157546297171257,"SwitchDetected",1
123456,"TwoPole",75,51,3,0.7,1,"PairwiseSupport","one-point",1,1,"one-point",1,"degenerate",,,,,1,1,,"NoSwitchDetected",
123456,"TwoPole",76,51,3,0.7,1,"PairwiseSupport","two-point",2,2,"two-point",2,"degenerate",,,,,1,1,,"NoSwitchDetected",
123456,"TwoPole",77,51,3,0.7,1,"PairwiseSupport","one-point",1,1,"one-point",1,"degenerate",,,,,1,1,,"NoSwitchDetected",
123456,"TwoPole",78,51,3,0.7,1,"PairwiseSupport","one-point",1,1,"one-point",1,"degenerate",,,,,1,1,,"NoSwitchDetected",
123456,"TwoPole",79,51,3,0.7,1,"PairwiseSupport","one-point",1,1,"one-point",1,"degenerate",,,,,1,1,,"NoSwitchDetected",
123456,"TwoPole",80,51,3,0.7,1,"PairwiseSupport","two-point",2,2,"two-point",2,"degenerate",,,,,1,1,,"NoSwitchDetected",
123456,"TwoPole",81,51,3,0.7,1,"PairwiseSupport","two-point",2,2,"one-point",1,"degenerate",,,,,2,1,1.000005950963148,"SwitchDetected",1
123456,"TwoPole",82,51,3,0.7,1,"PairwiseSupport","one-point",1,1,"one-point",1,"degenerate",,,,,1,1,,"NoSwitchDetected",
123456,"TwoPole",83,51,3,0.7,1,"PairwiseSupport","one-point",1,1,"one-point",1,"degenerate",,,,,1,1,,"NoSwitchDetected",
123456,"TwoPole",84,51,3,0.7,1,"PairwiseSupport","one-point",1,1,"one-point",1,"degenerate",,,,,1,1,,"NoSwitchDetected",
123456,"TwoPole",85,51,3,0.7,1,"PairwiseSupport","two-point",2,2,"two-point",2,"degenerate",,,,,1,1,,"NoSwitchDetected",
123456,"TwoPole",86,51,3,0.7,1,"PairwiseSupport","one-point",1,1,"one-point",1,"degenerate",,,,,1,1,,"NoSwitchDetected",
123456,"TwoPole",87,51,3,0.7,1,"PairwiseSupport","two-point",2,2,"two-point",2,"degenerate",,,,,1,1,,"NoSwitchDetected",
123456,"TwoPole",88,51,3,0.7,1,"PairwiseSupport","one-point",1,1,"one-point",1,"degenerate",,,,,1,1,,"NoSwitchDetected",
123456,"TwoPole",89,51,3,0.7,1,"PairwiseSupport","one-point",1,1,"one-point",1,"degenerate",,,,,1,1,,"NoSwitchDetected",
123456,"TwoPole",90,51,3,0.7,1,"PairwiseSupport","two-point",2,2,"one-point",1,"degenerate",,,,,2,1,1.378515096755412,"SwitchDetected",1
123456,"TwoPole",91,51,3,0.7,1,"PairwiseSupport","one-point",1,1,"one-point",1,"degenerate",,,,,1,1,,"NoSwitchDetected",
123456,"TwoPole",92,51,3,0.7,1,"PairwiseSupport","two-point",2,2,"two-point",2,"degenerate",,,,,1,1,,"NoSwitchDetected",
123456,"TwoPole",93,51,3,0.7,1,"PairwiseSupport","one-point",1,1,"one-point",1,"degenerate",,,,,1,1,,"NoSwitchDetected",
123456,"TwoPole",94,51,3,0.7,1,"PairwiseSupport","one-point",1,1,"one-point",1,"degenerate",,,,,1,1,,"NoSwitchDetected",
123456,"TwoPole",95,51,3,0.7,1,"PairwiseSupport","two-point",2,2,"two-point",2,"degenerate",,,,,1,1,,"NoSwitchDetected",
123456,"TwoPole",96,51,3,0.7,1,"PairwiseSupport","two-point",2,2,"two-point",2,"degenerate",,,,,1,1,,"NoSwitchDetected",
123456,"TwoPole",97,51,3,0.7,1,"PairwiseSupport","two-point",2,2,"one-point",1,"degenerate",,,,,2,1,2.0874654921275706,"SwitchDetected",1
123456,"TwoPole",98,51,3,0.7,1,"PairwiseSupport","two-point",2,2,"two-point",2,"degenerate",,,,,1,1,,"NoSwitchDetected",
123456,"TwoPole",99,51,3,0.7,1,"PairwiseSupport","one-point",1,1,"one-point",1,"degenerate",,,,,1,1,,"NoSwitchDetected",
123456,"TwoPole",100,51,3,0.7,1,"PairwiseSupport","two-point",2,2,"one-point",1,"degenerate",,,,,2,1,1.000005950963148,"SwitchDetected",1
123456,"TwoPole",101,51,3,0.7,1,"PairwiseSupport","one-point",1,1,"one-point",1,"degenerate",,,,,1,1,,"NoSwitchDetected",
123456,"TwoPole",102,51,3,0.7,1,"PairwiseSupport","two-point",2,2,"two-point",2,"degenerate",,,,,1,1,,"NoSwitchDetected",
123456,"TwoPole",103,51,3,0.7,1,"PairwiseSupport","one-point",1,1,"one-point",1,"degenerate",,,,,1,1,,"NoSwitchDetected",
123456,"TwoPole",104,51,3,0.7,1,"PairwiseSupport","two-point",2,2,"two-point",2,"degenerate",,,,,1,1,,"NoSwitchDetected",
123456,"TwoPole",105,51,3,0.7,1,"PairwiseSupport","two-point",2,2,"two-point",2,"degenerate",,,,,1,1,,"NoSwitchDetected",
123456,"TwoPole",106,51,3,0.7,1,"PairwiseSupport","one-point",1,1,"one-point",1,"degenerate",,,,,1,1,,"NoSwitchDetected",
123456,"TwoPole",107,51,3,0.7,1,"PairwiseSupport","one-point",1,1,"one-point",1,"degenerate",,,,,1,1,,"NoSwitchDetected",
123456,"TwoPole",108,51,3,0.7,1,"PairwiseSupport","two-point",2,2,"one-point",1,"degenerate",,,,,2,1,1.000005950963148,"SwitchDetected",1
123456,"TwoPole",109,51,3,0.7,1,"PairwiseSupport","two-point",2,2,"one-point",1,"degenerate",,,,,2,1,1.2016403740604393,"SwitchDetected",1
123456,"TwoPole",110,51,3,0.7,1,"PairwiseSupport","one-point",1,1,"one-point",1,"degenerate",,,,,1,1,,"NoSwitchDetected",
123456,"TwoPole",111,51,3,0.7,1,"PairwiseSupport","one-point",1,1,"one-point",1,"degenerate",,,,,1,1,,"NoSwitchDetected",
123456,"TwoPole",112,51,3,0.7,1,"PairwiseSupport","one-point",1,1,"one-point",1,"degenerate",,,,,1,1,,"NoSwitchDetected",
123456,"TwoPole",113,51,3,0.7,1,"PairwiseSupport","two-point",2,2,"two-point",2,"degenerate",,,,,1,1,,"NoSwitchDetected",
123456,"TwoPole",114,51,3,0.7,1,"PairwiseSupport","one-point",1,1,"one-point",1,"degenerate",,,,,1,1,,"NoSwitchDetected",
123456,"TwoPole",115,51,3,0.7,1,"PairwiseSupport","two-point",2,2,"two-point",2,"degenerate",,,,,1,1,,"NoSwitchDetected",
123456,"TwoPole",116,51,3,0.7,1,"PairwiseSupport","two-point",2,2,"one-point",1,"degenerate",,,,,2,1,1.169933063033857,"SwitchDetected",1
123456,"TwoPole",117,51,3,0.7,1,"PairwiseSupport","one-point",1,1,"one-point",1,"degenerate",,,,,1,1,,"NoSwitchDetected",
123456,"TwoPole",118,51,3,0.7,1,"PairwiseSupport","two-point",2,2,"one-point",1,"degenerate",,,,,2,1,3.129312378298418,"SwitchDetected",1
123456,"TwoPole",119,51,3,0.7,1,"PairwiseSupport","one-point",1,1,"one-point",1,"degenerate",,,,,1,1,,"NoSwitchDetected",
123456,"TwoPole",120,51,3,0.7,1,"PairwiseSupport","one-point",1,1,"one-point",1,"degenerate",,,,,1,1,,"NoSwitchDetected",
123456,"TwoPole",121,51,3,0.7,1,"PairwiseSupport","two-point",2,2,"two-point",2,"degenerate",,,,,1,1,,"NoSwitchDetected",
123456,"TwoPole",122,51,3,0.7,1,"PairwiseSupport","one-point",1,1,"one-point",1,"degenerate",,,,,1,1,,"NoSwitchDetected",
123456,"TwoPole",123,51,3,0.7,1,"PairwiseSupport","two-point",2,2,"two-point",2,"degenerate",,,,,1,1,,"NoSwitchDetected",
123456,"TwoPole",124,51,3,0.7,1,"PairwiseSupport","one-point",1,1,"one-point",1,"degenerate",,,,,1,1,,"NoSwitchDetected",
123456,"TwoPole",125,51,3,0.7,1,"PairwiseSupport","two-point",2,2,"one-point",1,"degenerate",,,,,2,1,1.807358665660985,"SwitchDetected",1
123456,"TwoPole",126,51,3,0.7,1,"PairwiseSupport","one-point",1,1,"one-point",1,"degenerate",,,,,1,1,,"NoSwitchDetected",
123456,"TwoPole",127,51,3,0.7,1,"PairwiseSupport","two-point",2,2,"two-point",2,"degenerate",,,,,1,1,,"NoSwitchDetected",
123456,"TwoPole",128,51,3,0.7,1,"PairwiseSupport","two-point",2,2,"one-point",1,"degenerate",,,,,2,1,1.1468418101677214,"SwitchDetected",1
123456,"TwoPole",129,51,3,0.7,1,"PairwiseSupport","two-point",2,2,"one-point",1,"degenerate",,,,,2,1,1.157546297171257,"SwitchDetected",1
123456,"TwoPole",130,51,3,0.7,1,"PairwiseSupport","two-point",2,2,"two-point",2,"degenerate",,,,,1,1,,"NoSwitchDetected",
123456,"TwoPole",131,51,3,0.7,1,"PairwiseSupport","one-point",1,1,"one-point",1,"degenerate",,,,,1,1,,"NoSwitchDetected",
123456,"TwoPole",132,51,3,0.7,1,"PairwiseSupport","two-point",2,2,"two-point",2,"degenerate",,,,,1,1,,"NoSwitchDetected",
123456,"TwoPole",133,51,3,0.7,1,"PairwiseSupport","two-point",2,2,"two-point",2,"degenerate",,,,,1,1,,"NoSwitchDetected",
123456,"TwoPole",134,51,3,0.7,1,"PairwiseSupport","two-point",2,2,"one-point",1,"degenerate",,,,,2,1,1.1844299226151727,"SwitchDetected",1
123456,"TwoPole",135,51,3,0.7,1,"PairwiseSupport","two-point",2,2,"two-point",2,"degenerate",,,,,1,1,,"NoSwitchDetected",
123456,"TwoPole",136,51,3,0.7,1,"PairwiseSupport","two-point",2,2,"two-point",2,"degenerate",,,,,1,1,,"NoSwitchDetected",
123456,"TwoPole",137,51,3,0.7,1,"PairwiseSupport","two-point",2,2,"two-point",2,"degenerate",,,,,1,1,,"NoSwitchDetected",
123456,"TwoPole",138,51,3,0.7,1,"PairwiseSupport","one-point",1,1,"one-point",1,"degenerate",,,,,1,1,,"NoSwitchDetected",
123456,"TwoPole",139,51,3,0.7,1,"PairwiseSupport","one-point",1,1,"one-point",1,"degenerate",,,,,1,1,,"NoSwitchDetected",
123456,"TwoPole",140,51,3,0.7,1,"PairwiseSupport","one-point",1,1,"one-point",1,"degenerate",,,,,1,1,,"NoSwitchDetected",
123456,"TwoPole",141,51,3,0.7,1,"PairwiseSupport","one-point",1,1,"one-point",1,"degenerate",,,,,1,1,,"NoSwitchDetected",
123456,"TwoPole",142,51,3,0.7,1,"PairwiseSupport","two-point",2,2,"one-point",1,"degenerate",,,,,2,1,1.3479295965117057,"SwitchDetected",1
123456,"TwoPole",143,51,3,0.7,1,"PairwiseSupport","two-point",2,2,"one-point",1,"degenerate",,,,,2,1,2.700450871787096,"SwitchDetected",1
123456,"TwoPole",144,51,3,0.7,1,"PairwiseSupport","two-point",2,2,"one-point",1,"degenerate",,,,,2,1,1.378515096755412,"SwitchDetected",1
123456,"TwoPole",145,51,3,0.7,1,"PairwiseSupport","two-point",2,2,"two-point",2,"degenerate",,,,,1,1,,"NoSwitchDetected",
123456,"TwoPole",146,51,3,0.7,1,"PairwiseSupport","two-point",2,2,"one-point",1,"degenerate",,,,,2,1,1.3479295965117057,"SwitchDetected",1
123456,"TwoPole",147,51,3,0.7,1,"PairwiseSupport","two-point",2,2,"one-point",1,"degenerate",,,,,2,1,1.378515096755412,"SwitchDetected",1
123456,"TwoPole",148,51,3,0.7,1,"PairwiseSupport","two-point",2,2,"two-point",2,"degenerate",,,,,1,1,,"NoSwitchDetected",
123456,"TwoPole",149,51,3,0.7,1,"PairwiseSupport","one-point",1,1,"one-point",1,"degenerate",,,,,1,1,,"NoSwitchDetected",
123456,"TwoPole",150,51,3,0.7,1,"PairwiseSupport","two-point",2,2,"two-point",2,"degenerate",,,,,1,1,,"NoSwitchDetected",
123456,"TwoPole",151,51,3,0.7,1,"PairwiseSupport","one-point",1,1,"one-point",1,"degenerate",,,,,1,1,,"NoSwitchDetected",
123456,"TwoPole",152,51,3,0.7,1,"PairwiseSupport","one-point",1,1,"one-point",1,"degenerate",,,,,1,1,,"NoSwitchDetected",
123456,"TwoPole",153,51,3,0.7,1,"PairwiseSupport","one-point",1,1,"one-point",1,"degenerate",,,,,1,1,,"NoSwitchDetected",
123456,"TwoPole",154,51,3,0.7,1,"PairwiseSupport","two-point",2,2,"two-point",2,"degenerate",,,,,1,1,,"NoSwitchDetected",
123456,"TwoPole",155,51,3,0.7,1,"PairwiseSupport","one-point",1,1,"one-point",1,"degenerate",,,,,1,1,,"NoSwitchDetected",
123456,"TwoPole",156,51,3,0.7,1,"PairwiseSupport","two-point",2,2,"two-point",2,"degenerate",,,,,1,1,,"NoSwitchDetected",
123456,"TwoPole",157,51,3,0.7,1,"PairwiseSupport","two-point",2,2,"one-point",1,"degenerate",,,,,2,1,1.169933063033857,"SwitchDetected",1
123456,"TwoPole",158,51,3,0.7,1,"PairwiseSupport","one-point",1,1,"one-point",1,"degenerate",,,,,1,1,,"NoSwitchDetected",
123456,"TwoPole",159,51,3,0.7,1,"PairwiseSupport","one-point",1,1,"one-point",1,"degenerate",,,,,1,1,,"NoSwitchDetected",
123456,"TwoPole",160,51,3,0.7,1,"PairwiseSupport","two-point",2,2,"two-point",2,"degenerate",,,,,1,1,,"NoSwitchDetected",
123456,"TwoPole",161,51,3,0.7,1,"PairwiseSupport","two-point",2,2,"two-point",2,"degenerate",,,,,1,1,,"NoSwitchDetected",
123456,"TwoPole",162,51,3,0.7,1,"PairwiseSupport","one-point",1,1,"one-point",1,"degenerate",,,,,1,1,,"NoSwitchDetected",
123456,"TwoPole",163,51,3,0.7,1,"PairwiseSupport","one-point",1,1,"one-point",1,"degenerate",,,,,1,1,,"NoSwitchDetected",
123456,"TwoPole",164,51,3,0.7,1,"PairwiseSupport","one-point",1,1,"one-point",1,"degenerate",,,,,1,1,,"NoSwitchDetected",
123456,"TwoPole",165,51,3,0.7,1,"PairwiseSupport","two-point",2,2,"two-point",2,"degenerate",,,,,1,1,,"NoSwitchDetected",
123456,"TwoPole",166,51,3,0.7,1,"PairwiseSupport","two-point",2,2,"one-point",1,"degenerate",,,,,2,1,1.1844299226151727,"SwitchDetected",1
123456,"TwoPole",167,51,3,0.7,1,"PairwiseSupport","one-point",1,1,"one-point",1,"degenerate",,,,,1,1,,"NoSwitchDetected",
123456,"TwoPole",168,51,3,0.7,1,"PairwiseSupport","one-point",1,1,"one-point",1,"degenerate",,,,,1,1,,"NoSwitchDetected",
123456,"TwoPole",169,51,3,0.7,1,"PairwiseSupport","two-point",2,2,"one-point",1,"degenerate",,,,,2,1,1.1844299226151727,"SwitchDetected",1
123456,"TwoPole",170,51,3,0.7,1,"PairwiseSupport","one-point",1,1,"one-point",1,"degenerate",,,,,1,1,,"NoSwitchDetected",
123456,"TwoPole",171,51,3,0.7,1,"PairwiseSupport","two-point",2,2,"two-point",2,"degenerate",,,,,1,1,,"NoSwitchDetected",
123456,"TwoPole",172,51,3,0.7,1,"PairwiseSupport","two-point",2,2,"one-point",1,"degenerate",,,,,2,1,2.169950542371748,"SwitchDetected",1
123456,"TwoPole",173,51,3,0.7,1,"PairwiseSupport","one-point",1,1,"one-point",1,"degenerate",,,,,1,1,,"NoSwitchDetected",
123456,"TwoPole",174,51,3,0.7,1,"PairwiseSupport","one-point",1,1,"one-point",1,"degenerate",,,,,1,1,,"NoSwitchDetected",
123456,"TwoPole",175,51,3,0.7,1,"PairwiseSupport","two-point",2,2,"one-point",1,"degenerate",,,,,2,1,1.3479295965117057,"SwitchDetected",1
123456,"TwoPole",176,51,3,0.7,1,"PairwiseSupport","two-point",2,2,"one-point",1,"degenerate",,,,,2,1,1.3219291661716357,"SwitchDetected",1
123456,"TwoPole",177,51,3,0.7,1,"PairwiseSupport","two-point",2,2,"two-point",2,"degenerate",,,,,1,1,,"NoSwitchDetected",
123456,"TwoPole",178,51,3,0.7,1,"PairwiseSupport","two-point",2,2,"one-point",1,"degenerate",,,,,2,1,2.632302987970758,"SwitchDetected",1
123456,"TwoPole",179,51,3,0.7,1,"PairwiseSupport","one-point",1,1,"one-point",1,"degenerate",,,,,1,1,,"NoSwitchDetected",
123456,"TwoPole",180,51,3,0.7,1,"PairwiseSupport","two-point",2,2,"one-point",1,"degenerate",,,,,2,1,1.169933063033857,"SwitchDetected",1
123456,"TwoPole",181,51,3,0.7,1,"PairwiseSupport","two-point",2,2,"two-point",2,"degenerate",,,,,1,1,,"NoSwitchDetected",
123456,"TwoPole",182,51,3,0.7,1,"PairwiseSupport","two-point",2,2,"two-point",2,"degenerate",,,,,1,1,,"NoSwitchDetected",
123456,"TwoPole",183,51,3,0.7,1,"PairwiseSupport","two-point",2,2,"one-point",1,"degenerate",,,,,2,1,1.2016403740604393,"SwitchDetected",1
123456,"TwoPole",184,51,3,0.7,1,"PairwiseSupport","one-point",1,1,"one-point",1,"degenerate",,,,,1,1,,"NoSwitchDetected",
123456,"TwoPole",185,51,3,0.7,1,"PairwiseSupport","two-point",2,2,"two-point",2,"degenerate",,,,,1,1,,"NoSwitchDetected",
123456,"TwoPole",186,51,3,0.7,1,"PairwiseSupport","two-point",2,2,"one-point",1,"degenerate",,,,,2,1,1.000005950963148,"SwitchDetected",1
123456,"TwoPole",187,51,3,0.7,1,"PairwiseSupport","one-point",1,1,"one-point",1,"degenerate",,,,,1,1,,"NoSwitchDetected",
123456,"TwoPole",188,51,3,0.7,1,"PairwiseSupport","two-point",2,2,"two-point",2,"degenerate",,,,,1,1,,"NoSwitchDetected",
123456,"TwoPole",189,51,3,0.7,1,"PairwiseSupport","one-point",1,1,"one-point",1,"degenerate",,,,,1,1,,"NoSwitchDetected",
123456,"TwoPole",190,51,3,0.7,1,"PairwiseSupport","one-point",1,1,"one-point",1,"degenerate",,,,,1,1,,"NoSwitchDetected",
123456,"TwoPole",191,51,3,0.7,1,"PairwiseSupport","one-point",1,1,"one-point",1,"degenerate",,,,,1,1,,"NoSwitchDetected",
123456,"TwoPole",192,51,3,0.7,1,"PairwiseSupport","one-point",1,1,"one-point",1,"degenerate",,,,,1,1,,"NoSwitchDetected",
123456,"TwoPole",193,51,3,0.7,1,"PairwiseSupport","one-point",1,1,"one-point",1,"degenerate",,,,,1,1,,"NoSwitchDetected",
123456,"TwoPole",194,51,3,0.7,1,"PairwiseSupport","one-point",1,1,"one-point",1,"degenerate",,,,,1,1,,"NoSwitchDetected",
123456,"TwoPole",195,51,3,0.7,1,"PairwiseSupport","two-point",2,2,"one-point",1,"degenerate",,,,,2,1,1.3219291661716357,"SwitchDetected",1
123456,"TwoPole",196,51,3,0.7,1,"PairwiseSupport","one-point",1,1,"one-point",1,"degenerate",,,,,1,1,,"NoSwitchDetected",
123456,"TwoPole",197,51,3,0.7,1,"PairwiseSupport","two-point",2,2,"one-point",1,"degenerate",,,,,2,1,1.3219291661716357,"SwitchDetected",1
123456,"TwoPole",198,51,3,0.7,1,"PairwiseSupport","one-point",1,1,"one-point",1,"degenerate",,,,,1,1,,"NoSwitchDetected",
123456,"TwoPole",199,51,3,0.7,1,"PairwiseSupport","two-point",2,2,"two-point",2,"degenerate",,,,,1,1,,"NoSwitchDetected",
123456,"TwoPole",200,51,3,0.7,1,"PairwiseSupport","one-point",1,1,"one-point",1,"degenerate",,,,,1,1,,"NoSwitchDetected",
123456,"TwoPole",1,51,3,0.7,2,"PairwiseSupport","two-point",2,2,"one-point",1,"degenerate",,,,,1,2,1.5849633566706869,"SwitchDetected",2
123456,"TwoPole",2,51,3,0.7,2,"PairwiseSupport","one-point",1,1,"one-point",1,"degenerate",,,,,2,2,,"NoSwitchDetected",
123456,"TwoPole",3,51,3,0.7,2,"PairwiseSupport","one-point",1,1,"one-point",1,"degenerate",,,,,1,1,,"NoSwitchDetected",
123456,"TwoPole",4,51,3,0.7,2,"PairwiseSupport","two-point",2,2,"one-point",1,"degenerate",,,,,1,2,1.4594365883531897,"SwitchDetected",2
123456,"TwoPole",5,51,3,0.7,2,"PairwiseSupport","two-point",2,2,"one-point",1,"degenerate",,,,,1,2,1.9260152239136705,"SwitchDetected",2
123456,"TwoPole",6,51,3,0.7,2,"PairwiseSupport","one-point",1,1,"one-point",1,"degenerate",,,,,1,1,,"NoSwitchDetected",
123456,"TwoPole",7,51,3,0.7,2,"PairwiseSupport","two-point",2,2,"one-point",1,"degenerate",,,,,1,2,1.000005950963148,"SwitchDetected",2
123456,"TwoPole",8,51,3,0.7,2,"PairwiseSupport","one-point",1,1,"one-point",1,"degenerate",,,,,1,2,1.5849633566706869,"SwitchDetected",2
123456,"TwoPole",9,51,3,0.7,2,"PairwiseSupport","one-point",1,1,"one-point",1,"degenerate",,,,,1,2,1.2801172607412672,"SwitchDetected",2
123456,"TwoPole",10,51,3,0.7,2,"PairwiseSupport","two-point",2,2,"one-point",1,"degenerate",,,,,1,2,2.8073734677162334,"SwitchDetected",2
123456,"TwoPole",11,51,3,0.7,2,"PairwiseSupport","two-point",2,2,"two-point",2,"degenerate",,,,,1,1,,"NoSwitchDetected",
123456,"TwoPole",12,51,3,0.7,2,"PairwiseSupport","one-point",1,1,"one-point",1,"degenerate",,,,,1,1,,"NoSwitchDetected",
123456,"TwoPole",13,51,3,0.7,2,"PairwiseSupport","one-point",1,1,"one-point",1,"degenerate",,,,,3,3,,"NoSwitchDetected",
123456,"TwoPole",14,51,3,0.7,2,"PairwiseSupport","two-point",2,2,"one-point",1,"degenerate",,,,,1,2,2.0874654921275706,"SwitchDetected",2
123456,"TwoPole",15,51,3,0.7,2,"PairwiseSupport","two-point",2,2,"one-point",1,"degenerate",,,,,1,2,2.584967147535138,"SwitchDetected",2
123456,"TwoPole",16,51,3,0.7,2,"PairwiseSupport","one-point",1,1,"one-point",1,"degenerate",,,,,2,2,,"NoSwitchDetected",
123456,"TwoPole",17,51,3,0.7,2,"PairwiseSupport","one-point",1,1,"one-point",1,"degenerate",,,,,1,2,1.000005950963148,"SwitchDetected",2
123456,"TwoPole",18,51,3,0.7,2,"PairwiseSupport","one-point",1,1,"one-point",1,"degenerate",,,,,1,2,2.0874654921275706,"SwitchDetected",2
123456,"TwoPole",19,51,3,0.7,2,"PairwiseSupport","one-point",1,1,"one-point",1,"degenerate",,,,,2,2,,"NoSwitchDetected",
123456,"TwoPole",20,51,3,0.7,2,"PairwiseSupport","one-point",1,1,"one-point",1,"degenerate",,,,,1,1,,"NoSwitchDetected",
123456,"TwoPole",21,51,3,0.7,2,"PairwiseSupport","one-point",1,1,"one-point",1,"degenerate",,,,,1,1,,"NoSwitchDetected",
123456,"TwoPole",22,51,3,0.7,2,"PairwiseSupport","two-point",2,2,"two-point",2,"degenerate",,,,,2,2,,"NoSwitchDetected",
123456,"TwoPole",23,51,3,0.7,2,"PairwiseSupport","one-point",1,1,"one-point",1,"degenerate",,,,,1,1,,"NoSwitchDetected",
123456,"TwoPole",24,51,3,0.7,2,"PairwiseSupport","two-point",2,2,"one-point",1,"degenerate",,,,,1,2,1.6438666786398168,"SwitchDetected",2
123456,"TwoPole",25,51,3,0.7,2,"PairwiseSupport","two-point",2,2,"one-point",1,"degenerate",,,,,1,2,2.584967147535138,"SwitchDetected",2
123456,"TwoPole",26,51,3,0.7,2,"PairwiseSupport","two-point",2,2,"one-point",1,"degenerate",,,,,1,2,2.00001159674693,"SwitchDetected",2
123456,"TwoPole",27,51,3,0.7,2,"PairwiseSupport","two-point",2,2,"one-point",1,"degenerate",,,,,1,2,3.4594831995785444,"SwitchDetected",2
123456,"TwoPole",28,51,3,0.7,2,"PairwiseSupport","two-point",2,2,"one-point",1,"degenerate",,,,,1,2,2.700450871787096,"SwitchDetected",2
123456,"TwoPole",29,51,3,0.7,2,"PairwiseSupport","two-point",2,2,"one-point",1,"degenerate",,,,,1,2,3.4594831995785444,"SwitchDetected",2
123456,"TwoPole",30,51,3,0.7,2,"PairwiseSupport","one-point",1,1,"one-point",1,"degenerate",,,,,1,1,,"NoSwitchDetected",
123456,"TwoPole",31,51,3,0.7,2,"PairwiseSupport","one-point",1,1,"one-point",1,"degenerate",,,,,1,1,,"NoSwitchDetected",
123456,"TwoPole",32,51,3,0.7,2,"PairwiseSupport","one-point",1,1,"one-point",1,"degenerate",,,,,2,2,,"NoSwitchDetected",
123456,"TwoPole",33,51,3,0.7,2,"PairwiseSupport","two-point",2,2,"one-point",1,"degenerate",,,,,1,2,3.000034790442517,"SwitchDetected",2
123456,"TwoPole",34,51,3,0.7,2,"PairwiseSupport","one-point",1,1,"one-point",1,"degenerate",,,,,2,2,,"NoSwitchDetected",
123456,"TwoPole",35,51,3,0.7,2,"PairwiseSupport","two-point",2,2,"one-point",1,"degenerate",,,,,1,2,2.3219378771076404,"SwitchDetected",2
123456,"TwoPole",36,51,3,0.7,2,"PairwiseSupport","one-point",1,1,"one-point",1,"degenerate",,,,,3,2,3.4594831995785444,"SwitchDetected",2
123456,"TwoPole",37,51,3,0.7,2,"PairwiseSupport","one-point",1,1,"one-point",1,"degenerate",,,,,2,2,,"NoSwitchDetected",
123456,"TwoPole",38,51,3,0.7,2,"PairwiseSupport","two-point",2,2,"one-point",1,"degenerate",,,,,1,2,1.247928006497086,"SwitchDetected",2
123456,"TwoPole",39,51,3,0.7,2,"PairwiseSupport","one-point",1,1,"one-point",1,"degenerate",,,,,3,2,1.4594365883531897,"SwitchDetected",2
123456,"TwoPole",40,51,3,0.7,2,"PairwiseSupport","one-point",1,1,"one-point",1,"degenerate",,,,,2,2,,"NoSwitchDetected",
123456,"TwoPole",41,51,3,0.7,2,"PairwiseSupport","one-point",1,1,"one-point",1,"degenerate",,,,,2,2,,"NoSwitchDetected",
123456,"TwoPole",42,51,3,0.7,2,"PairwiseSupport","two-point",2,2,"one-point",1,"degenerate",,,,,1,2,3.2479838869549367,"SwitchDetected",2
123456,"TwoPole",43,51,3,0.7,2,"PairwiseSupport","one-point",1,1,"one-point",1,"degenerate",,,,,1,2,2.00001159674693,"SwitchDetected",2
123456,"TwoPole",44,51,3,0.7,2,"PairwiseSupport","two-point",2,2,"one-point",1,"degenerate",,,,,1,2,2.00001159674693,"SwitchDetected",2
123456,"TwoPole",45,51,3,0.7,2,"PairwiseSupport","one-point",1,1,"one-point",1,"degenerate",,,,,1,2,1.3219291661716357,"SwitchDetected",2
123456,"TwoPole",46,51,3,0.7,2,"PairwiseSupport","one-point",1,1,"one-point",1,"degenerate",,,,,1,2,3.2479838869549367,"SwitchDetected",2
123456,"TwoPole",47,51,3,0.7,2,"PairwiseSupport","two-point",2,2,"one-point",1,"degenerate",,,,,1,2,1.807358665660985,"SwitchDetected",2
123456,"TwoPole",48,51,3,0.7,2,"PairwiseSupport","two-point",2,2,"one-point",1,"degenerate",,,,,1,2,1.000005950963148,"SwitchDetected",2
123456,"TwoPole",49,51,3,0.7,2,"PairwiseSupport","one-point",1,1,"one-point",1,"degenerate",,,,,1,2,1.9260152239136705,"SwitchDetected",2
123456,"TwoPole",50,51,3,0.7,2,"PairwiseSupport","one-point",1,1,"one-point",1,"degenerate",,,,,1,1,,"NoSwitchDetected",
123456,"TwoPole",51,51,3,0.7,2,"PairwiseSupport","one-point",1,1,"one-point",1,"degenerate",,,,,1,1,,"NoSwitchDetected",
123456,"TwoPole",52,51,3,0.7,2,"PairwiseSupport","two-point",2,2,"one-point",1,"degenerate",,,,,1,2,1.2016403740604393,"SwitchDetected",2
123456,"TwoPole",53,51,3,0.7,2,"PairwiseSupport","one-point",1,1,"one-point",1,"degenerate",,,,,2,2,,"NoSwitchDetected",
123456,"TwoPole",54,51,3,0.7,2,"PairwiseSupport","two-point",2,2,"one-point",1,"degenerate",,,,,1,2,1.2224008081692845,"SwitchDetected",2
123456,"TwoPole",55,51,3,0.7,2,"PairwiseSupport","one-point",1,1,"one-point",1,"degenerate",,,,,1,2,2.700450871787096,"SwitchDetected",2
123456,"TwoPole",56,51,3,0.7,2,"PairwiseSupport","two-point",2,2,"two-point",2,"degenerate",,,,,2,2,,"NoSwitchDetected",
123456,"TwoPole",57,51,3,0.7,2,"PairwiseSupport","one-point",1,1,"one-point",1,"degenerate",,,,,1,1,,"NoSwitchDetected",
123456,"TwoPole",58,51,3,0.7,2,"PairwiseSupport","two-point",2,2,"one-point",1,"degenerate",,,,,3,1,2.3219378771076404,"SwitchDetected",1
123456,"TwoPole",59,51,3,0.7,2,"PairwiseSupport","two-point",2,2,"one-point",1,"degenerate",,,,,1,2,1.3219291661716357,"SwitchDetected",2
123456,"TwoPole",60,51,3,0.7,2,"PairwiseSupport","two-point",2,2,"one-point",1,"degenerate",,,,,1,2,2.8073734677162334,"SwitchDetected",2
123456,"TwoPole",61,51,3,0.7,2,"PairwiseSupport","two-point",2,2,"one-point",1,"degenerate",,,,,1,2,1.5145786515036244,"SwitchDetected",2
123456,"TwoPole",62,51,3,0.7,2,"PairwiseSupport","two-point",2,2,"one-point",1,"degenerate",,,,,1,2,2.00001159674693,"SwitchDetected",2
123456,"TwoPole",63,51,3,0.7,2,"PairwiseSupport","two-point",2,2,"one-point",1,"degenerate",,,,,1,2,2.3219378771076404,"SwitchDetected",2
123456,"TwoPole",64,51,3,0.7,2,"PairwiseSupport","one-point",1,1,"one-point",1,"degenerate",,,,,1,2,1.000005950963148,"SwitchDetected",2
123456,"TwoPole",65,51,3,0.7,2,"PairwiseSupport","two-point",2,2,"two-point",2,"degenerate",,,,,2,2,,"NoSwitchDetected",
123456,"TwoPole",66,51,3,0.7,2,"PairwiseSupport","one-point",1,1,"one-point",1,"degenerate",,,,,2,2,,"NoSwitchDetected",
123456,"TwoPole",67,51,3,0.7,2,"PairwiseSupport","one-point",1,1,"one-point",1,"degenerate",,,,,1,2,1.7162099560394037,"SwitchDetected",2
123456,"TwoPole",68,51,3,0.7,2,"PairwiseSupport","one-point",1,1,"one-point",1,"degenerate",,,,,2,2,,"NoSwitchDetected",
123456,"TwoPole",69,51,3,0.7,2,"PairwiseSupport","two-point",2,2,"one-point",1,"degenerate",,,,,1,2,1.3219291661716357,"SwitchDetected",2
123456,"TwoPole",70,51,3,0.7,2,"PairwiseSupport","one-point",1,1,"one-point",1,"degenerate",,,,,3,2,1.378515096755412,"SwitchDetected",2
123456,"TwoPole",71,51,3,0.7,2,"PairwiseSupport","two-point",2,2,"one-point",1,"degenerate",,,,,1,2,1.807358665660985,"SwitchDetected",2
123456,"TwoPole",72,51,3,0.7,2,"PairwiseSupport","one-point",1,1,"one-point",1,"degenerate",,,,,1,1,,"NoSwitchDetected",
123456,"TwoPole",73,51,3,0.7,2,"PairwiseSupport","two-point",2,2,"one-point",1,"degenerate",,,,,1,2,2.3219378771076404,"SwitchDetected",2
123456,"TwoPole",74,51,3,0.7,2,"PairwiseSupport","two-point",2,2,"one-point",1,"degenerate",,,,,1,2,1.000005950963148,"SwitchDetected",2
123456,"TwoPole",75,51,3,0.7,2,"PairwiseSupport","one-point",1,1,"one-point",1,"degenerate",,,,,1,1,,"NoSwitchDetected",
123456,"TwoPole",76,51,3,0.7,2,"PairwiseSupport","one-point",1,1,"one-point",1,"degenerate",,,,,1,1,,"NoSwitchDetected",
123456,"TwoPole",77,51,3,0.7,2,"PairwiseSupport","one-point",1,1,"one-point",1,"degenerate",,,,,2,2,,"NoSwitchDetected",
123456,"TwoPole",78,51,3,0.7,2,"PairwiseSupport","two-point",2,2,"one-point",1,"degenerate",,,,,1,2,4.321928829565539,"SwitchDetected",2
123456,"TwoPole",79,51,3,0.7,2,"PairwiseSupport","two-point",2,2,"one-point",1,"degenerate",,,,,1,2,1.000005950963148,"SwitchDetected",2
123456,"TwoPole",80,51,3,0.7,2,"PairwiseSupport","one-point",1,1,"one-point",1,"degenerate",,,,,1,1,,"NoSwitchDetected",
123456,"TwoPole",81,51,3,0.7,2,"PairwiseSupport","one-point",1,1,"one-point",1,"degenerate",,,,,1,2,1.6780772986888488,"SwitchDetected",2
123456,"TwoPole",82,51,3,0.7,2,"PairwiseSupport","one-point",1,1,"one-point",1,"degenerate",,,,,2,2,,"NoSwitchDetected",
123456,"TwoPole",83,51,3,0.7,2,"PairwiseSupport","two-point",2,2,"one-point",1,"degenerate",,,,,1,2,1.4150462671072566,"SwitchDetected",2
123456,"TwoPole",84,51,3,0.7,2,"PairwiseSupport","one-point",1,1,"one-point",1,"degenerate",,,,,3,3,,"NoSwitchDetected",
123456,"TwoPole",85,51,3,0.7,2,"PairwiseSupport","two-point",2,2,"one-point",1,"degenerate",,,,,1,2,1.378515096755412,"SwitchDetected",2
123456,"TwoPole",86,51,3,0.7,2,"PairwiseSupport","two-point",2,2,"two-point",2,"degenerate",,,,,2,2,,"NoSwitchDetected",
123456,"TwoPole",87,51,3,0.7,2,"PairwiseSupport","two-point",2,2,"one-point",1,"degenerate",,,,,1,2,1.3219291661716357,"SwitchDetected",2
123456,"TwoPole",88,51,3,0.7,2,"PairwiseSupport","two-point",2,2,"one-point",1,"degenerate",,,,,1,2,1.807358665660985,"SwitchDetected",2
123456,"TwoPole",89,51,3,0.7,2,"PairwiseSupport","two-point",2,2,"one-point",1,"degenerate",,,,,1,2,2.700450871787096,"SwitchDetected",2
123456,"TwoPole",90,51,3,0.7,2,"PairwiseSupport","one-point",1,1,"one-point",1,"degenerate",,,,,2,2,,"NoSwitchDetected",
123456,"TwoPole",91,51,3,0.7,2,"PairwiseSupport","one-point",1,1,"one-point",1,"degenerate",,,,,3,2,1.5849633566706869,"SwitchDetected",2
123456,"TwoPole",92,51,3,0.7,2,"PairwiseSupport","one-point",1,1,"one-point",1,"degenerate",,,,,2,2,,"NoSwitchDetected",
123456,"TwoPole",93,51,3,0.7,2,"PairwiseSupport","one-point",1,1,"one-point",1,"degenerate",,,,,2,2,,"NoSwitchDetected",
123456,"TwoPole",94,51,3,0.7,2,"PairwiseSupport","two-point",2,2,"one-point",1,"degenerate",,,,,1,2,1.5145786515036244,"SwitchDetected",2
123456,"TwoPole",95,51,3,0.7,2,"PairwiseSupport","one-point",1,1,"one-point",1,"degenerate",,,,,1,1,,"NoSwitchDetected",
123456,"TwoPole",96,51,3,0.7,2,"PairwiseSupport","one-point",1,1,"one-point",1,"degenerate",,,,,2,2,,"NoSwitchDetected",
123456,"TwoPole",97,51,3,0.7,2,"PairwiseSupport","two-point",2,2,"one-point",1,"degenerate",,,,,1,2,2.3219378771076404,"SwitchDetected",2
123456,"TwoPole",98,51,3,0.7,2,"PairwiseSupport","two-point",2,2,"one-point",1,"degenerate",,,,,1,2,1.378515096755412,"SwitchDetected",2
123456,"TwoPole",99,51,3,0.7,2,"PairwiseSupport","one-point",1,1,"one-point",1,"degenerate",,,,,1,1,,"NoSwitchDetected",
123456,"TwoPole",100,51,3,0.7,2,"PairwiseSupport","one-point",1,1,"one-point",1,"degenerate",,,,,3,3,,"NoSwitchDetected",
123456,"TwoPole",101,51,3,0.7,2,"PairwiseSupport","one-point",1,1,"one-point",1,"degenerate",,,,,3,3,,"NoSwitchDetected",
123456,"TwoPole",102,51,3,0.7,2,"PairwiseSupport","one-point",1,1,"one-point",1,"degenerate",,,,,2,2,,"NoSwitchDetected",
123456,"TwoPole",103,51,3,0.7,2,"PairwiseSupport","two-point",2,2,"one-point",1,"degenerate",,,,,1,2,1.3219291661716357,"SwitchDetected",2
123456,"TwoPole",104,51,3,0.7,2,"PairwiseSupport","two-point",2,2,"one-point",1,"degenerate",,,,,1,2,1.000005950963148,"SwitchDetected",2
123456,"TwoPole",105,51,3,0.7,2,"PairwiseSupport","one-point",1,1,"one-point",1,"degenerate",,,,,2,2,,"NoSwitchDetected",
123456,"TwoPole",106,51,3,0.7,2,"PairwiseSupport","one-point",1,1,"one-point",1,"degenerate",,,,,1,2,1.2016403740604393,"SwitchDetected",2
123456,"TwoPole",107,51,3,0.7,2,"PairwiseSupport","one-point",1,1,"one-point",1,"degenerate",,,,,1,2,1.3219291661716357,"SwitchDetected",2
123456,"TwoPole",108,51,3,0.7,2,"PairwiseSupport","one-point",1,1,"one-point",1,"degenerate",,,,,1,1,,"NoSwitchDetected",
123456,"TwoPole",109,51,3,0.7,2,"PairwiseSupport","one-point",1,1,"one-point",1,"degenerate",,,,,1,1,,"NoSwitchDetected",
123456,"TwoPole",110,51,3,0.7,2,"PairwiseSupport","two-point",2,2,"one-point",1,"degenerate",,,,,1,2,3.4594831995785444,"SwitchDetected",2
123456,"TwoPole",111,51,3,0.7,2,"PairwiseSupport","one-point",1,1,"one-point",1,"degenerate",,,,,1,2,1.000005950963148,"SwitchDetected",2
123456,"TwoPole",112,51,3,0.7,2,"PairwiseSupport","one-point",1,1,"one-point",1,"degenerate",,,,,1,2,1.000005950963148,"SwitchDetected",3
123456,"TwoPole",113,51,3,0.7,2,"PairwiseSupport","two-point",2,2,"one-point",1,"degenerate",,,,,1,2,3.4594831995785444,"SwitchDetected",2
123456,"TwoPole",114,51,3,0.7,2,"PairwiseSupport","one-point",1,1,"one-point",1,"degenerate",,,,,2,2,,"NoSwitchDetected",
123456,"TwoPole",115,51,3,0.7,2,"PairwiseSupport","one-point",1,1,"one-point",1,"degenerate",,,,,1,2,1.000005950963148,"SwitchDetected",3
123456,"TwoPole",116,51,3,0.7,2,"PairwiseSupport","two-point",2,2,"one-point",1,"degenerate",,,,,1,2,3.000034790442517,"SwitchDetected",2
123456,"TwoPole",117,51,3,0.7,2,"PairwiseSupport","two-point",2,2,"one-point",1,"degenerate",,,,,1,2,1.6780772986888488,"SwitchDetected",2
123456,"TwoPole",118,51,3,0.7,2,"PairwiseSupport","one-point",1,1,"one-point",1,"degenerate",,,,,1,1,,"NoSwitchDetected",
123456,"TwoPole",119,51,3,0.7,2,"PairwiseSupport","one-point",1,1,"one-point",1,"degenerate",,,,,3,3,,"NoSwitchDetected",
123456,"TwoPole",120,51,3,0.7,2,"PairwiseSupport","one-point",1,1,"one-point",1,"degenerate",,,,,2,2,,"NoSwitchDetected",
123456,"TwoPole",121,51,3,0.7,2,"PairwiseSupport","two-point",2,2,"one-point",1,"degenerate",,,,,1,2,1.3479295965117057,"SwitchDetected",2
123456,"TwoPole",122,51,3,0.7,2,"PairwiseSupport","one-point",1,1,"one-point",1,"degenerate",,,,,1,2,1.000005950963148,"SwitchDetected",2
123456,"TwoPole",123,51,3,0.7,2,"PairwiseSupport","two-point",2,2,"one-point",1,"degenerate",,,,,1,2,3.4594831995785444,"SwitchDetected",2
123456,"TwoPole",124,51,3,0.7,2,"PairwiseSupport","two-point",2,2,"two-point",2,"degenerate",,,,,1,3,2.3219378771076404,"SwitchDetected",3
123456,"TwoPole",125,51,3,0.7,2,"PairwiseSupport","one-point",1,1,"one-point",1,"degenerate",,,,,1,1,,"NoSwitchDetected",
123456,"TwoPole",126,51,3,0.7,2,"PairwiseSupport","one-point",1,1,"one-point",1,"degenerate",,,,,1,1,,"NoSwitchDetected",
123456,"TwoPole",127,51,3,0.7,2,"PairwiseSupport","one-point",1,1,"one-point",1,"degenerate",,,,,1,1,,"NoSwitchDetected",
123456,"TwoPole",128,51,3,0.7,2,"PairwiseSupport","one-point",1,1,"one-point",1,"degenerate",,,,,2,2,,"NoSwitchDetected",
123456,"TwoPole",129,51,3,0.7,2,"PairwiseSupport","one-point",1,1,"one-point",1,"degenerate",,,,,1,1,,"NoSwitchDetected",
123456,"TwoPole",130,51,3,0.7,2,"PairwiseSupport","one-point",1,1,"one-point",1,"degenerate",,,,,1,2,1.000005950963148,"SwitchDetected",2
123456,"TwoPole",131,51,3,0.7,2,"PairwiseSupport","one-point",1,1,"one-point",1,"degenerate",,,,,1,2,2.0874654921275706,"SwitchDetected",2
123456,"TwoPole",132,51,3,0.7,2,"PairwiseSupport","one-point",1,1,"one-point",1,"degenerate",,,,,3,3,,"NoSwitchDetected",
123456,"TwoPole",133,51,3,0.7,2,"PairwiseSupport","two-point",2,2,"one-point",1,"degenerate",,,,,1,2,2.584967147535138,"SwitchDetected",2
123456,"TwoPole",134,51,3,0.7,2,"PairwiseSupport","one-point",1,1,"one-point",1,"degenerate",,,,,2,2,,"NoSwitchDetected",
123456,"TwoPole",135,51,3,0.7,2,"PairwiseSupport","one-point",1,1,"one-point",1,"degenerate",,,,,2,2,,"NoSwitchDetected",
123456,"TwoPole",136,51,3,0.7,2,"PairwiseSupport","one-point",1,1,"one-point",1,"degenerate",,,,,2,2,,"NoSwitchDetected",
123456,"TwoPole",137,51,3,0.7,2,"PairwiseSupport","one-point",1,1,"one-point",1,"degenerate",,,,,2,2,,"NoSwitchDetected",
123456,"TwoPole",138,51,3,0.7,2,"PairwiseSupport","two-point",2,2,"one-point",1,"degenerate",,,,,1,2,1.378515096755412,"SwitchDetected",2
123456,"TwoPole",139,51,3,0.7,2,"PairwiseSupport","one-point",1,1,"one-point",1,"degenerate",,,,,1,1,,"NoSwitchDetected",
123456,"TwoPole",140,51,3,0.7,2,"PairwiseSupport","one-point",1,1,"one-point",1,"degenerate",,,,,3,2,1.807358665660985,"SwitchDetected",2
123456,"TwoPole",141,51,3,0.7,2,"PairwiseSupport","two-point",2,2,"one-point",1,"degenerate",,,,,1,2,2.00001159674693,"SwitchDetected",2
123456,"TwoPole",142,51,3,0.7,2,"PairwiseSupport","one-point",1,1,"one-point",1,"degenerate",,,,,1,2,1.2801172607412672,"SwitchDetected",2
123456,"TwoPole",143,51,3,0.7,2,"PairwiseSupport","one-point",1,1,"one-point",1,"degenerate",,,,,1,1,,"NoSwitchDetected",
123456,"TwoPole",144,51,3,0.7,2,"PairwiseSupport","one-point",1,1,"one-point",1,"degenerate",,,,,1,1,,"NoSwitchDetected",
123456,"TwoPole",145,51,3,0.7,2,"PairwiseSupport","two-point",2,2,"one-point",1,"degenerate",,,,,1,2,1.000005950963148,"SwitchDetected",2
123456,"TwoPole",146,51,3,0.7,2,"PairwiseSupport","one-point",1,1,"one-point",1,"degenerate",,,,,1,1,,"NoSwitchDetected",
123456,"TwoPole",147,51,3,0.7,2,"PairwiseSupport","one-point",1,1,"one-point",1,"degenerate",,,,,3,2,1.247928006497086,"SwitchDetected",2
123456,"TwoPole",148,51,3,0.7,2,"PairwiseSupport","two-point",2,2,"one-point",1,"degenerate",,,,,1,2,2.0874654921275706,"SwitchDetected",2
123456,"TwoPole",149,51,3,0.7,2,"PairwiseSupport","two-point",2,2,"two-point",2,"degenerate",,,,,2,2,,"NoSwitchDetected",
123456,"TwoPole",150,51,3,0.7,2,"PairwiseSupport","one-point",1,1,"one-point",1,"degenerate",,,,,1,1,,"NoSwitchDetected",
123456,"TwoPole",151,51,3,0.7,2,"PairwiseSupport","two-point",2,2,"one-point",1,"degenerate",,,,,1,2,1.3219291661716357,"SwitchDetected",2
123456,"TwoPole",152,51,3,0.7,2,"PairwiseSupport","two-point",2,2,"one-point",1,"degenerate",,,,,1,2,2.3219378771076404,"SwitchDetected",2
123456,"TwoPole",153,51,3,0.7,2,"PairwiseSupport","one-point",1,1,"one-point",1,"degenerate",,,,,1,1,,"NoSwitchDetected",
123456,"TwoPole",154,51,3,0.7,2,"PairwiseSupport","one-point",1,1,"one-point",1,"degenerate",,,,,1,2,1.000005950963148,"SwitchDetected",2
123456,"TwoPole",155,51,3,0.7,2,"PairwiseSupport","one-point",1,1,"one-point",1,"degenerate",,,,,1,1,,"NoSwitchDetected",
123456,"TwoPole",156,51,3,0.7,2,"PairwiseSupport","one-point",1,1,"one-point",1,"degenerate",,,,,1,1,,"NoSwitchDetected",
123456,"TwoPole",157,51,3,0.7,2,"PairwiseSupport","one-point",1,1,"one-point",1,"degenerate",,,,,2,2,,"NoSwitchDetected",
123456,"TwoPole",158,51,3,0.7,2,"PairwiseSupport","one-point",1,1,"one-point",1,"degenerate",,,,,2,2,,"NoSwitchDetected",
123456,"TwoPole",159,51,3,0.7,2,"PairwiseSupport","one-point",1,1,"one-point",1,"degenerate",,,,,1,1,,"NoSwitchDetected",
123456,"TwoPole",160,51,3,0.7,2,"PairwiseSupport","one-point",1,1,"one-point",1,"degenerate",,,,,1,1,,"NoSwitchDetected",
123456,"TwoPole",161,51,3,0.7,2,"PairwiseSupport","two-point",2,2,"one-point",1,"degenerate",,,,,1,2,1.000005950963148,"SwitchDetected",2
123456,"TwoPole",162,51,3,0.7,2,"PairwiseSupport","one-point",1,1,"one-point",1,"degenerate",,,,,1,2,2.3219378771076404,"SwitchDetected",2
123456,"TwoPole",163,51,3,0.7,2,"PairwiseSupport","one-point",1,1,"one-point",1,"degenerate",,,,,1,1,,"NoSwitchDetected",
123456,"TwoPole",164,51,3,0.7,2,"PairwiseSupport","one-point",1,1,"one-point",1,"degenerate",,,,,1,1,,"NoSwitchDetected",
123456,"TwoPole",165,51,3,0.7,2,"PairwiseSupport","two-point",2,2,"one-point",1,"degenerate",,,,,1,2,1.6780772986888488,"SwitchDetected",2
123456,"TwoPole",166,51,3,0.7,2,"PairwiseSupport","two-point",2,2,"one-point",1,"degenerate",,,,,1,2,1.5145786515036244,"SwitchDetected",2
123456,"TwoPole",167,51,3,0.7,2,"PairwiseSupport","two-point",2,2,"one-point",1,"degenerate",,,,,1,2,1.807358665660985,"SwitchDetected",2
123456,"TwoPole",168,51,3,0.7,2,"PairwiseSupport","two-point",2,2,"one-point",1,"degenerate",,,,,1,2,3.000034790442517,"SwitchDetected",2
123456,"TwoPole",169,51,3,0.7,2,"PairwiseSupport","two-point",2,2,"one-point",1,"degenerate",,,,,1,2,1.6780772986888488,"SwitchDetected",2
123456,"TwoPole",170,51,3,0.7,2,"PairwiseSupport","one-point",1,1,"one-point",1,"degenerate",,,,,1,1,,"NoSwitchDetected",
123456,"TwoPole",171,51,3,0.7,2,"PairwiseSupport","one-point",1,1,"one-point",1,"degenerate",,,,,1,1,,"NoSwitchDetected",
123456,"TwoPole",172,51,3,0.7,2,"PairwiseSupport","one-point",1,1,"one-point",1,"degenerate",,,,,1,1,,"NoSwitchDetected",
123456,"TwoPole",173,51,3,0.7,2,"PairwiseSupport","two-point",2,2,"one-point",1,"degenerate",,,,,1,2,1.000005950963148,"SwitchDetected",2
123456,"TwoPole",174,51,3,0.7,2,"PairwiseSupport","two-point",2,2,"two-point",2,"degenerate",,,,,2,2,,"NoSwitchDetected",
123456,"TwoPole",175,51,3,0.7,2,"PairwiseSupport","one-point",1,1,"one-point",1,"degenerate",,,,,1,1,,"NoSwitchDetected",
123456,"TwoPole",176,51,3,0.7,2,"PairwiseSupport","one-point",1,1,"one-point",1,"degenerate",,,,,1,2,1.5849633566706869,"SwitchDetected",2
123456,"TwoPole",177,51,3,0.7,2,"PairwiseSupport","one-point",1,1,"one-point",1,"degenerate",,,,,1,2,1.000005950963148,"SwitchDetected",2
123456,"TwoPole",178,51,3,0.7,2,"PairwiseSupport","one-point",1,1,"one-point",1,"degenerate",,,,,1,2,1.2801172607412672,"SwitchDetected",2
123456,"TwoPole",179,51,3,0.7,2,"PairwiseSupport","two-point",2,2,"one-point",1,"degenerate",,,,,1,2,1.378515096755412,"SwitchDetected",2
123456,"TwoPole",180,51,3,0.7,2,"PairwiseSupport","one-point",1,1,"one-point",1,"degenerate",,,,,1,1,,"NoSwitchDetected",
123456,"TwoPole",181,51,3,0.7,2,"PairwiseSupport","two-point",2,2,"one-point",1,"degenerate",,,,,1,2,2.3219378771076404,"SwitchDetected",2
123456,"TwoPole",182,51,3,0.7,2,"PairwiseSupport","one-point",1,1,"one-point",1,"degenerate",,,,,2,2,,"NoSwitchDetected",
123456,"TwoPole",183,51,3,0.7,2,"PairwiseSupport","one-point",1,1,"one-point",1,"degenerate",,,,,1,1,,"NoSwitchDetected",
123456,"TwoPole",184,51,3,0.7,2,"PairwiseSupport","one-point",1,1,"one-point",1,"degenerate",,,,,1,1,,"NoSwitchDetected",
123456,"TwoPole",185,51,3,0.7,2,"PairwiseSupport","one-point",1,1,"one-point",1,"degenerate",,,,,2,2,,"NoSwitchDetected",
123456,"TwoPole",186,51,3,0.7,2,"PairwiseSupport","one-point",1,1,"one-point",1,"degenerate",,,,,1,1,,"NoSwitchDetected",
123456,"TwoPole",187,51,3,0.7,2,"PairwiseSupport","one-point",1,1,"one-point",1,"degenerate",,,,,3,3,,"NoSwitchDetected",
123456,"TwoPole",188,51,3,0.7,2,"PairwiseSupport","one-point",1,1,"one-point",1,"degenerate",,,,,1,2,1.000005950963148,"SwitchDetected",2
123456,"TwoPole",189,51,3,0.7,2,"PairwiseSupport","one-point",1,1,"one-point",1,"degenerate",,,,,1,2,1.4594365883531897,"SwitchDetected",2
123456,"TwoPole",190,51,3,0.7,2,"PairwiseSupport","one-point",1,1,"one-point",1,"degenerate",,,,,3,3,,"NoSwitchDetected",
123456,"TwoPole",191,51,3,0.7,2,"PairwiseSupport","one-point",1,1,"one-point",1,"degenerate",,,,,1,2,3.807430112486972,"SwitchDetected",2
123456,"TwoPole",192,51,3,0.7,2,"PairwiseSupport","two-point",2,2,"one-point",1,"degenerate",,,,,1,2,2.0874654921275706,"SwitchDetected",2
123456,"TwoPole",193,51,3,0.7,2,"PairwiseSupport","one-point",1,1,"one-point",1,"degenerate",,,,,1,1,,"NoSwitchDetected",
123456,"TwoPole",194,51,3,0.7,2,"PairwiseSupport","two-point",2,2,"two-point",2,"degenerate",,,,,1,1,,"NoSwitchDetected",
123456,"TwoPole",195,51,3,0.7,2,"PairwiseSupport","one-point",1,1,"one-point",1,"degenerate",,,,,1,2,1.000005950963148,"SwitchDetected",2
123456,"TwoPole",196,51,3,0.7,2,"PairwiseSupport","one-point",1,1,"one-point",1,"degenerate",,,,,1,1,,"NoSwitchDetected",
123456,"TwoPole",197,51,3,0.7,2,"PairwiseSupport","one-point",1,1,"one-point",1,"degenerate",,,,,1,1,,"NoSwitchDetected",
123456,"TwoPole",198,51,3,0.7,2,"PairwiseSupport","one-point",1,1,"one-point",1,"degenerate",,,,,3,2,1.2801172607412672,"SwitchDetected",2
123456,"TwoPole",199,51,3,0.7,2,"PairwiseSupport","two-point",2,2,"one-point",1,"degenerate",,,,,1,2,1.000005950963148,"SwitchDetected",2
123456,"TwoPole",200,51,3,0.7,2,"PairwiseSupport","one-point",1,1,"one-point",1,"degenerate",,,,,1,1,,"NoSwitchDetected",
123456,"TwoPole",1,51,3,0.7,3,"PairwiseSupport","one-point",1,1,"one-point",1,"degenerate",,,,,1,3,2.3219378771076404,"SwitchDetected",3
123456,"TwoPole",2,51,3,0.7,3,"PairwiseSupport","two-point",2,2,"one-point",1,"degenerate",,,,,2,1,1.6780772986888488,"SwitchDetected",1
123456,"TwoPole",3,51,3,0.7,3,"PairwiseSupport","one-point",1,1,"one-point",1,"degenerate",,,,,1,1,,"NoSwitchDetected",
123456,"TwoPole",4,51,3,0.7,3,"PairwiseSupport","two-point",2,2,"one-point",1,"degenerate",,,,,2,1,1.7162099560394037,"SwitchDetected",1
123456,"TwoPole",5,51,3,0.7,3,"PairwiseSupport","one-point",1,1,"one-point",1,"degenerate",,,,,1,1,,"NoSwitchDetected",
123456,"TwoPole",6,51,3,0.7,3,"PairwiseSupport","one-point",1,1,"one-point",1,"degenerate",,,,,2,3,1.000005950963148,"SwitchDetected",3
123456,"TwoPole",7,51,3,0.7,3,"PairwiseSupport","one-point",1,1,"one-point",1,"degenerate",,,,,1,1,,"NoSwitchDetected",
123456,"TwoPole",8,51,3,0.7,3,"PairwiseSupport","one-point",1,1,"one-point",1,"degenerate",,,,,3,3,,"NoSwitchDetected",
123456,"TwoPole",9,51,3,0.7,3,"PairwiseSupport","one-point",1,1,"one-point",1,"degenerate",,,,,3,3,,"NoSwitchDetected",
123456,"TwoPole",10,51,3,0.7,3,"PairwiseSupport","one-point",1,1,"one-point",1,"degenerate",,,,,3,3,,"NoSwitchDetected",
123456,"TwoPole",11,51,3,0.7,3,"PairwiseSupport","one-point",1,1,"one-point",1,"degenerate",,,,,2,2,,"NoSwitchDetected",
123456,"TwoPole",12,51,3,0.7,3,"PairwiseSupport","one-point",1,1,"one-point",1,"degenerate",,,,,1,1,,"NoSwitchDetected",
123456,"TwoPole",13,51,3,0.7,3,"PairwiseSupport","one-point",1,1,"one-point",1,"degenerate",,,,,3,3,,"NoSwitchDetected",
123456,"TwoPole",14,51,3,0.7,3,"PairwiseSupport","one-point",1,1,"one-point",1,"degenerate",,,,,2,2,,"NoSwitchDetected",
123456,"TwoPole",15,51,3,0.7,3,"PairwiseSupport","one-point",1,1,"one-point",1,"degenerate",,,,,2,3,1.000005950963148,"SwitchDetected",3
123456,"TwoPole",16,51,3,0.7,3,"PairwiseSupport","one-point",1,1,"one-point",1,"degenerate",,,,,2,2,,"NoSwitchDetected",
123456,"TwoPole",17,51,3,0.7,3,"PairwiseSupport","one-point",1,1,"one-point",1,"degenerate",,,,,1,3,1.807358665660985,"SwitchDetected",3
123456,"TwoPole",18,51,3,0.7,3,"PairwiseSupport","two-point",2,2,"one-point",1,"degenerate",,,,,2,1,1.000005950963148,"SwitchDetected",1
123456,"TwoPole",19,51,3,0.7,3,"PairwiseSupport","one-point",1,1,"one-point",1,"degenerate",,,,,2,2,,"NoSwitchDetected",
123456,"TwoPole",20,51,3,0.7,3,"PairwiseSupport","one-point",1,1,"one-point",1,"degenerate",,,,,1,1,,"NoSwitchDetected",
123456,"TwoPole",21,51,3,0.7,3,"PairwiseSupport","one-point",1,1,"one-point",1,"degenerate",,,,,1,1,,"NoSwitchDetected",
123456,"TwoPole",22,51,3,0.7,3,"PairwiseSupport","one-point",1,1,"one-point",1,"degenerate",,,,,3,3,,"NoSwitchDetected",
123456,"TwoPole",23,51,3,0.7,3,"PairwiseSupport","one-point",1,1,"one-point",1,"degenerate",,,,,2,2,,"NoSwitchDetected",
123456,"TwoPole",24,51,3,0.7,3,"PairwiseSupport","one-point",1,1,"one-point",1,"degenerate",,,,,1,1,,"NoSwitchDetected",
123456,"TwoPole",25,51,3,0.7,3,"PairwiseSupport","one-point",1,1,"one-point",1,"degenerate",,,,,2,2,,"NoSwitchDetected",
123456,"TwoPole",26,51,3,0.7,3,"PairwiseSupport","two-point",2,2,"one-point",1,"degenerate",,,,,2,1,2.700450871787096,"SwitchDetected",1
123456,"TwoPole",27,51,3,0.7,3,"PairwiseSupport","one-point",1,1,"one-point",1,"degenerate",,,,,3,3,,"NoSwitchDetected",
123456,"TwoPole",28,51,3,0.7,3,"PairwiseSupport","one-point",1,1,"one-point",1,"degenerate",,,,,1,1,,"NoSwitchDetected",
123456,"TwoPole",29,51,3,0.7,3,"PairwiseSupport","two-point",2,2,"two-point",2,"degenerate",,,,,1,1,,"NoSwitchDetected",
123456,"TwoPole",30,51,3,0.7,3,"PairwiseSupport","one-point",1,1,"one-point",1,"degenerate",,,,,1,1,,"NoSwitchDetected",
123456,"TwoPole",31,51,3,0.7,3,"PairwiseSupport","one-point",1,1,"one-point",1,"degenerate",,,,,2,2,,"NoSwitchDetected",
123456,"TwoPole",32,51,3,0.7,3,"PairwiseSupport","two-point",2,2,"one-point",1,"degenerate",,,,,2,1,2.700450871787096,"SwitchDetected",1
123456,"TwoPole",33,51,3,0.7,3,"PairwiseSupport","one-point",1,1,"one-point",1,"degenerate",,,,,2,2,,"NoSwitchDetected",
123456,"TwoPole",34,51,3,0.7,3,"PairwiseSupport","one-point",1,1,"one-point",1,"degenerate",,,,,1,1,,"NoSwitchDetected",
123456,"TwoPole",35,51,3,0.7,3,"PairwiseSupport","one-point",1,1,"one-point",1,"degenerate",,,,,1,1,,"NoSwitchDetected",
123456,"TwoPole",36,51,3,0.7,3,"PairwiseSupport","one-point",1,1,"one-point",1,"degenerate",,,,,1,3,1.4594365883531897,"SwitchDetected",3
123456,"TwoPole",37,51,3,0.7,3,"PairwiseSupport","one-point",1,1,"one-point",1,"degenerate",,,,,2,2,,"NoSwitchDetected",
123456,"TwoPole",38,51,3,0.7,3,"PairwiseSupport","two-point",2,2,"one-point",1,"degenerate",,,,,1,3,1.000005950963148,"SwitchDetected",3
123456,"TwoPole",39,51,3,0.7,3,"PairwiseSupport","one-point",1,1,"one-point",1,"degenerate",,,,,1,1,,"NoSwitchDetected",
123456,"TwoPole",40,51,3,0.7,3,"PairwiseSupport","one-point",1,1,"one-point",1,"degenerate",,,,,1,1,,"NoSwitchDetected",
123456,"TwoPole",41,51,3,0.7,3,"PairwiseSupport","one-point",1,1,"one-point",1,"degenerate",,,,,2,2,,"NoSwitchDetected",
123456,"TwoPole",42,51,3,0.7,3,"PairwiseSupport","one-point",1,1,"one-point",1,"degenerate",,,,,1,1,,"NoSwitchDetected",
123456,"TwoPole",43,51,3,0.7,3,"PairwiseSupport","two-point",2,2,"one-point",1,"degenerate",,,,,1,3,1.000005950963148,"SwitchDetected",3
123456,"TwoPole",44,51,3,0.7,3,"PairwiseSupport","one-point",1,1,"one-point",1,"degenerate",,,,,1,3,1.000005950963148,"SwitchDetected",3
123456,"TwoPole",45,51,3,0.7,3,"PairwiseSupport","one-point",1,1,"one-point",1,"degenerate",,,,,2,2,,"NoSwitchDetected",
123456,"TwoPole",46,51,3,0.7,3,"PairwiseSupport","two-point",2,2,"one-point",1,"degenerate",,,,,2,1,1.8930994998029955,"SwitchDetected",1
123456,"TwoPole",47,51,3,0.7,3,"PairwiseSupport","one-point",1,1,"one-point",1,"degenerate",,,,,1,1,,"NoSwitchDetected",
123456,"TwoPole",48,51,3,0.7,3,"PairwiseSupport","one-point",1,1,"one-point",1,"degenerate",,,,,2,3,2.3219378771076404,"SwitchDetected",3
123456,"TwoPole",49,51,3,0.7,3,"PairwiseSupport","one-point",1,1,"one-point",1,"degenerate",,,,,1,1,,"NoSwitchDetected",
123456,"TwoPole",50,51,3,0.7,3,"PairwiseSupport","one-point",1,1,"one-point",1,"degenerate",,,,,1,1,,"NoSwitchDetected",
123456,"TwoPole",51,51,3,0.7,3,"PairwiseSupport","one-point",1,1,"one-point",1,"degenerate",,,,,1,1,,"NoSwitchDetected",
123456,"TwoPole",52,51,3,0.7,3,"PairwiseSupport","one-point",1,1,"one-point",1,"degenerate",,,,,1,1,,"NoSwitchDetected",
123456,"TwoPole",53,51,3,0.7,3,"PairwiseSupport","two-point",2,2,"two-point",2,"degenerate",,,,,3,3,,"NoSwitchDetected",
123456,"TwoPole",54,51,3,0.7,3,"PairwiseSupport","one-point",1,1,"one-point",1,"degenerate",,,,,1,1,,"NoSwitchDetected",
123456,"TwoPole",55,51,3,0.7,3,"PairwiseSupport","two-point",2,2,"one-point",1,"degenerate",,,,,1,3,1.5849633566706869,"SwitchDetected",3
123456,"TwoPole",56,51,3,0.7,3,"PairwiseSupport","one-point",1,1,"one-point",1,"degenerate",,,,,1,1,,"NoSwitchDetected",
123456,"TwoPole",57,51,3,0.7,3,"PairwiseSupport","one-point",1,1,"one-point",1,"degenerate",,,,,1,1,,"NoSwitchDetected",
123456,"TwoPole",58,51,3,0.7,3,"PairwiseSupport","one-point",1,1,"one-point",1,"degenerate",,,,,3,3,,"NoSwitchDetected",
123456,"TwoPole",59,51,3,0.7,3,"PairwiseSupport","one-point",1,1,"one-point",1,"degenerate",,,,,3,3,,"NoSwitchDetected",
123456,"TwoPole",60,51,3,0.7,3,"PairwiseSupport","one-point",1,1,"one-point",1,"degenerate",,,,,1,1,,"NoSwitchDetected",
123456,"TwoPole",61,51,3,0.7,3,"PairwiseSupport","one-point",1,1,"one-point",1,"degenerate",,,,,3,3,,"NoSwitchDetected",
123456,"TwoPole",62,51,3,0.7,3,"PairwiseSupport","one-point",1,1,"one-point",1,"degenerate",,,,,1,1,,"NoSwitchDetected",
123456,"TwoPole",63,51,3,0.7,3,"PairwiseSupport","one-point",1,1,"one-point",1,"degenerate",,,,,1,1,,"NoSwitchDetected",
123456,"TwoPole",64,51,3,0.7,3,"PairwiseSupport","one-point",1,1,"one-point",1,"degenerate",,,,,1,1,,"NoSwitchDetected",
123456,"TwoPole",65,51,3,0.7,3,"PairwiseSupport","one-point",1,1,"one-point",1,"degenerate",,,,,1,1,,"NoSwitchDetected",
123456,"TwoPole",66,51,3,0.7,3,"PairwiseSupport","one-point",1,1,"one-point",1,"degenerate",,,,,2,2,,"NoSwitchDetected",
123456,"TwoPole",67,51,3,0.7,3,"PairwiseSupport","one-point",1,1,"one-point",1,"degenerate",,,,,3,1,2.3219378771076404,"SwitchDetected",1
123456,"TwoPole",68,51,3,0.7,3,"PairwiseSupport","two-point",2,2,"two-point",2,"degenerate",,,,,1,1,,"NoSwitchDetected",
123456,"TwoPole",69,51,3,0.7,3,"PairwiseSupport","one-point",1,1,"one-point",1,"degenerate",,,,,2,1,1.378515096755412,"SwitchDetected",1
123456,"TwoPole",70,51,3,0.7,3,"PairwiseSupport","one-point",1,1,"one-point",1,"degenerate",,,,,1,1,,"NoSwitchDetected",
123456,"TwoPole",71,51,3,0.7,3,"PairwiseSupport","one-point",1,1,"one-point",1,"degenerate",,,,,1,1,,"NoSwitchDetected",
123456,"TwoPole",72,51,3,0.7,3,"PairwiseSupport","one-point",1,1,"one-point",1,"degenerate",,,,,1,1,,"NoSwitchDetected",
123456,"TwoPole",73,51,3,0.7,3,"PairwiseSupport","one-point",1,1,"one-point",1,"degenerate",,,,,2,2,,"NoSwitchDetected",
123456,"TwoPole",74,51,3,0.7,3,"PairwiseSupport","one-point",1,1,"one-point",1,"degenerate",,,,,3,3,,"NoSwitchDetected",
123456,"TwoPole",75,51,3,0.7,3,"PairwiseSupport","two-point",2,2,"one-point",1,"degenerate",,,,,2,1,1.000005950963148,"SwitchDetected",1
123456,"TwoPole",76,51,3,0.7,3,"PairwiseSupport","two-point",2,2,"one-point",1,"degenerate",,,,,2,1,2.00001159674693,"SwitchDetected",1
123456,"TwoPole",77,51,3,0.7,3,"PairwiseSupport","one-point",1,1,"one-point",1,"degenerate",,,,,1,1,,"NoSwitchDetected",
123456,"TwoPole",78,51,3,0.7,3,"PairwiseSupport","one-point",1,1,"one-point",1,"degenerate",,,,,2,2,,"NoSwitchDetected",
123456,"TwoPole",79,51,3,0.7,3,"PairwiseSupport","one-point",1,1,"one-point",1,"degenerate",,,,,1,1,,"NoSwitchDetected",
123456,"TwoPole",80,51,3,0.7,3,"PairwiseSupport","one-point",1,1,"one-point",1,"degenerate",,,,,2,2,,"NoSwitchDetected",
123456,"TwoPole",81,51,3,0.7,3,"PairwiseSupport","one-point",1,1,"one-point",1,"degenerate",,,,,2,2,,"NoSwitchDetected",
123456,"TwoPole",82,51,3,0.7,3,"PairwiseSupport","one-point",1,1,"one-point",1,"degenerate",,,,,2,2,,"NoSwitchDetected",
123456,"TwoPole",83,51,3,0.7,3,"PairwiseSupport","one-point",1,1,"one-point",1,"degenerate",,,,,1,1,,"NoSwitchDetected",
123456,"TwoPole",84,51,3,0.7,3,"PairwiseSupport","one-point",1,1,"one-point",1,"degenerate",,,,,1,1,,"NoSwitchDetected",
123456,"TwoPole",85,51,3,0.7,3,"PairwiseSupport","one-point",1,1,"one-point",1,"degenerate",,,,,1,1,,"NoSwitchDetected",
123456,"TwoPole",86,51,3,0.7,3,"PairwiseSupport","one-point",1,1,"one-point",1,"degenerate",,,,,1,1,,"NoSwitchDetected",
123456,"TwoPole",87,51,3,0.7,3,"PairwiseSupport","one-point",1,1,"one-point",1,"degenerate",,,,,1,3,1.6780772986888488,"SwitchDetected",3
123456,"TwoPole",88,51,3,0.7,3,"PairwiseSupport","one-point",1,1,"one-point",1,"degenerate",,,,,2,2,,"NoSwitchDetected",
123456,"TwoPole",89,51,3,0.7,3,"PairwiseSupport","one-point",1,1,"one-point",1,"degenerate",,,,,1,1,,"NoSwitchDetected",
123456,"TwoPole",90,51,3,0.7,3,"PairwiseSupport","one-point",1,1,"one-point",1,"degenerate",,,,,1,1,,"NoSwitchDetected",
123456,"TwoPole",91,51,3,0.7,3,"PairwiseSupport","one-point",1,1,"one-point",1,"degenerate",,,,,1,1,,"NoSwitchDetected",
123456,"TwoPole",92,51,3,0.7,3,"PairwiseSupport","one-point",1,1,"one-point",1,"degenerate",,,,,3,3,,"NoSwitchDetected",
123456,"TwoPole",93,51,3,0.7,3,"PairwiseSupport","one-point",1,1,"one-point",1,"degenerate",,,,,2,2,,"NoSwitchDetected",
123456,"TwoPole",94,51,3,0.7,3,"PairwiseSupport","two-point",2,2,"two-point",2,"degenerate",,,,,1,1,,"NoSwitchDetected",
123456,"TwoPole",95,51,3,0.7,3,"PairwiseSupport","two-point",2,2,"one-point",1,"degenerate",,,,,1,3,2.3219378771076404,"SwitchDetected",3
123456,"TwoPole",96,51,3,0.7,3,"PairwiseSupport","one-point",1,1,"one-point",1,"degenerate",,,,,1,1,,"NoSwitchDetected",
123456,"TwoPole",97,51,3,0.7,3,"PairwiseSupport","two-point",2,2,"one-point",1,"degenerate",,,,,2,1,1.807358665660985,"SwitchDetected",1
123456,"TwoPole",98,51,3,0.7,3,"PairwiseSupport","one-point",1,1,"one-point",1,"degenerate",,,,,1,1,,"NoSwitchDetected",
123456,"TwoPole",99,51,3,0.7,3,"PairwiseSupport","one-point",1,1,"one-point",1,"degenerate",,,,,1,3,2.3219378771076404,"SwitchDetected",3
123456,"TwoPole",100,51,3,0.7,3,"PairwiseSupport","one-point",1,1,"one-point",1,"degenerate",,,,,2,2,,"NoSwitchDetected",
123456,"TwoPole",101,51,3,0.7,3,"PairwiseSupport","two-point",2,2,"one-point",1,"degenerate",,,,,2,1,2.700450871787096,"SwitchDetected",1
123456,"TwoPole",102,51,3,0.7,3,"PairwiseSupport","one-point",1,1,"one-point",1,"degenerate",,,,,2,2,,"NoSwitchDetected",
123456,"TwoPole",103,51,3,0.7,3,"PairwiseSupport","one-point",1,1,"one-point",1,"degenerate",,,,,1,3,3.4594831995785444,"SwitchDetected",3
123456,"TwoPole",104,51,3,0.7,3,"PairwiseSupport","one-point",1,1,"one-point",1,"degenerate",,,,,2,3,1.000005950963148,"SwitchDetected",3
123456,"TwoPole",105,51,3,0.7,3,"PairwiseSupport","two-point",2,2,"one-point",1,"degenerate",,,,,2,1,1.3219291661716357,"SwitchDetected",1
123456,"TwoPole",106,51,3,0.7,3,"PairwiseSupport","one-point",1,1,"one-point",1,"degenerate",,,,,2,1,1.6780772986888488,"SwitchDetected",1
123456,"TwoPole",107,51,3,0.7,3,"PairwiseSupport","two-point",2,2,"one-point",1,"degenerate",,,,,2,1,1.000005950963148,"SwitchDetected",1
123456,"TwoPole",108,51,3,0.7,3,"PairwiseSupport","one-point",1,1,"one-point",1,"degenerate",,,,,2,1,2.3219378771076404,"SwitchDetected",1
123456,"TwoPole",109,51,3,0.7,3,"PairwiseSupport","one-point",1,1,"one-point",1,"degenerate",,,,,3,3,,"NoSwitchDetected",
123456,"TwoPole",110,51,3,0.7,3,"PairwiseSupport","one-point",1,1,"one-point",1,"degenerate",,,,,2,1,2.00001159674693,"SwitchDetected",1
123456,"TwoPole",111,51,3,0.7,3,"PairwiseSupport","one-point",1,1,"one-point",1,"degenerate",,,,,1,1,,"NoSwitchDetected",
123456,"TwoPole",112,51,3,0.7,3,"PairwiseSupport","one-point",1,1,"one-point",1,"degenerate",,,,,2,2,,"NoSwitchDetected",
123456,"TwoPole",113,51,3,0.7,3,"PairwiseSupport","one-point",1,1,"one-point",1,"degenerate",,,,,2,3,1.000005950963148,"SwitchDetected",3
123456,"TwoPole",114,51,3,0.7,3,"PairwiseSupport","one-point",1,1,"one-point",1,"degenerate",,,,,1,1,,"NoSwitchDetected",
123456,"TwoPole",115,51,3,0.7,3,"PairwiseSupport","one-point",1,1,"one-point",1,"degenerate",,,,,1,1,,"NoSwitchDetected",
123456,"TwoPole",116,51,3,0.7,3,"PairwiseSupport","one-point",1,1,"one-point",1,"degenerate",,,,,1,1,,"NoSwitchDetected",
123456,"TwoPole",117,51,3,0.7,3,"PairwiseSupport","one-point",1,1,"one-point",1,"degenerate",,,,,1,3,1.000005950963148,"SwitchDetected",3
123456,"TwoPole",118,51,3,0.7,3,"PairwiseSupport","two-point",2,2,"one-point",1,"degenerate",,,,,1,3,1.5849633566706869,"SwitchDetected",3
123456,"TwoPole",119,51,3,0.7,3,"PairwiseSupport","two-point",2,2,"one-point",1,"degenerate",,,,,2,1,1.000005950963148,"SwitchDetected",1
123456,"TwoPole",120,51,3,0.7,3,"PairwiseSupport","one-point",1,1,"one-point",1,"degenerate",,,,,1,3,3.807430112486972,"SwitchDetected",3
123456,"TwoPole",121,51,3,0.7,3,"PairwiseSupport","one-point",1,1,"one-point",1,"degenerate",,,,,1,1,,"NoSwitchDetected",
123456,"TwoPole",122,51,3,0.7,3,"PairwiseSupport","one-point",1,1,"one-point",1,"degenerate",,,,,2,2,,"NoSwitchDetected",
123456,"TwoPole",123,51,3,0.7,3,"PairwiseSupport","one-point",1,1,"one-point",1,"degenerate",,,,,1,3,1.000005950963148,"SwitchDetected",3
123456,"TwoPole",124,51,3,0.7,3,"PairwiseSupport","one-point",1,1,"one-point",1,"degenerate",,,,,1,1,,"NoSwitchDetected",
123456,"TwoPole",125,51,3,0.7,3,"PairwiseSupport","two-point",2,2,"one-point",1,"degenerate",,,,,1,3,1.807358665660985,"SwitchDetected",3
123456,"TwoPole",126,51,3,0.7,3,"PairwiseSupport","one-point",1,1,"one-point",1,"degenerate",,,,,1,1,,"NoSwitchDetected",
123456,"TwoPole",127,51,3,0.7,3,"PairwiseSupport","one-point",1,1,"one-point",1,"degenerate",,,,,1,1,,"NoSwitchDetected",
123456,"TwoPole",128,51,3,0.7,3,"PairwiseSupport","one-point",1,1,"one-point",1,"degenerate",,,,,2,1,1.4594365883531897,"SwitchDetected",1
123456,"TwoPole",129,51,3,0.7,3,"PairwiseSupport","one-point",1,1,"one-point",1,"degenerate",,,,,3,3,,"NoSwitchDetected",
123456,"TwoPole",130,51,3,0.7,3,"PairwiseSupport","one-point",1,1,"one-point",1,"degenerate",,,,,1,3,1.807358665660985,"SwitchDetected",3
123456,"TwoPole",131,51,3,0.7,3,"PairwiseSupport","two-point",2,2,"two-point",2,"degenerate",,,,,3,3,,"NoSwitchDetected",
123456,"TwoPole",132,51,3,0.7,3,"PairwiseSupport","one-point",1,1,"one-point",1,"degenerate",,,,,1,1,,"NoSwitchDetected",
123456,"TwoPole",133,51,3,0.7,3,"PairwiseSupport","one-point",1,1,"one-point",1,"degenerate",,,,,2,2,,"NoSwitchDetected",
123456,"TwoPole",134,51,3,0.7,3,"PairwiseSupport","one-point",1,1,"one-point",1,"degenerate",,,,,2,1,1.4594365883531897,"SwitchDetected",1
123456,"TwoPole",135,51,3,0.7,3,"PairwiseSupport","one-point",1,1,"one-point",1,"degenerate",,,,,3,1,3.000034790442517,"SwitchDetected",1
123456,"TwoPole",136,51,3,0.7,3,"PairwiseSupport","one-point",1,1,"one-point",1,"degenerate",,,,,2,2,,"NoSwitchDetected",
123456,"TwoPole",137,51,3,0.7,3,"PairwiseSupport","two-point",2,2,"two-point",2,"degenerate",,,,,1,1,,"NoSwitchDetected",
123456,"TwoPole",138,51,3,0.7,3,"PairwiseSupport","one-point",1,1,"one-point",1,"degenerate",,,,,1,1,,"NoSwitchDetected",
123456,"TwoPole",139,51,3,0.7,3,"PairwiseSupport","one-point",1,1,"one-point",1,"degenerate",,,,,2,2,,"NoSwitchDetected",
123456,"TwoPole",140,51,3,0.7,3,"PairwiseSupport","one-point",1,1,"one-point",1,"degenerate",,,,,1,1,,"NoSwitchDetected",
123456,"TwoPole",141,51,3,0.7,3,"PairwiseSupport","one-point",1,1,"one-point",1,"degenerate",,,,,2,2,,"NoSwitchDetected",
123456,"TwoPole",142,51,3,0.7,3,"PairwiseSupport","one-point",1,1,"one-point",1,"degenerate",,,,,1,1,,"NoSwitchDetected",
123456,"TwoPole",143,51,3,0.7,3,"PairwiseSupport","one-point",1,1,"one-point",1,"degenerate",,,,,1,1,,"NoSwitchDetected",
123456,"TwoPole",144,51,3,0.7,3,"PairwiseSupport","two-point",2,2,"one-point",1,"degenerate",,,,,2,1,1.6780772986888488,"SwitchDetected",1
123456,"TwoPole",145,51,3,0.7,3,"PairwiseSupport","one-point",1,1,"one-point",1,"degenerate",,,,,2,2,,"NoSwitchDetected",
123456,"TwoPole",146,51,3,0.7,3,"PairwiseSupport","one-point",1,1,"one-point",1,"degenerate",,,,,1,1,,"NoSwitchDetected",
123456,"TwoPole",147,51,3,0.7,3,"PairwiseSupport","two-point",2,2,"two-point",2,"degenerate",,,,,1,1,,"NoSwitchDetected",
123456,"TwoPole",148,51,3,0.7,3,"PairwiseSupport","one-point",1,1,"one-point",1,"degenerate",,,,,3,3,,"NoSwitchDetected",
123456,"TwoPole",149,51,3,0.7,3,"PairwiseSupport","one-point",1,1,"one-point",1,"degenerate",,,,,1,3,1.000005950963148,"SwitchDetected",3
123456,"TwoPole",150,51,3,0.7,3,"PairwiseSupport","one-point",1,1,"one-point",1,"degenerate",,,,,1,1,,"NoSwitchDetected",
123456,"TwoPole",151,51,3,0.7,3,"PairwiseSupport","one-point",1,1,"one-point",1,"degenerate",,,,,2,2,,"NoSwitchDetected",
123456,"TwoPole",152,51,3,0.7,3,"PairwiseSupport","one-point",1,1,"one-point",1,"degenerate",,,,,1,1,,"NoSwitchDetected",
123456,"TwoPole",153,51,3,0.7,3,"PairwiseSupport","one-point",1,1,"one-point",1,"degenerate",,,,,2,2,,"NoSwitchDetected",
123456,"TwoPole",154,51,3,0.7,3,"PairwiseSupport","one-point",1,1,"one-point",1,"degenerate",,,,,1,1,,"NoSwitchDetected",
123456,"TwoPole",155,51,3,0.7,3,"PairwiseSupport","one-point",1,1,"one-point",1,"degenerate",,,,,3,1,3.000034790442517,"SwitchDetected",1
123456,"TwoPole",156,51,3,0.7,3,"PairwiseSupport","one-point",1,1,"one-point",1,"degenerate",,,,,1,1,,"NoSwitchDetected",
123456,"TwoPole",157,51,3,0.7,3,"PairwiseSupport","two-point",2,2,"one-point",1,"degenerate",,,,,1,3,1.000005950963148,"SwitchDetected",3
123456,"TwoPole",158,51,3,0.7,3,"PairwiseSupport","two-point",2,2,"two-point",2,"degenerate",,,,,3,3,,"NoSwitchDetected",
123456,"TwoPole",159,51,3,0.7,3,"PairwiseSupport","one-point",1,1,"one-point",1,"degenerate",,,,,1,1,,"NoSwitchDetected",
123456,"TwoPole",160,51,3,0.7,3,"PairwiseSupport","two-point",2,2,"one-point",1,"degenerate",,,,,2,1,2.00001159674693,"SwitchDetected",1
123456,"TwoPole",161,51,3,0.7,3,"PairwiseSupport","one-point",1,1,"one-point",1,"degenerate",,,,,1,1,,"NoSwitchDetected",
123456,"TwoPole",162,51,3,0.7,3,"PairwiseSupport","one-point",1,1,"one-point",1,"degenerate",,,,,2,2,,"NoSwitchDetected",
123456,"TwoPole",163,51,3,0.7,3,"PairwiseSupport","one-point",1,1,"one-point",1,"degenerate",,,,,2,1,2.3219378771076404,"SwitchDetected",1
123456,"TwoPole",164,51,3,0.7,3,"PairwiseSupport","one-point",1,1,"one-point",1,"degenerate",,,,,1,1,,"NoSwitchDetected",
123456,"TwoPole",165,51,3,0.7,3,"PairwiseSupport","two-point",2,2,"one-point",1,"degenerate",,,,,2,1,2.3219378771076404,"SwitchDetected",1
123456,"TwoPole",166,51,3,0.7,3,"PairwiseSupport","one-point",1,1,"one-point",1,"degenerate",,,,,1,1,,"NoSwitchDetected",
123456,"TwoPole",167,51,3,0.7,3,"PairwiseSupport","one-point",1,1,"one-point",1,"degenerate",,,,,1,1,,"NoSwitchDetected",
123456,"TwoPole",168,51,3,0.7,3,"PairwiseSupport","one-point",1,1,"one-point",1,"degenerate",,,,,1,1,,"NoSwitchDetected",
123456,"TwoPole",169,51,3,0.7,3,"PairwiseSupport","one-point",1,1,"one-point",1,"degenerate",,,,,1,1,,"NoSwitchDetected",
123456,"TwoPole",170,51,3,0.7,3,"PairwiseSupport","one-point",1,1,"one-point",1,"degenerate",,,,,1,1,,"NoSwitchDetected",
123456,"TwoPole",171,51,3,0.7,3,"PairwiseSupport","one-point",1,1,"one-point",1,"degenerate",,,,,2,2,,"NoSwitchDetected",
123456,"TwoPole",172,51,3,0.7,3,"PairwiseSupport","one-point",1,1,"one-point",1,"degenerate",,,,,2,2,,"NoSwitchDetected",
123456,"TwoPole",173,51,3,0.7,3,"PairwiseSupport","one-point",1,1,"one-point",1,"degenerate",,,,,1,3,1.000005950963148,"SwitchDetected",3
123456,"TwoPole",174,51,3,0.7,3,"PairwiseSupport","two-point",2,2,"one-point",1,"degenerate",,,,,2,1,2.00001159674693,"SwitchDetected",1
123456,"TwoPole",175,51,3,0.7,3,"PairwiseSupport","one-point",1,1,"one-point",1,"degenerate",,,,,1,1,,"NoSwitchDetected",
123456,"TwoPole",176,51,3,0.7,3,"PairwiseSupport","two-point",2,2,"two-point",2,"degenerate",,,,,1,1,,"NoSwitchDetected",
123456,"TwoPole",177,51,3,0.7,3,"PairwiseSupport","one-point",1,1,"one-point",1,"degenerate",,,,,1,1,,"NoSwitchDetected",
123456,"TwoPole",178,51,3,0.7,3,"PairwiseSupport","one-point",1,1,"one-point",1,"degenerate",,,,,1,1,,"NoSwitchDetected",
123456,"TwoPole",179,51,3,0.7,3,"PairwiseSupport","one-point",1,1,"one-point",1,"degenerate",,,,,1,1,,"NoSwitchDetected",
123456,"TwoPole",180,51,3,0.7,3,"PairwiseSupport","one-point",1,1,"one-point",1,"degenerate",,,,,2,1,2.00001159674693,"SwitchDetected",1
123456,"TwoPole",181,51,3,0.7,3,"PairwiseSupport","one-point",1,1,"one-point",1,"degenerate",,,,,1,1,,"NoSwitchDetected",
123456,"TwoPole",182,51,3,0.7,3,"PairwiseSupport","one-point",1,1,"one-point",1,"degenerate",,,,,2,2,,"NoSwitchDetected",
123456,"TwoPole",183,51,3,0.7,3,"PairwiseSupport","one-point",1,1,"one-point",1,"degenerate",,,,,1,1,,"NoSwitchDetected",
123456,"TwoPole",184,51,3,0.7,3,"PairwiseSupport","one-point",1,1,"one-point",1,"degenerate",,,,,1,1,,"NoSwitchDetected",
123456,"TwoPole",185,51,3,0.7,3,"PairwiseSupport","one-point",1,1,"one-point",1,"degenerate",,,,,1,1,,"NoSwitchDetected",
123456,"TwoPole",186,51,3,0.7,3,"PairwiseSupport","one-point",1,1,"one-point",1,"degenerate",,,,,2,2,,"NoSwitchDetected",
123456,"TwoPole",187,51,3,0.7,3,"PairwiseSupport","one-point",1,1,"one-point",1,"degenerate",,,,,1,1,,"NoSwitchDetected",
123456,"TwoPole",188,51,3,0.7,3,"PairwiseSupport","one-point",1,1,"one-point",1,"degenerate",,,,,1,1,,"NoSwitchDetected",
123456,"TwoPole",189,51,3,0.7,3,"PairwiseSupport","one-point",1,1,"one-point",1,"degenerate",,,,,2,2,,"NoSwitchDetected",
123456,"TwoPole",190,51,3,0.7,3,"PairwiseSupport","two-point",2,2,"one-point",1,"degenerate",,,,,2,1,1.000005950963148,"SwitchDetected",1
123456,"TwoPole",191,51,3,0.7,3,"PairwiseSupport","two-point",2,2,"one-point",1,"degenerate",,,,,2,1,1.000005950963148,"SwitchDetected",1
123456,"TwoPole",192,51,3,0.7,3,"PairwiseSupport","one-point",1,1,"one-point",1,"degenerate",,,,,1,1,,"NoSwitchDetected",
123456,"TwoPole",193,51,3,0.7,3,"PairwiseSupport","one-point",1,1,"one-point",1,"degenerate",,,,,2,2,,"NoSwitchDetected",
123456,"TwoPole",194,51,3,0.7,3,"PairwiseSupport","one-point",1,1,"one-point",1,"degenerate",,,,,2,2,,"NoSwitchDetected",
123456,"TwoPole",195,51,3,0.7,3,"PairwiseSupport","one-point",1,1,"one-point",1,"degenerate",,,,,1,1,,"NoSwitchDetected",
123456,"TwoPole",196,51,3,0.7,3,"PairwiseSupport","one-point",1,1,"one-point",1,"degenerate",,,,,1,1,,"NoSwitchDetected",
123456,"TwoPole",197,51,3,0.7,3,"PairwiseSupport","one-point",1,1,"one-point",1,"degenerate",,,,,2,1,2.700450871787096,"SwitchDetected",1
123456,"TwoPole",198,51,3,0.7,3,"PairwiseSupport","one-point",1,1,"one-point",1,"degenerate",,,,,1,1,,"NoSwitchDetected",
123456,"TwoPole",199,51,3,0.7,3,"PairwiseSupport","one-point",1,1,"one-point",1,"degenerate",,,,,1,1,,"NoSwitchDetected",
123456,"TwoPole",200,51,3,0.7,3,"PairwiseSupport","one-point",1,1,"one-point",1,"degenerate",,,,,1,1,,"NoSwitchDetected",
123456,"TwoPole",1,51,3,0.8,1,"PairwiseSupport","two-point",2,2,"one-point",1,"degenerate",,,,,2,1,1.2410158620748422,"SwitchDetected",1
123456,"TwoPole",2,51,3,0.8,1,"PairwiseSupport","one-point",1,1,"one-point",1,"degenerate",,,,,1,1,,"NoSwitchDetected",
123456,"TwoPole",3,51,3,0.8,1,"PairwiseSupport","two-point",2,2,"two-point",2,"degenerate",,,,,1,1,,"NoSwitchDetected",
123456,"TwoPole",4,51,3,0.8,1,"PairwiseSupport","one-point",1,1,"one-point",1,"degenerate",,,,,1,1,,"NoSwitchDetected",
123456,"TwoPole",5,51,3,0.8,1,"PairwiseSupport","one-point",1,1,"one-point",1,"degenerate",,,,,1,1,,"NoSwitchDetected",
123456,"TwoPole",6,51,3,0.8,1,"PairwiseSupport","two-point",2,2,"two-point",2,"degenerate",,,,,1,1,,"NoSwitchDetected",
123456,"TwoPole",7,51,3,0.8,1,"PairwiseSupport","one-point",1,1,"one-point",1,"degenerate",,,,,1,1,,"NoSwitchDetected",
123456,"TwoPole",8,51,3,0.8,1,"PairwiseSupport","two-point",2,2,"two-point",2,"degenerate",,,,,1,1,,"NoSwitchDetected",
123456,"TwoPole",9,51,3,0.8,1,"PairwiseSupport","one-point",1,1,"one-point",1,"degenerate",,,,,1,1,,"NoSwitchDetected",
123456,"TwoPole",10,51,3,0.8,1,"PairwiseSupport","one-point",1,1,"one-point",1,"degenerate",,,,,1,1,,"NoSwitchDetected",
123456,"TwoPole",11,51,3,0.8,1,"PairwiseSupport","one-point",1,1,"one-point",1,"degenerate",,,,,1,1,,"NoSwitchDetected",
123456,"TwoPole",12,51,3,0.8,1,"PairwiseSupport","one-point",1,1,"one-point",1,"degenerate",,,,,1,1,,"NoSwitchDetected",
123456,"TwoPole",13,51,3,0.8,1,"PairwiseSupport","one-point",1,1,"one-point",1,"degenerate",,,,,1,1,,"NoSwitchDetected",
123456,"TwoPole",14,51,3,0.8,1,"PairwiseSupport","one-point",1,1,"one-point",1,"degenerate",,,,,1,1,,"NoSwitchDetected",
123456,"TwoPole",15,51,3,0.8,1,"PairwiseSupport","two-point",2,2,"two-point",2,"degenerate",,,,,1,1,,"NoSwitchDetected",
123456,"TwoPole",16,51,3,0.8,1,"PairwiseSupport","two-point",2,2,"two-point",2,"degenerate",,,,,1,1,,"NoSwitchDetected",
123456,"TwoPole",17,51,3,0.8,1,"PairwiseSupport","one-point",1,1,"one-point",1,"degenerate",,,,,1,1,,"NoSwitchDetected",
123456,"TwoPole",18,51,3,0.8,1,"PairwiseSupport","two-point",2,2,"two-point",2,"degenerate",,,,,1,1,,"NoSwitchDetected",
123456,"TwoPole",19,51,3,0.8,1,"PairwiseSupport","one-point",1,1,"one-point",1,"degenerate",,,,,1,1,,"NoSwitchDetected",
123456,"TwoPole",20,51,3,0.8,1,"PairwiseSupport","one-point",1,1,"one-point",1,"degenerate",,,,,1,1,,"NoSwitchDetected",
123456,"TwoPole",21,51,3,0.8,1,"PairwiseSupport","two-point",2,2,"two-point",2,"degenerate",,,,,1,1,,"NoSwitchDetected",
123456,"TwoPole",22,51,3,0.8,1,"PairwiseSupport","one-point",1,1,"one-point",1,"degenerate",,,,,1,1,,"NoSwitchDetected",
123456,"TwoPole",23,51,3,0.8,1,"PairwiseSupport","one-point",1,1,"one-point",1,"degenerate",,,,,1,1,,"NoSwitchDetected",
123456,"TwoPole",24,51,3,0.8,1,"PairwiseSupport","two-point",2,2,"one-point",1,"degenerate",,,,,2,1,1.047310681127489,"SwitchDetected",1
123456,"TwoPole",25,51,3,0.8,1,"PairwiseSupport","two-point",2,2,"two-point",2,"degenerate",,,,,1,1,,"NoSwitchDetected",
123456,"TwoPole",26,51,3,0.8,1,"PairwiseSupport","one-point",1,1,"one-point",1,"degenerate",,,,,1,1,,"NoSwitchDetected",
123456,"TwoPole",27,51,3,0.8,1,"PairwiseSupport","two-point",2,2,"two-point",2,"degenerate",,,,,1,1,,"NoSwitchDetected",
123456,"TwoPole",28,51,3,0.8,1,"PairwiseSupport","one-point",1,1,"one-point",1,"degenerate",,,,,1,1,,"NoSwitchDetected",
123456,"TwoPole",29,51,3,0.8,1,"PairwiseSupport","two-point",2,2,"one-point",1,"degenerate",,,,,2,1,1.1805771850792885,"SwitchDetected",1
123456,"TwoPole",30,51,3,0.8,1,"PairwiseSupport","one-point",1,1,"one-point",1,"degenerate",,,,,1,1,,"NoSwitchDetected",
123456,"TwoPole",31,51,3,0.8,1,"PairwiseSupport","one-point",1,1,"one-point",1,"degenerate",,,,,1,1,,"NoSwitchDetected",
123456,"TwoPole",32,51,3,0.8,1,"PairwiseSupport","one-point",1,1,"one-point",1,"degenerate",,,,,1,1,,"NoSwitchDetected",
123456,"TwoPole",33,51,3,0.8,1,"PairwiseSupport","one-point",1,1,"one-point",1,"degenerate",,,,,1,1,,"NoSwitchDetected",
123456,"TwoPole",34,51,3,0.8,1,"PairwiseSupport","one-point",1,1,"one-point",1,"degenerate",,,,,1,1,,"NoSwitchDetected",
123456,"TwoPole",35,51,3,0.8,1,"PairwiseSupport","one-point",1,1,"one-point",1,"degenerate",,,,,1,1,,"NoSwitchDetected",
123456,"TwoPole",36,51,3,0.8,1,"PairwiseSupport","one-point",1,1,"one-point",1,"degenerate",,,,,1,1,,"NoSwitchDetected",
123456,"TwoPole",37,51,3,0.8,1,"PairwiseSupport","one-point",1,1,"one-point",1,"degenerate",,,,,1,1,,"NoSwitchDetected",
123456,"TwoPole",38,51,3,0.8,1,"PairwiseSupport","two-point",2,2,"two-point",2,"degenerate",,,,,1,1,,"NoSwitchDetected",
123456,"TwoPole",39,51,3,0.8,1,"PairwiseSupport","one-point",1,1,"one-point",1,"degenerate",,,,,1,1,,"NoSwitchDetected",
123456,"TwoPole",40,51,3,0.8,1,"PairwiseSupport","one-point",1,1,"one-point",1,"degenerate",,,,,1,1,,"NoSwitchDetected",
123456,"TwoPole",41,51,3,0.8,1,"PairwiseSupport","one-point",1,1,"one-point",1,"degenerate",,,,,1,1,,"NoSwitchDetected",
123456,"TwoPole",42,51,3,0.8,1,"PairwiseSupport","one-point",1,1,"one-point",1,"degenerate",,,,,1,1,,"NoSwitchDetected",
123456,"TwoPole",43,51,3,0.8,1,"PairwiseSupport","two-point",2,2,"two-point",2,"degenerate",,,,,1,1,,"NoSwitchDetected",
123456,"TwoPole",44,51,3,0.8,1,"PairwiseSupport","one-point",1,1,"one-point",1,"degenerate",,,,,1,1,,"NoSwitchDetected",
123456,"TwoPole",45,51,3,0.8,1,"PairwiseSupport","two-point",2,2,"two-point",2,"degenerate",,,,,1,1,,"NoSwitchDetected",
123456,"TwoPole",46,51,3,0.8,1,"PairwiseSupport","two-point",2,2,"two-point",2,"degenerate",,,,,1,1,,"NoSwitchDetected",
123456,"TwoPole",47,51,3,0.8,1,"PairwiseSupport","two-point",2,2,"two-point",2,"degenerate",,,,,1,1,,"NoSwitchDetected",
123456,"TwoPole",48,51,3,0.8,1,"PairwiseSupport","two-point",2,2,"two-point",2,"degenerate",,,,,1,1,,"NoSwitchDetected",
123456,"TwoPole",49,51,3,0.8,1,"PairwiseSupport","two-point",2,2,"two-point",2,"degenerate",,,,,1,1,,"NoSwitchDetected",
123456,"TwoPole",50,51,3,0.8,1,"PairwiseSupport","two-point",2,2,"two-point",2,"degenerate",,,,,1,1,,"NoSwitchDetected",
123456,"TwoPole",51,51,3,0.8,1,"PairwiseSupport","two-point",2,2,"two-point",2,"degenerate",,,,,1,1,,"NoSwitchDetected",
123456,"TwoPole",52,51,3,0.8,1,"PairwiseSupport","one-point",1,1,"one-point",1,"degenerate",,,,,1,1,,"NoSwitchDetected",
123456,"TwoPole",53,51,3,0.8,1,"PairwiseSupport","two-point",2,2,"two-point",2,"degenerate",,,,,1,1,,"NoSwitchDetected",
123456,"TwoPole",54,51,3,0.8,1,"PairwiseSupport","two-point",2,2,"two-point",2,"degenerate",,,,,1,1,,"NoSwitchDetected",
123456,"TwoPole",55,51,3,0.8,1,"PairwiseSupport","two-point",2,2,"two-point",2,"degenerate",,,,,1,1,,"NoSwitchDetected",
123456,"TwoPole",56,51,3,0.8,1,"PairwiseSupport","two-point",2,2,"two-point",2,"degenerate",,,,,1,1,,"NoSwitchDetected",
123456,"TwoPole",57,51,3,0.8,1,"PairwiseSupport","two-point",2,2,"two-point",2,"degenerate",,,,,1,1,,"NoSwitchDetected",
123456,"TwoPole",58,51,3,0.8,1,"PairwiseSupport","one-point",1,1,"one-point",1,"degenerate",,,,,1,1,,"NoSwitchDetected",
123456,"TwoPole",59,51,3,0.8,1,"PairwiseSupport","two-point",2,2,"two-point",2,"degenerate",,,,,1,1,,"NoSwitchDetected",
123456,"TwoPole",60,51,3,0.8,1,"PairwiseSupport","one-point",1,1,"one-point",1,"degenerate",,,,,1,1,,"NoSwitchDetected",
123456,"TwoPole",61,51,3,0.8,1,"PairwiseSupport","one-point",1,1,"one-point",1,"degenerate",,,,,1,1,,"NoSwitchDetected",
123456,"TwoPole",62,51,3,0.8,1,"PairwiseSupport","two-point",2,2,"two-point",2,"degenerate",,,,,1,1,,"NoSwitchDetected",
123456,"TwoPole",63,51,3,0.8,1,"PairwiseSupport","two-point",2,2,"two-point",2,"degenerate",,,,,1,1,,"NoSwitchDetected",
123456,"TwoPole",64,51,3,0.8,1,"PairwiseSupport","one-point",1,1,"one-point",1,"degenerate",,,,,1,1,,"NoSwitchDetected",
123456,"TwoPole",65,51,3,0.8,1,"PairwiseSupport","two-point",2,2,"two-point",2,"degenerate",,,,,1,1,,"NoSwitchDetected",
123456,"TwoPole",66,51,3,0.8,1,"PairwiseSupport","one-point",1,1,"one-point",1,"degenerate",,,,,1,1,,"NoSwitchDetected",
123456,"TwoPole",67,51,3,0.8,1,"PairwiseSupport","two-point",2,2,"two-point",2,"degenerate",,,,,1,1,,"NoSwitchDetected",
123456,"TwoPole",68,51,3,0.8,1,"PairwiseSupport","two-point",2,2,"two-point",2,"degenerate",,,,,1,1,,"NoSwitchDetected",
123456,"TwoPole",69,51,3,0.8,1,"PairwiseSupport","one-point",1,1,"one-point",1,"degenerate",,,,,1,1,,"NoSwitchDetected",
123456,"TwoPole",70,51,3,0.8,1,"PairwiseSupport","two-point",2,2,"two-point",2,"degenerate",,,,,1,1,,"NoSwitchDetected",
123456,"TwoPole",71,51,3,0.8,1,"PairwiseSupport","one-point",1,1,"one-point",1,"degenerate",,,,,1,1,,"NoSwitchDetected",
123456,"TwoPole",72,51,3,0.8,1,"PairwiseSupport","two-point",2,2,"one-point",1,"degenerate",,,,,2,1,1.9175536210444022,"SwitchDetected",1
123456,"TwoPole",73,51,3,0.8,1,"PairwiseSupport","two-point",2,2,"two-point",2,"degenerate",,,,,1,1,,"NoSwitchDetected",
123456,"TwoPole",74,51,3,0.8,1,"PairwiseSupport","one-point",1,1,"one-point",1,"degenerate",,,,,1,1,,"NoSwitchDetected",
123456,"TwoPole",75,51,3,0.8,1,"PairwiseSupport","one-point",1,1,"one-point",1,"degenerate",,,,,1,1,,"NoSwitchDetected",
123456,"TwoPole",76,51,3,0.8,1,"PairwiseSupport","two-point",2,2,"two-point",2,"degenerate",,,,,1,1,,"NoSwitchDetected",
123456,"TwoPole",77,51,3,0.8,1,"PairwiseSupport","one-point",1,1,"one-point",1,"degenerate",,,,,1,1,,"NoSwitchDetected",
123456,"TwoPole",78,51,3,0.8,1,"PairwiseSupport","one-point",1,1,"one-point",1,"degenerate",,,,,1,1,,"NoSwitchDetected",
123456,"TwoPole",79,51,3,0.8,1,"PairwiseSupport","two-point",2,2,"two-point",2,"degenerate",,,,,1,1,,"NoSwitchDetected",
123456,"TwoPole",80,51,3,0.8,1,"PairwiseSupport","one-point",1,1,"one-point",1,"degenerate",,,,,1,1,,"NoSwitchDetected",
123456,"TwoPole",81,51,3,0.8,1,"PairwiseSupport","one-point",1,1,"one-point",1,"degenerate",,,,,1,1,,"NoSwitchDetected",
123456,"TwoPole",82,51,3,0.8,1,"PairwiseSupport","one-point",1,1,"one-point",1,"degenerate",,,,,1,1,,"NoSwitchDetected",
123456,"TwoPole",83,51,3,0.8,1,"PairwiseSupport","two-point",2,2,"two-point",2,"degenerate",,,,,1,1,,"NoSwitchDetected",
123456,"TwoPole",84,51,3,0.8,1,"PairwiseSupport","one-point",1,1,"one-point",1,"degenerate",,,,,1,1,,"NoSwitchDetected",
123456,"TwoPole",85,51,3,0.8,1,"PairwiseSupport","two-point",2,2,"two-point",2,"degenerate",,,,,1,1,,"NoSwitchDetected",
123456,"TwoPole",86,51,3,0.8,1,"PairwiseSupport","two-point",2,2,"two-point",2,"degenerate",,,,,1,1,,"NoSwitchDetected",
123456,"TwoPole",87,51,3,0.8,1,"PairwiseSupport","two-point",2,2,"two-point",2,"degenerate",,,,,1,1,,"NoSwitchDetected",
123456,"TwoPole",88,51,3,0.8,1,"PairwiseSupport","one-point",1,1,"one-point",1,"degenerate",,,,,1,1,,"NoSwitchDetected",
123456,"TwoPole",89,51,3,0.8,1,"PairwiseSupport","one-point",1,1,"one-point",1,"degenerate",,,,,1,1,,"NoSwitchDetected",
123456,"TwoPole",90,51,3,0.8,1,"PairwiseSupport","two-point",2,2,"two-point",2,"degenerate",,,,,1,1,,"NoSwitchDetected",
123456,"TwoPole",91,51,3,0.8,1,"PairwiseSupport","two-point",2,2,"two-point",2,"degenerate",,,,,1,1,,"NoSwitchDetected",
123456,"TwoPole",92,51,3,0.8,1,"PairwiseSupport","one-point",1,1,"one-point",1,"degenerate",,,,,1,1,,"NoSwitchDetected",
123456,"TwoPole",93,51,3,0.8,1,"PairwiseSupport","two-point",2,2,"two-point",2,"degenerate",,,,,1,1,,"NoSwitchDetected",
123456,"TwoPole",94,51,3,0.8,1,"PairwiseSupport","one-point",1,1,"one-point",1,"degenerate",,,,,1,1,,"NoSwitchDetected",
123456,"TwoPole",95,51,3,0.8,1,"PairwiseSupport","one-point",1,1,"one-point",1,"degenerate",,,,,1,1,,"NoSwitchDetected",
123456,"TwoPole",96,51,3,0.8,1,"PairwiseSupport","one-point",1,1,"one-point",1,"degenerate",,,,,1,1,,"NoSwitchDetected",
123456,"TwoPole",97,51,3,0.8,1,"PairwiseSupport","two-point",2,2,"one-point",1,"degenerate",,,,,2,1,1.3985584195197238,"SwitchDetected",1
123456,"TwoPole",98,51,3,0.8,1,"PairwiseSupport","one-point",1,1,"one-point",1,"degenerate",,,,,1,1,,"NoSwitchDetected",
123456,"TwoPole",99,51,3,0.8,1,"PairwiseSupport","two-point",2,2,"two-point",2,"degenerate",,,,,1,1,,"NoSwitchDetected",
123456,"TwoPole",100,51,3,0.8,1,"PairwiseSupport","one-point",1,1,"one-point",1,"degenerate",,,,,1,1,,"NoSwitchDetected",
123456,"TwoPole",101,51,3,0.8,1,"PairwiseSupport","two-point",2,2,"two-point",2,"degenerate",,,,,1,1,,"NoSwitchDetected",
123456,"TwoPole",102,51,3,0.8,1,"PairwiseSupport","two-point",2,2,"two-point",2,"degenerate",,,,,1,1,,"NoSwitchDetected",
123456,"TwoPole",103,51,3,0.8,1,"PairwiseSupport","one-point",1,1,"one-point",1,"degenerate",,,,,1,1,,"NoSwitchDetected",
123456,"TwoPole",104,51,3,0.8,1,"PairwiseSupport","two-point",2,2,"one-point",1,"degenerate",,,,,2,1,1.4329654202196895,"SwitchDetected",1
123456,"TwoPole",105,51,3,0.8,1,"PairwiseSupport","two-point",2,2,"two-point",2,"degenerate",,,,,1,1,,"NoSwitchDetected",
123456,"TwoPole",106,51,3,0.8,1,"PairwiseSupport","two-point",2,2,"one-point",1,"degenerate",,,,,2,1,1.0506305290120936,"SwitchDetected",1
123456,"TwoPole",107,51,3,0.8,1,"PairwiseSupport","two-point",2,2,"two-point",2,"degenerate",,,,,1,1,,"NoSwitchDetected",
123456,"TwoPole",108,51,3,0.8,1,"PairwiseSupport","one-point",1,1,"one-point",1,"degenerate",,,,,1,1,,"NoSwitchDetected",
123456,"TwoPole",109,51,3,0.8,1,"PairwiseSupport","two-point",2,2,"two-point",2,"degenerate",,,,,1,1,,"NoSwitchDetected",
123456,"TwoPole",110,51,3,0.8,1,"PairwiseSupport","two-point",2,2,"two-point",2,"degenerate",,,,,1,1,,"NoSwitchDetected",
123456,"TwoPole",111,51,3,0.8,1,"PairwiseSupport","one-point",1,1,"one-point",1,"degenerate",,,,,1,1,,"NoSwitchDetected",
123456,"TwoPole",112,51,3,0.8,1,"PairwiseSupport","two-point",2,2,"two-point",2,"degenerate",,,,,1,1,,"NoSwitchDetected",
123456,"TwoPole",113,51,3,0.8,1,"PairwiseSupport","two-point",2,2,"two-point",2,"degenerate",,,,,1,1,,"NoSwitchDetected",
123456,"TwoPole",114,51,3,0.8,1,"PairwiseSupport","one-point",1,1,"one-point",1,"degenerate",,,,,1,1,,"NoSwitchDetected",
123456,"TwoPole",115,51,3,0.8,1,"PairwiseSupport","one-point",1,1,"one-point",1,"degenerate",,,,,1,1,,"NoSwitchDetected",
123456,"TwoPole",116,51,3,0.8,1,"PairwiseSupport","two-point",2,2,"two-point",2,"degenerate",,,,,1,1,,"NoSwitchDetected",
123456,"TwoPole",117,51,3,0.8,1,"PairwiseSupport","two-point",2,2,"one-point",1,"degenerate",,,,,2,1,1.054454287405083,"SwitchDetected",1
123456,"TwoPole",118,51,3,0.8,1,"PairwiseSupport","one-point",1,1,"one-point",1,"degenerate",,,,,1,1,,"NoSwitchDetected",
123456,"TwoPole",119,51,3,0.8,1,"PairwiseSupport","one-point",1,1,"one-point",1,"degenerate",,,,,1,1,,"NoSwitchDetected",
123456,"TwoPole",120,51,3,0.8,1,"PairwiseSupport","one-point",1,1,"one-point",1,"degenerate",,,,,1,1,,"NoSwitchDetected",
123456,"TwoPole",121,51,3,0.8,1,"PairwiseSupport","one-point",1,1,"one-point",1,"degenerate",,,,,1,1,,"NoSwitchDetected",
123456,"TwoPole",122,51,3,0.8,1,"PairwiseSupport","one-point",1,1,"one-point",1,"degenerate",,,,,1,1,,"NoSwitchDetected",
123456,"TwoPole",123,51,3,0.8,1,"PairwiseSupport","one-point",1,1,"one-point",1,"degenerate",,,,,1,1,,"NoSwitchDetected",
123456,"TwoPole",124,51,3,0.8,1,"PairwiseSupport","one-point",1,1,"one-point",1,"degenerate",,,,,1,1,,"NoSwitchDetected",
123456,"TwoPole",125,51,3,0.8,1,"PairwiseSupport","one-point",1,1,"one-point",1,"degenerate",,,,,1,1,,"NoSwitchDetected",
123456,"TwoPole",126,51,3,0.8,1,"PairwiseSupport","two-point",2,2,"one-point",1,"degenerate",,,,,2,1,1.0506305290120936,"SwitchDetected",1
123456,"TwoPole",127,51,3,0.8,1,"PairwiseSupport","one-point",1,1,"one-point",1,"degenerate",,,,,1,1,,"NoSwitchDetected",
123456,"TwoPole",128,51,3,0.8,1,"PairwiseSupport","two-point",2,2,"two-point",2,"degenerate",,,,,1,1,,"NoSwitchDetected",
123456,"TwoPole",129,51,3,0.8,1,"PairwiseSupport","two-point",2,2,"two-point",2,"degenerate",,,,,1,1,,"NoSwitchDetected",
123456,"TwoPole",130,51,3,0.8,1,"PairwiseSupport","one-point",1,1,"one-point",1,"degenerate",,,,,1,1,,"NoSwitchDetected",
123456,"TwoPole",131,51,3,0.8,1,"PairwiseSupport","two-point",2,2,"two-point",2,"degenerate",,,,,1,1,,"NoSwitchDetected",
123456,"TwoPole",132,51,3,0.8,1,"PairwiseSupport","two-point",2,2,"two-point",2,"degenerate",,,,,1,1,,"NoSwitchDetected",
123456,"TwoPole",133,51,3,0.8,1,"PairwiseSupport","one-point",1,1,"one-point",1,"degenerate",,,,,1,1,,"NoSwitchDetected",
123456,"TwoPole",134,51,3,0.8,1,"PairwiseSupport","two-point",2,2,"two-point",2,"degenerate",,,,,1,1,,"NoSwitchDetected",
123456,"TwoPole",135,51,3,0.8,1,"PairwiseSupport","two-point",2,2,"two-point",2,"degenerate",,,,,1,1,,"NoSwitchDetected",
123456,"TwoPole",136,51,3,0.8,1,"PairwiseSupport","two-point",2,2,"two-point",2,"degenerate",,,,,1,1,,"NoSwitchDetected",
123456,"TwoPole",137,51,3,0.8,1,"PairwiseSupport","one-point",1,1,"one-point",1,"degenerate",,,,,1,1,,"NoSwitchDetected",
123456,"TwoPole",138,51,3,0.8,1,"PairwiseSupport","two-point",2,2,"two-point",2,"degenerate",,,,,1,1,,"NoSwitchDetected",
123456,"TwoPole",139,51,3,0.8,1,"PairwiseSupport","two-point",2,2,"two-point",2,"degenerate",,,,,1,1,,"NoSwitchDetected",
123456,"TwoPole",140,51,3,0.8,1,"PairwiseSupport","one-point",1,1,"one-point",1,"degenerate",,,,,1,1,,"NoSwitchDetected",
123456,"TwoPole",141,51,3,0.8,1,"PairwiseSupport","two-point",2,2,"two-point",2,"degenerate",,,,,1,1,,"NoSwitchDetected",
123456,"TwoPole",142,51,3,0.8,1,"PairwiseSupport","two-point",2,2,"two-point",2,"degenerate",,,,,1,1,,"NoSwitchDetected",
123456,"TwoPole",143,51,3,0.8,1,"PairwiseSupport","one-point",1,1,"one-point",1,"degenerate",,,,,1,1,,"NoSwitchDetected",
123456,"TwoPole",144,51,3,0.8,1,"PairwiseSupport","one-point",1,1,"one-point",1,"degenerate",,,,,1,1,,"NoSwitchDetected",
123456,"TwoPole",145,51,3,0.8,1,"PairwiseSupport","one-point",1,1,"one-point",1,"degenerate",,,,,1,1,,"NoSwitchDetected",
123456,"TwoPole",146,51,3,0.8,1,"PairwiseSupport","two-point",2,2,"two-point",2,"degenerate",,,,,1,1,,"NoSwitchDetected",
123456,"TwoPole",147,51,3,0.8,1,"PairwiseSupport","one-point",1,1,"one-point",1,"degenerate",,,,,1,1,,"NoSwitchDetected",
123456,"TwoPole",148,51,3,0.8,1,"PairwiseSupport","one-point",1,1,"one-point",1,"degenerate",,,,,1,1,,"NoSwitchDetected",
123456,"TwoPole",149,51,3,0.8,1,"PairwiseSupport","two-point",2,2,"two-point",2,"degenerate",,,,,1,1,,"NoSwitchDetected",
123456,"TwoPole",150,51,3,0.8,1,"PairwiseSupport","two-point",2,2,"two-point",2,"degenerate",,,,,1,1,,"NoSwitchDetected",
123456,"TwoPole",151,51,3,0.8,1,"PairwiseSupport","one-point",1,1,"one-point",1,"degenerate",,,,,1,1,,"NoSwitchDetected",
123456,"TwoPole",152,51,3,0.8,1,"PairwiseSupport","two-point",2,2,"two-point",2,"degenerate",,,,,1,1,,"NoSwitchDetected",
123456,"TwoPole",153,51,3,0.8,1,"PairwiseSupport","one-point",1,1,"one-point",1,"degenerate",,,,,1,1,,"NoSwitchDetected",
123456,"TwoPole",154,51,3,0.8,1,"PairwiseSupport","two-point",2,2,"two-point",2,"degenerate",,,,,1,1,,"NoSwitchDetected",
123456,"TwoPole",155,51,3,0.8,1,"PairwiseSupport","two-point",2,2,"two-point",2,"degenerate",,,,,1,1,,"NoSwitchDetected",
123456,"TwoPole",156,51,3,0.8,1,"PairwiseSupport","two-point",2,2,"two-point",2,"degenerate",,,,,1,1,,"NoSwitchDetected",
123456,"TwoPole",157,51,3,0.8,1,"PairwiseSupport","one-point",1,1,"one-point",1,"degenerate",,,,,1,1,,"NoSwitchDetected",
123456,"TwoPole",158,51,3,0.8,1,"PairwiseSupport","two-point",2,2,"two-point",2,"degenerate",,,,,1,1,,"NoSwitchDetected",
123456,"TwoPole",159,51,3,0.8,1,"PairwiseSupport","one-point",1,1,"one-point",1,"degenerate",,,,,1,1,,"NoSwitchDetected",
123456,"TwoPole",160,51,3,0.8,1,"PairwiseSupport","two-point",2,2,"two-point",2,"degenerate",,,,,1,1,,"NoSwitchDetected",
123456,"TwoPole",161,51,3,0.8,1,"PairwiseSupport","one-point",1,1,"one-point",1,"degenerate",,,,,1,1,,"NoSwitchDetected",
123456,"TwoPole",162,51,3,0.8,1,"PairwiseSupport","one-point",1,1,"one-point",1,"degenerate",,,,,1,1,,"NoSwitchDetected",
123456,"TwoPole",163,51,3,0.8,1,"PairwiseSupport","one-point",1,1,"one-point",1,"degenerate",,,,,1,1,,"NoSwitchDetected",
123456,"TwoPole",164,51,3,0.8,1,"PairwiseSupport","one-point",1,1,"one-point",1,"degenerate",,,,,1,1,,"NoSwitchDetected",
123456,"TwoPole",165,51,3,0.8,1,"PairwiseSupport","two-point",2,2,"two-point",2,"degenerate",,,,,1,1,,"NoSwitchDetected",
123456,"TwoPole",166,51,3,0.8,1,"PairwiseSupport","two-point",2,2,"one-point",1,"degenerate",,,,,2,1,1.0506305290120936,"SwitchDetected",1
123456,"TwoPole",167,51,3,0.8,1,"PairwiseSupport","two-point",2,2,"one-point",1,"degenerate",,,,,2,1,1.3692370853151121,"SwitchDetected",1
123456,"TwoPole",168,51,3,0.8,1,"PairwiseSupport","one-point",1,1,"one-point",1,"degenerate",,,,,1,1,,"NoSwitchDetected",
123456,"TwoPole",169,51,3,0.8,1,"PairwiseSupport","two-point",2,2,"one-point",1,"degenerate",,,,,2,1,1.5405721292222576,"SwitchDetected",1
123456,"TwoPole",170,51,3,0.8,1,"PairwiseSupport","two-point",2,2,"two-point",2,"degenerate",,,,,1,1,,"NoSwitchDetected",
123456,"TwoPole",171,51,3,0.8,1,"PairwiseSupport","two-point",2,2,"two-point",2,"degenerate",,,,,1,1,,"NoSwitchDetected",
123456,"TwoPole",172,51,3,0.8,1,"PairwiseSupport","one-point",1,1,"one-point",1,"degenerate",,,,,1,1,,"NoSwitchDetected",
123456,"TwoPole",173,51,3,0.8,1,"PairwiseSupport","one-point",1,1,"one-point",1,"degenerate",,,,,1,1,,"NoSwitchDetected",
123456,"TwoPole",174,51,3,0.8,1,"PairwiseSupport","one-point",1,1,"one-point",1,"degenerate",,,,,1,1,,"NoSwitchDetected",
123456,"TwoPole",175,51,3,0.8,1,"PairwiseSupport","one-point",1,1,"one-point",1,"degenerate",,,,,1,1,,"NoSwitchDetected",
123456,"TwoPole",176,51,3,0.8,1,"PairwiseSupport","two-point",2,2,"two-point",2,"degenerate",,,,,1,1,,"NoSwitchDetected",
123456,"TwoPole",177,51,3,0.8,1,"PairwiseSupport","two-point",2,2,"two-point",2,"degenerate",,,,,1,1,,"NoSwitchDetected",
123456,"TwoPole",178,51,3,0.8,1,"PairwiseSupport","two-point",2,2,"two-point",2,"degenerate",,,,,1,1,,"NoSwitchDetected",
123456,"TwoPole",179,51,3,0.8,1,"PairwiseSupport","one-point",1,1,"one-point",1,"degenerate",,,,,1,1,,"NoSwitchDetected",
123456,"TwoPole",180,51,3,0.8,1,"PairwiseSupport","one-point",1,1,"one-point",1,"degenerate",,,,,1,1,,"NoSwitchDetected",
123456,"TwoPole",181,51,3,0.8,1,"PairwiseSupport","one-point",1,1,"one-point",1,"degenerate",,,,,1,1,,"NoSwitchDetected",
123456,"TwoPole",182,51,3,0.8,1,"PairwiseSupport","one-point",1,1,"one-point",1,"degenerate",,,,,1,1,,"NoSwitchDetected",
123456,"TwoPole",183,51,3,0.8,1,"PairwiseSupport","one-point",1,1,"one-point",1,"degenerate",,,,,1,1,,"NoSwitchDetected",
123456,"TwoPole",184,51,3,0.8,1,"PairwiseSupport","two-point",2,2,"two-point",2,"degenerate",,,,,1,1,,"NoSwitchDetected",
123456,"TwoPole",185,51,3,0.8,1,"PairwiseSupport","two-point",2,2,"two-point",2,"degenerate",,,,,1,1,,"NoSwitchDetected",
123456,"TwoPole",186,51,3,0.8,1,"PairwiseSupport","one-point",1,1,"one-point",1,"degenerate",,,,,1,1,,"NoSwitchDetected",
123456,"TwoPole",187,51,3,0.8,1,"PairwiseSupport","two-point",2,2,"one-point",1,"degenerate",,,,,2,1,1.0588995077933394,"SwitchDetected",1
123456,"TwoPole",188,51,3,0.8,1,"PairwiseSupport","two-point",2,2,"one-point",1,"degenerate",,,,,2,1,1.2410158620748422,"SwitchDetected",1
123456,"TwoPole",189,51,3,0.8,1,"PairwiseSupport","one-point",1,1,"one-point",1,"degenerate",,,,,1,1,,"NoSwitchDetected",
123456,"TwoPole",190,51,3,0.8,1,"PairwiseSupport","two-point",2,2,"two-point",2,"degenerate",,,,,1,1,,"NoSwitchDetected",
123456,"TwoPole",191,51,3,0.8,1,"PairwiseSupport","one-point",1,1,"one-point",1,"degenerate",,,,,1,1,,"NoSwitchDetected",
123456,"TwoPole",192,51,3,0.8,1,"PairwiseSupport","one-point",1,1,"one-point",1,"degenerate",,,,,1,1,,"NoSwitchDetected",
123456,"TwoPole",193,51,3,0.8,1,"PairwiseSupport","two-point",2,2,"two-point",2,"degenerate",,,,,1,1,,"NoSwitchDetected",
123456,"TwoPole",194,51,3,0.8,1,"PairwiseSupport","one-point",1,1,"one-point",1,"degenerate",,,,,1,1,,"NoSwitchDetected",
123456,"TwoPole",195,51,3,0.8,1,"PairwiseSupport","two-point",2,2,"two-point",2,"degenerate",,,,,1,1,,"NoSwitchDetected",
123456,"TwoPole",196,51,3,0.8,1,"PairwiseSupport","one-point",1,1,"one-point",1,"degenerate",,,,,1,1,,"NoSwitchDetected",
123456,"TwoPole",197,51,3,0.8,1,"PairwiseSupport","one-point",1,1,"one-point",1,"degenerate",,,,,1,1,,"NoSwitchDetected",
123456,"TwoPole",198,51,3,0.8,1,"PairwiseSupport","one-point",1,1,"one-point",1,"degenerate",,,,,1,1,,"NoSwitchDetected",
123456,"TwoPole",199,51,3,0.8,1,"PairwiseSupport","one-point",1,1,"one-point",1,"degenerate",,,,,1,1,,"NoSwitchDetected",
123456,"TwoPole",200,51,3,0.8,1,"PairwiseSupport","one-point",1,1,"one-point",1,"degenerate",,,,,1,1,,"NoSwitchDetected",
123456,"TwoPole",1,51,3,0.8,2,"PairwiseSupport","one-point",1,1,"one-point",1,"degenerate",,,,,2,2,,"NoSwitchDetected",
123456,"TwoPole",2,51,3,0.8,2,"PairwiseSupport","one-point",1,1,"one-point",1,"degenerate",,,,,1,2,1.1154841682301817,"SwitchDetected",2
123456,"TwoPole",3,51,3,0.8,2,"PairwiseSupport","one-point",1,1,"one-point",1,"degenerate",,,,,1,1,,"NoSwitchDetected",
123456,"TwoPole",4,51,3,0.8,2,"PairwiseSupport","one-point",1,1,"one-point",1,"degenerate",,,,,2,2,,"NoSwitchDetected",
123456,"TwoPole",5,51,3,0.8,2,"PairwiseSupport","one-point",1,1,"one-point",1,"degenerate",,,,,1,1,,"NoSwitchDetected",
123456,"TwoPole",6,51,3,0.8,2,"PairwiseSupport","two-point",2,2,"one-point",1,"degenerate",,,,,1,2,4.169956789891724,"SwitchDetected",2
123456,"TwoPole",7,51,3,0.8,2,"PairwiseSupport","one-point",1,1,"one-point",1,"degenerate",,,,,1,1,,"NoSwitchDetected",
123456,"TwoPole",8,51,3,0.8,2,"PairwiseSupport","one-point",1,1,"one-point",1,"degenerate",,,,,1,1,,"NoSwitchDetected",
123456,"TwoPole",9,51,3,0.8,2,"PairwiseSupport","one-point",1,1,"one-point",1,"degenerate",,,,,2,2,,"NoSwitchDetected",
123456,"TwoPole",10,51,3,0.8,2,"PairwiseSupport","one-point",1,1,"one-point",1,"degenerate",,,,,1,1,,"NoSwitchDetected",
123456,"TwoPole",11,51,3,0.8,2,"PairwiseSupport","one-point",1,1,"one-point",1,"degenerate",,,,,2,2,,"NoSwitchDetected",
123456,"TwoPole",12,51,3,0.8,2,"PairwiseSupport","two-point",2,2,"one-point",1,"degenerate",,,,,1,2,1.8744740769639563,"SwitchDetected",2
123456,"TwoPole",13,51,3,0.8,2,"PairwiseSupport","one-point",1,1,"one-point",1,"degenerate",,,,,1,1,,"NoSwitchDetected",
123456,"TwoPole",14,51,3,0.8,2,"PairwiseSupport","one-point",1,1,"one-point",1,"degenerate",,,,,1,1,,"NoSwitchDetected",
123456,"TwoPole",15,51,3,0.8,2,"PairwiseSupport","one-point",1,1,"one-point",1,"degenerate",,,,,1,1,,"NoSwitchDetected",
123456,"TwoPole",16,51,3,0.8,2,"PairwiseSupport","one-point",1,1,"one-point",1,"degenerate",,,,,2,2,,"NoSwitchDetected",
123456,"TwoPole",17,51,3,0.8,2,"PairwiseSupport","two-point",2,2,"one-point",1,"degenerate",,,,,1,2,2.8745095183915805,"SwitchDetected",2
123456,"TwoPole",18,51,3,0.8,2,"PairwiseSupport","two-point",2,2,"one-point",1,"degenerate",,,,,1,2,1.4150462671072566,"SwitchDetected",2
123456,"TwoPole",19,51,3,0.8,2,"PairwiseSupport","one-point",1,1,"one-point",1,"degenerate",,,,,1,2,2.8073734677162334,"SwitchDetected",2
123456,"TwoPole",20,51,3,0.8,2,"PairwiseSupport","two-point",2,2,"one-point",1,"degenerate",,,,,1,2,3.700445503464086,"SwitchDetected",2
123456,"TwoPole",21,51,3,0.8,2,"PairwiseSupport","one-point",1,1,"one-point",1,"degenerate",,,,,1,2,1.485432062947722,"SwitchDetected",2
123456,"TwoPole",22,51,3,0.8,2,"PairwiseSupport","two-point",2,2,"one-point",1,"degenerate",,,,,1,2,1.289508361163871,"SwitchDetected",2
123456,"TwoPole",23,51,3,0.8,2,"PairwiseSupport","one-point",1,1,"one-point",1,"degenerate",,,,,2,2,,"NoSwitchDetected",
123456,"TwoPole",24,51,3,0.8,2,"PairwiseSupport","one-point",1,1,"one-point",1,"degenerate",,,,,1,2,1.169933063033857,"SwitchDetected",2
123456,"TwoPole",25,51,3,0.8,2,"PairwiseSupport","two-point",2,2,"one-point",1,"degenerate",,,,,1,2,2.39234868949405,"SwitchDetected",2
123456,"TwoPole",26,51,3,0.8,2,"PairwiseSupport","one-point",1,1,"one-point",1,"degenerate",,,,,1,2,1.7369833590336334,"SwitchDetected",2
123456,"TwoPole",27,51,3,0.8,2,"PairwiseSupport","one-point",1,1,"one-point",1,"degenerate",,,,,1,1,,"NoSwitchDetected",
123456,"TwoPole",28,51,3,0.8,2,"PairwiseSupport","two-point",2,2,"one-point",1,"degenerate",,,,,1,2,2.4594359689508223,"SwitchDetected",2
123456,"TwoPole",29,51,3,0.8,2,"PairwiseSupport","one-point",1,1,"one-point",1,"degenerate",,,,,1,1,,"NoSwitchDetected",
123456,"TwoPole",30,51,3,0.8,2,"PairwiseSupport","one-point",1,1,"one-point",1,"degenerate",,,,,1,2,1.0995360661117537,"SwitchDetected",2
123456,"TwoPole",31,51,3,0.8,2,"PairwiseSupport","one-point",1,1,"one-point",1,"degenerate",,,,,1,2,1.0995360661117537,"SwitchDetected",2
123456,"TwoPole",32,51,3,0.8,2,"PairwiseSupport","two-point",2,2,"one-point",1,"degenerate",,,,,1,2,1.9068912400437852,"SwitchDetected",2
123456,"TwoPole",33,51,3,0.8,2,"PairwiseSupport","one-point",1,1,"one-point",1,"degenerate",,,,,1,1,,"NoSwitchDetected",
123456,"TwoPole",34,51,3,0.8,2,"PairwiseSupport","one-point",1,1,"one-point",1,"degenerate",,,,,1,2,1.0995360661117537,"SwitchDetected",2
123456,"TwoPole",35,51,3,0.8,2,"PairwiseSupport","two-point",2,2,"one-point",1,"degenerate",,,,,1,2,1.6629653237626216,"SwitchDetected",2
123456,"TwoPole",36,51,3,0.8,2,"PairwiseSupport","one-point",1,1,"one-point",1,"degenerate",,,,,1,1,,"NoSwitchDetected",
123456,"TwoPole",37,51,3,0.8,2,"PairwiseSupport","two-point",2,2,"one-point",1,"degenerate",,,,,1,2,2.8073734677162334,"SwitchDetected",2
123456,"TwoPole",38,51,3,0.8,2,"PairwiseSupport","one-point",1,1,"one-point",1,"degenerate",,,,,1,1,,"NoSwitchDetected",
123456,"TwoPole",39,51,3,0.8,2,"PairwiseSupport","two-point",2,2,"one-point",1,"degenerate",,,,,1,2,1.9068912400437852,"SwitchDetected",2
123456,"TwoPole",40,51,3,0.8,2,"PairwiseSupport","two-point",2,2,"one-point",1,"degenerate",,,,,1,2,2.8745095183915805,"SwitchDetected",2
123456,"TwoPole",41,51,3,0.8,2,"PairwiseSupport","one-point",1,1,"one-point",1,"degenerate",,,,,1,2,1.3219291661716357,"SwitchDetected",2
123456,"TwoPole",42,51,3,0.8,2,"PairwiseSupport","one-point",1,1,"one-point",1,"degenerate",,,,,1,1,,"NoSwitchDetected",
123456,"TwoPole",43,51,3,0.8,2,"PairwiseSupport","one-point",1,1,"one-point",1,"degenerate",,,,,2,2,,"NoSwitchDetected",
123456,"TwoPole",44,51,3,0.8,2,"PairwiseSupport","one-point",1,1,"one-point",1,"degenerate",,,,,1,2,1.4150462671072566,"SwitchDetected",2
123456,"TwoPole",45,51,3,0.8,2,"PairwiseSupport","one-point",1,1,"one-point",1,"degenerate",,,,,1,1,,"NoSwitchDetected",
123456,"TwoPole",46,51,3,0.8,2,"PairwiseSupport","one-point",1,1,"one-point",1,"degenerate",,,,,1,2,2.4150409410169296,"SwitchDetected",2
123456,"TwoPole",47,51,3,0.8,2,"PairwiseSupport","one-point",1,1,"one-point",1,"degenerate",,,,,1,2,1.3219291661716357,"SwitchDetected",2
123456,"TwoPole",48,51,3,0.8,2,"PairwiseSupport","one-point",1,1,"one-point",1,"degenerate",,,,,1,2,2.00001159674693,"SwitchDetected",2
123456,"TwoPole",49,51,3,0.8,2,"PairwiseSupport","one-point",1,1,"one-point",1,"degenerate",,,,,1,2,1.485432062947722,"SwitchDetected",2
123456,"TwoPole",50,51,3,0.8,2,"PairwiseSupport","one-point",1,1,"one-point",1,"degenerate",,,,,1,1,,"NoSwitchDetected",
123456,"TwoPole",51,51,3,0.8,2,"PairwiseSupport","one-point",1,1,"one-point",1,"degenerate",,,,,2,2,,"NoSwitchDetected",
123456,"TwoPole",52,51,3,0.8,2,"PairwiseSupport","one-point",1,1,"one-point",1,"degenerate",,,,,1,1,,"NoSwitchDetected",
123456,"TwoPole",53,51,3,0.8,2,"PairwiseSupport","two-point",2,2,"one-point",1,"degenerate",,,,,1,2,3.087512337376303,"SwitchDetected",2
123456,"TwoPole",54,51,3,0.8,2,"PairwiseSupport","one-point",1,1,"one-point",1,"degenerate",,,,,1,2,2.00001159674693,"SwitchDetected",2
123456,"TwoPole",55,51,3,0.8,2,"PairwiseSupport","two-point",2,2,"one-point",1,"degenerate",,,,,1,2,1.5849633566706869,"SwitchDetected",2
123456,"TwoPole",56,51,3,0.8,2,"PairwiseSupport","two-point",2,2,"one-point",1,"degenerate",,,,,1,2,2.00001159674693,"SwitchDetected",2
123456,"TwoPole",57,51,3,0.8,2,"PairwiseSupport","two-point",2,2,"one-point",1,"degenerate",,,,,1,2,2.4150409410169296,"SwitchDetected",2
123456,"TwoPole",58,51,3,0.8,2,"PairwiseSupport","one-point",1,1,"one-point",1,"degenerate",,,,,2,2,,"NoSwitchDetected",
123456,"TwoPole",59,51,3,0.8,2,"PairwiseSupport","one-point",1,1,"one-point",1,"degenerate",,,,,3,1,1.5849633566706869,"SwitchDetected",1
123456,"TwoPole",60,51,3,0.8,2,"PairwiseSupport","one-point",1,1,"one-point",1,"degenerate",,,,,2,2,,"NoSwitchDetected",
123456,"TwoPole",61,51,3,0.8,2,"PairwiseSupport","one-point",1,1,"one-point",1,"degenerate",,,,,1,2,1.485432062947722,"SwitchDetected",2
123456,"TwoPole",62,51,3,0.8,2,"PairwiseSupport","one-point",1,1,"one-point",1,"degenerate",,,,,2,2,,"NoSwitchDetected",
123456,"TwoPole",63,51,3,0.8,2,"PairwiseSupport","two-point",2,2,"two-point",2,"degenerate",,,,,2,2,,"NoSwitchDetected",
123456,"TwoPole",64,51,3,0.8,2,"PairwiseSupport","one-point",1,1,"one-point",1,"degenerate",,,,,1,1,,"NoSwitchDetected",
123456,"TwoPole",65,51,3,0.8,2,"PairwiseSupport","two-point",2,2,"one-point",1,"degenerate",,,,,1,2,1.5849633566706869,"SwitchDetected",2
123456,"TwoPole",66,51,3,0.8,2,"PairwiseSupport","one-point",1,1,"one-point",1,"degenerate",,,,,1,2,1.169933063033857,"SwitchDetected",2
123456,"TwoPole",67,51,3,0.8,2,"PairwiseSupport","one-point",1,1,"one-point",1,"degenerate",,,,,1,1,,"NoSwitchDetected",
123456,"TwoPole",68,51,3,0.8,2,"PairwiseSupport","two-point",2,2,"one-point",1,"degenerate",,,,,1,2,1.2410158620748422,"SwitchDetected",2
123456,"TwoPole",69,51,3,0.8,2,"PairwiseSupport","two-point",2,2,"one-point",1,"degenerate",,,,,1,2,3.5850262137536877,"SwitchDetected",2
123456,"TwoPole",70,51,3,0.8,2,"PairwiseSupport","one-point",1,1,"one-point",1,"degenerate",,,,,1,1,,"NoSwitchDetected",
123456,"TwoPole",71,51,3,0.8,2,"PairwiseSupport","two-point",2,2,"one-point",1,"degenerate",,,,,1,2,2.663005251162241,"SwitchDetected",2
123456,"TwoPole",72,51,3,0.8,2,"PairwiseSupport","two-point",2,2,"one-point",1,"degenerate",,,,,1,2,3.906929052181016,"SwitchDetected",2
123456,"TwoPole",73,51,3,0.8,2,"PairwiseSupport","one-point",1,1,"one-point",1,"degenerate",,,,,1,1,,"NoSwitchDetected",
123456,"TwoPole",74,51,3,0.8,2,"PairwiseSupport","two-point",2,2,"one-point",1,"degenerate",,,,,1,2,2.00001159674693,"SwitchDetected",2
123456,"TwoPole",75,51,3,0.8,2,"PairwiseSupport","one-point",1,1,"one-point",1,"degenerate",,,,,1,1,,"NoSwitchDetected",
123456,"TwoPole",76,51,3,0.8,2,"PairwiseSupport","two-point",2,2,"one-point",1,"degenerate",,,,,1,2,4.169956789891724,"SwitchDetected",2
123456,"TwoPole",77,51,3,0.8,2,"PairwiseSupport","one-point",1,1,"one-point",1,"degenerate",,,,,1,1,,"NoSwitchDetected",
123456,"TwoPole",78,51,3,0.8,2,"PairwiseSupport","two-point",2,2,"one-point",1,"degenerate",,,,,1,2,2.115479157514041,"SwitchDetected",2
123456,"TwoPole",79,51,3,0.8,2,"PairwiseSupport","two-point",2,2,"one-point",1,"degenerate",,,,,1,2,2.169950542371748,"SwitchDetected",2
123456,"TwoPole",80,51,3,0.8,2,"PairwiseSupport","one-point",1,1,"one-point",1,"degenerate",,,,,1,1,,"NoSwitchDetected",
123456,"TwoPole",81,51,3,0.8,2,"PairwiseSupport","one-point",1,1,"one-point",1,"degenerate",,,,,1,2,1.169933063033857,"SwitchDetected",2
123456,"TwoPole",82,51,3,0.8,2,"PairwiseSupport","one-point",1,1,"one-point",1,"degenerate",,,,,1,2,3.5850262137536877,"SwitchDetected",2
123456,"TwoPole",83,51,3,0.8,2,"PairwiseSupport","two-point",2,2,"one-point",1,"degenerate",,,,,1,2,2.8073734677162334,"SwitchDetected",2
123456,"TwoPole",84,51,3,0.8,2,"PairwiseSupport","one-point",1,1,"one-point",1,"degenerate",,,,,2,2,,"NoSwitchDetected",
123456,"TwoPole",85,51,3,0.8,2,"PairwiseSupport","one-point",1,1,"one-point",1,"degenerate",,,,,1,1,,"NoSwitchDetected",
123456,"TwoPole",86,51,3,0.8,2,"PairwiseSupport","one-point",1,1,"one-point",1,"degenerate",,,,,1,1,,"NoSwitchDetected",
123456,"TwoPole",87,51,3,0.8,2,"PairwiseSupport","one-point",1,1,"one-point",1,"degenerate",,,,,2,2,,"NoSwitchDetected",
123456,"TwoPole",88,51,3,0.8,2,"PairwiseSupport","two-point",2,2,"two-point",2,"degenerate",,,,,2,2,,"NoSwitchDetected",
123456,"TwoPole",89,51,3,0.8,2,"PairwiseSupport","one-point",1,1,"one-point",1,"degenerate",,,,,2,2,,"NoSwitchDetected",
123456,"TwoPole",90,51,3,0.8,2,"PairwiseSupport","two-point",2,2,"one-point",1,"degenerate",,,,,1,2,2.8745095183915805,"SwitchDetected",2
123456,"TwoPole",91,51,3,0.8,2,"PairwiseSupport","one-point",1,1,"one-point",1,"degenerate",,,,,1,2,1.1154841682301817,"SwitchDetected",2
123456,"TwoPole",92,51,3,0.8,2,"PairwiseSupport","one-point",1,1,"one-point",1,"degenerate",,,,,1,1,,"NoSwitchDetected",
123456,"TwoPole",93,51,3,0.8,2,"PairwiseSupport","one-point",1,1,"one-point",1,"degenerate",,,,,1,1,,"NoSwitchDetected",
123456,"TwoPole",94,51,3,0.8,2,"PairwiseSupport","one-point",1,1,"one-point",1,"degenerate",,,,,1,2,2.00001159674693,"SwitchDetected",2
123456,"TwoPole",95,51,3,0.8,2,"PairwiseSupport","two-point",2,2,"one-point",1,"degenerate",,,,,1,2,3.087512337376303,"SwitchDetected",2
123456,"TwoPole",96,51,3,0.8,2,"PairwiseSupport","one-point",1,1,"one-point",1,"degenerate",,,,,1,1,,"NoSwitchDetected",
123456,"TwoPole",97,51,3,0.8,2,"PairwiseSupport","two-point",2,2,"one-point",1,"degenerate",,,,,1,2,2.115479157514041,"SwitchDetected",2
123456,"TwoPole",98,51,3,0.8,2,"PairwiseSupport","one-point",1,1,"one-point",1,"degenerate",,,,,1,2,1.7369833590336334,"SwitchDetected",2
123456,"TwoPole",99,51,3,0.8,2,"PairwiseSupport","one-point",1,1,"one-point",1,"degenerate",,,,,1,1,,"NoSwitchDetected",
123456,"TwoPole",100,51,3,0.8,2,"PairwiseSupport","two-point",2,2,"two-point",2,"degenerate",,,,,1,1,,"NoSwitchDetected",
123456,"TwoPole",101,51,3,0.8,2,"PairwiseSupport","one-point",1,1,"one-point",1,"degenerate",,,,,2,2,,"NoSwitchDetected",
123456,"TwoPole",102,51,3,0.8,2,"PairwiseSupport","one-point",1,1,"one-point",1,"degenerate",,,,,1,1,,"NoSwitchDetected",
123456,"TwoPole",103,51,3,0.8,2,"PairwiseSupport","one-point",1,1,"one-point",1,"degenerate",,,,,1,1,,"NoSwitchDetected",
123456,"TwoPole",104,51,3,0.8,2,"PairwiseSupport","one-point",1,1,"one-point",1,"degenerate",,,,,1,1,,"NoSwitchDetected",
123456,"TwoPole",105,51,3,0.8,2,"PairwiseSupport","one-point",1,1,"one-point",1,"degenerate",,,,,1,1,,"NoSwitchDetected",
123456,"TwoPole",106,51,3,0.8,2,"PairwiseSupport","one-point",1,1,"one-point",1,"degenerate",,,,,3,3,,"NoSwitchDetected",
123456,"TwoPole",107,51,3,0.8,2,"PairwiseSupport","one-point",1,1,"one-point",1,"degenerate",,,,,1,2,1.3219291661716357,"SwitchDetected",2
123456,"TwoPole",108,51,3,0.8,2,"PairwiseSupport","one-point",1,1,"one-point",1,"degenerate",,,,,2,2,,"NoSwitchDetected",
123456,"TwoPole",109,51,3,0.8,2,"PairwiseSupport","two-point",2,2,"one-point",1,"degenerate",,,,,1,2,3.087512337376303,"SwitchDetected",2
123456,"TwoPole",110,51,3,0.8,2,"PairwiseSupport","two-point",2,2,"one-point",1,"degenerate",,,,,1,2,1.4150462671072566,"SwitchDetected",2
123456,"TwoPole",111,51,3,0.8,2,"PairwiseSupport","one-point",1,1,"one-point",1,"degenerate",,,,,1,1,,"NoSwitchDetected",
123456,"TwoPole",112,51,3,0.8,2,"PairwiseSupport","one-point",1,1,"one-point",1,"degenerate",,,,,2,2,,"NoSwitchDetected",
123456,"TwoPole",113,51,3,0.8,2,"PairwiseSupport","one-point",1,1,"one-point",1,"degenerate",,,,,2,2,,"NoSwitchDetected",
123456,"TwoPole",114,51,3,0.8,2,"PairwiseSupport","one-point",1,1,"one-point",1,"degenerate",,,,,3,3,,"NoSwitchDetected",
123456,"TwoPole",115,51,3,0.8,2,"PairwiseSupport","one-point",1,1,"one-point",1,"degenerate",,,,,1,1,,"NoSwitchDetected",
123456,"TwoPole",116,51,3,0.8,2,"PairwiseSupport","two-point",2,2,"one-point",1,"degenerate",,,,,1,2,1.087468032727584,"SwitchDetected",2
123456,"TwoPole",117,51,3,0.8,2,"PairwiseSupport","two-point",2,2,"one-point",1,"degenerate",,,,,1,2,1.5235732367585293,"SwitchDetected",2
123456,"TwoPole",118,51,3,0.8,2,"PairwiseSupport","two-point",2,2,"one-point",1,"degenerate",,,,,1,2,2.169950542371748,"SwitchDetected",2
123456,"TwoPole",119,51,3,0.8,2,"PairwiseSupport","two-point",2,2,"one-point",1,"degenerate",,,,,1,2,3.906929052181016,"SwitchDetected",2
123456,"TwoPole",120,51,3,0.8,2,"PairwiseSupport","one-point",1,1,"one-point",1,"degenerate",,,,,2,2,,"NoSwitchDetected",
123456,"TwoPole",121,51,3,0.8,2,"PairwiseSupport","one-point",1,1,"one-point",1,"degenerate",,,,,1,2,1.9068912400437852,"SwitchDetected",2
123456,"TwoPole",122,51,3,0.8,2,"PairwiseSupport","one-point",1,1,"one-point",1,"degenerate",,,,,1,1,,"NoSwitchDetected",
123456,"TwoPole",123,51,3,0.8,2,"PairwiseSupport","one-point",1,1,"one-point",1,"degenerate",,,,,1,2,2.169950542371748,"SwitchDetected",2
123456,"TwoPole",124,51,3,0.8,2,"PairwiseSupport","one-point",1,1,"one-point",1,"degenerate",,,,,1,2,1.6629653237626216,"SwitchDetected",2
123456,"TwoPole",125,51,3,0.8,2,"PairwiseSupport","one-point",1,1,"one-point",1,"degenerate",,,,,1,2,2.4594359689508223,"SwitchDetected",2
123456,"TwoPole",126,51,3,0.8,2,"PairwiseSupport","two-point",2,2,"one-point",1,"degenerate",,,,,1,2,2.8073734677162334,"SwitchDetected",2
123456,"TwoPole",127,51,3,0.8,2,"PairwiseSupport","one-point",1,1,"one-point",1,"degenerate",,,,,1,1,,"NoSwitchDetected",
123456,"TwoPole",128,51,3,0.8,2,"PairwiseSupport","one-point",1,1,"one-point",1,"degenerate",,,,,1,2,3.5850262137536877,"SwitchDetected",2
123456,"TwoPole",129,51,3,0.8,2,"PairwiseSupport","one-point",1,1,"one-point",1,"degenerate",,,,,1,2,2.584967147535138,"SwitchDetected",2
123456,"TwoPole",130,51,3,0.8,2,"PairwiseSupport","two-point",2,2,"one-point",1,"degenerate",,,,,1,2,1.4150462671072566,"SwitchDetected",2
123456,"TwoPole",131,51,3,0.8,2,"PairwiseSupport","two-point",2,2,"one-point",1,"degenerate",,,,,1,2,1.3625755372199808,"SwitchDetected",2
123456,"TwoPole",132,51,3,0.8,2,"PairwiseSupport","one-point",1,1,"one-point",1,"degenerate",,,,,1,1,,"NoSwitchDetected",
123456,"TwoPole",133,51,3,0.8,2,"PairwiseSupport","one-point",1,1,"one-point",1,"degenerate",,,,,1,1,,"NoSwitchDetected",
123456,"TwoPole",134,51,3,0.8,2,"PairwiseSupport","two-point",2,2,"one-point",1,"degenerate",,,,,1,2,1.0780082113906728,"SwitchDetected",2
123456,"TwoPole",135,51,3,0.8,2,"PairwiseSupport","two-point",2,2,"one-point",1,"degenerate",,,,,1,2,1.485432062947722,"SwitchDetected",2
123456,"TwoPole",136,51,3,0.8,2,"PairwiseSupport","one-point",1,1,"one-point",1,"degenerate",,,,,1,1,,"NoSwitchDetected",
123456,"TwoPole",137,51,3,0.8,2,"PairwiseSupport","one-point",1,1,"one-point",1,"degenerate",,,,,2,2,,"NoSwitchDetected",
123456,"TwoPole",138,51,3,0.8,2,"PairwiseSupport","one-point",1,1,"one-point",1,"degenerate",,,,,1,1,,"NoSwitchDetected",
123456,"TwoPole",139,51,3,0.8,2,"PairwiseSupport","one-point",1,1,"one-point",1,"degenerate",,,,,1,1,,"NoSwitchDetected",
123456,"TwoPole",140,51,3,0.8,2,"PairwiseSupport","one-point",1,1,"one-point",1,"degenerate",,,,,1,1,,"NoSwitchDetected",
123456,"TwoPole",141,51,3,0.8,2,"PairwiseSupport","one-point",1,1,"one-point",1,"degenerate",,,,,1,1,,"NoSwitchDetected",
123456,"TwoPole",142,51,3,0.8,2,"PairwiseSupport","one-point",1,1,"one-point",1,"degenerate",,,,,1,1,,"NoSwitchDetected",
123456,"TwoPole",143,51,3,0.8,2,"PairwiseSupport","two-point",2,2,"one-point",1,"degenerate",,,,,1,2,3.087512337376303,"SwitchDetected",2
123456,"TwoPole",144,51,3,0.8,2,"PairwiseSupport","one-point",1,1,"one-point",1,"degenerate",,,,,1,1,,"NoSwitchDetected",
123456,"TwoPole",145,51,3,0.8,2,"PairwiseSupport","two-point",2,2,"one-point",1,"degenerate",,,,,1,2,3.3219519711924486,"SwitchDetected",2
123456,"TwoPole",146,51,3,0.8,2,"PairwiseSupport","one-point",1,1,"one-point",1,"degenerate",,,,,1,1,,"NoSwitchDetected",
123456,"TwoPole",147,51,3,0.8,2,"PairwiseSupport","two-point",2,2,"two-point",2,"degenerate",,,,,2,2,,"NoSwitchDetected",
123456,"TwoPole",148,51,3,0.8,2,"PairwiseSupport","two-point",2,2,"one-point",1,"degenerate",,,,,1,2,2.663005251162241,"SwitchDetected",2
123456,"TwoPole",149,51,3,0.8,2,"PairwiseSupport","one-point",1,1,"one-point",1,"degenerate",,,,,1,2,2.584967147535138,"SwitchDetected",2
123456,"TwoPole",150,51,3,0.8,2,"PairwiseSupport","two-point",2,2,"one-point",1,"degenerate",,,,,1,2,1.7776094873830577,"SwitchDetected",2
123456,"TwoPole",151,51,3,0.8,2,"PairwiseSupport","one-point",1,1,"one-point",1,"degenerate",,,,,1,2,3.1699259467067815,"SwitchDetected",2
123456,"TwoPole",152,51,3,0.8,2,"PairwiseSupport","two-point",2,2,"one-point",1,"degenerate",,,,,1,2,4.585017955701574,"SwitchDetected",2
123456,"TwoPole",153,51,3,0.8,2,"PairwiseSupport","one-point",1,1,"one-point",1,"degenerate",,,,,1,1,,"NoSwitchDetected",
123456,"TwoPole",154,51,3,0.8,2,"PairwiseSupport","two-point",2,2,"one-point",1,"degenerate",,,,,1,2,3.5236094630334467,"SwitchDetected",2
123456,"TwoPole",155,51,3,0.8,2,"PairwiseSupport","one-point",1,1,"one-point",1,"degenerate",,,,,1,1,,"NoSwitchDetected",
123456,"TwoPole",156,51,3,0.8,2,"PairwiseSupport","one-point",1,1,"one-point",1,"degenerate",,,,,1,2,1.3625755372199808,"SwitchDetected",2
123456,"TwoPole",157,51,3,0.8,2,"PairwiseSupport","one-point",1,1,"one-point",1,"degenerate",,,,,1,2,1.7655443523782555,"SwitchDetected",2
123456,"TwoPole",158,51,3,0.8,2,"PairwiseSupport","one-point",1,1,"one-point",1,"degenerate",,,,,1,2,2.584967147535138,"SwitchDetected",2
123456,"TwoPole",159,51,3,0.8,2,"PairwiseSupport","two-point",2,2,"one-point",1,"degenerate",,,,,1,2,1.9068912400437852,"SwitchDetected",2
123456,"TwoPole",160,51,3,0.8,2,"PairwiseSupport","two-point",2,2,"one-point",1,"degenerate",,,,,1,2,3.5850262137536877,"SwitchDetected",2
123456,"TwoPole",161,51,3,0.8,2,"PairwiseSupport","one-point",1,1,"one-point",1,"degenerate",,,,,1,2,1.0780082113906728,"SwitchDetected",2
123456,"TwoPole",162,51,3,0.8,2,"PairwiseSupport","one-point",1,1,"one-point",1,"degenerate",,,,,2,2,,"NoSwitchDetected",
123456,"TwoPole",163,51,3,0.8,2,"PairwiseSupport","one-point",1,1,"one-point",1,"degenerate",,,,,1,1,,"NoSwitchDetected",
123456,"TwoPole",164,51,3,0.8,2,"PairwiseSupport","one-point",1,1,"one-point",1,"degenerate",,,,,1,2,3.1699259467067815,"SwitchDetected",2
123456,"TwoPole",165,51,3,0.8,2,"PairwiseSupport","two-point",2,2,"one-point",1,"degenerate",,,,,1,2,3.5850262137536877,"SwitchDetected",2
123456,"TwoPole",166,51,3,0.8,2,"PairwiseSupport","one-point",1,1,"one-point",1,"degenerate",,,,,1,1,,"NoSwitchDetected",
123456,"TwoPole",167,51,3,0.8,2,"PairwiseSupport","one-point",1,1,"one-point",1,"degenerate",,,,,1,2,3.1699259467067815,"SwitchDetected",2
123456,"TwoPole",168,51,3,0.8,2,"PairwiseSupport","one-point",1,1,"one-point",1,"degenerate",,,,,1,1,,"NoSwitchDetected",
123456,"TwoPole",169,51,3,0.8,2,"PairwiseSupport","two-point",2,2,"one-point",1,"degenerate",,,,,1,2,1.9175536210444022,"SwitchDetected",2
123456,"TwoPole",170,51,3,0.8,2,"PairwiseSupport","one-point",1,1,"one-point",1,"degenerate",,,,,1,1,,"NoSwitchDetected",
123456,"TwoPole",171,51,3,0.8,2,"PairwiseSupport","one-point",1,1,"one-point",1,"degenerate",,,,,1,2,2.115479157514041,"SwitchDetected",2
123456,"TwoPole",172,51,3,0.8,2,"PairwiseSupport","one-point",1,1,"one-point",1,"degenerate",,,,,1,1,,"NoSwitchDetected",
123456,"TwoPole",173,51,3,0.8,2,"PairwiseSupport","one-point",1,1,"one-point",1,"degenerate",,,,,1,1,,"NoSwitchDetected",
123456,"TwoPole",174,51,3,0.8,2,"PairwiseSupport","one-point",1,1,"one-point",1,"degenerate",,,,,2,2,,"NoSwitchDetected",
123456,"TwoPole",175,51,3,0.8,2,"PairwiseSupport","one-point",1,1,"one-point",1,"degenerate",,,,,1,1,,"NoSwitchDetected",
123456,"TwoPole",176,51,3,0.8,2,"PairwiseSupport","one-point",1,1,"one-point",1,"degenerate",,,,,2,2,,"NoSwitchDetected",
123456,"TwoPole",177,51,3,0.8,2,"PairwiseSupport","one-point",1,1,"one-point",1,"degenerate",,,,,1,2,1.4150462671072566,"SwitchDetected",2
123456,"TwoPole",178,51,3,0.8,2,"PairwiseSupport","one-point",1,1,"one-point",1,"degenerate",,,,,1,1,,"NoSwitchDetected",
123456,"TwoPole",179,51,3,0.8,2,"PairwiseSupport","two-point",2,2,"two-point",2,"degenerate",,,,,2,2,,"NoSwitchDetected",
123456,"TwoPole",180,51,3,0.8,2,"PairwiseSupport","two-point",2,2,"one-point",1,"degenerate",,,,,1,2,3.5850262137536877,"SwitchDetected",2
123456,"TwoPole",181,51,3,0.8,2,"PairwiseSupport","two-point",2,2,"two-point",2,"degenerate",,,,,2,2,,"NoSwitchDetected",
123456,"TwoPole",182,51,3,0.8,2,"PairwiseSupport","one-point",1,1,"one-point",1,"degenerate",,,,,1,1,,"NoSwitchDetected",
123456,"TwoPole",183,51,3,0.8,2,"PairwiseSupport","one-point",1,1,"one-point",1,"degenerate",,,,,1,1,,"NoSwitchDetected",
123456,"TwoPole",184,51,3,0.8,2,"PairwiseSupport","one-point",1,1,"one-point",1,"degenerate",,,,,3,1,1.3219291661716357,"SwitchDetected",1
123456,"TwoPole",185,51,3,0.8,2,"PairwiseSupport","one-point",1,1,"one-point",1,"degenerate",,,,,1,1,,"NoSwitchDetected",
123456,"TwoPole",186,51,3,0.8,2,"PairwiseSupport","one-point",1,1,"one-point",1,"degenerate",,,,,2,2,,"NoSwitchDetected",
123456,"TwoPole",187,51,3,0.8,2,"PairwiseSupport","one-point",1,1,"one-point",1,"degenerate",,,,,1,2,1.0995360661117537,"SwitchDetected",2
123456,"TwoPole",188,51,3,0.8,2,"PairwiseSupport","one-point",1,1,"one-point",1,"degenerate",,,,,1,1,,"NoSwitchDetected",
123456,"TwoPole",189,51,3,0.8,2,"PairwiseSupport","one-point",1,1,"one-point",1,"degenerate",,,,,1,1,,"NoSwitchDetected",
123456,"TwoPole",190,51,3,0.8,2,"PairwiseSupport","two-point",2,2,"one-point",1,"degenerate",,,,,1,2,1.0995360661117537,"SwitchDetected",2
123456,"TwoPole",191,51,3,0.8,2,"PairwiseSupport","one-point",1,1,"one-point",1,"degenerate",,,,,1,2,1.3219291661716357,"SwitchDetected",2
123456,"TwoPole",192,51,3,0.8,2,"PairwiseSupport","one-point",1,1,"one-point",1,"degenerate",,,,,1,2,2.115479157514041,"SwitchDetected",2
123456,"TwoPole",193,51,3,0.8,2,"PairwiseSupport","one-point",1,1,"one-point",1,"degenerate",,,,,1,1,,"NoSwitchDetected",
123456,"TwoPole",194,51,3,0.8,2,"PairwiseSupport","one-point",1,1,"one-point",1,"degenerate",,,,,1,2,2.8073734677162334,"SwitchDetected",2
123456,"TwoPole",195,51,3,0.8,2,"PairwiseSupport","one-point",1,1,"one-point",1,"degenerate",,,,,1,1,,"NoSwitchDetected",
123456,"TwoPole",196,51,3,0.8,2,"PairwiseSupport","two-point",2,2,"one-point",1,"degenerate",,,,,1,2,3.087512337376303,"SwitchDetected",2
123456,"TwoPole",197,51,3,0.8,2,"PairwiseSupport","one-point",1,1,"one-point",1,"degenerate",,,,,2,2,,"NoSwitchDetected",
123456,"TwoPole",198,51,3,0.8,2,"PairwiseSupport","one-point",1,1,"one-point",1,"degenerate",,,,,1,1,,"NoSwitchDetected",
123456,"TwoPole",199,51,3,0.8,2,"PairwiseSupport","two-point",2,2,"one-point",1,"degenerate",,,,,1,2,1.087468032727584,"SwitchDetected",2
123456,"TwoPole",200,51,3,0.8,2,"PairwiseSupport","two-point",2,2,"one-point",1,"degenerate",,,,,1,2,3.058905018796098,"SwitchDetected",2
123456,"TwoPole",1,51,3,0.8,3,"PairwiseSupport","one-point",1,1,"one-point",1,"degenerate",,,,,3,3,,"NoSwitchDetected",
123456,"TwoPole",2,51,3,0.8,3,"PairwiseSupport","one-point",1,1,"one-point",1,"degenerate",,,,,1,3,2.4594359689508223,"SwitchDetected",3
123456,"TwoPole",3,51,3,0.8,3,"PairwiseSupport","one-point",1,1,"one-point",1,"degenerate",,,,,1,1,,"NoSwitchDetected",
123456,"TwoPole",4,51,3,0.8,3,"PairwiseSupport","one-point",1,1,"one-point",1,"degenerate",,,,,1,1,,"NoSwitchDetected",
123456,"TwoPole",5,51,3,0.8,3,"PairwiseSupport","one-point",1,1,"one-point",1,"degenerate",,,,,3,3,,"NoSwitchDetected",
123456,"TwoPole",6,51,3,0.8,3,"PairwiseSupport","one-point",1,1,"one-point",1,"degenerate",,,,,2,1,1.3219291661716357,"SwitchDetected",1
123456,"TwoPole",7,51,3,0.8,3,"PairwiseSupport","one-point",1,1,"one-point",1,"degenerate",,,,,1,1,,"NoSwitchDetected",
123456,"TwoPole",8,51,3,0.8,3,"PairwiseSupport","two-point",2,2,"two-point",2,"degenerate",,,,,1,1,,"NoSwitchDetected",
123456,"TwoPole",9,51,3,0.8,3,"PairwiseSupport","one-point",1,1,"one-point",1,"degenerate",,,,,1,1,,"NoSwitchDetected",
123456,"TwoPole",10,51,3,0.8,3,"PairwiseSupport","one-point",1,1,"one-point",1,"degenerate",,,,,2,1,2.00001159674693,"SwitchDetected",1
123456,"TwoPole",11,51,3,0.8,3,"PairwiseSupport","one-point",1,1,"one-point",1,"degenerate",,,,,2,2,,"NoSwitchDetected",
123456,"TwoPole",12,51,3,0.8,3,"PairwiseSupport","one-point",1,1,"one-point",1,"degenerate",,,,,3,1,2.00001159674693,"SwitchDetected",1
123456,"TwoPole",13,51,3,0.8,3,"PairwiseSupport","one-point",1,1,"one-point",1,"degenerate",,,,,1,1,,"NoSwitchDetected",
123456,"TwoPole",14,51,3,0.8,3,"PairwiseSupport","one-point",1,1,"one-point",1,"degenerate",,,,,1,1,,"NoSwitchDetected",
123456,"TwoPole",15,51,3,0.8,3,"PairwiseSupport","one-point",1,1,"one-point",1,"degenerate",,,,,1,1,,"NoSwitchDetected",
123456,"TwoPole",16,51,3,0.8,3,"PairwiseSupport","one-point",1,1,"one-point",1,"degenerate",,,,,2,1,1.3219291661716357,"SwitchDetected",1
123456,"TwoPole",17,51,3,0.8,3,"PairwiseSupport","one-point",1,1,"one-point",1,"degenerate",,,,,1,1,,"NoSwitchDetected",
123456,"TwoPole",18,51,3,0.8,3,"PairwiseSupport","one-point",1,1,"one-point",1,"degenerate",,,,,2,1,2.584967147535138,"SwitchDetected",1
123456,"TwoPole",19,51,3,0.8,3,"PairwiseSupport","one-point",1,1,"one-point",1,"degenerate",,,,,2,3,1.5849633566706869,"SwitchDetected",1
123456,"TwoPole",20,51,3,0.8,3,"PairwiseSupport","two-point",2,2,"one-point",1,"degenerate",,,,,2,1,1.1375103838437979,"SwitchDetected",1
123456,"TwoPole",21,51,3,0.8,3,"PairwiseSupport","one-point",1,1,"one-point",1,"degenerate",,,,,2,1,3.1699259467067815,"SwitchDetected",1
123456,"TwoPole",22,51,3,0.8,3,"PairwiseSupport","one-point",1,1,"one-point",1,"degenerate",,,,,1,3,1.5849633566706869,"SwitchDetected",3
123456,"TwoPole",23,51,3,0.8,3,"PairwiseSupport","one-point",1,1,"one-point",1,"degenerate",,,,,2,2,,"NoSwitchDetected",
123456,"TwoPole",24,51,3,0.8,3,"PairwiseSupport","one-point",1,1,"one-point",1,"degenerate",,,,,2,1,1.3625755372199808,"SwitchDetected",1
123456,"TwoPole",25,51,3,0.8,3,"PairwiseSupport","one-point",1,1,"one-point",1,"degenerate",,,,,1,1,,"NoSwitchDetected",
123456,"TwoPole",26,51,3,0.8,3,"PairwiseSupport","one-point",1,1,"one-point",1,"degenerate",,,,,1,1,,"NoSwitchDetected",
123456,"TwoPole",27,51,3,0.8,3,"PairwiseSupport","one-point",1,1,"one-point",1,"degenerate",,,,,1,1,,"NoSwitchDetected",
123456,"TwoPole",28,51,3,0.8,3,"PairwiseSupport","one-point",1,1,"one-point",1,"degenerate",,,,,2,2,,"NoSwitchDetected",
123456,"TwoPole",29,51,3,0.8,3,"PairwiseSupport","one-point",1,1,"one-point",1,"degenerate",,,,,2,1,1.3219291661716357,"SwitchDetected",1
123456,"TwoPole",30,51,3,0.8,3,"PairwiseSupport","one-point",1,1,"one-point",1,"degenerate",,,,,1,1,,"NoSwitchDetected",
123456,"TwoPole",31,51,3,0.8,3,"PairwiseSupport","one-point",1,1,"one-point",1,"degenerate",,,,,2,2,,"NoSwitchDetected",
123456,"TwoPole",32,51,3,0.8,3,"PairwiseSupport","one-point",1,1,"one-point",1,"degenerate",,,,,1,1,,"NoSwitchDetected",
123456,"TwoPole",33,51,3,0.8,3,"PairwiseSupport","one-point",1,1,"one-point",1,"degenerate",,,,,2,2,,"NoSwitchDetected",
123456,"TwoPole",34,51,3,0.8,3,"PairwiseSupport","one-point",1,1,"one-point",1,"degenerate",,,,,1,1,,"NoSwitchDetected",
123456,"TwoPole",35,51,3,0.8,3,"PairwiseSupport","two-point",2,2,"two-point",2,"degenerate",,,,,1,1,,"NoSwitchDetected",
123456,"TwoPole",36,51,3,0.8,3,"PairwiseSupport","one-point",1,1,"one-point",1,"degenerate",,,,,3,3,,"NoSwitchDetected",
123456,"TwoPole",37,51,3,0.8,3,"PairwiseSupport","two-point",2,2,"one-point",1,"degenerate",,,,,2,1,1.4150462671072566,"SwitchDetected",1
123456,"TwoPole",38,51,3,0.8,3,"PairwiseSupport","one-point",1,1,"one-point",1,"degenerate",,,,,2,2,,"NoSwitchDetected",
123456,"TwoPole",39,51,3,0.8,3,"PairwiseSupport","two-point",2,2,"one-point",1,"degenerate",,,,,2,1,1.9068912400437852,"SwitchDetected",1
123456,"TwoPole",40,51,3,0.8,3,"PairwiseSupport","one-point",1,1,"one-point",1,"degenerate",,,,,1,1,,"NoSwitchDetected",
123456,"TwoPole",41,51,3,0.8,3,"PairwiseSupport","one-point",1,1,"one-point",1,"degenerate",,,,,2,2,,"NoSwitchDetected",
123456,"TwoPole",42,51,3,0.8,3,"PairwiseSupport","one-point",1,1,"one-point",1,"degenerate",,,,,1,3,2.00001159674693,"SwitchDetected",3
123456,"TwoPole",43,51,3,0.8,3,"PairwiseSupport","one-point",1,1,"one-point",1,"degenerate",,,,,2,2,,"NoSwitchDetected",
123456,"TwoPole",44,51,3,0.8,3,"PairwiseSupport","one-point",1,1,"one-point",1,"degenerate",,,,,2,1,1.2224008081692845,"SwitchDetected",1
123456,"TwoPole",45,51,3,0.8,3,"PairwiseSupport","one-point",1,1,"one-point",1,"degenerate",,,,,1,1,,"NoSwitchDetected",
123456,"TwoPole",46,51,3,0.8,3,"PairwiseSupport","one-point",1,1,"one-point",1,"degenerate",,,,,2,1,1.1375103838437979,"SwitchDetected",1
123456,"TwoPole",47,51,3,0.8,3,"PairwiseSupport","two-point",2,2,"one-point",1,"degenerate",,,,,2,1,3.087512337376303,"SwitchDetected",1
123456,"TwoPole",48,51,3,0.8,3,"PairwiseSupport","one-point",1,1,"one-point",1,"degenerate",,,,,1,3,1.7369833590336334,"SwitchDetected",3
123456,"TwoPole",49,51,3,0.8,3,"PairwiseSupport","one-point",1,1,"one-point",1,"degenerate",,,,,2,1,1.9068912400437852,"SwitchDetected",1
123456,"TwoPole",50,51,3,0.8,3,"PairwiseSupport","one-point",1,1,"one-point",1,"degenerate",,,,,3,3,,"NoSwitchDetected",
123456,"TwoPole",51,51,3,0.8,3,"PairwiseSupport","one-point",1,1,"one-point",1,"degenerate",,,,,2,1,1.2224008081692845,"SwitchDetected",1
123456,"TwoPole",52,51,3,0.8,3,"PairwiseSupport","one-point",1,1,"one-point",1,"degenerate",,,,,1,1,,"NoSwitchDetected",
123456,"TwoPole",53,51,3,0.8,3,"PairwiseSupport","one-point",1,1,"one-point",1,"degenerate",,,,,2,1,1.0995360661117537,"SwitchDetected",1
123456,"TwoPole",54,51,3,0.8,3,"PairwiseSupport","one-point",1,1,"one-point",1,"degenerate",,,,,1,1,,"NoSwitchDetected",
123456,"TwoPole",55,51,3,0.8,3,"PairwiseSupport","one-point",1,1,"one-point",1,"degenerate",,,,,2,2,,"NoSwitchDetected",
123456,"TwoPole",56,51,3,0.8,3,"PairwiseSupport","one-point",1,1,"one-point",1,"degenerate",,,,,1,1,,"NoSwitchDetected",
123456,"TwoPole",57,51,3,0.8,3,"PairwiseSupport","one-point",1,1,"one-point",1,"degenerate",,,,,2,2,,"NoSwitchDetected",
123456,"TwoPole",58,51,3,0.8,3,"PairwiseSupport","one-point",1,1,"one-point",1,"degenerate",,,,,2,2,,"NoSwitchDetected",
123456,"TwoPole",59,51,3,0.8,3,"PairwiseSupport","two-point",2,2,"two-point",2,"degenerate",,,,,1,1,,"NoSwitchDetected",
123456,"TwoPole",60,51,3,0.8,3,"PairwiseSupport","one-point",1,1,"one-point",1,"degenerate",,,,,2,2,,"NoSwitchDetected",
123456,"TwoPole",61,51,3,0.8,3,"PairwiseSupport","two-point",2,2,"two-point",2,"degenerate",,,,,1,1,,"NoSwitchDetected",
123456,"TwoPole",62,51,3,0.8,3,"PairwiseSupport","one-point",1,1,"one-point",1,"degenerate",,,,,1,1,,"NoSwitchDetected",
123456,"TwoPole",63,51,3,0.8,3,"PairwiseSupport","one-point",1,1,"one-point",1,"degenerate",,,,,1,3,2.00001159674693,"SwitchDetected",3
123456,"TwoPole",64,51,3,0.8,3,"PairwiseSupport","one-point",1,1,"one-point",1,"degenerate",,,,,1,1,,"NoSwitchDetected",
123456,"TwoPole",65,51,3,0.8,3,"PairwiseSupport","one-point",1,1,"one-point",1,"degenerate",,,,,1,1,,"NoSwitchDetected",
123456,"TwoPole",66,51,3,0.8,3,"PairwiseSupport","one-point",1,1,"one-point",1,"degenerate",,,,,2,1,1.2224008081692845,"SwitchDetected",1
123456,"TwoPole",67,51,3,0.8,3,"PairwiseSupport","one-point",1,1,"one-point",1,"degenerate",,,,,1,3,2.4594359689508223,"SwitchDetected",3
123456,"TwoPole",68,51,3,0.8,3,"PairwiseSupport","one-point",1,1,"one-point",1,"degenerate",,,,,2,2,,"NoSwitchDetected",
123456,"TwoPole",69,51,3,0.8,3,"PairwiseSupport","one-point",1,1,"one-point",1,"degenerate",,,,,3,3,,"NoSwitchDetected",
123456,"TwoPole",70,51,3,0.8,3,"PairwiseSupport","one-point",1,1,"one-point",1,"degenerate",,,,,1,1,,"NoSwitchDetected",
123456,"TwoPole",71,51,3,0.8,3,"PairwiseSupport","one-point",1,1,"one-point",1,"degenerate",,,,,1,3,1.2224008081692845,"SwitchDetected",3
123456,"TwoPole",72,51,3,0.8,3,"PairwiseSupport","two-point",2,2,"one-point",1,"degenerate",,,,,2,1,1.1375103838437979,"SwitchDetected",1
123456,"TwoPole",73,51,3,0.8,3,"PairwiseSupport","one-point",1,1,"one-point",1,"degenerate",,,,,1,1,,"NoSwitchDetected",
123456,"TwoPole",74,51,3,0.8,3,"PairwiseSupport","one-point",1,1,"one-point",1,"degenerate",,,,,3,3,,"NoSwitchDetected",
123456,"TwoPole",75,51,3,0.8,3,"PairwiseSupport","one-point",1,1,"one-point",1,"degenerate",,,,,2,2,,"NoSwitchDetected",
123456,"TwoPole",76,51,3,0.8,3,"PairwiseSupport","one-point",1,1,"one-point",1,"degenerate",,,,,2,2,,"NoSwitchDetected",
123456,"TwoPole",77,51,3,0.8,3,"PairwiseSupport","one-point",1,1,"one-point",1,"degenerate",,,,,3,3,,"NoSwitchDetected",
123456,"TwoPole",78,51,3,0.8,3,"PairwiseSupport","one-point",1,1,"one-point",1,"degenerate",,,,,2,2,,"NoSwitchDetected",
123456,"TwoPole",79,51,3,0.8,3,"PairwiseSupport","one-point",1,1,"one-point",1,"degenerate",,,,,1,1,,"NoSwitchDetected",
123456,"TwoPole",80,51,3,0.8,3,"PairwiseSupport","one-point",1,1,"one-point",1,"degenerate",,,,,1,1,,"NoSwitchDetected",
123456,"TwoPole",81,51,3,0.8,3,"PairwiseSupport","one-point",1,1,"one-point",1,"degenerate",,,,,2,1,2.584967147535138,"SwitchDetected",1
123456,"TwoPole",82,51,3,0.8,3,"PairwiseSupport","one-point",1,1,"one-point",1,"degenerate",,,,,1,1,,"NoSwitchDetected",
123456,"TwoPole",83,51,3,0.8,3,"PairwiseSupport","two-point",2,2,"two-point",2,"degenerate",,,,,1,1,,"NoSwitchDetected",
123456,"TwoPole",84,51,3,0.8,3,"PairwiseSupport","one-point",1,1,"one-point",1,"degenerate",,,,,1,1,,"NoSwitchDetected",
123456,"TwoPole",85,51,3,0.8,3,"PairwiseSupport","one-point",1,1,"one-point",1,"degenerate",,,,,1,1,,"NoSwitchDetected",
123456,"TwoPole",86,51,3,0.8,3,"PairwiseSupport","two-point",2,2,"two-point",2,"degenerate",,,,,1,1,,"NoSwitchDetected",
123456,"TwoPole",87,51,3,0.8,3,"PairwiseSupport","one-point",1,1,"one-point",1,"degenerate",,,,,2,1,1.1375103838437979,"SwitchDetected",1
123456,"TwoPole",88,51,3,0.8,3,"PairwiseSupport","one-point",1,1,"one-point",1,"degenerate",,,,,1,1,,"NoSwitchDetected",
123456,"TwoPole",89,51,3,0.8,3,"PairwiseSupport","one-point",1,1,"one-point",1,"degenerate",,,,,1,1,,"NoSwitchDetected",
123456,"TwoPole",90,51,3,0.8,3,"PairwiseSupport","one-point",1,1,"one-point",1,"degenerate",,,,,1,1,,"NoSwitchDetected",
123456,"TwoPole",91,51,3,0.8,3,"PairwiseSupport","one-point",1,1,"one-point",1,"degenerate",,,,,2,3,1.5849633566706869,"SwitchDetected",3
123456,"TwoPole",92,51,3,0.8,3,"PairwiseSupport","one-point",1,1,"one-point",1,"degenerate",,,,,1,1,,"NoSwitchDetected",
123456,"TwoPole",93,51,3,0.8,3,"PairwiseSupport","one-point",1,1,"one-point",1,"degenerate",,,,,2,1,1.0995360661117537,"SwitchDetected",1
123456,"TwoPole",94,51,3,0.8,3,"PairwiseSupport","one-point",1,1,"one-point",1,"degenerate",,,,,1,1,,"NoSwitchDetected",
123456,"TwoPole",95,51,3,0.8,3,"PairwiseSupport","one-point",1,1,"one-point",1,"degenerate",,,,,1,1,,"NoSwitchDetected",
123456,"TwoPole",96,51,3,0.8,3,"PairwiseSupport","one-point",1,1,"one-point",1,"degenerate",,,,,1,1,,"NoSwitchDetected",
123456,"TwoPole",97,51,3,0.8,3,"PairwiseSupport","one-point",1,1,"one-point",1,"degenerate",,,,,2,2,,"NoSwitchDetected",
123456,"TwoPole",98,51,3,0.8,3,"PairwiseSupport","one-point",1,1,"one-point",1,"degenerate",,,,,2,3,2.00001159674693,"SwitchDetected",3
123456,"TwoPole",99,51,3,0.8,3,"PairwiseSupport","one-point",1,1,"one-point",1,"degenerate",,,,,1,1,,"NoSwitchDetected",
123456,"TwoPole",100,51,3,0.8,3,"PairwiseSupport","one-point",1,1,"one-point",1,"degenerate",,,,,3,3,,"NoSwitchDetected",
123456,"TwoPole",101,51,3,0.8,3,"PairwiseSupport","one-point",1,1,"one-point",1,"degenerate",,,,,3,3,,"NoSwitchDetected",
123456,"TwoPole",102,51,3,0.8,3,"PairwiseSupport","one-point",1,1,"one-point",1,"degenerate",,,,,2,1,1.169933063033857,"SwitchDetected",1
123456,"TwoPole",103,51,3,0.8,3,"PairwiseSupport","one-point",1,1,"one-point",1,"degenerate",,,,,1,3,1.2224008081692845,"SwitchDetected",3
123456,"TwoPole",104,51,3,0.8,3,"PairwiseSupport","two-point",2,2,"one-point",1,"degenerate",,,,,2,1,2.115479157514041,"SwitchDetected",1
123456,"TwoPole",105,51,3,0.8,3,"PairwiseSupport","one-point",1,1,"one-point",1,"degenerate",,,,,1,1,,"NoSwitchDetected",
123456,"TwoPole",106,51,3,0.8,3,"PairwiseSupport","one-point",1,1,"one-point",1,"degenerate",,,,,1,1,,"NoSwitchDetected",
123456,"TwoPole",107,51,3,0.8,3,"PairwiseSupport","one-point",1,1,"one-point",1,"degenerate",,,,,1,1,,"NoSwitchDetected",
123456,"TwoPole",108,51,3,0.8,3,"PairwiseSupport","one-point",1,1,"one-point",1,"degenerate",,,,,3,3,,"NoSwitchDetected",
123456,"TwoPole",109,51,3,0.8,3,"PairwiseSupport","one-point",1,1,"one-point",1,"degenerate",,,,,2,2,,"NoSwitchDetected",
123456,"TwoPole",110,51,3,0.8,3,"PairwiseSupport","one-point",1,1,"one-point",1,"degenerate",,,,,1,1,,"NoSwitchDetected",
123456,"TwoPole",111,51,3,0.8,3,"PairwiseSupport","one-point",1,1,"one-point",1,"degenerate",,,,,1,3,3.1699259467067815,"SwitchDetected",3
123456,"TwoPole",112,51,3,0.8,3,"PairwiseSupport","one-point",1,1,"one-point",1,"degenerate",,,,,1,1,,"NoSwitchDetected",
123456,"TwoPole",113,51,3,0.8,3,"PairwiseSupport","one-point",1,1,"one-point",1,"degenerate",,,,,2,2,,"NoSwitchDetected",
123456,"TwoPole",114,51,3,0.8,3,"PairwiseSupport","one-point",1,1,"one-point",1,"degenerate",,,,,1,1,,"NoSwitchDetected",
123456,"TwoPole",115,51,3,0.8,3,"PairwiseSupport","one-point",1,1,"one-point",1,"degenerate",,,,,1,1,,"NoSwitchDetected",
123456,"TwoPole",116,51,3,0.8,3,"PairwiseSupport","one-point",1,1,"one-point",1,"degenerate",,,,,1,1,,"NoSwitchDetected",
123456,"TwoPole",117,51,3,0.8,3,"PairwiseSupport","one-point",1,1,"one-point",1,"degenerate",,,,,2,1,2.4594359689508223,"SwitchDetected",1
123456,"TwoPole",118,51,3,0.8,3,"PairwiseSupport","one-point",1,1,"one-point",1,"degenerate",,,,,1,1,,"NoSwitchDetected",
123456,"TwoPole",119,51,3,0.8,3,"PairwiseSupport","one-point",1,1,"one-point",1,"degenerate",,,,,1,1,,"NoSwitchDetected",
123456,"TwoPole",120,51,3,0.8,3,"PairwiseSupport","one-point",1,1,"one-point",1,"degenerate",,,,,1,1,,"NoSwitchDetected",
123456,"TwoPole",121,51,3,0.8,3,"PairwiseSupport","one-point",1,1,"one-point",1,"degenerate",,,,,1,1,,"NoSwitchDetected",
123456,"TwoPole",122,51,3,0.8,3,"PairwiseSupport","one-point",1,1,"one-point",1,"degenerate",,,,,1,1,,"NoSwitchDetected",
123456,"TwoPole",123,51,3,0.8,3,"PairwiseSupport","two-point",2,2,"one-point",1,"degenerate",,,,,2,1,1.0780082113906728,"SwitchDetected",1
123456,"TwoPole",124,51,3,0.8,3,"PairwiseSupport","one-point",1,1,"one-point",1,"degenerate",,,,,2,2,,"NoSwitchDetected",
123456,"TwoPole",125,51,3,0.8,3,"PairwiseSupport","one-point",1,1,"one-point",1,"degenerate",,,,,1,3,2.00001159674693,"SwitchDetected",3
123456,"TwoPole",126,51,3,0.8,3,"PairwiseSupport","one-point",1,1,"one-point",1,"degenerate",,,,,1,1,,"NoSwitchDetected",
123456,"TwoPole",127,51,3,0.8,3,"PairwiseSupport","two-point",2,2,"two-point",2,"degenerate",,,,,3,3,,"NoSwitchDetected",
123456,"TwoPole",128,51,3,0.8,3,"PairwiseSupport","one-point",1,1,"one-point",1,"degenerate",,,,,1,1,,"NoSwitchDetected",
123456,"TwoPole",129,51,3,0.8,3,"PairwiseSupport","one-point",1,1,"one-point",1,"degenerate",,,,,1,1,,"NoSwitchDetected",
123456,"TwoPole",130,51,3,0.8,3,"PairwiseSupport","two-point",2,2,"two-point",2,"degenerate",,,,,1,1,,"NoSwitchDetected",
123456,"TwoPole",131,51,3,0.8,3,"PairwiseSupport","one-point",1,1,"one-point",1,"degenerate",,,,,1,1,,"NoSwitchDetected",
123456,"TwoPole",132,51,3,0.8,3,"PairwiseSupport","one-point",1,1,"one-point",1,"degenerate",,,,,1,1,,"NoSwitchDetected",
123456,"TwoPole",133,51,3,0.8,3,"PairwiseSupport","two-point",2,2,"two-point",2,"degenerate",,,,,1,1,,"NoSwitchDetected",
123456,"TwoPole",134,51,3,0.8,3,"PairwiseSupport","one-point",1,1,"one-point",1,"degenerate",,,,,1,1,,"NoSwitchDetected",
123456,"TwoPole",135,51,3,0.8,3,"PairwiseSupport","one-point",1,1,"one-point",1,"degenerate",,,,,1,1,,"NoSwitchDetected",
123456,"TwoPole",136,51,3,0.8,3,"PairwiseSupport","one-point",1,1,"one-point",1,"degenerate",,,,,1,1,,"NoSwitchDetected",
123456,"TwoPole",137,51,3,0.8,3,"PairwiseSupport","one-point",1,1,"one-point",1,"degenerate",,,,,1,1,,"NoSwitchDetected",
123456,"TwoPole",138,51,3,0.8,3,"PairwiseSupport","one-point",1,1,"one-point",1,"degenerate",,,,,1,1,,"NoSwitchDetected",
123456,"TwoPole",139,51,3,0.8,3,"PairwiseSupport","one-point",1,1,"one-point",1,"degenerate",,,,,1,1,,"NoSwitchDetected",
123456,"TwoPole",140,51,3,0.8,3,"PairwiseSupport","one-point",1,1,"one-point",1,"degenerate",,,,,1,1,,"NoSwitchDetected",
123456,"TwoPole",141,51,3,0.8,3,"PairwiseSupport","one-point",1,1,"one-point",1,"degenerate",,,,,2,1,1.1154841682301817,"SwitchDetected",1
123456,"TwoPole",142,51,3,0.8,3,"PairwiseSupport","one-point",1,1,"one-point",1,"degenerate",,,,,1,3,2.115479157514041,"SwitchDetected",3
123456,"TwoPole",143,51,3,0.8,3,"PairwiseSupport","one-point",1,1,"one-point",1,"degenerate",,,,,1,1,,"NoSwitchDetected",
123456,"TwoPole",144,51,3,0.8,3,"PairwiseSupport","one-point",1,1,"one-point",1,"degenerate",,,,,1,1,,"NoSwitchDetected",
123456,"TwoPole",145,51,3,0.8,3,"PairwiseSupport","one-point",1,1,"one-point",1,"degenerate",,,,,3,1,2.8073734677162334,"SwitchDetected",1
123456,"TwoPole",146,51,3,0.8,3,"PairwiseSupport","one-point",1,1,"one-point",1,"degenerate",,,,,2,1,1.5849633566706869,"SwitchDetected",1
123456,"TwoPole",147,51,3,0.8,3,"PairwiseSupport","one-point",1,1,"one-point",1,"degenerate",,,,,2,2,,"NoSwitchDetected",
123456,"TwoPole",148,51,3,0.8,3,"PairwiseSupport","one-point",1,1,"one-point",1,"degenerate",,,,,2,2,,"NoSwitchDetected",
123456,"TwoPole",149,51,3,0.8,3,"PairwiseSupport","one-point",1,1,"one-point",1,"degenerate",,,,,1,3,2.00001159674693,"SwitchDetected",3
123456,"TwoPole",150,51,3,0.8,3,"PairwiseSupport","one-point",1,1,"one-point",1,"degenerate",,,,,1,1,,"NoSwitchDetected",
123456,"TwoPole",151,51,3,0.8,3,"PairwiseSupport","two-point",2,2,"one-point",1,"degenerate",,,,,2,1,1.1154841682301817,"SwitchDetected",1
123456,"TwoPole",152,51,3,0.8,3,"PairwiseSupport","one-point",1,1,"one-point",1,"degenerate",,,,,3,3,,"NoSwitchDetected",
123456,"TwoPole",153,51,3,0.8,3,"PairwiseSupport","one-point",1,1,"one-point",1,"degenerate",,,,,1,3,3.5850262137536877,"SwitchDetected",3
123456,"TwoPole",154,51,3,0.8,3,"PairwiseSupport","one-point",1,1,"one-point",1,"degenerate",,,,,2,2,,"NoSwitchDetected",
123456,"TwoPole",155,51,3,0.8,3,"PairwiseSupport","one-point",1,1,"one-point",1,"degenerate",,,,,2,1,1.2224008081692845,"SwitchDetected",1
123456,"TwoPole",156,51,3,0.8,3,"PairwiseSupport","one-point",1,1,"one-point",1,"degenerate",,,,,1,1,,"NoSwitchDetected",
123456,"TwoPole",157,51,3,0.8,3,"PairwiseSupport","one-point",1,1,"one-point",1,"degenerate",,,,,1,1,,"NoSwitchDetected",
123456,"TwoPole",158,51,3,0.8,3,"PairwiseSupport","one-point",1,1,"one-point",1,"degenerate",,,,,2,2,,"NoSwitchDetected",
123456,"TwoPole",159,51,3,0.8,3,"PairwiseSupport","two-point",2,2,"two-point",2,"degenerate",,,,,1,1,,"NoSwitchDetected",
123456,"TwoPole",160,51,3,0.8,3,"PairwiseSupport","one-point",1,1,"one-point",1,"degenerate",,,,,1,1,,"NoSwitchDetected",
123456,"TwoPole",161,51,3,0.8,3,"PairwiseSupport","one-point",1,1,"one-point",1,"degenerate",,,,,1,1,,"NoSwitchDetected",
123456,"TwoPole",162,51,3,0.8,3,"PairwiseSupport","one-point",1,1,"one-point",1,"degenerate",,,,,3,3,,"NoSwitchDetected",
123456,"TwoPole",163,51,3,0.8,3,"PairwiseSupport","one-point",1,1,"one-point",1,"degenerate",,,,,3,3,,"NoSwitchDetected",
123456,"TwoPole",164,51,3,0.8,3,"PairwiseSupport","one-point",1,1,"one-point",1,"degenerate",,,,,3,3,,"NoSwitchDetected",
123456,"TwoPole",165,51,3,0.8,3,"PairwiseSupport","one-point",1,1,"one-point",1,"degenerate",,,,,2,1,1.3219291661716357,"SwitchDetected",1
123456,"TwoPole",166,51,3,0.8,3,"PairwiseSupport","one-point",1,1,"one-point",1,"degenerate",,,,,1,1,,"NoSwitchDetected",
123456,"TwoPole",167,51,3,0.8,3,"PairwiseSupport","two-point",2,2,"one-point",1,"degenerate",,,,,2,1,3.5850262137536877,"SwitchDetected",1
123456,"TwoPole",168,51,3,0.8,3,"PairwiseSupport","one-point",1,1,"one-point",1,"degenerate",,,,,1,1,,"NoSwitchDetected",
123456,"TwoPole",169,51,3,0.8,3,"PairwiseSupport","two-point",2,2,"one-point",1,"degenerate",,,,,2,1,2.115479157514041,"SwitchDetected",1
123456,"TwoPole",170,51,3,0.8,3,"PairwiseSupport","two-point",2,2,"one-point",1,"degenerate",,,,,2,1,1.5849633566706869,"SwitchDetected",1
123456,"TwoPole",171,51,3,0.8,3,"PairwiseSupport","one-point",1,1,"one-point",1,"degenerate",,,,,3,3,,"NoSwitchDetected",
123456,"TwoPole",172,51,3,0.8,3,"PairwiseSupport","one-point",1,1,"one-point",1,"degenerate",,,,,1,1,,"NoSwitchDetected",
123456,"TwoPole",173,51,3,0.8,3,"PairwiseSupport","one-point",1,1,"one-point",1,"degenerate",,,,,1,1,,"NoSwitchDetected",
123456,"TwoPole",174,51,3,0.8,3,"PairwiseSupport","one-point",1,1,"one-point",1,"degenerate",,,,,1,1,,"NoSwitchDetected",
123456,"TwoPole",175,51,3,0.8,3,"PairwiseSupport","one-point",1,1,"one-point",1,"degenerate",,,,,1,1,,"NoSwitchDetected",
123456,"TwoPole",176,51,3,0.8,3,"PairwiseSupport","one-point",1,1,"one-point",1,"degenerate",,,,,1,1,,"NoSwitchDetected",
123456,"TwoPole",177,51,3,0.8,3,"PairwiseSupport","one-point",1,1,"one-point",1,"degenerate",,,,,2,2,,"NoSwitchDetected",
123456,"TwoPole",178,51,3,0.8,3,"PairwiseSupport","one-point",1,1,"one-point",1,"degenerate",,,,,1,1,,"NoSwitchDetected",
123456,"TwoPole",179,51,3,0.8,3,"PairwiseSupport","one-point",1,1,"one-point",1,"degenerate",,,,,1,1,,"NoSwitchDetected",
123456,"TwoPole",180,51,3,0.8,3,"PairwiseSupport","one-point",1,1,"one-point",1,"degenerate",,,,,2,2,,"NoSwitchDetected",
123456,"TwoPole",181,51,3,0.8,3,"PairwiseSupport","one-point",1,1,"one-point",1,"degenerate",,,,,2,1,1.7369833590336334,"SwitchDetected",1
123456,"TwoPole",182,51,3,0.8,3,"PairwiseSupport","one-point",1,1,"one-point",1,"degenerate",,,,,1,1,,"NoSwitchDetected",
123456,"TwoPole",183,51,3,0.8,3,"PairwiseSupport","one-point",1,1,"one-point",1,"degenerate",,,,,2,2,,"NoSwitchDetected",
123456,"TwoPole",184,51,3,0.8,3,"PairwiseSupport","one-point",1,1,"one-point",1,"degenerate",,,,,1,1,,"NoSwitchDetected",
123456,"TwoPole",185,51,3,0.8,3,"PairwiseSupport","one-point",1,1,"one-point",1,"degenerate",,,,,1,1,,"NoSwitchDetected",
123456,"TwoPole",186,51,3,0.8,3,"PairwiseSupport","one-point",1,1,"one-point",1,"degenerate",,,,,3,3,,"NoSwitchDetected",
123456,"TwoPole",187,51,3,0.8,3,"PairwiseSupport","one-point",1,1,"one-point",1,"degenerate",,,,,1,1,,"NoSwitchDetected",
123456,"TwoPole",188,51,3,0.8,3,"PairwiseSupport","one-point",1,1,"one-point",1,"degenerate",,,,,1,1,,"NoSwitchDetected",
123456,"TwoPole",189,51,3,0.8,3,"PairwiseSupport","one-point",1,1,"one-point",1,"degenerate",,,,,1,1,,"NoSwitchDetected",
123456,"TwoPole",190,51,3,0.8,3,"PairwiseSupport","one-point",1,1,"one-point",1,"degenerate",,,,,2,1,1.1375103838437979,"SwitchDetected",1
123456,"TwoPole",191,51,3,0.8,3,"PairwiseSupport","one-point",1,1,"one-point",1,"degenerate",,,,,3,3,,"NoSwitchDetected",
123456,"TwoPole",192,51,3,0.8,3,"PairwiseSupport","one-point",1,1,"one-point",1,"degenerate",,,,,2,1,1.7369833590336334,"SwitchDetected",1
123456,"TwoPole",193,51,3,0.8,3,"PairwiseSupport","one-point",1,1,"one-point",1,"degenerate",,,,,3,3,,"NoSwitchDetected",
123456,"TwoPole",194,51,3,0.8,3,"PairwiseSupport","one-point",1,1,"one-point",1,"degenerate",,,,,1,1,,"NoSwitchDetected",
123456,"TwoPole",195,51,3,0.8,3,"PairwiseSupport","one-point",1,1,"one-point",1,"degenerate",,,,,1,1,,"NoSwitchDetected",
123456,"TwoPole",196,51,3,0.8,3,"PairwiseSupport","one-point",1,1,"one-point",1,"degenerate",,,,,1,1,,"NoSwitchDetected",
123456,"TwoPole",197,51,3,0.8,3,"PairwiseSupport","one-point",1,1,"one-point",1,"degenerate",,,,,3,3,,"NoSwitchDetected",
123456,"TwoPole",198,51,3,0.8,3,"PairwiseSupport","one-point",1,1,"one-point",1,"degenerate",,,,,1,1,,"NoSwitchDetected",
123456,"TwoPole",199,51,3,0.8,3,"PairwiseSupport","one-point",1,1,"one-point",1,"degenerate",,,,,1,1,,"NoSwitchDetected",
123456,"TwoPole",200,51,3,0.8,3,"PairwiseSupport","one-point",1,1,"one-point",1,"degenerate",,,,,1,1,,"NoSwitchDetected",
123456,"TwoPole",1,51,5,0.5,1,"PairwiseSupport","two-point",2,2,"one-point",1,"degenerate",,,,,1,3,1.120893540426807,"SwitchDetected",3
123456,"TwoPole",2,51,5,0.5,1,"PairwiseSupport","multi-point",3,3,"one-point",1,"calibrated",2.795609857113274,0.03720052835770551,3,3,,,,"",
123456,"TwoPole",3,51,5,0.5,1,"PairwiseSupport","multi-point",3,3,"two-point",2,"calibrated",3.2902754082378745,0.04712918779889798,3,3,,,,"",
123456,"TwoPole",4,51,5,0.5,1,"PairwiseSupport","one-point",1,1,"one-point",1,"degenerate",,,,,3,3,,"NoSwitchDetected",
123456,"TwoPole",5,51,5,0.5,1,"PairwiseSupport","two-point",2,2,"one-point",1,"degenerate",,,,,1,3,1.0820133280346556,"SwitchDetected",3
123456,"TwoPole",6,51,5,0.5,1,"PairwiseSupport","two-point",2,2,"two-point",2,"degenerate",,,,,4,3,1.7480415351910183,"SwitchDetected",3
123456,"TwoPole",7,51,5,0.5,1,"PairwiseSupport","multi-point",3,3,"one-point",1,"calibrated",2.5271433919880195,0.0044546829749589935,3,3,,,,"",
123456,"TwoPole",8,51,5,0.5,1,"PairwiseSupport","two-point",2,2,"one-point",1,"degenerate",,,,,2,3,2.764377093498087,"SwitchDetected",3
123456,"TwoPole",9,51,5,0.5,1,"PairwiseSupport","multi-point",3,3,"one-point",1,"degenerate",,,,,1,3,1.0217245874149337,"SwitchDetected",3
123456,"TwoPole",10,51,5,0.5,1,"PairwiseSupport","one-point",1,1,"one-point",1,"degenerate",,,,,3,3,,"NoSwitchDetected",
123456,"TwoPole",11,51,5,0.5,1,"PairwiseSupport","two-point",2,2,"one-point",1,"degenerate",,,,,2,3,1.1970607570072238,"SwitchDetected",3
123456,"TwoPole",12,51,5,0.5,1,"PairwiseSupport","multi-point",3,3,"two-point",2,"calibrated",2.071187480822338,0.022458822165262324,3,3,,,,"",
123456,"TwoPole",13,51,5,0.5,1,"PairwiseSupport","one-point",1,1,"one-point",1,"degenerate",,,,,3,3,,"NoSwitchDetected",
123456,"TwoPole",14,51,5,0.5,1,"PairwiseSupport","two-point",2,2,"one-point",1,"degenerate",,,,,1,3,1.1160694518902814,"SwitchDetected",4
123456,"TwoPole",15,51,5,0.5,1,"PairwiseSupport","two-point",2,2,"one-point",1,"degenerate",,,,,1,3,1.039934889818727,"SwitchDetected",3
123456,"TwoPole",16,51,5,0.5,1,"PairwiseSupport","multi-point",3,3,"one-point",1,"calibrated",2.435943702634428,0.025674293151188163,3,3,,,,"",
123456,"TwoPole",17,51,5,0.5,1,"PairwiseSupport","multi-point",3,3,"one-point",1,"calibrated",2.435943702634428,0.02159486727941938,3,3,,,,"",
123456,"TwoPole",18,51,5,0.5,1,"PairwiseSupport","one-point",1,1,"one-point",1,"degenerate",,,,,3,3,,"NoSwitchDetected",
123456,"TwoPole",19,51,5,0.5,1,"PairwiseSupport","two-point",2,2,"one-point",1,"degenerate",,,,,2,3,1.649660167890982,"SwitchDetected",3
123456,"TwoPole",20,51,5,0.5,1,"PairwiseSupport","two-point",2,2,"two-point",2,"degenerate",,,,,3,3,,"NoSwitchDetected",
123456,"TwoPole",21,51,5,0.5,1,"PairwiseSupport","two-point",2,2,"one-point",1,"degenerate",,,,,1,3,1.0670082690861478,"SwitchDetected",4
123456,"TwoPole",22,51,5,0.5,1,"PairwiseSupport","multi-point",3,3,"one-point",1,"degenerate",,,,,1,3,1.1586237524233756,"SwitchDetected",3
123456,"TwoPole",23,51,5,0.5,1,"PairwiseSupport","one-point",1,1,"one-point",1,"degenerate",,,,,3,3,,"NoSwitchDetected",
123456,"TwoPole",24,51,5,0.5,1,"PairwiseSupport","two-point",2,2,"one-point",1,"degenerate",,,,,2,3,1.3922664375114853,"SwitchDetected",3
123456,"TwoPole",25,51,5,0.5,1,"PairwiseSupport","two-point",2,2,"two-point",2,"degenerate",,,,,3,3,,"NoSwitchDetected",
123456,"TwoPole",26,51,5,0.5,1,"PairwiseSupport","two-point",2,2,"two-point",2,"degenerate",,,,,3,3,,"NoSwitchDetected",
123456,"TwoPole",27,51,5,0.5,1,"PairwiseSupport","multi-point",3,3,"one-point",1,"degenerate",,,,,2,3,1.9129259103152523,"SwitchDetected",3
123456,"TwoPole",28,51,5,0.5,1,"PairwiseSupport","multi-point",3,3,"one-point",1,"calibrated",2.366345311130587,0.014089401850517649,3,3,,,,"",
123456,"TwoPole",29,51,5,0.5,1,"PairwiseSupport","one-point",1,1,"one-point",1,"degenerate",,,,,2,3,1.0711913342294799,"SwitchDetected",3
123456,"TwoPole",30,51,5,0.5,1,"PairwiseSupport","multi-point",3,3,"one-point",1,"calibrated",2.6512175962293796,0.00777572096514196,3,3,,,,"",
123456,"TwoPole",31,51,5,0.5,1,"PairwiseSupport","multi-point",3,3,"two-point",2,"calibrated",1.976284584980237,0.0008400804206861595,3,3,,,,"",
123456,"TwoPole",32,51,5,0.5,1,"PairwiseSupport","one-point",1,1,"one-point",1,"degenerate",,,,,3,3,,"NoSwitchDetected",
123456,"TwoPole",33,51,5,0.5,1,"PairwiseSupport","two-point",2,2,"two-point",2,"degenerate",,,,,3,3,,"NoSwitchDetected",
123456,"TwoPole",34,51,5,0.5,1,"PairwiseSupport","multi-point",3,3,"multi-point",3,"calibrated",2.6512175962293796,0.04858050694381048,3,3,,,,"",
123456,"TwoPole",35,51,5,0.5,1,"PairwiseSupport","multi-point",3,3,"one-point",1,"degenerate",,,,,2,3,1.9147568571996216,"SwitchDetected",3
123456,"TwoPole",36,51,5,0.5,1,"PairwiseSupport","two-point",2,2,"two-point",2,"degenerate",,,,,3,3,,"NoSwitchDetected",
123456,"TwoPole",37,51,5,0.5,1,"PairwiseSupport","two-point",2,2,"one-point",1,"degenerate",,,,,1,3,1.000005950963148,"SwitchDetected",3
123456,"TwoPole",38,51,5,0.5,1,"PairwiseSupport","two-point",2,2,"one-point",1,"degenerate",,,,,1,3,1.000005950963148,"SwitchDetected",4
123456,"TwoPole",39,51,5,0.5,1,"PairwiseSupport","one-point",1,1,"one-point",1,"degenerate",,,,,3,3,,"NoSwitchDetected",
123456,"TwoPole",40,51,5,0.5,1,"PairwiseSupport","two-point",2,2,"one-point",1,"degenerate",,,,,2,3,1.3799754478245214,"SwitchDetected",3
123456,"TwoPole",41,51,5,0.5,1,"PairwiseSupport","two-point",2,2,"one-point",1,"degenerate",,,,,2,3,1.654989197973184,"SwitchDetected",3
123456,"TwoPole",42,51,5,0.5,1,"PairwiseSupport","two-point",2,2,"two-point",2,"degenerate",,,,,4,3,1.60237422098319,"SwitchDetected",3
123456,"TwoPole",43,51,5,0.5,1,"PairwiseSupport","one-point",1,1,"one-point",1,"degenerate",,,,,3,3,,"NoSwitchDetected",
123456,"TwoPole",44,51,5,0.5,1,"PairwiseSupport","one-point",1,1,"one-point",1,"degenerate",,,,,3,3,,"NoSwitchDetected",
123456,"TwoPole",45,51,5,0.5,1,"PairwiseSupport","multi-point",3,4,"one-point",1,"calibrated",2.055420219244823,0.016204783924196445,4,3,,,,"",
123456,"TwoPole",46,51,5,0.5,1,"PairwiseSupport","two-point",2,2,"one-point",1,"degenerate",,,,,1,3,1.1041381763153804,"SwitchDetected",3
123456,"TwoPole",47,51,5,0.5,1,"PairwiseSupport","multi-point",3,3,"two-point",2,"degenerate",,,,,4,3,2.2098441516314025,"SwitchDetected",3
123456,"TwoPole",48,51,5,0.5,1,"PairwiseSupport","one-point",1,1,"one-point",1,"degenerate",,,,,3,3,,"NoSwitchDetected",
123456,"TwoPole",49,51,5,0.5,1,"PairwiseSupport","two-point",2,2,"one-point",1,"degenerate",,,,,2,3,1.3369798894037572,"SwitchDetected",3
123456,"TwoPole",50,51,5,0.5,1,"PairwiseSupport","multi-point",3,4,"one-point",1,"calibrated",1.4291763709506669,0.0025161693809261348,4,3,,,,"",
123456,"TwoPole",51,51,5,0.5,1,"PairwiseSupport","two-point",2,2,"one-point",1,"degenerate",,,,,2,3,1.000005950963148,"SwitchDetected",3
123456,"TwoPole",52,51,5,0.5,1,"PairwiseSupport","two-point",2,2,"one-point",1,"degenerate",,,,,2,3,1.679418968598535,"SwitchDetected",3
123456,"TwoPole",53,51,5,0.5,1,"PairwiseSupport","two-point",2,2,"one-point",1,"degenerate",,,,,2,3,2.00001159674693,"SwitchDetected",3
123456,"TwoPole",54,51,5,0.5,1,"PairwiseSupport","multi-point",3,3,"one-point",1,"degenerate",,,,,2,3,1.618096928786057,"SwitchDetected",3
123456,"TwoPole",55,51,5,0.5,1,"PairwiseSupport","multi-point",3,3,"two-point",2,"degenerate",,,,,4,3,2.78711859245748,"SwitchDetected",3
123456,"TwoPole",56,51,5,0.5,1,"PairwiseSupport","two-point",2,2,"one-point",1,"degenerate",,,,,2,3,2.028647338344487,"SwitchDetected",3
123456,"TwoPole",57,51,5,0.5,1,"PairwiseSupport","multi-point",3,3,"two-point",2,"calibrated",1.801441152922338,0.02961877368889983,3,3,,,,"",
123456,"TwoPole",58,51,5,0.5,1,"PairwiseSupport","one-point",1,1,"one-point",1,"degenerate",,,,,3,3,,"NoSwitchDetected",
123456,"TwoPole",59,51,5,0.5,1,"PairwiseSupport","multi-point",3,3,"one-point",1,"calibrated",2.435943702634428,0.033015299551980445,3,3,,,,"",
123456,"TwoPole",60,51,5,0.5,1,"PairwiseSupport","two-point",2,2,"two-point",2,"degenerate",,,,,4,3,1.5004195432759175,"SwitchDetected",3
123456,"TwoPole",61,51,5,0.5,1,"PairwiseSupport","two-point",2,2,"two-point",2,"degenerate",,,,,3,3,,"NoSwitchDetected",
123456,"TwoPole",62,51,5,0.5,1,"PairwiseSupport","two-point",2,2,"one-point",1,"degenerate",,,,,2,3,2.02098635951391,"SwitchDetected",3
123456,"TwoPole",63,51,5,0.5,1,"PairwiseSupport","two-point",2,2,"two-point",2,"degenerate",,,,,3,3,,"NoSwitchDetected",
123456,"TwoPole",64,51,5,0.5,1,"PairwiseSupport","one-point",1,1,"one-point",1,"degenerate",,,,,3,3,,"NoSwitchDetected",
123456,"TwoPole",65,51,5,0.5,1,"PairwiseSupport","one-point",1,1,"one-point",1,"degenerate",,,,,3,3,,"NoSwitchDetected",
123456,"TwoPole",66,51,5,0.5,1,"PairwiseSupport","two-point",2,2,"one-point",1,"degenerate",,,,,2,3,1.744991961470441,"SwitchDetected",3
123456,"TwoPole",67,51,5,0.5,1,"PairwiseSupport","two-point",2,2,"one-point",1,"degenerate",,,,,2,3,3.330181138560557,"SwitchDetected",3
123456,"TwoPole",68,51,5,0.5,1,"PairwiseSupport","multi-point",3,3,"one-point",1,"calibrated",2.035892022319409,0.004340634044173119,3,3,,,,"",
123456,"TwoPole",69,51,5,0.5,1,"PairwiseSupport","one-point",1,1,"one-point",1,"degenerate",,,,,3,3,,"NoSwitchDetected",
123456,"TwoPole",70,51,5,0.5,1,"PairwiseSupport","two-point",2,2,"two-point",2,"degenerate",,,,,3,3,,"NoSwitchDetected",
123456,"TwoPole",71,51,5,0.5,1,"PairwiseSupport","multi-point",3,3,"one-point",1,"calibrated",2.1887159533073928,0.0038634466048424456,3,3,,,,"",
123456,"TwoPole",72,51,5,0.5,1,"PairwiseSupport","two-point",2,2,"one-point",1,"degenerate",,,,,2,3,1.9011956157853545,"SwitchDetected",3
123456,"TwoPole",73,51,5,0.5,1,"PairwiseSupport","multi-point",3,3,"one-point",1,"calibrated",2.2247857613711273,0.009746518235169326,3,3,,,,"",
123456,"TwoPole",74,51,5,0.5,1,"PairwiseSupport","two-point",2,2,"two-point",2,"degenerate",,,,,4,3,5.186127173119125,"SwitchDetected",3
123456,"TwoPole",75,51,5,0.5,1,"PairwiseSupport","one-point",1,1,"one-point",1,"degenerate",,,,,2,3,1.000005950963148,"SwitchDetected",3
123456,"TwoPole",76,51,5,0.5,1,"PairwiseSupport","multi-point",3,3,"two-point",2,"calibrated",1.801441152922338,0.001989365091715045,3,3,,,,"",
123456,"TwoPole",77,51,5,0.5,1,"PairwiseSupport","two-point",2,2,"one-point",1,"degenerate",,,,,2,3,1.1779124872994629,"SwitchDetected",3
123456,"TwoPole",78,51,5,0.5,1,"PairwiseSupport","two-point",2,2,"one-point",1,"degenerate",,,,,1,3,1.000005950963148,"SwitchDetected",3
123456,"TwoPole",79,51,5,0.5,1,"PairwiseSupport","two-point",2,2,"one-point",1,"degenerate",,,,,2,3,5.8969986817774895,"SwitchDetected",3
123456,"TwoPole",80,51,5,0.5,1,"PairwiseSupport","two-point",2,2,"two-point",2,"degenerate",,,,,4,3,1.1739625229804562,"SwitchDetected",3
123456,"TwoPole",81,51,5,0.5,1,"PairwiseSupport","two-point",2,2,"two-point",2,"degenerate",,,,,3,3,,"NoSwitchDetected",
123456,"TwoPole",82,51,5,0.5,1,"PairwiseSupport","one-point",1,1,"one-point",1,"degenerate",,,,,3,3,,"NoSwitchDetected",
123456,"TwoPole",83,51,5,0.5,1,"PairwiseSupport","multi-point",3,3,"one-point",1,"degenerate",,,,,2,3,1.4743929512786198,"SwitchDetected",3
123456,"TwoPole",84,51,5,0.5,1,"PairwiseSupport","two-point",2,2,"one-point",1,"degenerate",,,,,2,3,2.1582451875341055,"SwitchDetected",3
123456,"TwoPole",85,51,5,0.5,1,"PairwiseSupport","two-point",2,2,"two-point",2,"degenerate",,,,,4,3,1.505217594619288,"SwitchDetected",3
123456,"TwoPole",86,51,5,0.5,1,"PairwiseSupport","two-point",2,2,"one-point",1,"degenerate",,,,,1,3,1.0565160988284918,"SwitchDetected",3
123456,"TwoPole",87,51,5,0.5,1,"PairwiseSupport","multi-point",3,3,"one-point",1,"calibrated",2.6254375729288215,0.033459323361768864,3,3,,,,"",
123456,"TwoPole",88,51,5,0.5,1,"PairwiseSupport","multi-point",3,3,"multi-point",3,"degenerate",,,,,5,3,1.0199200012699199,"SwitchDetected",3
123456,"TwoPole",89,51,5,0.5,1,"PairwiseSupport","two-point",2,2,"one-point",1,"degenerate",,,,,2,3,1.4209452833293692,"SwitchDetected",3
123456,"TwoPole",90,51,5,0.5,1,"PairwiseSupport","multi-point",3,3,"two-point",2,"calibrated",1.3095353574546513,0.006536339360577639,3,3,,,,"",
123456,"TwoPole",91,51,5,0.5,1,"PairwiseSupport","two-point",2,2,"two-point",2,"degenerate",,,,,4,3,1.4536920686431196,"SwitchDetected",3
123456,"TwoPole",92,51,5,0.5,1,"PairwiseSupport","two-point",2,2,"two-point",2,"degenerate",,,,,3,3,,"NoSwitchDetected",
123456,"TwoPole",93,51,5,0.5,1,"PairwiseSupport","two-point",2,2,"two-point",2,"degenerate",,,,,3,3,,"NoSwitchDetected",
123456,"TwoPole",94,51,5,0.5,1,"PairwiseSupport","two-point",2,2,"two-point",2,"degenerate",,,,,4,3,1.2710542112301408,"SwitchDetected",3
123456,"TwoPole",95,51,5,0.5,1,"PairwiseSupport","multi-point",3,4,"one-point",1,"calibrated",2.3457862728062553,0.032315539413789396,4,3,,,,"",
123456,"TwoPole",96,51,5,0.5,1,"PairwiseSupport","two-point",2,2,"two-point",2,"degenerate",,,,,4,3,1.0429231894454951,"SwitchDetected",3
123456,"TwoPole",97,51,5,0.5,1,"PairwiseSupport","two-point",2,2,"one-point",1,"degenerate",,,,,1,3,1.000005950963148,"SwitchDetected",4
123456,"TwoPole",98,51,5,0.5,1,"PairwiseSupport","two-point",2,2,"one-point",1,"degenerate",,,,,2,3,1.3313235634682345,"SwitchDetected",3
123456,"TwoPole",99,51,5,0.5,1,"PairwiseSupport","multi-point",3,4,"one-point",1,"calibrated",1.2233801540552787,0.0005042987174306565,4,3,,,,"",
123456,"TwoPole",100,51,5,0.5,1,"PairwiseSupport","two-point",2,2,"one-point",1,"degenerate",,,,,2,3,5.661182511285914,"SwitchDetected",3
123456,"TwoPole",101,51,5,0.5,1,"PairwiseSupport","one-point",1,1,"one-point",1,"degenerate",,,,,3,3,,"NoSwitchDetected",
123456,"TwoPole",102,51,5,0.5,1,"PairwiseSupport","multi-point",3,3,"two-point",2,"calibrated",1.4680295780774246,0.013062168359926738,3,3,,,,"",
123456,"TwoPole",103,51,5,0.5,1,"PairwiseSupport","two-point",2,2,"one-point",1,"degenerate",,,,,1,3,1.1105669592095073,"SwitchDetected",3
123456,"TwoPole",104,51,5,0.5,1,"PairwiseSupport","two-point",2,2,"two-point",2,"degenerate",,,,,4,3,1.0519656859117725,"SwitchDetected",3
123456,"TwoPole",105,51,5,0.5,1,"PairwiseSupport","one-point",1,1,"one-point",1,"degenerate",,,,,3,3,,"NoSwitchDetected",
123456,"TwoPole",106,51,5,0.5,1,"PairwiseSupport","multi-point",3,3,"one-point",1,"calibrated",2.305721605465414,0.02069698072095401,3,3,,,,"",
123456,"TwoPole",107,51,5,0.5,1,"PairwiseSupport","two-point",2,2,"one-point",1,"degenerate",,,,,2,3,2.1977056484214224,"SwitchDetected",3
123456,"TwoPole",108,51,5,0.5,1,"PairwiseSupport","two-point",2,2,"two-point",2,"degenerate",,,,,3,3,,"NoSwitchDetected",
123456,"TwoPole",109,51,5,0.5,1,"PairwiseSupport","two-point",2,2,"one-point",1,"degenerate",,,,,1,3,1.0683718186937028,"SwitchDetected",3
123456,"TwoPole",110,51,5,0.5,1,"PairwiseSupport","one-point",1,1,"one-point",1,"degenerate",,,,,2,3,1.220961958397942,"SwitchDetected",3
123456,"TwoPole",111,51,5,0.5,1,"PairwiseSupport","multi-point",3,3,"one-point",1,"degenerate",,,,,1,3,1.0454797072988637,"SwitchDetected",3
123456,"TwoPole",112,51,5,0.5,1,"PairwiseSupport","one-point",1,1,"one-point",1,"degenerate",,,,,3,3,,"NoSwitchDetected",
123456,"TwoPole",113,51,5,0.5,1,"PairwiseSupport","two-point",2,2,"two-point",2,"degenerate",,,,,4,3,1.3276631054869827,"SwitchDetected",2
123456,"TwoPole",114,51,5,0.5,1,"PairwiseSupport","two-point",2,2,"one-point",1,"degenerate",,,,,2,3,1.2921161122163096,"SwitchDetected",3
123456,"TwoPole",115,51,5,0.5,1,"PairwiseSupport","one-point",1,1,"one-point",1,"degenerate",,,,,3,3,,"NoSwitchDetected",
123456,"TwoPole",116,51,5,0.5,1,"PairwiseSupport","two-point",2,2,"one-point",1,"degenerate",,,,,1,3,1.099507288664955,"SwitchDetected",3
123456,"TwoPole",117,51,5,0.5,1,"PairwiseSupport","two-point",2,2,"one-point",1,"degenerate",,,,,1,3,1.000005950963148,"SwitchDetected",4
123456,"TwoPole",118,51,5,0.5,1,"PairwiseSupport","two-point",2,2,"one-point",1,"degenerate",,,,,2,3,2.207173786308693,"SwitchDetected",3
123456,"TwoPole",119,51,5,0.5,1,"PairwiseSupport","two-point",2,2,"two-point",2,"degenerate",,,,,4,3,1.2979245407078854,"SwitchDetected",3
123456,"TwoPole",120,51,5,0.5,1,"PairwiseSupport","multi-point",3,3,"one-point",1,"calibrated",1.378113515720702,0.003026233623620326,3,3,,,,"",
123456,"TwoPole",121,51,5,0.5,1,"PairwiseSupport","one-point",1,1,"one-point",1,"degenerate",,,,,3,3,,"NoSwitchDetected",
123456,"TwoPole",122,51,5,0.5,1,"PairwiseSupport","two-point",2,2,"one-point",1,"degenerate",,,,,1,3,1.1365333132627173,"SwitchDetected",3
123456,"TwoPole",123,51,5,0.5,1,"PairwiseSupport","two-point",2,2,"two-point",2,"degenerate",,,,,4,3,1.4823396520202237,"SwitchDetected",3
123456,"TwoPole",124,51,5,0.5,1,"PairwiseSupport","one-point",1,1,"one-point",1,"degenerate",,,,,2,3,1.1224958541851575,"SwitchDetected",3
123456,"TwoPole",125,51,5,0.5,1,"PairwiseSupport","two-point",2,2,"one-point",1,"degenerate",,,,,2,3,1.1556596037929954,"SwitchDetected",3
123456,"TwoPole",126,51,5,0.5,1,"PairwiseSupport","two-point",2,2,"two-point",2,"degenerate",,,,,4,3,1.3760316930737122,"SwitchDetected",3
123456,"TwoPole",127,51,5,0.5,1,"PairwiseSupport","multi-point",3,3,"one-point",1,"calibrated",2.4807056229327453,0.04672668733912448,3,3,,,,"",
123456,"TwoPole",128,51,5,0.5,1,"PairwiseSupport","two-point",2,2,"one-point",1,"degenerate",,,,,2,3,2.2457263829673497,"SwitchDetected",3
123456,"TwoPole",129,51,5,0.5,1,"PairwiseSupport","two-point",2,2,"two-point",2,"degenerate",,,,,4,3,2.07250740000506,"SwitchDetected",3
123456,"TwoPole",130,51,5,0.5,1,"PairwiseSupport","two-point",2,2,"one-point",1,"degenerate",,,,,2,3,1.5964069151974596,"SwitchDetected",3
123456,"TwoPole",131,51,5,0.5,1,"PairwiseSupport","two-point",2,2,"one-point",1,"degenerate",,,,,1,3,1.020285364176457,"SwitchDetected",3
123456,"TwoPole",132,51,5,0.5,1,"PairwiseSupport","multi-point",3,4,"one-point",1,"calibrated",1.8636112644947542,0.010385125744466709,4,3,,,,"",
123456,"TwoPole",133,51,5,0.5,1,"PairwiseSupport","two-point",2,2,"one-point",1,"degenerate",,,,,1,3,1.0405981915287534,"SwitchDetected",3
123456,"TwoPole",134,51,5,0.5,1,"PairwiseSupport","multi-point",3,3,"two-point",2,"calibrated",2.5271433919880195,0.0029154889865421196,3,3,,,,"",
123456,"TwoPole",135,51,5,0.5,1,"PairwiseSupport","two-point",2,2,"one-point",1,"degenerate",,,,,2,3,1.108530283972928,"SwitchDetected",3
123456,"TwoPole",136,51,5,0.5,1,"PairwiseSupport","two-point",2,2,"one-point",1,"degenerate",,,,,2,3,1.5039781893787967,"SwitchDetected",3
123456,"TwoPole",137,51,5,0.5,1,"PairwiseSupport","multi-point",3,3,"multi-point",3,"degenerate",,,,,5,3,1.0186463766367884,"SwitchDetected",3
123456,"TwoPole",138,51,5,0.5,1,"PairwiseSupport","two-point",2,2,"one-point",1,"degenerate",,,,,2,3,2.201419689968519,"SwitchDetected",3
123456,"TwoPole",139,51,5,0.5,1,"PairwiseSupport","two-point",2,2,"one-point",1,"degenerate",,,,,1,3,1.0342448415586647,"SwitchDetected",4
123456,"TwoPole",140,51,5,0.5,1,"PairwiseSupport","two-point",2,2,"one-point",1,"degenerate",,,,,1,3,1.000005950963148,"SwitchDetected",3
123456,"TwoPole",141,51,5,0.5,1,"PairwiseSupport","multi-point",3,4,"one-point",1,"calibrated",1.8765638031693075,0.007609567810797607,4,3,,,,"",
123456,"TwoPole",142,51,5,0.5,1,"PairwiseSupport","multi-point",3,3,"two-point",2,"calibrated",2.3872679045092835,0.03313327229885475,3,3,,,,"",
123456,"TwoPole",143,51,5,0.5,1,"PairwiseSupport","two-point",2,2,"one-point",1,"degenerate",,,,,2,3,1.7057573736083917,"SwitchDetected",3
123456,"TwoPole",144,51,5,0.5,1,"PairwiseSupport","one-point",1,1,"one-point",1,"degenerate",,,,,2,3,1.1272774622083568,"SwitchDetected",3
123456,"TwoPole",145,51,5,0.5,1,"PairwiseSupport","multi-point",3,3,"one-point",1,"calibrated",2.035892022319409,0.00478645709919798,3,3,,,,"",
123456,"TwoPole",146,51,5,0.5,1,"PairwiseSupport","two-point",2,2,"one-point",1,"degenerate",,,,,2,3,3.101759932603361,"SwitchDetected",3
123456,"TwoPole",147,51,5,0.5,1,"PairwiseSupport","two-point",2,2,"two-point",2,"degenerate",,,,,4,3,2.18348453292935,"SwitchDetected",3
123456,"TwoPole",148,51,5,0.5,1,"PairwiseSupport","multi-point",3,3,"two-point",2,"calibrated",2.3457862728062553,0.022408463708015778,3,3,,,,"",
123456,"TwoPole",149,51,5,0.5,1,"PairwiseSupport","two-point",2,2,"one-point",1,"degenerate",,,,,1,3,1.0266810813927056,"SwitchDetected",4
123456,"TwoPole",150,51,5,0.5,1,"PairwiseSupport","two-point",2,2,"one-point",1,"degenerate",,,,,2,3,1.9471498095515403,"SwitchDetected",3
123456,"TwoPole",151,51,5,0.5,1,"PairwiseSupport","multi-point",3,3,"two-point",2,"calibrated",2.435943702634428,0.04073833728367372,3,3,,,,"",
123456,"TwoPole",152,51,5,0.5,1,"PairwiseSupport","two-point",2,2,"one-point",1,"degenerate",,,,,1,3,1.063476583101147,"SwitchDetected",3
123456,"TwoPole",153,51,5,0.5,1,"PairwiseSupport","two-point",2,2,"one-point",1,"degenerate",,,,,2,3,1.6718166899529523,"SwitchDetected",3
123456,"TwoPole",154,51,5,0.5,1,"PairwiseSupport","multi-point",3,3,"one-point",1,"degenerate",,,,,2,3,1.683507478502116,"SwitchDetected",3
123456,"TwoPole",155,51,5,0.5,1,"PairwiseSupport","one-point",1,1,"one-point",1,"degenerate",,,,,3,3,,"NoSwitchDetected",
123456,"TwoPole",156,51,5,0.5,1,"PairwiseSupport","two-point",2,2,"two-point",2,"degenerate",,,,,4,3,1.2370235781193906,"SwitchDetected",3
123456,"TwoPole",157,51,5,0.5,1,"PairwiseSupport","two-point",2,2,"two-point",2,"degenerate",,,,,3,3,,"NoSwitchDetected",
123456,"TwoPole",158,51,5,0.5,1,"PairwiseSupport","two-point",2,2,"two-point",2,"degenerate",,,,,3,3,,"NoSwitchDetected",
123456,"TwoPole",159,51,5,0.5,1,"PairwiseSupport","multi-point",3,3,"one-point",1,"calibrated",2.6775089250297497,0.020202147844668138,3,3,,,,"",
123456,"TwoPole",160,51,5,0.5,1,"PairwiseSupport","multi-point",3,3,"two-point",2,"calibrated",2.581755593803787,0.005790753505438092,3,3,,,,"",
123456,"TwoPole",161,51,5,0.5,1,"PairwiseSupport","two-point",2,2,"one-point",1,"degenerate",,,,,2,3,1.000005950963148,"SwitchDetected",3
123456,"TwoPole",162,51,5,0.5,1,"PairwiseSupport","two-point",2,2,"two-point",2,"degenerate",,,,,3,3,,"NoSwitchDetected",
123456,"TwoPole",163,51,5,0.5,1,"PairwiseSupport","two-point",2,2,"one-point",1,"degenerate",,,,,2,3,1.3034011419079585,"SwitchDetected",3
123456,"TwoPole",164,51,5,0.5,1,"PairwiseSupport","two-point",2,2,"one-point",1,"degenerate",,,,,2,3,1.1577536512362523,"SwitchDetected",3
123456,"TwoPole",165,51,5,0.5,1,"PairwiseSupport","multi-point",3,3,"one-point",1,"calibrated",2.4807056229327453,0.03638732491220291,3,3,,,,"",
123456,"TwoPole",166,51,5,0.5,1,"PairwiseSupport","two-point",2,2,"one-point",1,"degenerate",,,,,2,3,3.084621887184624,"SwitchDetected",3
123456,"TwoPole",167,51,5,0.5,1,"PairwiseSupport","two-point",2,2,"one-point",1,"degenerate",,,,,1,3,1.1139239473592069,"SwitchDetected",3
123456,"TwoPole",168,51,5,0.5,1,"PairwiseSupport","two-point",2,2,"two-point",2,"degenerate",,,,,3,3,,"NoSwitchDetected",
123456,"TwoPole",169,51,5,0.5,1,"PairwiseSupport","multi-point",3,3,"one-point",1,"calibrated",1.9908568057808584,0.01434242192871304,3,3,,,,"",
123456,"TwoPole",170,51,5,0.5,1,"PairwiseSupport","multi-point",3,3,"one-point",1,"degenerate",,,,,1,3,1.1559855537083665,"SwitchDetected",3
123456,"TwoPole",171,51,5,0.5,1,"PairwiseSupport","two-point",2,2,"one-point",1,"degenerate",,,,,2,3,2.186325391379134,"SwitchDetected",3
123456,"TwoPole",172,51,5,0.5,1,"PairwiseSupport","multi-point",3,3,"one-point",1,"calibrated",2.854726157750053,0.02047575623398974,3,3,,,,"",
123456,"TwoPole",173,51,5,0.5,1,"PairwiseSupport","two-point",2,2,"one-point",1,"degenerate",,,,,2,3,2.4603001794469437,"SwitchDetected",3
123456,"TwoPole",174,51,5,0.5,1,"PairwiseSupport","multi-point",3,3,"one-point",1,"calibrated",2.1034590215020255,0.024631114837063078,3,3,,,,"",
123456,"TwoPole",175,51,5,0.5,1,"PairwiseSupport","multi-point",3,4,"two-point",2,"calibrated",2.600154083204931,0.03926284281009916,3,3,,,,"",
123456,"TwoPole",176,51,5,0.5,1,"PairwiseSupport","two-point",2,2,"two-point",2,"degenerate",,,,,3,3,,"NoSwitchDetected",
123456,"TwoPole",177,51,5,0.5,1,"PairwiseSupport","two-point",2,2,"one-point",1,"degenerate",,,,,1,3,1.000005950963148,"SwitchDetected",3
123456,"TwoPole",178,51,5,0.5,1,"PairwiseSupport","two-point",2,2,"one-point",1,"degenerate",,,,,1,3,1.0195548999417072,"SwitchDetected",3
123456,"TwoPole",179,51,5,0.5,1,"PairwiseSupport","multi-point",3,3,"two-point",2,"calibrated",2.325581395348837,0.04929185489129359,3,3,,,,"",
123456,"TwoPole",180,51,5,0.5,1,"PairwiseSupport","multi-point",3,3,"one-point",1,"calibrated",2.286198137171888,0.0220677218669454,3,3,,,,"",
123456,"TwoPole",181,51,5,0.5,1,"PairwiseSupport","two-point",2,2,"one-point",1,"degenerate",,,,,1,3,1.1977348016014149,"SwitchDetected",3
123456,"TwoPole",182,51,5,0.5,1,"PairwiseSupport","two-point",2,2,"two-point",2,"degenerate",,,,,3,3,,"NoSwitchDetected",
123456,"TwoPole",183,51,5,0.5,1,"PairwiseSupport","two-point",2,2,"one-point",1,"degenerate",,,,,1,3,1.020074784108089,"SwitchDetected",3
123456,"TwoPole",184,51,5,0.5,1,"PairwiseSupport","two-point",2,2,"two-point",2,"degenerate",,,,,4,3,1.3104552880318177,"SwitchDetected",3
123456,"TwoPole",185,51,5,0.5,1,"PairwiseSupport","two-point",2,2,"two-point",2,"degenerate",,,,,3,3,,"NoSwitchDetected",
123456,"TwoPole",186,51,5,0.5,1,"PairwiseSupport","two-point",2,2,"two-point",2,"degenerate",,,,,4,3,1.2873547684240572,"SwitchDetected",3
123456,"TwoPole",187,51,5,0.5,1,"PairwiseSupport","multi-point",3,3,"multi-point",3,"degenerate",,,,,5,3,1.0177949494783212,"SwitchDetected",3
123456,"TwoPole",188,51,5,0.5,1,"PairwiseSupport","two-point",2,2,"one-point",1,"degenerate",,,,,1,3,1.0198581012861516,"SwitchDetected",3
123456,"TwoPole",189,51,5,0.5,1,"PairwiseSupport","two-point",2,2,"one-point",1,"degenerate",,,,,2,3,3.068344355357875,"SwitchDetected",3
123456,"TwoPole",190,51,5,0.5,1,"PairwiseSupport","one-point",1,1,"one-point",1,"degenerate",,,,,3,3,,"NoSwitchDetected",
123456,"TwoPole",191,51,5,0.5,1,"PairwiseSupport","one-point",1,1,"one-point",1,"degenerate",,,,,3,3,,"NoSwitchDetected",
123456,"TwoPole",192,51,5,0.5,1,"PairwiseSupport","two-point",2,2,"two-point",2,"degenerate",,,,,4,3,1.2333646053189977,"SwitchDetected",2
123456,"TwoPole",193,51,5,0.5,1,"PairwiseSupport","two-point",2,2,"two-point",2,"degenerate",,,,,3,3,,"NoSwitchDetected",
123456,"TwoPole",194,51,5,0.5,1,"PairwiseSupport","two-point",2,2,"one-point",1,"degenerate",,,,,2,3,1.26859773454182,"SwitchDetected",3
123456,"TwoPole",195,51,5,0.5,1,"PairwiseSupport","one-point",1,1,"one-point",1,"degenerate",,,,,3,3,,"NoSwitchDetected",
123456,"TwoPole",196,51,5,0.5,1,"PairwiseSupport","two-point",2,2,"two-point",2,"degenerate",,,,,4,3,1.1074928474983565,"SwitchDetected",3
123456,"TwoPole",197,51,5,0.5,1,"PairwiseSupport","two-point",2,2,"one-point",1,"degenerate",,,,,2,3,2.513588936772131,"SwitchDetected",3
123456,"TwoPole",198,51,5,0.5,1,"PairwiseSupport","multi-point",3,3,"one-point",1,"degenerate",,,,,1,3,1.3223452661730335,"SwitchDetected",3
123456,"TwoPole",199,51,5,0.5,1,"PairwiseSupport","two-point",2,2,"one-point",1,"degenerate",,,,,1,3,1.0190231862915757,"SwitchDetected",3
123456,"TwoPole",200,51,5,0.5,1,"PairwiseSupport","two-point",2,2,"two-point",2,"degenerate",,,,,3,3,,"NoSwitchDetected",
123456,"TwoPole",1,51,5,0.5,2,"PairwiseSupport","one-point",1,1,"one-point",1,"degenerate",,,,,3,3,,"NoSwitchDetected",
123456,"TwoPole",2,51,5,0.5,2,"PairwiseSupport","one-point",1,1,"one-point",1,"degenerate",,,,,3,3,,"NoSwitchDetected",
123456,"TwoPole",3,51,5,0.5,2,"PairwiseSupport","one-point",1,1,"one-point",1,"degenerate",,,,,2,3,1.3790920752709535,"SwitchDetected",3
123456,"TwoPole",4,51,5,0.5,2,"PairwiseSupport","one-point",1,1,"one-point",1,"degenerate",,,,,3,3,,"NoSwitchDetected",
123456,"TwoPole",5,51,5,0.5,2,"PairwiseSupport","one-point",1,1,"one-point",1,"degenerate",,,,,3,3,,"NoSwitchDetected",
123456,"TwoPole",6,51,5,0.5,2,"PairwiseSupport","two-point",2,2,"two-point",2,"degenerate",,,,,5,3,1.3963619504152587,"SwitchDetected",3
123456,"TwoPole",7,51,5,0.5,2,"PairwiseSupport","two-point",2,2,"one-point",1,"degenerate",,,,,4,3,4.494033761483492,"SwitchDetected",3
123456,"TwoPole",8,51,5,0.5,2,"PairwiseSupport","two-point",2,2,"one-point",1,"degenerate",,,,,2,3,2.4346000291991525,"SwitchDetected",3
123456,"TwoPole",9,51,5,0.5,2,"PairwiseSupport","one-point",1,1,"one-point",1,"degenerate",,,,,2,3,1.0894844864497695,"SwitchDetected",3
123456,"TwoPole",10,51,5,0.5,2,"PairwiseSupport","one-point",1,1,"one-point",1,"degenerate",,,,,3,3,,"NoSwitchDetected",
123456,"TwoPole",11,51,5,0.5,2,"PairwiseSupport","one-point",1,1,"one-point",1,"degenerate",,,,,3,3,,"NoSwitchDetected",
123456,"TwoPole",12,51,5,0.5,2,"PairwiseSupport","multi-point",3,3,"one-point",1,"calibrated",5.450141299959627,0.009510313228498565,3,3,,,,"",
123456,"TwoPole",13,51,5,0.5,2,"PairwiseSupport","two-point",2,2,"one-point",1,"degenerate",,,,,2,3,2.6730022126826487,"SwitchDetected",3
123456,"TwoPole",14,51,5,0.5,2,"PairwiseSupport","two-point",2,2,"one-point",1,"degenerate",,,,,2,3,3.0901240604464033,"SwitchDetected",3
123456,"TwoPole",15,51,5,0.5,2,"PairwiseSupport","two-point",2,2,"one-point",1,"degenerate",,,,,2,3,1.3964431780844335,"SwitchDetected",3
123456,"TwoPole",16,51,5,0.5,2,"PairwiseSupport","two-point",2,2,"one-point",1,"degenerate",,,,,1,3,1.4216064395717483,"SwitchDetected",3
123456,"TwoPole",17,51,5,0.5,2,"PairwiseSupport","one-point",1,1,"one-point",1,"degenerate",,,,,3,3,,"NoSwitchDetected",
123456,"TwoPole",18,51,5,0.5,2,"PairwiseSupport","one-point",1,1,"one-point",1,"degenerate",,,,,3,3,,"NoSwitchDetected",
123456,"TwoPole",19,51,5,0.5,2,"PairwiseSupport","two-point",2,2,"one-point",1,"degenerate",,,,,3,2,8.5556135770235,"SwitchDetected",2
123456,"TwoPole",20,51,5,0.5,2,"PairwiseSupport","one-point",1,1,"one-point",1,"degenerate",,,,,3,3,,"NoSwitchDetected",
123456,"TwoPole",21,51,5,0.5,2,"PairwiseSupport","two-point",2,2,"two-point",2,"degenerate",,,,,2,3,1.1448572090402074,"SwitchDetected",4
123456,"TwoPole",22,51,5,0.5,2,"PairwiseSupport","two-point",2,2,"one-point",1,"degenerate",,,,,2,3,3.779003052679774,"SwitchDetected",3
123456,"TwoPole",23,51,5,0.5,2,"PairwiseSupport","two-point",2,2,"one-point",1,"degenerate",,,,,1,3,1.2969128068754427,"SwitchDetected",4
123456,"TwoPole",24,51,5,0.5,2,"PairwiseSupport","one-point",1,1,"one-point",1,"degenerate",,,,,3,3,,"NoSwitchDetected",
123456,"TwoPole",25,51,5,0.5,2,"PairwiseSupport","multi-point",3,3,"one-point",1,"degenerate",,,,,2,3,2.3219378771076404,"SwitchDetected",4
123456,"TwoPole",26,51,5,0.5,2,"PairwiseSupport","two-point",2,2,"one-point",1,"degenerate",,,,,1,3,1.2610293891273159,"SwitchDetected",2
123456,"TwoPole",27,51,5,0.5,2,"PairwiseSupport","one-point",1,1,"one-point",1,"degenerate",,,,,3,3,,"NoSwitchDetected",
123456,"TwoPole",28,51,5,0.5,2,"PairwiseSupport","two-point",2,2,"one-point",1,"degenerate",,,,,4,3,1.1959787550258263,"SwitchDetected",3
123456,"TwoPole",29,51,5,0.5,2,"PairwiseSupport","two-point",2,2,"one-point",1,"degenerate",,,,,4,3,5.696687218527449,"SwitchDetected",3
123456,"TwoPole",30,51,5,0.5,2,"PairwiseSupport","two-point",2,2,"two-point",2,"degenerate",,,,,5,3,1.2207579518030096,"SwitchDetected",3
123456,"TwoPole",31,51,5,0.5,2,"PairwiseSupport","one-point",1,1,"one-point",1,"degenerate",,,,,3,3,,"NoSwitchDetected",
123456,"TwoPole",32,51,5,0.5,2,"PairwiseSupport","multi-point",3,3,"one-point",1,"calibrated",3.9823008849557513,0.04704808826448475,3,3,,,,"",
123456,"TwoPole",33,51,5,0.5,2,"PairwiseSupport","two-point",2,2,"one-point",1,"degenerate",,,,,1,3,1.0480226440439449,"SwitchDetected",3
123456,"TwoPole",34,51,5,0.5,2,"PairwiseSupport","multi-point",3,3,"two-point",2,"calibrated",3.1278962001853565,0.036015252058856306,3,3,,,,"",
123456,"TwoPole",35,51,5,0.5,2,"PairwiseSupport","one-point",1,1,"one-point",1,"degenerate",,,,,2,2,,"NoSwitchDetected",
123456,"TwoPole",36,51,5,0.5,2,"PairwiseSupport","two-point",2,2,"one-point",1,"degenerate",,,,,4,2,3.77263995569727,"SwitchDetected",2
123456,"TwoPole",37,51,5,0.5,2,"PairwiseSupport","two-point",2,2,"two-point",2,"degenerate",,,,,5,2,1.6766541212673047,"SwitchDetected",2
123456,"TwoPole",38,51,5,0.5,2,"PairwiseSupport","one-point",1,1,"one-point",1,"degenerate",,,,,4,3,1.709644743147634,"SwitchDetected",3
123456,"TwoPole",39,51,5,0.5,2,"PairwiseSupport","two-point",2,2,"one-point",1,"degenerate",,,,,2,3,9.19763490991971,"SwitchDetected",3
123456,"TwoPole",40,51,5,0.5,2,"PairwiseSupport","one-point",1,1,"one-point",1,"degenerate",,,,,3,3,,"NoSwitchDetected",
123456,"TwoPole",41,51,5,0.5,2,"PairwiseSupport","two-point",2,2,"one-point",1,"degenerate",,,,,2,3,1.5649188444300748,"SwitchDetected",3
123456,"TwoPole",42,51,5,0.5,2,"PairwiseSupport","two-point",2,2,"one-point",1,"degenerate",,,,,2,3,9.620471687311186,"SwitchDetected",3
123456,"TwoPole",43,51,5,0.5,2,"PairwiseSupport","one-point",1,1,"one-point",1,"degenerate",,,,,4,4,,"NoSwitchDetected",
123456,"TwoPole",44,51,5,0.5,2,"PairwiseSupport","one-point",1,1,"one-point",1,"degenerate",,,,,3,3,,"NoSwitchDetected",
123456,"TwoPole",45,51,5,0.5,2,"PairwiseSupport","multi-point",3,3,"one-point",1,"calibrated",1.31591773077298,0.0019552328230801053,3,3,,,,"",
123456,"TwoPole",46,51,5,0.5,2,"PairwiseSupport","two-point",2,2,"two-point",2,"degenerate",,,,,4,3,1.3411520818901697,"SwitchDetected",3
123456,"TwoPole",47,51,5,0.5,2,"PairwiseSupport","one-point",1,1,"one-point",1,"degenerate",,,,,2,2,,"NoSwitchDetected",
123456,"TwoPole",48,51,5,0.5,2,"PairwiseSupport","multi-point",3,3,"two-point",2,"calibrated",1.6324062877871826,0.01069047779918672,3,3,,,,"",
123456,"TwoPole",49,51,5,0.5,2,"PairwiseSupport","one-point",1,1,"one-point",1,"degenerate",,,,,2,2,,"NoSwitchDetected",
123456,"TwoPole",50,51,5,0.5,2,"PairwiseSupport","two-point",2,2,"one-point",1,"degenerate",,,,,2,3,3.9025738074509535,"SwitchDetected",3
123456,"TwoPole",51,51,5,0.5,2,"PairwiseSupport","one-point",1,1,"one-point",1,"degenerate",,,,,3,3,,"NoSwitchDetected",
123456,"TwoPole",52,51,5,0.5,2,"PairwiseSupport","two-point",2,2,"two-point",2,"degenerate",,,,,3,3,,"NoSwitchDetected",
123456,"TwoPole",53,51,5,0.5,2,"PairwiseSupport","two-point",2,2,"one-point",1,"degenerate",,,,,2,3,3.58939109717525,"SwitchDetected",3
123456,"TwoPole",54,51,5,0.5,2,"PairwiseSupport","one-point",1,1,"one-point",1,"degenerate",,,,,2,2,,"NoSwitchDetected",
123456,"TwoPole",55,51,5,0.5,2,"PairwiseSupport","two-point",2,2,"one-point",1,"degenerate",,,,,2,4,1.7715563778029952,"SwitchDetected",4
123456,"TwoPole",56,51,5,0.5,2,"PairwiseSupport","multi-point",3,3,"two-point",2,"calibrated",1.2830260406766774,0.0017530550859848476,3,3,,,,"",
123456,"TwoPole",57,51,5,0.5,2,"PairwiseSupport","one-point",1,1,"one-point",1,"degenerate",,,,,3,3,,"NoSwitchDetected",
123456,"TwoPole",58,51,5,0.5,2,"PairwiseSupport","two-point",2,2,"one-point",1,"degenerate",,,,,2,3,1.1448572090402074,"SwitchDetected",3
123456,"TwoPole",59,51,5,0.5,2,"PairwiseSupport","two-point",2,2,"one-point",1,"degenerate",,,,,2,3,2.5533483281248968,"SwitchDetected",3
123456,"TwoPole",60,51,5,0.5,2,"PairwiseSupport","two-point",2,2,"one-point",1,"degenerate",,,,,4,3,1.4789215986055673,"SwitchDetected",3
123456,"TwoPole",61,51,5,0.5,2,"PairwiseSupport","two-point",2,2,"one-point",1,"degenerate",,,,,2,3,2.3263739009927984,"SwitchDetected",3
123456,"TwoPole",62,51,5,0.5,2,"PairwiseSupport","one-point",1,1,"one-point",1,"degenerate",,,,,3,3,,"NoSwitchDetected",
123456,"TwoPole",63,51,5,0.5,2,"PairwiseSupport","one-point",1,1,"one-point",1,"degenerate",,,,,3,3,,"NoSwitchDetected",
123456,"TwoPole",64,51,5,0.5,2,"PairwiseSupport","multi-point",3,3,"one-point",1,"calibrated",1.8896976483762593,0.004906343825237011,3,3,,,,"",
123456,"TwoPole",65,51,5,0.5,2,"PairwiseSupport","two-point",2,2,"one-point",1,"degenerate",,,,,2,3,3.4552862674303846,"SwitchDetected",3
123456,"TwoPole",66,51,5,0.5,2,"PairwiseSupport","multi-point",3,3,"two-point",2,"calibrated",2.1933387489845653,0.0206144006332125,3,3,,,,"",
123456,"TwoPole",67,51,5,0.5,2,"PairwiseSupport","two-point",2,2,"one-point",1,"degenerate",,,,,2,3,1.000005950963148,"SwitchDetected",4
123456,"TwoPole",68,51,5,0.5,2,"PairwiseSupport","two-point",2,2,"two-point",2,"degenerate",,,,,4,3,2.1922295204364124,"SwitchDetected",3
123456,"TwoPole",69,51,5,0.5,2,"PairwiseSupport","two-point",2,2,"one-point",1,"degenerate",,,,,1,3,1.1525998922251566,"SwitchDetected",3
123456,"TwoPole",70,51,5,0.5,2,"PairwiseSupport","multi-point",3,3,"two-point",2,"calibrated",2.020655590480467,0.013718977775830756,3,3,,,,"",
123456,"TwoPole",71,51,5,0.5,2,"PairwiseSupport","two-point",2,2,"two-point",2,"degenerate",,,,,4,4,,"NoSwitchDetected",
123456,"TwoPole",72,51,5,0.5,2,"PairwiseSupport","two-point",2,2,"one-point",1,"degenerate",,,,,1,3,1.1259631790660465,"SwitchDetected",4
123456,"TwoPole",73,51,5,0.5,2,"PairwiseSupport","one-point",1,1,"one-point",1,"degenerate",,,,,3,3,,"NoSwitchDetected",
123456,"TwoPole",74,51,5,0.5,2,"PairwiseSupport","two-point",2,2,"one-point",1,"degenerate",,,,,2,3,1.3418589094816493,"SwitchDetected",3
123456,"TwoPole",75,51,5,0.5,2,"PairwiseSupport","two-point",2,2,"one-point",1,"degenerate",,,,,2,3,2.226563428994656,"SwitchDetected",3
123456,"TwoPole",76,51,5,0.5,2,"PairwiseSupport","multi-point",3,3,"two-point",2,"calibrated",3.0228392297357813,0.03085340965002438,3,3,,,,"",
123456,"TwoPole",77,51,5,0.5,2,"PairwiseSupport","multi-point",3,3,"two-point",2,"calibrated",3.057065217391304,0.040361801841320766,3,3,,,,"",
123456,"TwoPole",78,51,5,0.5,2,"PairwiseSupport","two-point",2,2,"one-point",1,"degenerate",,,,,2,3,1.3898482292350387,"SwitchDetected",3
123456,"TwoPole",79,51,5,0.5,2,"PairwiseSupport","two-point",2,2,"one-point",1,"degenerate",,,,,2,3,1.8823480752720947,"SwitchDetected",3
123456,"TwoPole",80,51,5,0.5,2,"PairwiseSupport","one-point",1,1,"one-point",1,"degenerate",,,,,2,3,1.000005950963148,"SwitchDetected",3
123456,"TwoPole",81,51,5,0.5,2,"PairwiseSupport","two-point",2,2,"two-point",2,"degenerate",,,,,1,3,1.0367077694552762,"SwitchDetected",2
123456,"TwoPole",82,51,5,0.5,2,"PairwiseSupport","multi-point",3,3,"one-point",1,"calibrated",1.4291763709506669,0.0030207178789567347,3,3,,,,"",
123456,"TwoPole",83,51,5,0.5,2,"PairwiseSupport","multi-point",3,4,"two-point",2,"calibrated",2.8325639949643304,0.025767918251919486,3,3,,,,"",
123456,"TwoPole",84,51,5,0.5,2,"PairwiseSupport","two-point",2,2,"two-point",2,"degenerate",,,,,4,4,,"NoSwitchDetected",
123456,"TwoPole",85,51,5,0.5,2,"PairwiseSupport","two-point",2,2,"two-point",2,"degenerate",,,,,4,3,1.1430582704022803,"SwitchDetected",3
123456,"TwoPole",86,51,5,0.5,2,"PairwiseSupport","one-point",1,1,"one-point",1,"degenerate",,,,,2,2,,"NoSwitchDetected",
123456,"TwoPole",87,51,5,0.5,2,"PairwiseSupport","one-point",1,1,"one-point",1,"degenerate",,,,,2,2,,"NoSwitchDetected",
123456,"TwoPole",88,51,5,0.5,2,"PairwiseSupport","multi-point",3,3,"two-point",2,"calibrated",8.057296329453894,0.03127540815036453,3,3,,,,"",
123456,"TwoPole",89,51,5,0.5,2,"PairwiseSupport","two-point",2,2,"one-point",1,"degenerate",,,,,2,3,1.4465840410895556,"SwitchDetected",3
123456,"TwoPole",90,51,5,0.5,2,"PairwiseSupport","two-point",2,2,"one-point",1,"degenerate",,,,,2,3,1.7876129464463502,"SwitchDetected",3
123456,"TwoPole",91,51,5,0.5,2,"PairwiseSupport","two-point",2,2,"one-point",1,"degenerate",,,,,1,3,1.2178736939207782,"SwitchDetected",3
123456,"TwoPole",92,51,5,0.5,2,"PairwiseSupport","multi-point",3,3,"one-point",1,"calibrated",2.6254375729288215,0.019973042484189407,3,3,,,,"",
123456,"TwoPole",93,51,5,0.5,2,"PairwiseSupport","one-point",1,1,"one-point",1,"degenerate",,,,,3,3,,"NoSwitchDetected",
123456,"TwoPole",94,51,5,0.5,2,"PairwiseSupport","two-point",2,2,"one-point",1,"degenerate",,,,,2,3,1.2737325888455495,"SwitchDetected",3
123456,"TwoPole",95,51,5,0.5,2,"PairwiseSupport","multi-point",3,3,"one-point",1,"calibrated",1.519756838905775,0.00686672325631521,3,3,,,,"",
123456,"TwoPole",96,51,5,0.5,2,"PairwiseSupport","multi-point",3,3,"two-point",2,"calibrated",2.581755593803787,0.008476004468006422,3,4,,,,"",
123456,"TwoPole",97,51,5,0.5,2,"PairwiseSupport","multi-point",3,4,"two-point",2,"calibrated",2.211302211302211,0.005491933561824592,4,3,,,,"",
123456,"TwoPole",98,51,5,0.5,2,"PairwiseSupport","two-point",2,2,"one-point",1,"degenerate",,,,,2,4,6.55155591455466,"SwitchDetected",4
123456,"TwoPole",99,51,5,0.5,2,"PairwiseSupport","one-point",1,1,"one-point",1,"degenerate",,,,,2,2,,"NoSwitchDetected",
123456,"TwoPole",100,51,5,0.5,2,"PairwiseSupport","two-point",2,2,"two-point",2,"degenerate",,,,,3,3,,"NoSwitchDetected",
123456,"TwoPole",101,51,5,0.5,2,"PairwiseSupport","multi-point",3,3,"one-point",1,"calibrated",1.1949017525225702,0.0028544829447859914,3,4,,,,"",
123456,"TwoPole",102,51,5,0.5,2,"PairwiseSupport","one-point",1,1,"one-point",1,"degenerate",,,,,3,3,,"NoSwitchDetected",
123456,"TwoPole",103,51,5,0.5,2,"PairwiseSupport","one-point",1,1,"one-point",1,"degenerate",,,,,2,3,1.054454287405083,"SwitchDetected",3
123456,"TwoPole",104,51,5,0.5,2,"PairwiseSupport","two-point",2,2,"two-point",2,"degenerate",,,,,3,3,,"NoSwitchDetected",
123456,"TwoPole",105,51,5,0.5,2,"PairwiseSupport","multi-point",3,3,"one-point",1,"degenerate",,,,,1,3,1.149989024076316,"SwitchDetected",3
123456,"TwoPole",106,51,5,0.5,2,"PairwiseSupport","two-point",2,2,"one-point",1,"degenerate",,,,,1,3,1.110288123291858,"SwitchDetected",3
123456,"TwoPole",107,51,5,0.5,2,"PairwiseSupport","two-point",2,2,"one-point",1,"degenerate",,,,,1,3,1.494601068360621,"SwitchDetected",3
123456,"TwoPole",108,51,5,0.5,2,"PairwiseSupport","two-point",2,2,"one-point",1,"degenerate",,,,,2,3,1.061736263454975,"SwitchDetected",3
123456,"TwoPole",109,51,5,0.5,2,"PairwiseSupport","two-point",2,2,"two-point",2,"degenerate",,,,,3,3,,"NoSwitchDetected",
123456,"TwoPole",110,51,5,0.5,2,"PairwiseSupport","one-point",1,1,"one-point",1,"degenerate",,,,,2,2,,"NoSwitchDetected",
123456,"TwoPole",111,51,5,0.5,2,"PairwiseSupport","one-point",1,1,"one-point",1,"degenerate",,,,,3,3,,"NoSwitchDetected",
123456,"TwoPole",112,51,5,0.5,2,"PairwiseSupport","multi-point",3,3,"one-point",1,"calibrated",2.824858757062147,0.001843631386310996,3,3,,,,"",
123456,"TwoPole",113,51,5,0.5,2,"PairwiseSupport","one-point",1,1,"one-point",1,"degenerate",,,,,3,3,,"NoSwitchDetected",
123456,"TwoPole",114,51,5,0.5,2,"PairwiseSupport","one-point",1,1,"one-point",1,"degenerate",,,,,3,3,,"NoSwitchDetected",
123456,"TwoPole",115,51,5,0.5,2,"PairwiseSupport","two-point",2,2,"one-point",1,"degenerate",,,,,2,3,4.984010494895148,"SwitchDetected",3
123456,"TwoPole",116,51,5,0.5,2,"PairwiseSupport","two-point",2,2,"one-point",1,"degenerate",,,,,2,3,3.2068270341155984,"SwitchDetected",3
123456,"TwoPole",117,51,5,0.5,2,"PairwiseSupport","two-point",2,2,"two-point",2,"degenerate",,,,,3,3,,"NoSwitchDetected",
123456,"TwoPole",118,51,5,0.5,2,"PairwiseSupport","two-point",2,2,"one-point",1,"degenerate",,,,,2,3,2.2159346039611996,"SwitchDetected",3
123456,"TwoPole",119,51,5,0.5,2,"PairwiseSupport","one-point",1,1,"one-point",1,"degenerate",,,,,3,3,,"NoSwitchDetected",
123456,"TwoPole",120,51,5,0.5,2,"PairwiseSupport","two-point",2,2,"one-point",1,"degenerate",,,,,2,3,1.4453025242070972,"SwitchDetected",3
123456,"TwoPole",121,51,5,0.5,2,"PairwiseSupport","one-point",1,1,"one-point",1,"degenerate",,,,,2,2,,"NoSwitchDetected",
123456,"TwoPole",122,51,5,0.5,2,"PairwiseSupport","two-point",2,2,"one-point",1,"degenerate",,,,,1,3,1.000005950963148,"SwitchDetected",3
123456,"TwoPole",123,51,5,0.5,2,"PairwiseSupport","one-point",1,1,"one-point",1,"degenerate",,,,,4,3,2.1936031511623395,"SwitchDetected",3
123456,"TwoPole",124,51,5,0.5,2,"PairwiseSupport","two-point",2,2,"two-point",2,"degenerate",,,,,3,3,,"NoSwitchDetected",
123456,"TwoPole",125,51,5,0.5,2,"PairwiseSupport","two-point",2,2,"two-point",2,"degenerate",,,,,5,2,1.1082743973495846,"SwitchDetected",4
123456,"TwoPole",126,51,5,0.5,2,"PairwiseSupport","two-point",2,2,"one-point",1,"degenerate",,,,,4,3,2.1371373264652056,"SwitchDetected",3
123456,"TwoPole",127,51,5,0.5,2,"PairwiseSupport","multi-point",3,3,"one-point",1,"degenerate",,,,,2,3,2.00001159674693,"SwitchDetected",4
123456,"TwoPole",128,51,5,0.5,2,"PairwiseSupport","two-point",2,2,"one-point",1,"degenerate",,,,,2,3,4.228295436142972,"SwitchDetected",3
123456,"TwoPole",129,51,5,0.5,2,"PairwiseSupport","one-point",1,1,"one-point",1,"degenerate",,,,,3,3,,"NoSwitchDetected",
123456,"TwoPole",130,51,5,0.5,2,"PairwiseSupport","two-point",2,2,"two-point",2,"degenerate",,,,,4,4,,"NoSwitchDetected",
123456,"TwoPole",131,51,5,0.5,2,"PairwiseSupport","multi-point",3,3,"two-point",2,"calibrated",1.4291763709506669,0.00885202062222251,3,3,,,,"",
123456,"TwoPole",132,51,5,0.5,2,"PairwiseSupport","one-point",1,1,"one-point",1,"degenerate",,,,,3,3,,"NoSwitchDetected",
123456,"TwoPole",133,51,5,0.5,2,"PairwiseSupport","two-point",2,2,"two-point",2,"degenerate",,,,,3,3,,"NoSwitchDetected",
123456,"TwoPole",134,51,5,0.5,2,"PairwiseSupport","two-point",2,2,"one-point",1,"degenerate",,,,,1,3,1.2990081425864406,"SwitchDetected",3
123456,"TwoPole",135,51,5,0.5,2,"PairwiseSupport","two-point",2,2,"one-point",1,"degenerate",,,,,2,3,1.8053392710601104,"SwitchDetected",3
123456,"TwoPole",136,51,5,0.5,2,"PairwiseSupport","one-point",1,1,"one-point",1,"degenerate",,,,,3,3,,"NoSwitchDetected",
123456,"TwoPole",137,51,5,0.5,2,"PairwiseSupport","multi-point",3,3,"two-point",2,"calibrated",1.9800528014080374,0.029625568237690695,3,3,,,,"",
123456,"TwoPole",138,51,5,0.5,2,"PairwiseSupport","two-point",2,2,"one-point",1,"degenerate",,,,,2,3,3.8315645711238857,"SwitchDetected",3
123456,"TwoPole",139,51,5,0.5,2,"PairwiseSupport","multi-point",3,3,"two-point",2,"calibrated",2.325581395348837,0.002474465246063509,3,3,,,,"",
123456,"TwoPole",140,51,5,0.5,2,"PairwiseSupport","two-point",2,2,"one-point",1,"degenerate",,,,,1,3,1.3653100092873416,"SwitchDetected",3
123456,"TwoPole",141,51,5,0.5,2,"PairwiseSupport","two-point",2,2,"one-point",1,"degenerate",,,,,2,4,2.2226759341472566,"SwitchDetected",3
123456,"TwoPole",142,51,5,0.5,2,"PairwiseSupport","two-point",2,2,"one-point",1,"degenerate",,,,,2,3,2.072098505620365,"SwitchDetected",3
123456,"TwoPole",143,51,5,0.5,2,"PairwiseSupport","two-point",2,2,"one-point",1,"degenerate",,,,,2,3,1.000005950963148,"SwitchDetected",4
123456,"TwoPole",144,51,5,0.5,2,"PairwiseSupport","two-point",2,2,"one-point",1,"degenerate",,,,,2,3,2.485224827220068,"SwitchDetected",3
123456,"TwoPole",145,51,5,0.5,2,"PairwiseSupport","one-point",1,1,"one-point",1,"degenerate",,,,,3,3,,"NoSwitchDetected",
123456,"TwoPole",146,51,5,0.5,2,"PairwiseSupport","two-point",2,2,"two-point",2,"degenerate",,,,,5,3,1.1280493315030529,"SwitchDetected",2
123456,"TwoPole",147,51,5,0.5,2,"PairwiseSupport","one-point",1,1,"one-point",1,"degenerate",,,,,3,3,,"NoSwitchDetected",
123456,"TwoPole",148,51,5,0.5,2,"PairwiseSupport","multi-point",3,3,"one-point",1,"calibrated",3.458877786318216,0.02796985968327309,3,3,,,,"",
123456,"TwoPole",149,51,5,0.5,2,"PairwiseSupport","one-point",1,1,"one-point",1,"degenerate",,,,,3,3,,"NoSwitchDetected",
123456,"TwoPole",150,51,5,0.5,2,"PairwiseSupport","one-point",1,1,"one-point",1,"degenerate",,,,,2,2,,"NoSwitchDetected",
123456,"TwoPole",151,51,5,0.5,2,"PairwiseSupport","multi-point",3,3,"one-point",1,"degenerate",,,,,1,3,1.000005950963148,"SwitchDetected",4
123456,"TwoPole",152,51,5,0.5,2,"PairwiseSupport","two-point",2,2,"two-point",2,"degenerate",,,,,3,3,,"NoSwitchDetected",
123456,"TwoPole",153,51,5,0.5,2,"PairwiseSupport","two-point",2,2,"two-point",2,"degenerate",,,,,3,3,,"NoSwitchDetected",
123456,"TwoPole",154,51,5,0.5,2,"PairwiseSupport","multi-point",3,3,"two-point",2,"calibrated",1.289152024446142,0.00526237956704774,3,3,,,,"",
123456,"TwoPole",155,51,5,0.5,2,"PairwiseSupport","two-point",2,2,"one-point",1,"degenerate",,,,,1,3,1.0338948584334229,"SwitchDetected",3
123456,"TwoPole",156,51,5,0.5,2,"PairwiseSupport","two-point",2,2,"one-point",1,"degenerate",,,,,1,3,1.1125595677559403,"SwitchDetected",3
123456,"TwoPole",157,51,5,0.5,2,"PairwiseSupport","one-point",1,1,"one-point",1,"degenerate",,,,,2,2,,"NoSwitchDetected",
123456,"TwoPole",158,51,5,0.5,2,"PairwiseSupport","two-point",2,2,"two-point",2,"degenerate",,,,,4,3,1.4121922250129724,"SwitchDetected",3
123456,"TwoPole",159,51,5,0.5,2,"PairwiseSupport","multi-point",3,3,"two-point",2,"calibrated",1.6129032258064517,0.007348094085149544,3,3,,,,"",
123456,"TwoPole",160,51,5,0.5,2,"PairwiseSupport","two-point",2,2,"two-point",2,"degenerate",,,,,3,3,,"NoSwitchDetected",
123456,"TwoPole",161,51,5,0.5,2,"PairwiseSupport","multi-point",3,3,"one-point",1,"calibrated",2.9246100519930676,0.03577236623339164,3,3,,,,"",
123456,"TwoPole",162,51,5,0.5,2,"PairwiseSupport","two-point",2,2,"one-point",1,"degenerate",,,,,4,3,1.7681451661858425,"SwitchDetected",3
123456,"TwoPole",163,51,5,0.5,2,"PairwiseSupport","multi-point",3,3,"one-point",1,"degenerate",,,,,2,3,1.3234283531035118,"SwitchDetected",3
123456,"TwoPole",164,51,5,0.5,2,"PairwiseSupport","one-point",1,1,"one-point",1,"degenerate",,,,,3,3,,"NoSwitchDetected",
123456,"TwoPole",165,51,5,0.5,2,"PairwiseSupport","two-point",2,2,"one-point",1,"degenerate",,,,,1,3,1.0589729113255615,"SwitchDetected",3
123456,"TwoPole",166,51,5,0.5,2,"PairwiseSupport","two-point",2,2,"two-point",2,"degenerate",,,,,1,3,1.039600340167079,"SwitchDetected",2
123456,"TwoPole",167,51,5,0.5,2,"PairwiseSupport","two-point",2,2,"one-point",1,"degenerate",,,,,2,3,5.75265749673025,"SwitchDetected",3
123456,"TwoPole",168,51,5,0.5,2,"PairwiseSupport","two-point",2,2,"one-point",1,"degenerate",,,,,4,3,1.8691156980221362,"SwitchDetected",2
123456,"TwoPole",169,51,5,0.5,2,"PairwiseSupport","one-point",1,1,"one-point",1,"degenerate",,,,,3,3,,"NoSwitchDetected",
123456,"TwoPole",170,51,5,0.5,2,"PairwiseSupport","multi-point",3,3,"two-point",2,"calibrated",4.775380261761585,0.04125863394133905,3,3,,,,"",
123456,"TwoPole",171,51,5,0.5,2,"PairwiseSupport","two-point",2,2,"one-point",1,"degenerate",,,,,2,3,2.1148934179041143,"SwitchDetected",3
123456,"TwoPole",172,51,5,0.5,2,"PairwiseSupport","multi-point",3,3,"one-point",1,"degenerate",,,,,2,3,1.8621974987518768,"SwitchDetected",3
123456,"TwoPole",173,51,5,0.5,2,"PairwiseSupport","one-point",1,1,"one-point",1,"degenerate",,,,,3,3,,"NoSwitchDetected",
123456,"TwoPole",174,51,5,0.5,2,"PairwiseSupport","multi-point",3,3,"one-point",1,"calibrated",2.5510204081632653,0.0022789290877749217,3,3,,,,"",
123456,"TwoPole",175,51,5,0.5,2,"PairwiseSupport","multi-point",3,3,"two-point",2,"calibrated",2.4807056229327453,0.03159688619873186,3,3,,,,"",
123456,"TwoPole",176,51,5,0.5,2,"PairwiseSupport","two-point",2,2,"one-point",1,"degenerate",,,,,2,3,1.7515763545744751,"SwitchDetected",3
123456,"TwoPole",177,51,5,0.5,2,"PairwiseSupport","one-point",1,1,"one-point",1,"degenerate",,,,,3,3,,"NoSwitchDetected",
123456,"TwoPole",178,51,5,0.5,2,"PairwiseSupport","multi-point",3,3,"two-point",2,"calibrated",9.890109890109892,0.005879897862481222,3,3,,,,"",
123456,"TwoPole",179,51,5,0.5,2,"PairwiseSupport","one-point",1,1,"one-point",1,"degenerate",,,,,3,3,,"NoSwitchDetected",
123456,"TwoPole",180,51,5,0.5,2,"PairwiseSupport","two-point",2,2,"one-point",1,"degenerate",,,,,1,3,1.039883406627321,"SwitchDetected",3
123456,"TwoPole",181,51,5,0.5,2,"PairwiseSupport","two-point",2,2,"one-point",1,"degenerate",,,,,2,3,5.521303895815047,"SwitchDetected",3
123456,"TwoPole",182,51,5,0.5,2,"PairwiseSupport","two-point",2,2,"one-point",1,"degenerate",,,,,2,3,1.538343811015815,"SwitchDetected",3
123456,"TwoPole",183,51,5,0.5,2,"PairwiseSupport","one-point",1,1,"one-point",1,"degenerate",,,,,3,3,,"NoSwitchDetected",
123456,"TwoPole",184,51,5,0.5,2,"PairwiseSupport","one-point",1,1,"one-point",1,"degenerate",,,,,4,2,3.981540659880097,"SwitchDetected",2
123456,"TwoPole",185,51,5,0.5,2,"PairwiseSupport","two-point",2,2,"one-point",1,"degenerate",,,,,2,3,3.7201064898647314,"SwitchDetected",3
123456,"TwoPole",186,51,5,0.5,2,"PairwiseSupport","two-point",2,2,"two-point",2,"degenerate",,,,,5,3,1.0314389309649186,"SwitchDetected",3
123456,"TwoPole",187,51,5,0.5,2,"PairwiseSupport","two-point",2,2,"one-point",1,"degenerate",,,,,2,3,2.296833967740726,"SwitchDetected",3
123456,"TwoPole",188,51,5,0.5,2,"PairwiseSupport","multi-point",3,3,"one-point",1,"calibrated",2.4302430243024298,0.0032759981567699044,3,3,,,,"",
123456,"TwoPole",189,51,5,0.5,2,"PairwiseSupport","two-point",2,2,"two-point",2,"degenerate",,,,,5,3,1.1610734259886557,"SwitchDetected",3
123456,"TwoPole",190,51,5,0.5,2,"PairwiseSupport","multi-point",3,3,"one-point",1,"calibrated",1.180585920419764,0.0034322433886332243,3,3,,,,"",
123456,"TwoPole",191,51,5,0.5,2,"PairwiseSupport","one-point",1,1,"one-point",1,"degenerate",,,,,3,3,,"NoSwitchDetected",
123456,"TwoPole",192,51,5,0.5,2,"PairwiseSupport","two-point",2,2,"one-point",1,"degenerate",,,,,1,3,1.0716421981354183,"SwitchDetected",3
123456,"TwoPole",193,51,5,0.5,2,"PairwiseSupport","one-point",1,1,"one-point",1,"degenerate",,,,,2,2,,"NoSwitchDetected",
123456,"TwoPole",194,51,5,0.5,2,"PairwiseSupport","one-point",1,1,"one-point",1,"degenerate",,,,,3,3,,"NoSwitchDetected",
123456,"TwoPole",195,51,5,0.5,2,"PairwiseSupport","multi-point",3,3,"two-point",2,"calibrated",1.5112504197917833,0.008092093805297863,3,3,,,,"",
123456,"TwoPole",196,51,5,0.5,2,"PairwiseSupport","two-point",2,2,"one-point",1,"degenerate",,,,,2,4,1.857442637967606,"SwitchDetected",4
123456,"TwoPole",197,51,5,0.5,2,"PairwiseSupport","two-point",2,2,"two-point",2,"degenerate",,,,,3,3,,"NoSwitchDetected",
123456,"TwoPole",198,51,5,0.5,2,"PairwiseSupport","two-point",2,2,"one-point",1,"degenerate",,,,,4,3,2.217191829924173,"SwitchDetected",3
123456,"TwoPole",199,51,5,0.5,2,"PairwiseSupport","multi-point",3,3,"one-point",1,"calibrated",1.7182130584192439,0.0046830729589504155,3,3,,,,"",
123456,"TwoPole",200,51,5,0.5,2,"PairwiseSupport","one-point",1,1,"one-point",1,"degenerate",,,,,3,3,,"NoSwitchDetected",
123456,"TwoPole",1,51,5,0.5,3,"PairwiseSupport","one-point",1,1,"one-point",1,"degenerate",,,,,3,3,,"NoSwitchDetected",
123456,"TwoPole",2,51,5,0.5,3,"PairwiseSupport","one-point",1,1,"one-point",1,"degenerate",,,,,3,3,,"NoSwitchDetected",
123456,"TwoPole",3,51,5,0.5,3,"PairwiseSupport","two-point",2,2,"one-point",1,"degenerate",,,,,2,3,2.889038967817475,"SwitchDetected",3
123456,"TwoPole",4,51,5,0.5,3,"PairwiseSupport","one-point",1,1,"one-point",1,"degenerate",,,,,3,3,,"NoSwitchDetected",
123456,"TwoPole",5,51,5,0.5,3,"PairwiseSupport","one-point",1,1,"one-point",1,"degenerate",,,,,1,4,1.1725617403781983,"SwitchDetected",4
123456,"TwoPole",6,51,5,0.5,3,"PairwiseSupport","two-point",2,2,"one-point",1,"degenerate",,,,,1,3,1.081393614339026,"SwitchDetected",3
123456,"TwoPole",7,51,5,0.5,3,"PairwiseSupport","two-point",2,2,"one-point",1,"degenerate",,,,,4,3,3.1699259467067815,"SwitchDetected",3
123456,"TwoPole",8,51,5,0.5,3,"PairwiseSupport","two-point",2,2,"one-point",1,"degenerate",,,,,2,3,2.4415331856799853,"SwitchDetected",3
123456,"TwoPole",9,51,5,0.5,3,"PairwiseSupport","multi-point",3,3,"one-point",1,"degenerate",,,,,1,2,1.0826058529039693,"SwitchDetected",2
123456,"TwoPole",10,51,5,0.5,3,"PairwiseSupport","one-point",1,1,"one-point",1,"degenerate",,,,,2,2,,"NoSwitchDetected",
123456,"TwoPole",11,51,5,0.5,3,"PairwiseSupport","one-point",1,1,"one-point",1,"degenerate",,,,,3,3,,"NoSwitchDetected",
123456,"TwoPole",12,51,5,0.5,3,"PairwiseSupport","one-point",1,1,"one-point",1,"degenerate",,,,,2,2,,"NoSwitchDetected",
123456,"TwoPole",13,51,5,0.5,3,"PairwiseSupport","multi-point",3,3,"two-point",2,"calibrated",1.6652275811027506,0.010052777661149882,3,2,,,,"",
123456,"TwoPole",14,51,5,0.5,3,"PairwiseSupport","two-point",2,2,"one-point",1,"degenerate",,,,,2,3,1.4517203737045805,"SwitchDetected",4
123456,"TwoPole",15,51,5,0.5,3,"PairwiseSupport","one-point",1,1,"one-point",1,"degenerate",,,,,4,3,1.1165959906066636,"SwitchDetected",3
123456,"TwoPole",16,51,5,0.5,3,"PairwiseSupport","one-point",1,1,"one-point",1,"degenerate",,,,,1,3,1.1060495183986045,"SwitchDetected",3
123456,"TwoPole",17,51,5,0.5,3,"PairwiseSupport","multi-point",3,3,"one-point",1,"degenerate",,,,,5,3,1.3790920752709535,"SwitchDetected",3
123456,"TwoPole",18,51,5,0.5,3,"PairwiseSupport","two-point",2,2,"two-point",2,"degenerate",,,,,5,2,1.0624343942384462,"SwitchDetected",2
123456,"TwoPole",19,51,5,0.5,3,"PairwiseSupport","one-point",1,1,"one-point",1,"degenerate",,,,,3,3,,"NoSwitchDetected",
123456,"TwoPole",20,51,5,0.5,3,"PairwiseSupport","one-point",1,1,"one-point",1,"degenerate",,,,,2,2,,"NoSwitchDetected",
123456,"TwoPole",21,51,5,0.5,3,"PairwiseSupport","two-point",2,2,"one-point",1,"degenerate",,,,,2,4,2.581195039423327,"SwitchDetected",4
123456,"TwoPole",22,51,5,0.5,3,"PairwiseSupport","two-point",2,2,"two-point",2,"degenerate",,,,,2,2,,"NoSwitchDetected",
123456,"TwoPole",23,51,5,0.5,3,"PairwiseSupport","multi-point",3,3,"two-point",2,"calibrated",2.286198137171888,0.006613391966034167,3,3,,,,"",
123456,"TwoPole",24,51,5,0.5,3,"PairwiseSupport","one-point",1,1,"one-point",1,"degenerate",,,,,3,3,,"NoSwitchDetected",
123456,"TwoPole",25,51,5,0.5,3,"PairwiseSupport","two-point",2,2,"one-point",1,"degenerate",,,,,1,3,1.3952720936000709,"SwitchDetected",3
123456,"TwoPole",26,51,5,0.5,3,"PairwiseSupport","one-point",1,1,"one-point",1,"degenerate",,,,,3,3,,"NoSwitchDetected",
123456,"TwoPole",27,51,5,0.5,3,"PairwiseSupport","multi-point",3,3,"two-point",2,"calibrated",1.1442617392778438,0.0012781891691309904,3,3,,,,"",
123456,"TwoPole",28,51,5,0.5,3,"PairwiseSupport","one-point",1,1,"one-point",1,"degenerate",,,,,2,2,,"NoSwitchDetected",
123456,"TwoPole",29,51,5,0.5,3,"PairwiseSupport","multi-point",3,3,"one-point",1,"degenerate",,,,,1,2,1.243964864674025,"SwitchDetected",2
123456,"TwoPole",30,51,5,0.5,3,"PairwiseSupport","one-point",1,1,"one-point",1,"degenerate",,,,,3,3,,"NoSwitchDetected",
123456,"TwoPole",31,51,5,0.5,3,"PairwiseSupport","two-point",2,2,"one-point",1,"degenerate",,,,,4,2,1.4029370140449975,"SwitchDetected",2
123456,"TwoPole",32,51,5,0.5,3,"PairwiseSupport","two-point",2,2,"one-point",1,"degenerate",,,,,3,4,8.565207503966587,"SwitchDetected",4
123456,"TwoPole",33,51,5,0.5,3,"PairwiseSupport","two-point",2,2,"two-point",2,"degenerate",,,,,3,3,,"NoSwitchDetected",
123456,"TwoPole",34,51,5,0.5,3,"PairwiseSupport","one-point",1,1,"one-point",1,"degenerate",,,,,2,2,,"NoSwitchDetected",
123456,"TwoPole",35,51,5,0.5,3,"PairwiseSupport","multi-point",3,3,"one-point",1,"degenerate",,,,,1,3,1.33215734238513,"SwitchDetected",3
123456,"TwoPole",36,51,5,0.5,3,"PairwiseSupport","one-point",1,1,"one-point",1,"degenerate",,,,,3,3,,"NoSwitchDetected",
123456,"TwoPole",37,51,5,0.5,3,"PairwiseSupport","two-point",2,2,"one-point",1,"degenerate",,,,,4,3,6.113689473905157,"SwitchDetected",3
123456,"TwoPole",38,51,5,0.5,3,"PairwiseSupport","one-point",1,1,"one-point",1,"degenerate",,,,,2,2,,"NoSwitchDetected",
123456,"TwoPole",39,51,5,0.5,3,"PairwiseSupport","two-point",2,2,"two-point",2,"degenerate",,,,,5,2,1.090969867151246,"SwitchDetected",2
123456,"TwoPole",40,51,5,0.5,3,"PairwiseSupport","one-point",1,1,"one-point",1,"degenerate",,,,,4,3,1.4041327387080291,"SwitchDetected",3
123456,"TwoPole",41,51,5,0.5,3,"PairwiseSupport","one-point",1,1,"one-point",1,"degenerate",,,,,4,3,1.3052944132419189,"SwitchDetected",3
123456,"TwoPole",42,51,5,0.5,3,"PairwiseSupport","two-point",2,2,"one-point",1,"degenerate",,,,,2,3,2.275282205679457,"SwitchDetected",3
123456,"TwoPole",43,51,5,0.5,3,"PairwiseSupport","two-point",2,2,"one-point",1,"degenerate",,,,,4,3,3.0360798546076517,"SwitchDetected",3
123456,"TwoPole",44,51,5,0.5,3,"PairwiseSupport","multi-point",3,3,"one-point",1,"calibrated",7.246376811594202,0.0015743222069148073,3,3,,,,"",
123456,"TwoPole",45,51,5,0.5,3,"PairwiseSupport","one-point",1,1,"one-point",1,"degenerate",,,,,4,4,,"NoSwitchDetected",
123456,"TwoPole",46,51,5,0.5,3,"PairwiseSupport","two-point",2,2,"two-point",2,"degenerate",,,,,5,3,1.5318369936203067,"SwitchDetected",3
123456,"TwoPole",47,51,5,0.5,3,"PairwiseSupport","two-point",2,2,"one-point",1,"degenerate",,,,,1,3,1.3417731937318127,"SwitchDetected",3
123456,"TwoPole",48,51,5,0.5,3,"PairwiseSupport","one-point",1,1,"one-point",1,"degenerate",,,,,3,3,,"NoSwitchDetected",
123456,"TwoPole",49,51,5,0.5,3,"PairwiseSupport","two-point",2,2,"one-point",1,"degenerate",,,,,1,4,1.0448231623724642,"SwitchDetected",2
123456,"TwoPole",50,51,5,0.5,3,"PairwiseSupport","two-point",2,2,"two-point",2,"degenerate",,,,,5,3,1.0927434670661298,"SwitchDetected",2
123456,"TwoPole",51,51,5,0.5,3,"PairwiseSupport","one-point",1,1,"one-point",1,"degenerate",,,,,3,3,,"NoSwitchDetected",
123456,"TwoPole",52,51,5,0.5,3,"PairwiseSupport","one-point",1,1,"one-point",1,"degenerate",,,,,3,3,,"NoSwitchDetected",
123456,"TwoPole",53,51,5,0.5,3,"PairwiseSupport","multi-point",3,3,"two-point",2,"calibrated",2.055420219244823,0.00299603582439939,3,3,,,,"",
123456,"TwoPole",54,51,5,0.5,3,"PairwiseSupport","two-point",2,2,"one-point",1,"degenerate",,,,,1,2,2.1329327141353986,"SwitchDetected",2
123456,"TwoPole",55,51,5,0.5,3,"PairwiseSupport","two-point",2,2,"one-point",1,"degenerate",,,,,1,3,1.2427045434678274,"SwitchDetected",4
123456,"TwoPole",56,51,5,0.5,3,"PairwiseSupport","one-point",1,1,"one-point",1,"degenerate",,,,,3,3,,"NoSwitchDetected",
123456,"TwoPole",57,51,5,0.5,3,"PairwiseSupport","one-point",1,1,"one-point",1,"degenerate",,,,,3,3,,"NoSwitchDetected",
123456,"TwoPole",58,51,5,0.5,3,"PairwiseSupport","one-point",1,1,"one-point",1,"degenerate",,,,,2,2,,"NoSwitchDetected",
123456,"TwoPole",59,51,5,0.5,3,"PairwiseSupport","one-point",1,1,"one-point",1,"degenerate",,,,,3,3,,"NoSwitchDetected",
123456,"TwoPole",60,51,5,0.5,3,"PairwiseSupport","two-point",2,2,"one-point",1,"degenerate",,,,,1,3,2.202775989822379,"SwitchDetected",3
123456,"TwoPole",61,51,5,0.5,3,"PairwiseSupport","one-point",1,1,"one-point",1,"degenerate",,,,,3,3,,"NoSwitchDetected",
123456,"TwoPole",62,51,5,0.5,3,"PairwiseSupport","one-point",1,1,"one-point",1,"degenerate",,,,,3,3,,"NoSwitchDetected",
123456,"TwoPole",63,51,5,0.5,3,"PairwiseSupport","multi-point",3,4,"one-point",1,"calibrated",1.9065103798898462,0.0006114450751964346,3,3,,,,"",
123456,"TwoPole",64,51,5,0.5,3,"PairwiseSupport","one-point",1,1,"one-point",1,"degenerate",,,,,3,3,,"NoSwitchDetected",
123456,"TwoPole",65,51,5,0.5,3,"PairwiseSupport","one-point",1,1,"one-point",1,"degenerate",,,,,2,2,,"NoSwitchDetected",
123456,"TwoPole",66,51,5,0.5,3,"PairwiseSupport","two-point",2,2,"one-point",1,"degenerate",,,,,4,3,2.859346804002807,"SwitchDetected",3
123456,"TwoPole",67,51,5,0.5,3,"PairwiseSupport","one-point",1,1,"one-point",1,"degenerate",,,,,3,3,,"NoSwitchDetected",
123456,"TwoPole",68,51,5,0.5,3,"PairwiseSupport","one-point",1,1,"one-point",1,"degenerate",,,,,4,4,,"NoSwitchDetected",
123456,"TwoPole",69,51,5,0.5,3,"PairwiseSupport","multi-point",3,3,"one-point",1,"degenerate",,,,,1,3,1.3842268766775851,"SwitchDetected",3
123456,"TwoPole",70,51,5,0.5,3,"PairwiseSupport","one-point",1,1,"one-point",1,"degenerate",,,,,4,4,,"NoSwitchDetected",
123456,"TwoPole",71,51,5,0.5,3,"PairwiseSupport","one-point",1,1,"one-point",1,"degenerate",,,,,4,2,2.3318295660874218,"SwitchDetected",2
123456,"TwoPole",72,51,5,0.5,3,"PairwiseSupport","multi-point",3,3,"one-point",1,"calibrated",1.838235294117647,0.0007497019073993694,3,3,,,,"",
123456,"TwoPole",73,51,5,0.5,3,"PairwiseSupport","multi-point",3,3,"two-point",2,"degenerate",,,,,1,3,1.966610591537597,"SwitchDetected",3
123456,"TwoPole",74,51,5,0.5,3,"PairwiseSupport","one-point",1,1,"one-point",1,"degenerate",,,,,3,3,,"NoSwitchDetected",
123456,"TwoPole",75,51,5,0.5,3,"PairwiseSupport","two-point",2,2,"one-point",1,"degenerate",,,,,3,4,5.9901212721695565,"SwitchDetected",4
123456,"TwoPole",76,51,5,0.5,3,"PairwiseSupport","two-point",2,2,"one-point",1,"degenerate",,,,,2,3,5.054773674390696,"SwitchDetected",3
123456,"TwoPole",77,51,5,0.5,3,"PairwiseSupport","one-point",1,1,"one-point",1,"degenerate",,,,,3,3,,"NoSwitchDetected",
123456,"TwoPole",78,51,5,0.5,3,"PairwiseSupport","two-point",2,2,"one-point",1,"degenerate",,,,,4,3,2.942563086673965,"SwitchDetected",3
123456,"TwoPole",79,51,5,0.5,3,"PairwiseSupport","two-point",2,2,"one-point",1,"degenerate",,,,,3,2,3.2040754964200073,"SwitchDetected",2
123456,"TwoPole",80,51,5,0.5,3,"PairwiseSupport","multi-point",3,3,"two-point",2,"calibrated",2.862595419847328,0.019811990585216443,3,4,,,,"",
123456,"TwoPole",81,51,5,0.5,3,"PairwiseSupport","two-point",2,2,"one-point",1,"degenerate",,,,,4,3,5.445618186849121,"SwitchDetected",3
123456,"TwoPole",82,51,5,0.5,3,"PairwiseSupport","one-point",1,1,"one-point",1,"degenerate",,,,,2,2,,"NoSwitchDetected",
123456,"TwoPole",83,51,5,0.5,3,"PairwiseSupport","two-point",2,2,"one-point",1,"degenerate",,,,,2,3,3.6128511567728014,"SwitchDetected",3
123456,"TwoPole",84,51,5,0.5,3,"PairwiseSupport","one-point",1,1,"one-point",1,"degenerate",,,,,3,3,1.303209084760889,"SwitchDetected",2
123456,"TwoPole",85,51,5,0.5,3,"PairwiseSupport","two-point",2,2,"one-point",1,"degenerate",,,,,1,3,3.385192160379265,"SwitchDetected",3
123456,"TwoPole",86,51,5,0.5,3,"PairwiseSupport","one-point",1,1,"one-point",1,"degenerate",,,,,2,3,1.000005950963148,"SwitchDetected",3
123456,"TwoPole",87,51,5,0.5,3,"PairwiseSupport","one-point",1,1,"one-point",1,"degenerate",,,,,5,3,1.699477963395979,"SwitchDetected",3
123456,"TwoPole",88,51,5,0.5,3,"PairwiseSupport","two-point",2,2,"one-point",1,"degenerate",,,,,1,3,1.046925710064711,"SwitchDetected",2
123456,"TwoPole",89,51,5,0.5,3,"PairwiseSupport","two-point",2,2,"one-point",1,"degenerate",,,,,4,3,1.2799905000705074,"SwitchDetected",2
123456,"TwoPole",90,51,5,0.5,3,"PairwiseSupport","one-point",1,1,"one-point",1,"degenerate",,,,,1,4,1.1412959811530126,"SwitchDetected",4
123456,"TwoPole",91,51,5,0.5,3,"PairwiseSupport","one-point",1,1,"one-point",1,"degenerate",,,,,2,2,,"NoSwitchDetected",
123456,"TwoPole",92,51,5,0.5,3,"PairwiseSupport","two-point",2,2,"two-point",2,"degenerate",,,,,3,3,,"NoSwitchDetected",
123456,"TwoPole",93,51,5,0.5,3,"PairwiseSupport","one-point",1,1,"one-point",1,"degenerate",,,,,2,2,,"NoSwitchDetected",
123456,"TwoPole",94,51,5,0.5,3,"PairwiseSupport","two-point",2,2,"two-point",2,"degenerate",,,,,3,3,,"NoSwitchDetected",
123456,"TwoPole",95,51,5,0.5,3,"PairwiseSupport","two-point",2,2,"one-point",1,"degenerate",,,,,2,3,1.000005950963148,"SwitchDetected",3
123456,"TwoPole",96,51,5,0.5,3,"PairwiseSupport","one-point",1,1,"one-point",1,"degenerate",,,,,2,2,,"NoSwitchDetected",
123456,"TwoPole",97,51,5,0.5,3,"PairwiseSupport","one-point",1,1,"one-point",1,"degenerate",,,,,3,3,,"NoSwitchDetected",
123456,"TwoPole",98,51,5,0.5,3,"PairwiseSupport","one-point",1,1,"one-point",1,"degenerate",,,,,3,3,,"NoSwitchDetected",
123456,"TwoPole",99,51,5,0.5,3,"PairwiseSupport","two-point",2,2,"two-point",2,"degenerate",,,,,3,3,,"NoSwitchDetected",
123456,"TwoPole",100,51,5,0.5,3,"PairwiseSupport","two-point",2,2,"one-point",1,"degenerate",,,,,2,3,1.7159996491333729,"SwitchDetected",3
123456,"TwoPole",101,51,5,0.5,3,"PairwiseSupport","two-point",2,2,"two-point",2,"degenerate",,,,,4,4,,"NoSwitchDetected",
123456,"TwoPole",102,51,5,0.5,3,"PairwiseSupport","one-point",1,1,"one-point",1,"degenerate",,,,,4,3,5.300974439072688,"SwitchDetected",3
123456,"TwoPole",103,51,5,0.5,3,"PairwiseSupport","multi-point",3,3,"one-point",1,"degenerate",,,,,1,3,1.2351232908828806,"SwitchDetected",3
123456,"TwoPole",104,51,5,0.5,3,"PairwiseSupport","two-point",2,2,"one-point",1,"degenerate",,,,,4,3,1.8636638443640496,"SwitchDetected",3
123456,"TwoPole",105,51,5,0.5,3,"PairwiseSupport","one-point",1,1,"one-point",1,"degenerate",,,,,3,3,,"NoSwitchDetected",
123456,"TwoPole",106,51,5,0.5,3,"PairwiseSupport","two-point",2,2,"one-point",1,"degenerate",,,,,1,2,1.5729756183498778,"SwitchDetected",2
123456,"TwoPole",107,51,5,0.5,3,"PairwiseSupport","two-point",2,2,"two-point",2,"degenerate",,,,,3,2,4.582267346940203,"SwitchDetected",2
123456,"TwoPole",108,51,5,0.5,3,"PairwiseSupport","one-point",1,1,"one-point",1,"degenerate",,,,,3,3,,"NoSwitchDetected",
123456,"TwoPole",109,51,5,0.5,3,"PairwiseSupport","one-point",1,1,"one-point",1,"degenerate",,,,,3,3,,"NoSwitchDetected",
123456,"TwoPole",110,51,5,0.5,3,"PairwiseSupport","multi-point",3,3,"one-point",1,"degenerate",,,,,1,4,1.0516957502736117,"SwitchDetected",4
123456,"TwoPole",111,51,5,0.5,3,"PairwiseSupport","multi-point",3,3,"one-point",1,"calibrated",3.240518482957273,0.007215707456082872,3,3,,,,"",
123456,"TwoPole",112,51,5,0.5,3,"PairwiseSupport","two-point",2,2,"two-point",2,"degenerate",,,,,2,3,1.812426972351473,"SwitchDetected",4
123456,"TwoPole",113,51,5,0.5,3,"PairwiseSupport","one-point",1,1,"one-point",1,"degenerate",,,,,3,3,,"NoSwitchDetected",
123456,"TwoPole",114,51,5,0.5,3,"PairwiseSupport","one-point",1,1,"one-point",1,"degenerate",,,,,3,3,,"NoSwitchDetected",
123456,"TwoPole",115,51,5,0.5,3,"PairwiseSupport","one-point",1,1,"one-point",1,"degenerate",,,,,2,2,,"NoSwitchDetected",
123456,"TwoPole",116,51,5,0.5,3,"PairwiseSupport","one-point",1,1,"one-point",1,"degenerate",,,,,4,3,2.587514578853733,"SwitchDetected",3
123456,"TwoPole",117,51,5,0.5,3,"PairwiseSupport","one-point",1,1,"one-point",1,"degenerate",,,,,3,3,,"NoSwitchDetected",
123456,"TwoPole",118,51,5,0.5,3,"PairwiseSupport","two-point",2,2,"one-point",1,"degenerate",,,,,4,3,3.7561957513537805,"SwitchDetected",3
123456,"TwoPole",119,51,5,0.5,3,"PairwiseSupport","one-point",1,1,"one-point",1,"degenerate",,,,,3,3,,"NoSwitchDetected",
123456,"TwoPole",120,51,5,0.5,3,"PairwiseSupport","two-point",2,2,"one-point",1,"degenerate",,,,,2,3,3.314743873115554,"SwitchDetected",3
123456,"TwoPole",121,51,5,0.5,3,"PairwiseSupport","multi-point",3,3,"one-point",1,"degenerate",,,,,1,3,1.4124533661503451,"SwitchDetected",3
123456,"TwoPole",122,51,5,0.5,3,"PairwiseSupport","one-point",1,1,"one-point",1,"degenerate",,,,,4,4,,"NoSwitchDetected",
123456,"TwoPole",123,51,5,0.5,3,"PairwiseSupport","multi-point",3,5,"one-point",1,"calibrated",2.1034590215020255,0.0016444236904244595,4,3,,,,"",
123456,"TwoPole",124,51,5,0.5,3,"PairwiseSupport","two-point",2,2,"one-point",1,"degenerate",,,,,2,3,2.121997363692851,"SwitchDetected",4
123456,"TwoPole",125,51,5,0.5,3,"PairwiseSupport","multi-point",3,3,"one-point",1,"degenerate",,,,,4,3,2.6811053177410087,"SwitchDetected",3
123456,"TwoPole",126,51,5,0.5,3,"PairwiseSupport","two-point",2,2,"one-point",1,"degenerate",,,,,1,4,1.1608167660937212,"SwitchDetected",4
123456,"TwoPole",127,51,5,0.5,3,"PairwiseSupport","two-point",2,2,"two-point",2,"degenerate",,,,,3,3,,"NoSwitchDetected",
123456,"TwoPole",128,51,5,0.5,3,"PairwiseSupport","one-point",1,1,"one-point",1,"degenerate",,,,,3,3,,"NoSwitchDetected",
123456,"TwoPole",129,51,5,0.5,3,"PairwiseSupport","one-point",1,1,"one-point",1,"degenerate",,,,,3,3,,"NoSwitchDetected",
123456,"TwoPole",130,51,5,0.5,3,"PairwiseSupport","multi-point",3,3,"two-point",2,"calibrated",3.1645569620253164,0.016574891908273062,3,3,,,,"",
123456,"TwoPole",131,51,5,0.5,3,"PairwiseSupport","two-point",2,2,"one-point",1,"degenerate",,,,,4,3,3.379405510097584,"SwitchDetected",3
123456,"TwoPole",132,51,5,0.5,3,"PairwiseSupport","two-point",2,2,"one-point",1,"degenerate",,,,,1,3,2.2037003847127705,"SwitchDetected",3
123456,"TwoPole",133,51,5,0.5,3,"PairwiseSupport","two-point",2,2,"one-point",1,"degenerate",,,,,3,4,6.1284051240858055,"SwitchDetected",4
123456,"TwoPole",134,51,5,0.5,3,"PairwiseSupport","two-point",2,2,"one-point",1,"degenerate",,,,,4,3,4.594796779659948,"SwitchDetected",3
123456,"TwoPole",135,51,5,0.5,3,"PairwiseSupport","one-point",1,1,"one-point",1,"degenerate",,,,,2,2,,"NoSwitchDetected",
123456,"TwoPole",136,51,5,0.5,3,"PairwiseSupport","one-point",1,1,"one-point",1,"degenerate",,,,,3,3,,"NoSwitchDetected",
123456,"TwoPole",137,51,5,0.5,3,"PairwiseSupport","two-point",2,2,"one-point",1,"degenerate",,,,,1,3,1.0336277580532545,"SwitchDetected",3
123456,"TwoPole",138,51,5,0.5,3,"PairwiseSupport","multi-point",3,3,"one-point",1,"calibrated",5.834053586862576,0.0032602464242549867,3,3,,,,"",
123456,"TwoPole",139,51,5,0.5,3,"PairwiseSupport","one-point",1,1,"one-point",1,"degenerate",,,,,3,3,,"NoSwitchDetected",
123456,"TwoPole",140,51,5,0.5,3,"PairwiseSupport","one-point",1,1,"one-point",1,"degenerate",,,,,4,3,1.1874513842697842,"SwitchDetected",3
123456,"TwoPole",141,51,5,0.5,3,"PairwiseSupport","one-point",1,1,"one-point",1,"degenerate",,,,,4,3,1.6604183932077297,"SwitchDetected",3
123456,"TwoPole",142,51,5,0.5,3,"PairwiseSupport","one-point",1,1,"one-point",1,"degenerate",,,,,4,4,,"NoSwitchDetected",
123456,"TwoPole",143,51,5,0.5,3,"PairwiseSupport","one-point",1,1,"one-point",1,"degenerate",,,,,3,3,,"NoSwitchDetected",
123456,"TwoPole",144,51,5,0.5,3,"PairwiseSupport","two-point",2,2,"one-point",1,"degenerate",,,,,1,3,2.4067395759120394,"SwitchDetected",3
123456,"TwoPole",145,51,5,0.5,3,"PairwiseSupport","two-point",2,2,"one-point",1,"degenerate",,,,,1,3,1.000005950963148,"SwitchDetected",3
123456,"TwoPole",146,51,5,0.5,3,"PairwiseSupport","two-point",2,2,"two-point",2,"degenerate",,,,,3,3,,"NoSwitchDetected",
123456,"TwoPole",147,51,5,0.5,3,"PairwiseSupport","two-point",2,2,"one-point",1,"degenerate",,,,,1,2,1.0866101364994294,"SwitchDetected",2
123456,"TwoPole",148,51,5,0.5,3,"PairwiseSupport","two-point",2,2,"one-point",1,"degenerate",,,,,2,3,1.6714176011474675,"SwitchDetected",3
123456,"TwoPole",149,51,5,0.5,3,"PairwiseSupport","one-point",1,1,"one-point",1,"degenerate",,,,,2,2,,"NoSwitchDetected",
123456,"TwoPole",150,51,5,0.5,3,"PairwiseSupport","two-point",2,2,"one-point",1,"degenerate",,,,,1,3,1.000005950963148,"SwitchDetected",4
123456,"TwoPole",151,51,5,0.5,3,"PairwiseSupport","one-point",1,1,"one-point",1,"degenerate",,,,,2,2,,"NoSwitchDetected",
123456,"TwoPole",152,51,5,0.5,3,"PairwiseSupport","multi-point",3,4,"one-point",1,"calibrated",5.478896103896105,0.01705281541357037,4,3,,,,"",
123456,"TwoPole",153,51,5,0.5,3,"PairwiseSupport","two-point",2,2,"one-point",1,"degenerate",,,,,5,3,1.000005950963148,"SwitchDetected",3
123456,"TwoPole",154,51,5,0.5,3,"PairwiseSupport","two-point",2,2,"one-point",1,"degenerate",,,,,1,3,1.1035291007473778,"SwitchDetected",2
123456,"TwoPole",155,51,5,0.5,3,"PairwiseSupport","one-point",1,1,"one-point",1,"degenerate",,,,,2,2,,"NoSwitchDetected",
123456,"TwoPole",156,51,5,0.5,3,"PairwiseSupport","multi-point",3,3,"one-point",1,"degenerate",,,,,1,3,1.6518655953670331,"SwitchDetected",3
123456,"TwoPole",157,51,5,0.5,3,"PairwiseSupport","one-point",1,1,"one-point",1,"degenerate",,,,,3,3,,"NoSwitchDetected",
123456,"TwoPole",158,51,5,0.5,3,"PairwiseSupport","two-point",2,2,"one-point",1,"degenerate",,,,,2,4,2.0683238674020594,"SwitchDetected",4
123456,"TwoPole",159,51,5,0.5,3,"PairwiseSupport","two-point",2,2,"one-point",1,"degenerate",,,,,2,3,1.3464715115753487,"SwitchDetected",3
123456,"TwoPole",160,51,5,0.5,3,"PairwiseSupport","one-point",1,1,"one-point",1,"degenerate",,,,,4,4,,"NoSwitchDetected",
123456,"TwoPole",161,51,5,0.5,3,"PairwiseSupport","two-point",2,2,"one-point",1,"degenerate",,,,,2,4,7.180925666199159,"SwitchDetected",4
123456,"TwoPole",162,51,5,0.5,3,"PairwiseSupport","two-point",2,2,"one-point",1,"degenerate",,,,,1,3,1.1786312655251074,"SwitchDetected",4
123456,"TwoPole",163,51,5,0.5,3,"PairwiseSupport","multi-point",3,3,"one-point",1,"degenerate",,,,,1,4,1.5155211650568958,"SwitchDetected",4
123456,"TwoPole",164,51,5,0.5,3,"PairwiseSupport","one-point",1,1,"one-point",1,"degenerate",,,,,4,4,,"NoSwitchDetected",
123456,"TwoPole",165,51,5,0.5,3,"PairwiseSupport","one-point",1,1,"one-point",1,"degenerate",,,,,3,3,,"NoSwitchDetected",
123456,"TwoPole",166,51,5,0.5,3,"PairwiseSupport","two-point",2,2,"two-point",2,"degenerate",,,,,3,3,,"NoSwitchDetected",
123456,"TwoPole",167,51,5,0.5,3,"PairwiseSupport","one-point",1,1,"one-point",1,"degenerate",,,,,4,4,,"NoSwitchDetected",
123456,"TwoPole",168,51,5,0.5,3,"PairwiseSupport","two-point",2,2,"one-point",1,"degenerate",,,,,2,3,1.3977208550803026,"SwitchDetected",3
123456,"TwoPole",169,51,5,0.5,3,"PairwiseSupport","two-point",2,2,"two-point",2,"degenerate",,,,,5,3,1.2704199911255145,"SwitchDetected",3
123456,"TwoPole",170,51,5,0.5,3,"PairwiseSupport","two-point",2,2,"one-point",1,"degenerate",,,,,1,3,1.3454042525498857,"SwitchDetected",3
123456,"TwoPole",171,51,5,0.5,3,"PairwiseSupport","two-point",2,2,"one-point",1,"degenerate",,,,,2,3,3.1440669265613597,"SwitchDetected",3
123456,"TwoPole",172,51,5,0.5,3,"PairwiseSupport","one-point",1,1,"one-point",1,"degenerate",,,,,3,3,,"NoSwitchDetected",
123456,"TwoPole",173,51,5,0.5,3,"PairwiseSupport","one-point",1,1,"one-point",1,"degenerate",,,,,3,3,,"NoSwitchDetected",
123456,"TwoPole",174,51,5,0.5,3,"PairwiseSupport","one-point",1,1,"one-point",1,"degenerate",,,,,4,3,4.912614736494921,"SwitchDetected",3
123456,"TwoPole",175,51,5,0.5,3,"PairwiseSupport","two-point",2,2,"one-point",1,"degenerate",,,,,2,3,2.366807489593574,"SwitchDetected",3
123456,"TwoPole",176,51,5,0.5,3,"PairwiseSupport","one-point",1,1,"one-point",1,"degenerate",,,,,3,3,,"NoSwitchDetected",
123456,"TwoPole",177,51,5,0.5,3,"PairwiseSupport","two-point",2,2,"one-point",1,"degenerate",,,,,1,3,1.2984962163188178,"SwitchDetected",4
123456,"TwoPole",178,51,5,0.5,3,"PairwiseSupport","one-point",1,1,"one-point",1,"degenerate",,,,,3,3,,"NoSwitchDetected",
123456,"TwoPole",179,51,5,0.5,3,"PairwiseSupport","one-point",1,1,"one-point",1,"degenerate",,,,,5,5,1.1870990646993989,"SwitchDetected",2
123456,"TwoPole",180,51,5,0.5,3,"PairwiseSupport","two-point",2,2,"two-point",2,"degenerate",,,,,4,4,,"NoSwitchDetected",
123456,"TwoPole",181,51,5,0.5,3,"PairwiseSupport","one-point",1,1,"one-point",1,"degenerate",,,,,2,2,,"NoSwitchDetected",
123456,"TwoPole",182,51,5,0.5,3,"PairwiseSupport","one-point",1,1,"one-point",1,"degenerate",,,,,5,3,1.14582521060238,"SwitchDetected",3
123456,"TwoPole",183,51,5,0.5,3,"PairwiseSupport","two-point",2,2,"one-point",1,"degenerate",,,,,2,4,3.3886053388527793,"SwitchDetected",4
123456,"TwoPole",184,51,5,0.5,3,"PairwiseSupport","two-point",2,2,"one-point",1,"degenerate",,,,,4,3,5.2720364704964355,"SwitchDetected",3
123456,"TwoPole",185,51,5,0.5,3,"PairwiseSupport","one-point",1,1,"one-point",1,"degenerate",,,,,3,3,,"NoSwitchDetected",
123456,"TwoPole",186,51,5,0.5,3,"PairwiseSupport","one-point",1,1,"one-point",1,"degenerate",,,,,2,3,1.0865469026798098,"SwitchDetected",3
123456,"TwoPole",187,51,5,0.5,3,"PairwiseSupport","two-point",2,2,"one-point",1,"degenerate",,,,,1,3,1.2696233091804754,"SwitchDetected",3
123456,"TwoPole",188,51,5,0.5,3,"PairwiseSupport","one-point",1,1,"one-point",1,"degenerate",,,,,1,3,1.0385017026826167,"SwitchDetected",3
123456,"TwoPole",189,51,5,0.5,3,"PairwiseSupport","two-point",2,2,"one-point",1,"degenerate",,,,,1,4,1.000005950963148,"SwitchDetected",4
123456,"TwoPole",190,51,5,0.5,3,"PairwiseSupport","multi-point",3,3,"multi-point",3,"degenerate",,,,,3,3,,"NoSwitchDetected",
123456,"TwoPole",191,51,5,0.5,3,"PairwiseSupport","two-point",2,2,"one-point",1,"degenerate",,,,,4,3,1.4189415357807709,"SwitchDetected",3
123456,"TwoPole",192,51,5,0.5,3,"PairwiseSupport","one-point",1,1,"one-point",1,"degenerate",,,,,3,3,,"NoSwitchDetected",
123456,"TwoPole",193,51,5,0.5,3,"PairwiseSupport","two-point",2,2,"one-point",1,"degenerate",,,,,2,3,2.3953496532123184,"SwitchDetected",4
123456,"TwoPole",194,51,5,0.5,3,"PairwiseSupport","multi-point",3,3,"one-point",1,"calibrated",1.2016021361815754,0.0007352596271136963,3,3,,,,"",
123456,"TwoPole",195,51,5,0.5,3,"PairwiseSupport","one-point",1,1,"one-point",1,"degenerate",,,,,4,3,2.863098075176421,"SwitchDetected",3
123456,"TwoPole",196,51,5,0.5,3,"PairwiseSupport","two-point",2,2,"two-point",2,"degenerate",,,,,4,3,1.4007618095766745,"SwitchDetected",3
123456,"TwoPole",197,51,5,0.5,3,"PairwiseSupport","one-point",1,1,"one-point",1,"degenerate",,,,,2,3,1.0651618481702283,"SwitchDetected",3
123456,"TwoPole",198,51,5,0.5,3,"PairwiseSupport","one-point",1,1,"one-point",1,"degenerate",,,,,1,3,1.1108165627197109,"SwitchDetected",3
123456,"TwoPole",199,51,5,0.5,3,"PairwiseSupport","two-point",2,2,"one-point",1,"degenerate",,,,,4,3,6.910426798149234,"SwitchDetected",3
123456,"TwoPole",200,51,5,0.5,3,"PairwiseSupport","two-point",2,2,"two-point",2,"degenerate",,,,,2,3,1.2903797440938487,"SwitchDetected",3
123456,"TwoPole",1,51,5,0.6,1,"PairwiseSupport","two-point",2,2,"one-point",1,"degenerate",,,,,2,3,2.294575836438646,"SwitchDetected",3
123456,"TwoPole",2,51,5,0.6,1,"PairwiseSupport","multi-point",3,3,"one-point",1,"calibrated",2.17566478646253,0.013593625857869317,3,3,,,,"",
123456,"TwoPole",3,51,5,0.6,1,"PairwiseSupport","two-point",2,2,"one-point",1,"degenerate",,,,,1,3,1.2461419342276794,"SwitchDetected",3
123456,"TwoPole",4,51,5,0.6,1,"PairwiseSupport","two-point",2,2,"one-point",1,"degenerate",,,,,2,3,2.6111156487249416,"SwitchDetected",3
123456,"TwoPole",5,51,5,0.6,1,"PairwiseSupport","multi-point",3,3,"one-point",1,"calibrated",2.020655590480467,0.0003811849678114853,3,3,,,,"",
123456,"TwoPole",6,51,5,0.6,1,"PairwiseSupport","two-point",2,2,"one-point",1,"degenerate",,,,,1,3,1.4150462671072566,"SwitchDetected",3
123456,"TwoPole",7,51,5,0.6,1,"PairwiseSupport","multi-point",3,3,"one-point",1,"calibrated",2.035892022319409,0.01137216546383153,3,3,,,,"",
123456,"TwoPole",8,51,5,0.6,1,"PairwiseSupport","multi-point",3,3,"two-point",2,"calibrated",3.5037633013236436,0.03365657108586392,3,3,,,,"",
123456,"TwoPole",9,51,5,0.6,1,"PairwiseSupport","multi-point",3,3,"one-point",1,"calibrated",1.4142049025769956,0.0006494078073792514,3,3,,,,"",
123456,"TwoPole",10,51,5,0.6,1,"PairwiseSupport","two-point",2,2,"two-point",2,"degenerate",,,,,1,3,1.0843943253295492,"SwitchDetected",2
123456,"TwoPole",11,51,5,0.6,1,"PairwiseSupport","two-point",2,2,"two-point",2,"degenerate",,,,,1,3,1.108084386604718,"SwitchDetected",2
123456,"TwoPole",12,51,5,0.6,1,"PairwiseSupport","multi-point",3,3,"one-point",1,"degenerate",,,,,1,3,1.4263002399438498,"SwitchDetected",3
123456,"TwoPole",13,51,5,0.6,1,"PairwiseSupport","multi-point",3,3,"one-point",1,"calibrated",2.7113878288813016,0.018409936288411893,3,3,,,,"",
123456,"TwoPole",14,51,5,0.6,1,"PairwiseSupport","multi-point",3,4,"one-point",1,"calibrated",2.267002518891687,0.0006788322105282822,3,3,,,,"",
123456,"TwoPole",15,51,5,0.6,1,"PairwiseSupport","multi-point",3,3,"one-point",1,"calibrated",2.6254375729288215,0.004041839159546019,3,3,,,,"",
123456,"TwoPole",16,51,5,0.6,1,"PairwiseSupport","two-point",2,2,"two-point",2,"degenerate",,,,,1,3,1.0647568976217787,"SwitchDetected",2
123456,"TwoPole",17,51,5,0.6,1,"PairwiseSupport","multi-point",3,3,"one-point",1,"calibrated",2.5037091988130564,0.013291293791288307,3,3,,,,"",
123456,"TwoPole",18,51,5,0.6,1,"PairwiseSupport","multi-point",3,3,"one-point",1,"calibrated",2.5271433919880195,0.005524426996959071,3,3,,,,"",
123456,"TwoPole",19,51,5,0.6,1,"PairwiseSupport","multi-point",3,3,"one-point",1,"calibrated",3.2902754082378745,0.038896208344867324,3,3,,,,"",
123456,"TwoPole",20,51,5,0.6,1,"PairwiseSupport","multi-point",3,3,"one-point",1,"degenerate",,,,,1,3,1.640848967083372,"SwitchDetected",3
123456,"TwoPole",21,51,5,0.6,1,"PairwiseSupport","multi-point",3,3,"one-point",1,"calibrated",2.9163966299416724,0.007080172665797911,3,3,,,,"",
123456,"TwoPole",22,51,5,0.6,1,"PairwiseSupport","multi-point",3,3,"one-point",1,"calibrated",3.8681948424068757,0.02335863356005995,3,3,,,,"",
123456,"TwoPole",23,51,5,0.6,1,"PairwiseSupport","two-point",2,2,"one-point",1,"degenerate",,,,,2,3,3.2405303639020273,"SwitchDetected",3
123456,"TwoPole",24,51,5,0.6,1,"PairwiseSupport","multi-point",3,4,"one-point",1,"calibrated",2.2481265611990007,0.008323822024989089,3,3,,,,"",
123456,"TwoPole",25,51,5,0.6,1,"PairwiseSupport","two-point",2,2,"one-point",1,"degenerate",,,,,2,3,3.590081261086162,"SwitchDetected",3
123456,"TwoPole",26,51,5,0.6,1,"PairwiseSupport","multi-point",3,4,"one-point",1,"degenerate",,,,,1,3,1.7033712642910372,"SwitchDetected",3
123456,"TwoPole",27,51,5,0.6,1,"PairwiseSupport","multi-point",3,3,"one-point",1,"degenerate",,,,,1,3,1.6890238449363952,"SwitchDetected",3
123456,"TwoPole",28,51,5,0.6,1,"PairwiseSupport","multi-point",3,3,"one-point",1,"calibrated",2.5037091988130564,0.00941850163366549,3,3,,,,"",
123456,"TwoPole",29,51,5,0.6,1,"PairwiseSupport","multi-point",3,3,"one-point",1,"calibrated",2.6254375729288215,0.01030084628813768,3,3,,,,"",
123456,"TwoPole",30,51,5,0.6,1,"PairwiseSupport","two-point",2,2,"one-point",1,"degenerate",,,,,1,3,1.3704207348069848,"SwitchDetected",3
123456,"TwoPole",31,51,5,0.6,1,"PairwiseSupport","multi-point",3,3,"one-point",1,"calibrated",2.4085637823371986,0.015318419268405528,3,3,,,,"",
123456,"TwoPole",32,51,5,0.6,1,"PairwiseSupport","multi-point",3,3,"one-point",1,"calibrated",2.6512175962293796,0.006923829600900095,3,3,,,,"",
123456,"TwoPole",33,51,5,0.6,1,"PairwiseSupport","multi-point",3,3,"one-point",1,"calibrated",1.801441152922338,0.006347230368845201,3,3,,,,"",
123456,"TwoPole",34,51,5,0.6,1,"PairwiseSupport","multi-point",3,3,"one-point",1,"calibrated",2.267002518891687,0.0062558962584312715,3,3,,,,"",
123456,"TwoPole",35,51,5,0.6,1,"PairwiseSupport","multi-point",3,3,"one-point",1,"calibrated",2.600154083204931,0.012753153690978809,3,3,,,,"",
123456,"TwoPole",36,51,5,0.6,1,"PairwiseSupport","multi-point",3,3,"one-point",1,"calibrated",2.7388922702373706,0.016740334272932363,3,3,,,,"",
123456,"TwoPole",37,51,5,0.6,1,"PairwiseSupport","multi-point",3,3,"one-point",1,"calibrated",2.5510204081632653,0.00893119496380223,3,3,,,,"",
123456,"TwoPole",38,51,5,0.6,1,"PairwiseSupport","multi-point",3,3,"one-point",1,"degenerate",,,,,1,3,1.4035228990149256,"SwitchDetected",3
123456,"TwoPole",39,51,5,0.6,1,"PairwiseSupport","two-point",2,2,"one-point",1,"degenerate",,,,,2,3,2.536658775733911,"SwitchDetected",3
123456,"TwoPole",40,51,5,0.6,1,"PairwiseSupport","two-point",2,2,"one-point",1,"degenerate",,,,,2,3,2.544648612045146,"SwitchDetected",3
123456,"TwoPole",41,51,5,0.6,1,"PairwiseSupport","multi-point",3,3,"one-point",1,"calibrated",2.7669604427136707,0.016190189154458513,3,3,,,,"",
123456,"TwoPole",42,51,5,0.6,1,"PairwiseSupport","multi-point",3,3,"one-point",1,"calibrated",3.0920751259734307,0.01774462616846541,3,3,,,,"",
123456,"TwoPole",43,51,5,0.6,1,"PairwiseSupport","two-point",2,2,"one-point",1,"degenerate",,,,,1,3,1.1977348016014149,"SwitchDetected",3
123456,"TwoPole",44,51,5,0.6,1,"PairwiseSupport","two-point",2,2,"one-point",1,"degenerate",,,,,1,3,1.2662938529796048,"SwitchDetected",3
123456,"TwoPole",45,51,5,0.6,1,"PairwiseSupport","two-point",2,2,"one-point",1,"degenerate",,,,,1,3,1.268176483507765,"SwitchDetected",3
123456,"TwoPole",46,51,5,0.6,1,"PairwiseSupport","multi-point",3,3,"one-point",1,"calibrated",2.9893711248892822,0.01931009902655685,3,3,,,,"",
123456,"TwoPole",47,51,5,0.6,1,"PairwiseSupport","two-point",2,2,"one-point",1,"degenerate",,,,,2,3,1.8333676492968216,"SwitchDetected",3
123456,"TwoPole",48,51,5,0.6,1,"PairwiseSupport","multi-point",3,3,"one-point",1,"calibrated",2.5271433919880195,0.014496233062031873,3,3,,,,"",
123456,"TwoPole",49,51,5,0.6,1,"PairwiseSupport","multi-point",3,3,"one-point",1,"calibrated",2.824858757062147,0.01295092942087807,3,3,,,,"",
123456,"TwoPole",50,51,5,0.6,1,"PairwiseSupport","multi-point",3,4,"one-point",1,"calibrated",3.240518482957273,0.015438647322336272,3,3,,,,"",
123456,"TwoPole",51,51,5,0.6,1,"PairwiseSupport","two-point",2,2,"one-point",1,"degenerate",,,,,2,3,3.7837681795349973,"SwitchDetected",3
123456,"TwoPole",52,51,5,0.6,1,"PairwiseSupport","multi-point",3,3,"one-point",1,"calibrated",3.0920751259734307,0.036619371586966695,3,3,,,,"",
123456,"TwoPole",53,51,5,0.6,1,"PairwiseSupport","two-point",2,2,"one-point",1,"degenerate",,,,,1,3,1.3823139077619324,"SwitchDetected",3
123456,"TwoPole",54,51,5,0.6,1,"PairwiseSupport","two-point",2,2,"one-point",1,"degenerate",,,,,2,3,1.596422081370366,"SwitchDetected",3
123456,"TwoPole",55,51,5,0.6,1,"PairwiseSupport","multi-point",3,3,"one-point",1,"degenerate",,,,,1,3,1.4605909447194763,"SwitchDetected",2
123456,"TwoPole",56,51,5,0.6,1,"PairwiseSupport","two-point",2,2,"two-point",2,"degenerate",,,,,1,3,1.045961264193319,"SwitchDetected",2
123456,"TwoPole",57,51,5,0.6,1,"PairwiseSupport","multi-point",3,3,"one-point",1,"degenerate",,,,,1,3,1.7020427837707561,"SwitchDetected",3
123456,"TwoPole",58,51,5,0.6,1,"PairwiseSupport","multi-point",3,3,"one-point",1,"calibrated",1.7182130584192439,0.004645672475761018,3,3,,,,"",
123456,"TwoPole",59,51,5,0.6,1,"PairwiseSupport","multi-point",3,3,"one-point",1,"calibrated",2.1367521367521367,0.0010446140674550287,3,3,,,,"",
123456,"TwoPole",60,51,5,0.6,1,"PairwiseSupport","multi-point",3,3,"one-point",1,"calibrated",1.6966193288927987,0.005721883955809193,3,3,,,,"",
123456,"TwoPole",61,51,5,0.6,1,"PairwiseSupport","multi-point",3,3,"one-point",1,"calibrated",1.9946808510638294,0.008492317365670148,3,3,,,,"",
123456,"TwoPole",62,51,5,0.6,1,"PairwiseSupport","two-point",2,2,"one-point",1,"degenerate",,,,,1,3,1.4164059822058814,"SwitchDetected",3
123456,"TwoPole",63,51,5,0.6,1,"PairwiseSupport","multi-point",3,3,"one-point",1,"calibrated",3.597122302158273,0.02285377227208205,3,3,,,,"",
123456,"TwoPole",64,51,5,0.6,1,"PairwiseSupport","multi-point",3,3,"one-point",1,"calibrated",2.2066034651847004,0.0038375950517424307,3,3,,,,"",
123456,"TwoPole",65,51,5,0.6,1,"PairwiseSupport","multi-point",3,3,"one-point",1,"calibrated",2.7113878288813016,0.001959708023705501,3,3,,,,"",
123456,"TwoPole",66,51,5,0.6,1,"PairwiseSupport","multi-point",3,3,"one-point",1,"calibrated",2.6775089250297497,0.02764063077736019,3,3,,,,"",
123456,"TwoPole",67,51,5,0.6,1,"PairwiseSupport","multi-point",3,3,"one-point",1,"calibrated",1.6966193288927987,0.006745941727469563,3,3,,,,"",
123456,"TwoPole",68,51,5,0.6,1,"PairwiseSupport","multi-point",3,3,"one-point",1,"calibrated",3.1278962001853565,0.021826450869724862,3,3,,,,"",
123456,"TwoPole",69,51,5,0.6,1,"PairwiseSupport","multi-point",3,3,"one-point",1,"calibrated",3.0920751259734307,0.014008349541769242,3,3,,,,"",
123456,"TwoPole",70,51,5,0.6,1,"PairwiseSupport","multi-point",3,3,"one-point",1,"calibrated",2.8852318871553755,0.014248540291429936,3,3,,,,"",
123456,"TwoPole",71,51,5,0.6,1,"PairwiseSupport","multi-point",3,3,"one-point",1,"calibrated",2.7113878288813016,0.01049226225576053,3,3,,,,"",
123456,"TwoPole",72,51,5,0.6,1,"PairwiseSupport","two-point",2,2,"one-point",1,"degenerate",,,,,1,3,1.269738430318415,"SwitchDetected",3
123456,"TwoPole",73,51,5,0.6,1,"PairwiseSupport","multi-point",3,3,"one-point",1,"calibrated",2.458120903131828,0.016490976800264952,3,3,,,,"",
123456,"TwoPole",74,51,5,0.6,1,"PairwiseSupport","two-point",2,2,"one-point",1,"degenerate",,,,,1,3,1.37425367117349,"SwitchDetected",3
123456,"TwoPole",75,51,5,0.6,1,"PairwiseSupport","two-point",2,2,"one-point",1,"degenerate",,,,,1,3,1.2589697947911507,"SwitchDetected",3
123456,"TwoPole",76,51,5,0.6,1,"PairwiseSupport","two-point",2,2,"one-point",1,"degenerate",,,,,2,3,4.778504894365556,"SwitchDetected",3
123456,"TwoPole",77,51,5,0.6,1,"PairwiseSupport","multi-point",3,3,"one-point",1,"calibrated",2.458120903131828,0.016616950361546427,3,3,,,,"",
123456,"TwoPole",78,51,5,0.6,1,"PairwiseSupport","multi-point",3,3,"one-point",1,"calibrated",2.1367521367521367,0.001927318530176471,3,3,,,,"",
123456,"TwoPole",79,51,5,0.6,1,"PairwiseSupport","multi-point",3,3,"one-point",1,"calibrated",3.1278962001853565,0.015219861962620613,3,3,,,,"",
123456,"TwoPole",80,51,5,0.6,1,"PairwiseSupport","two-point",2,2,"one-point",1,"degenerate",,,,,1,3,1.1616432956027327,"SwitchDetected",3
123456,"TwoPole",81,51,5,0.6,1,"PairwiseSupport","multi-point",3,3,"one-point",1,"degenerate",,,,,1,3,1.5976514991025157,"SwitchDetected",3
123456,"TwoPole",82,51,5,0.6,1,"PairwiseSupport","multi-point",3,4,"one-point",1,"degenerate",,,,,1,3,1.8059019176134405,"SwitchDetected",3
123456,"TwoPole",83,51,5,0.6,1,"PairwiseSupport","multi-point",3,3,"one-point",1,"calibrated",2.071187480822338,0.010238553668356352,3,3,,,,"",
123456,"TwoPole",84,51,5,0.6,1,"PairwiseSupport","two-point",2,2,"one-point",1,"degenerate",,,,,1,3,1.430696178559336,"SwitchDetected",2
123456,"TwoPole",85,51,5,0.6,1,"PairwiseSupport","two-point",2,2,"one-point",1,"degenerate",,,,,2,3,2.6171342906649984,"SwitchDetected",3
123456,"TwoPole",86,51,5,0.6,1,"PairwiseSupport","multi-point",3,3,"one-point",1,"calibrated",1.8765638031693075,0.0045335965710963655,3,3,,,,"",
123456,"TwoPole",87,51,5,0.6,1,"PairwiseSupport","two-point",2,2,"one-point",1,"degenerate",,,,,2,3,1.543430411626975,"SwitchDetected",3
123456,"TwoPole",88,51,5,0.6,1,"PairwiseSupport","multi-point",3,3,"one-point",1,"calibrated",2.7388922702373706,0.007573058915239,3,3,,,,"",
123456,"TwoPole",89,51,5,0.6,1,"PairwiseSupport","multi-point",3,4,"one-point",1,"calibrated",2.581755593803787,0.016829690602061034,3,3,,,,"",
123456,"TwoPole",90,51,5,0.6,1,"PairwiseSupport","multi-point",3,3,"one-point",1,"calibrated",2.862595419847328,0.023924653678591465,3,3,,,,"",
123456,"TwoPole",91,51,5,0.6,1,"PairwiseSupport","multi-point",3,3,"two-point",2,"calibrated",4.249291784702549,0.044406202134265355,3,3,,,,"",
123456,"TwoPole",92,51,5,0.6,1,"PairwiseSupport","two-point",2,2,"one-point",1,"degenerate",,,,,1,3,1.5485650324771916,"SwitchDetected",3
123456,"TwoPole",93,51,5,0.6,1,"PairwiseSupport","multi-point",3,3,"one-point",1,"calibrated",3.0228392297357813,0.009520576030636815,3,3,,,,"",
123456,"TwoPole",94,51,5,0.6,1,"PairwiseSupport","multi-point",3,3,"one-point",1,"calibrated",2.5510204081632653,0.00036594948597962434,3,3,,,,"",
123456,"TwoPole",95,51,5,0.6,1,"PairwiseSupport","multi-point",3,3,"one-point",1,"calibrated",2.7669604427136707,0.013134273289714685,3,3,,,,"",
123456,"TwoPole",96,51,5,0.6,1,"PairwiseSupport","multi-point",3,4,"one-point",1,"degenerate",,,,,1,3,1.8157366428266268,"SwitchDetected",3
123456,"TwoPole",97,51,5,0.6,1,"PairwiseSupport","multi-point",3,3,"one-point",1,"calibrated",2.435943702634428,0.010122822600456797,3,3,,,,"",
123456,"TwoPole",98,51,5,0.6,1,"PairwiseSupport","multi-point",3,4,"one-point",1,"calibrated",3.240518482957273,0.007345416302556083,3,3,,,,"",
123456,"TwoPole",99,51,5,0.6,1,"PairwiseSupport","multi-point",3,3,"one-point",1,"calibrated",2.2481265611990007,0.010539544402033196,3,3,,,,"",
123456,"TwoPole",100,51,5,0.6,1,"PairwiseSupport","multi-point",3,3,"one-point",1,"calibrated",2.325581395348837,0.013288978070471956,3,3,,,,"",
123456,"TwoPole",101,51,5,0.6,1,"PairwiseSupport","multi-point",3,4,"one-point",1,"calibrated",2.862595419847328,0.026927762582261427,3,3,,,,"",
123456,"TwoPole",102,51,5,0.6,1,"PairwiseSupport","two-point",2,2,"one-point",1,"degenerate",,,,,1,3,1.4889726597573876,"SwitchDetected",3
123456,"TwoPole",103,51,5,0.6,1,"PairwiseSupport","two-point",2,2,"one-point",1,"degenerate",,,,,2,3,3.935200335779424,"SwitchDetected",3
123456,"TwoPole",104,51,5,0.6,1,"PairwiseSupport","multi-point",3,3,"one-point",1,"calibrated",2.9246100519930676,0.020708353527908004,3,3,,,,"",
123456,"TwoPole",105,51,5,0.6,1,"PairwiseSupport","two-point",2,2,"one-point",1,"degenerate",,,,,2,3,2.4582486703678934,"SwitchDetected",3
123456,"TwoPole",106,51,5,0.6,1,"PairwiseSupport","multi-point",3,3,"one-point",1,"degenerate",,,,,1,3,1.5025124026740577,"SwitchDetected",3
123456,"TwoPole",107,51,5,0.6,1,"PairwiseSupport","multi-point",3,3,"one-point",1,"calibrated",3.0920751259734307,0.01825804117262032,3,3,,,,"",
123456,"TwoPole",108,51,5,0.6,1,"PairwiseSupport","two-point",2,2,"one-point",1,"degenerate",,,,,1,3,1.4505424261968813,"SwitchDetected",3
123456,"TwoPole",109,51,5,0.6,1,"PairwiseSupport","multi-point",3,3,"one-point",1,"calibrated",2.2481265611990007,0.010082293391760573,3,3,,,,"",
123456,"TwoPole",110,51,5,0.6,1,"PairwiseSupport","multi-point",3,3,"one-point",1,"calibrated",2.7388922702373706,0.020489139754678393,3,3,,,,"",
123456,"TwoPole",111,51,5,0.6,1,"PairwiseSupport","multi-point",3,3,"one-point",1,"calibrated",3.8681948424068757,0.04052696720339108,3,3,,,,"",
123456,"TwoPole",112,51,5,0.6,1,"PairwiseSupport","multi-point",3,3,"one-point",1,"degenerate",,,,,1,3,1.4056949348566274,"SwitchDetected",3
123456,"TwoPole",113,51,5,0.6,1,"PairwiseSupport","multi-point",3,3,"one-point",1,"calibrated",2.055420219244823,0.008973224950230172,3,3,,,,"",
123456,"TwoPole",114,51,5,0.6,1,"PairwiseSupport","multi-point",3,3,"one-point",1,"calibrated",3.3202164289227745,0.0297859349648871,3,3,,,,"",
123456,"TwoPole",115,51,5,0.6,1,"PairwiseSupport","multi-point",3,3,"one-point",1,"calibrated",1.6755616234330397,0.0024465795696914793,3,3,,,,"",
123456,"TwoPole",116,51,5,0.6,1,"PairwiseSupport","multi-point",3,4,"one-point",1,"calibrated",3.057065217391304,0.031809775090009075,3,3,,,,"",
123456,"TwoPole",117,51,5,0.6,1,"PairwiseSupport","multi-point",3,3,"one-point",1,"degenerate",,,,,1,3,1.4976648120297662,"SwitchDetected",3
123456,"TwoPole",118,51,5,0.6,1,"PairwiseSupport","multi-point",3,3,"one-point",1,"degenerate",,,,,1,3,1.5145513497523742,"SwitchDetected",3
123456,"TwoPole",119,51,5,0.6,1,"PairwiseSupport","two-point",2,2,"one-point",1,"degenerate",,,,,1,3,1.2618437444042458,"SwitchDetected",3
123456,"TwoPole",120,51,5,0.6,1,"PairwiseSupport","multi-point",3,3,"one-point",1,"calibrated",2.119974874371859,0.006406476235060521,3,3,,,,"",
123456,"TwoPole",121,51,5,0.6,1,"PairwiseSupport","multi-point",3,3,"one-point",1,"calibrated",2.7113878288813016,0.010352096209289357,3,3,,,,"",
123456,"TwoPole",122,51,5,0.6,1,"PairwiseSupport","two-point",2,2,"one-point",1,"degenerate",,,,,2,3,4.295195038923894,"SwitchDetected",3
123456,"TwoPole",123,51,5,0.6,1,"PairwiseSupport","multi-point",3,3,"one-point",1,"calibrated",2.6844303042354345,0.031146431526262675,3,3,,,,"",
123456,"TwoPole",124,51,5,0.6,1,"PairwiseSupport","two-point",2,2,"one-point",1,"degenerate",,,,,2,3,2.2169870680264836,"SwitchDetected",3
123456,"TwoPole",125,51,5,0.6,1,"PairwiseSupport","multi-point",3,3,"one-point",1,"calibrated",1.4387722476819782,0.0011511919833004371,3,3,,,,"",
123456,"TwoPole",126,51,5,0.6,1,"PairwiseSupport","two-point",2,2,"two-point",2,"degenerate",,,,,1,3,1.0275600137789878,"SwitchDetected",2
123456,"TwoPole",127,51,5,0.6,1,"PairwiseSupport","two-point",2,2,"one-point",1,"degenerate",,,,,2,3,2.6799508304919653,"SwitchDetected",3
123456,"TwoPole",128,51,5,0.6,1,"PairwiseSupport","multi-point",3,4,"one-point",1,"calibrated",3.1185031185031185,0.021021531130161725,3,3,,,,"",
123456,"TwoPole",129,51,5,0.6,1,"PairwiseSupport","multi-point",3,3,"one-point",1,"calibrated",3.5498290823034444,0.03620145510404363,3,3,,,,"",
123456,"TwoPole",130,51,5,0.6,1,"PairwiseSupport","multi-point",3,3,"one-point",1,"calibrated",3.1278962001853565,0.0256496525836416,3,3,,,,"",
123456,"TwoPole",131,51,5,0.6,1,"PairwiseSupport","multi-point",3,3,"one-point",1,"calibrated",2.3872679045092835,0.00576555804842535,3,3,,,,"",
123456,"TwoPole",132,51,5,0.6,1,"PairwiseSupport","multi-point",3,3,"one-point",1,"calibrated",4.103343465045592,0.026448248523262538,3,3,,,,"",
123456,"TwoPole",133,51,5,0.6,1,"PairwiseSupport","multi-point",3,3,"one-point",1,"calibrated",3.3724706470147385,0.023223875052151333,3,3,,,,"",
123456,"TwoPole",134,51,5,0.6,1,"PairwiseSupport","multi-point",3,3,"one-point",1,"calibrated",3.7996059667886293,0.02305665151031391,3,3,,,,"",
123456,"TwoPole",135,51,5,0.6,1,"PairwiseSupport","multi-point",3,3,"two-point",2,"calibrated",2.8932704672096015,0.03394707816732685,3,3,,,,"",
123456,"TwoPole",136,51,5,0.6,1,"PairwiseSupport","multi-point",3,3,"one-point",1,"calibrated",1.825804706518799,0.01040118482248571,3,3,,,,"",
123456,"TwoPole",137,51,5,0.6,1,"PairwiseSupport","multi-point",3,3,"one-point",1,"calibrated",3.458877786318216,0.03956890621572255,3,3,,,,"",
123456,"TwoPole",138,51,5,0.6,1,"PairwiseSupport","multi-point",3,3,"one-point",1,"calibrated",1.4142049025769956,0.004352218524129454,3,3,,,,"",
123456,"TwoPole",139,51,5,0.6,1,"PairwiseSupport","two-point",2,2,"one-point",1,"degenerate",,,,,1,3,1.358082586988178,"SwitchDetected",3
123456,"TwoPole",140,51,5,0.6,1,"PairwiseSupport","multi-point",3,3,"one-point",1,"calibrated",2.9482419742301818,0.011738743435845321,3,3,,,,"",
123456,"TwoPole",141,51,5,0.6,1,"PairwiseSupport","two-point",2,2,"one-point",1,"degenerate",,,,,1,3,1.5525568053945282,"SwitchDetected",3
123456,"TwoPole",142,51,5,0.6,1,"PairwiseSupport","multi-point",3,3,"one-point",1,"calibrated",2.5753529187333077,0.002901798330185417,3,3,,,,"",
123456,"TwoPole",143,51,5,0.6,1,"PairwiseSupport","multi-point",3,3,"one-point",1,"calibrated",2.9163966299416724,0.006789213472501375,3,3,,,,"",
123456,"TwoPole",144,51,5,0.6,1,"PairwiseSupport","two-point",2,2,"one-point",1,"degenerate",,,,,1,3,1.610637046569028,"SwitchDetected",3
123456,"TwoPole",145,51,5,0.6,1,"PairwiseSupport","multi-point",3,3,"one-point",1,"calibrated",3.9823008849557513,0.04694604337767144,3,3,,,,"",
123456,"TwoPole",146,51,5,0.6,1,"PairwiseSupport","multi-point",3,3,"one-point",1,"calibrated",2.956636005256242,0.032759977186875094,3,3,,,,"",
123456,"TwoPole",147,51,5,0.6,1,"PairwiseSupport","two-point",2,2,"two-point",2,"degenerate",,,,,1,3,1.110288123291858,"SwitchDetected",2
123456,"TwoPole",148,51,5,0.6,1,"PairwiseSupport","multi-point",3,3,"one-point",1,"calibrated",2.7388922702373706,0.012693190361282265,3,3,,,,"",
123456,"TwoPole",149,51,5,0.6,1,"PairwiseSupport","two-point",2,2,"one-point",1,"degenerate",,,,,1,3,1.1265217523587665,"SwitchDetected",3
123456,"TwoPole",150,51,5,0.6,1,"PairwiseSupport","two-point",2,2,"one-point",1,"degenerate",,,,,2,3,1.807358665660985,"SwitchDetected",3
123456,"TwoPole",151,51,5,0.6,1,"PairwiseSupport","multi-point",3,3,"one-point",1,"calibrated",2.035892022319409,0.0026297045308719263,3,3,,,,"",
123456,"TwoPole",152,51,5,0.6,1,"PairwiseSupport","two-point",2,2,"one-point",1,"degenerate",,,,,2,3,5.034329864754622,"SwitchDetected",3
123456,"TwoPole",153,51,5,0.6,1,"PairwiseSupport","two-point",2,2,"two-point",2,"degenerate",,,,,1,3,1.0309327002426631,"SwitchDetected",2
123456,"TwoPole",154,51,5,0.6,1,"PairwiseSupport","multi-point",3,3,"one-point",1,"degenerate",,,,,1,3,1.3548851926239636,"SwitchDetected",3
123456,"TwoPole",155,51,5,0.6,1,"PairwiseSupport","multi-point",3,3,"one-point",1,"calibrated",3.240518482957273,0.027634690000429313,3,3,,,,"",
123456,"TwoPole",156,51,5,0.6,1,"PairwiseSupport","two-point",2,2,"one-point",1,"degenerate",,,,,1,3,1.3754797892453332,"SwitchDetected",3
123456,"TwoPole",157,51,5,0.6,1,"PairwiseSupport","two-point",2,2,"one-point",1,"degenerate",,,,,2,3,2.164221394142178,"SwitchDetected",3
123456,"TwoPole",158,51,5,0.6,1,"PairwiseSupport","two-point",2,2,"one-point",1,"degenerate",,,,,1,3,1.5421131533997388,"SwitchDetected",3
123456,"TwoPole",159,51,5,0.6,1,"PairwiseSupport","multi-point",3,3,"one-point",1,"calibrated",1.7073479195649424,0.00298001595677365,3,3,,,,"",
123456,"TwoPole",160,51,5,0.6,1,"PairwiseSupport","multi-point",3,3,"one-point",1,"calibrated",2.119974874371859,0.014551968516593046,3,3,,,,"",
123456,"TwoPole",161,51,5,0.6,1,"PairwiseSupport","multi-point",3,3,"one-point",1,"degenerate",,,,,1,3,1.5643943688868467,"SwitchDetected",3
123456,"TwoPole",162,51,5,0.6,1,"PairwiseSupport","multi-point",3,3,"one-point",1,"calibrated",2.087198515769944,0.0068724014627686006,3,3,,,,"",
123456,"TwoPole",163,51,5,0.6,1,"PairwiseSupport","two-point",2,2,"two-point",2,"degenerate",,,,,1,3,1.2267646441098412,"SwitchDetected",2
123456,"TwoPole",164,51,5,0.6,1,"PairwiseSupport","two-point",2,2,"one-point",1,"degenerate",,,,,2,3,2.350749333632725,"SwitchDetected",3
123456,"TwoPole",165,51,5,0.6,1,"PairwiseSupport","multi-point",3,3,"one-point",1,"calibrated",2.5510204081632653,0.007912560051712689,3,3,,,,"",
123456,"TwoPole",166,51,5,0.6,1,"PairwiseSupport","two-point",2,2,"one-point",1,"degenerate",,,,,2,3,1.4811898427659664,"SwitchDetected",3
123456,"TwoPole",167,51,5,0.6,1,"PairwiseSupport","multi-point",3,3,"one-point",1,"calibrated",2.795609857113274,0.029415110349211,3,3,,,,"",
123456,"TwoPole",168,51,5,0.6,1,"PairwiseSupport","multi-point",3,4,"one-point",1,"calibrated",2.071187480822338,0.007855721696217023,3,3,,,,"",
123456,"TwoPole",169,51,5,0.6,1,"PairwiseSupport","two-point",2,2,"two-point",2,"degenerate",,,,,1,3,1.114988269280828,"SwitchDetected",2
123456,"TwoPole",170,51,5,0.6,1,"PairwiseSupport","two-point",2,2,"one-point",1,"degenerate",,,,,2,3,1.7597572600459166,"SwitchDetected",3
123456,"TwoPole",171,51,5,0.6,1,"PairwiseSupport","multi-point",3,3,"one-point",1,"calibrated",3.458877786318216,0.014754912849437123,3,3,,,,"",
123456,"TwoPole",172,51,5,0.6,1,"PairwiseSupport","one-point",1,1,"one-point",1,"degenerate",,,,,1,3,1.158080783627124,"SwitchDetected",2
123456,"TwoPole",173,51,5,0.6,1,"PairwiseSupport","two-point",2,2,"one-point",1,"degenerate",,,,,2,3,3.543896382560846,"SwitchDetected",3
123456,"TwoPole",174,51,5,0.6,1,"PairwiseSupport","two-point",2,2,"one-point",1,"degenerate",,,,,2,3,2.383661212838949,"SwitchDetected",3
123456,"TwoPole",175,51,5,0.6,1,"PairwiseSupport","multi-point",3,3,"one-point",1,"calibrated",3.057065217391304,0.011306436413422313,3,3,,,,"",
123456,"TwoPole",176,51,5,0.6,1,"PairwiseSupport","multi-point",3,3,"one-point",1,"calibrated",3.2119914346895073,0.035029406459655875,3,3,,,,"",
123456,"TwoPole",177,51,5,0.6,1,"PairwiseSupport","two-point",2,2,"one-point",1,"degenerate",,,,,2,3,4.243778994019236,"SwitchDetected",3
123456,"TwoPole",178,51,5,0.6,1,"PairwiseSupport","multi-point",3,3,"two-point",2,"calibrated",2.7388922702373706,0.01938167281961055,3,3,,,,"",
123456,"TwoPole",179,51,5,0.6,1,"PairwiseSupport","multi-point",3,3,"one-point",1,"calibrated",2.824858757062147,0.015361560257602117,3,3,,,,"",
123456,"TwoPole",180,51,5,0.6,1,"PairwiseSupport","multi-point",3,3,"one-point",1,"degenerate",,,,,1,3,1.2588094669632621,"SwitchDetected",3
123456,"TwoPole",181,51,5,0.6,1,"PairwiseSupport","multi-point",3,3,"one-point",1,"calibrated",4.861361181130716,0.026915516439189744,3,3,,,,"",
123456,"TwoPole",182,51,5,0.6,1,"PairwiseSupport","multi-point",3,3,"two-point",2,"calibrated",3.813559322033898,0.02492340153204617,3,3,,,,"",
123456,"TwoPole",183,51,5,0.6,1,"PairwiseSupport","multi-point",3,3,"one-point",1,"calibrated",2.7669604427136707,0.021405008442073395,3,3,,,,"",
123456,"TwoPole",184,51,5,0.6,1,"PairwiseSupport","multi-point",3,3,"one-point",1,"calibrated",3.8681948424068757,0.04141211438708359,3,3,,,,"",
123456,"TwoPole",185,51,5,0.6,1,"PairwiseSupport","multi-point",3,3,"one-point",1,"calibrated",2.4807056229327453,0.001979021841242208,3,3,,,,"",
123456,"TwoPole",186,51,5,0.6,1,"PairwiseSupport","multi-point",3,3,"one-point",1,"calibrated",2.9807904614705234,0.017152252946970203,3,3,,,,"",
123456,"TwoPole",187,51,5,0.6,1,"PairwiseSupport","multi-point",3,3,"one-point",1,"calibrated",1.9200682690940125,0.003954579827544158,3,3,,,,"",
123456,"TwoPole",188,51,5,0.6,1,"PairwiseSupport","multi-point",3,3,"one-point",1,"calibrated",3.1645569620253164,0.039875899461900295,3,3,,,,"",
123456,"TwoPole",189,51,5,0.6,1,"PairwiseSupport","two-point",2,2,"one-point",1,"degenerate",,,,,2,3,1.826314014764117,"SwitchDetected",3
123456,"TwoPole",190,51,5,0.6,1,"PairwiseSupport","multi-point",3,3,"one-point",1,"calibrated",2.824858757062147,0.014484119533402964,3,3,,,,"",
123456,"TwoPole",191,51,5,0.6,1,"PairwiseSupport","multi-point",3,3,"one-point",1,"calibrated",5.592377796188898,0.051383844933887514,3,3,,,,"",
123456,"TwoPole",192,51,5,0.6,1,"PairwiseSupport","two-point",2,2,"two-point",2,"degenerate",,,,,1,3,1.0239035290893685,"SwitchDetected",2
123456,"TwoPole",193,51,5,0.6,1,"PairwiseSupport","multi-point",3,3,"one-point",1,"calibrated",3.5037633013236436,0.016166198014518567,3,3,,,,"",
123456,"TwoPole",194,51,5,0.6,1,"PairwiseSupport","multi-point",3,3,"one-point",1,"calibrated",3.0228392297357813,0.007880769044506897,3,3,,,,"",
123456,"TwoPole",195,51,5,0.6,1,"PairwiseSupport","multi-point",3,3,"two-point",2,"calibrated",3.9244186046511618,0.022614770159399125,3,3,,,,"",
123456,"TwoPole",196,51,5,0.6,1,"PairwiseSupport","multi-point",3,3,"one-point",1,"calibrated",2.366345311130587,0.01380896561120891,3,3,,,,"",
123456,"TwoPole",197,51,5,0.6,1,"PairwiseSupport","multi-point",3,3,"one-point",1,"degenerate",,,,,1,3,1.5448067259059441,"SwitchDetected",3
123456,"TwoPole",198,51,5,0.6,1,"PairwiseSupport","multi-point",3,3,"one-point",1,"calibrated",2.9163966299416724,0.007650447696450399,3,3,,,,"",
123456,"TwoPole",199,51,5,0.6,1,"PairwiseSupport","multi-point",3,3,"one-point",1,"degenerate",,,,,1,3,1.5638411370682797,"SwitchDetected",3
123456,"TwoPole",200,51,5,0.6,1,"PairwiseSupport","two-point",2,2,"one-point",1,"degenerate",,,,,1,3,1.3900781728074019,"SwitchDetected",3
123456,"TwoPole",1,51,5,0.6,2,"PairwiseSupport","two-point",2,2,"two-point",2,"degenerate",,,,,1,3,1.2798832606479058,"SwitchDetected",2
123456,"TwoPole",2,51,5,0.6,2,"PairwiseSupport","multi-point",3,3,"one-point",1,"calibrated",3.5498290823034444,0.0014047457248564515,3,3,,,,"",
123456,"TwoPole",3,51,5,0.6,2,"PairwiseSupport","two-point",2,2,"one-point",1,"degenerate",,,,,2,3,1.742097481539923,"SwitchDetected",3
123456,"TwoPole",4,51,5,0.6,2,"PairwiseSupport","multi-point",3,3,"one-point",1,"calibrated",3.2506621719239104,0.006629403719660492,3,3,,,,"",
123456,"TwoPole",5,51,5,0.6,2,"PairwiseSupport","two-point",2,2,"one-point",1,"degenerate",,,,,1,3,1.2452554278513417,"SwitchDetected",3
123456,"TwoPole",6,51,5,0.6,2,"PairwiseSupport","one-point",1,1,"one-point",1,"degenerate",,,,,3,3,,"NoSwitchDetected",
123456,"TwoPole",7,51,5,0.6,2,"PairwiseSupport","multi-point",3,3,"one-point",1,"calibrated",3.2506621719239104,0.010184631655780306,3,3,,,,"",
123456,"TwoPole",8,51,5,0.6,2,"PairwiseSupport","two-point",2,2,"one-point",1,"degenerate",,,,,2,3,1.4851301165787254,"SwitchDetected",3
123456,"TwoPole",9,51,5,0.6,2,"PairwiseSupport","two-point",2,2,"one-point",1,"degenerate",,,,,1,3,1.1849895299043687,"SwitchDetected",3
123456,"TwoPole",10,51,5,0.6,2,"PairwiseSupport","multi-point",3,3,"one-point",1,"calibrated",3.2798833819241984,0.001544780814238824,3,3,,,,"",
123456,"TwoPole",11,51,5,0.6,2,"PairwiseSupport","multi-point",3,3,"one-point",1,"calibrated",7.364975450081833,0.00727450293629231,3,3,,,,"",
123456,"TwoPole",12,51,5,0.6,2,"PairwiseSupport","multi-point",3,3,"one-point",1,"degenerate",,,,,1,3,1.4718875673383618,"SwitchDetected",3
123456,"TwoPole",13,51,5,0.6,2,"PairwiseSupport","multi-point",3,3,"one-point",1,"degenerate",,,,,1,3,1.5976059313460444,"SwitchDetected",3
123456,"TwoPole",14,51,5,0.6,2,"PairwiseSupport","two-point",2,2,"one-point",1,"degenerate",,,,,1,3,1.6685298957245194,"SwitchDetected",3
123456,"TwoPole",15,51,5,0.6,2,"PairwiseSupport","two-point",2,2,"one-point",1,"degenerate",,,,,2,3,8.825208726097497,"SwitchDetected",3
123456,"TwoPole",16,51,5,0.6,2,"PairwiseSupport","two-point",2,2,"one-point",1,"degenerate",,,,,1,3,1.8826433190091654,"SwitchDetected",3
123456,"TwoPole",17,51,5,0.6,2,"PairwiseSupport","multi-point",3,3,"one-point",1,"calibrated",6.097560975609756,0.005800011853460577,3,3,,,,"",
123456,"TwoPole",18,51,5,0.6,2,"PairwiseSupport","two-point",2,2,"one-point",1,"degenerate",,,,,2,3,1.9784888844342832,"SwitchDetected",3
123456,"TwoPole",19,51,5,0.6,2,"PairwiseSupport","two-point",2,2,"one-point",1,"degenerate",,,,,2,3,5.899690143837359,"SwitchDetected",3
123456,"TwoPole",20,51,5,0.6,2,"PairwiseSupport","multi-point",3,3,"one-point",1,"calibrated",3.9823008849557513,0.004391912616792313,3,3,,,,"",
123456,"TwoPole",21,51,5,0.6,2,"PairwiseSupport","one-point",1,1,"one-point",1,"degenerate",,,,,1,2,1.7546123633559745,"SwitchDetected",2
123456,"TwoPole",22,51,5,0.6,2,"PairwiseSupport","multi-point",3,3,"one-point",1,"degenerate",,,,,1,3,1.4331609600971302,"SwitchDetected",3
123456,"TwoPole",23,51,5,0.6,2,"PairwiseSupport","multi-point",3,3,"one-point",1,"calibrated",2.4807056229327453,0.003968235629143478,3,3,,,,"",
123456,"TwoPole",24,51,5,0.6,2,"PairwiseSupport","two-point",2,2,"one-point",1,"degenerate",,,,,1,2,1.0358514352333636,"SwitchDetected",2
123456,"TwoPole",25,51,5,0.6,2,"PairwiseSupport","one-point",1,1,"one-point",1,"degenerate",,,,,1,3,1.0227693208531423,"SwitchDetected",3
123456,"TwoPole",26,51,5,0.6,2,"PairwiseSupport","two-point",2,2,"one-point",1,"degenerate",,,,,1,2,1.688039763309708,"SwitchDetected",2
123456,"TwoPole",27,51,5,0.6,2,"PairwiseSupport","one-point",1,1,"one-point",1,"degenerate",,,,,1,3,1.120587077101746,"SwitchDetected",3
123456,"TwoPole",28,51,5,0.6,2,"PairwiseSupport","multi-point",3,3,"one-point",1,"calibrated",2.7669604427136707,0.011529919183500492,3,3,,,,"",
123456,"TwoPole",29,51,5,0.6,2,"PairwiseSupport","multi-point",3,3,"one-point",1,"calibrated",3.7087912087912085,0.01621787924312694,3,3,,,,"",
123456,"TwoPole",30,51,5,0.6,2,"PairwiseSupport","multi-point",3,3,"one-point",1,"calibrated",3.4151277510751323,0.018483274036655936,3,3,,,,"",
123456,"TwoPole",31,51,5,0.6,2,"PairwiseSupport","two-point",2,2,"one-point",1,"degenerate",,,,,1,3,2.248882096000939,"SwitchDetected",3
123456,"TwoPole",32,51,5,0.6,2,"PairwiseSupport","one-point",1,1,"one-point",1,"degenerate",,,,,1,3,1.0320977746336648,"SwitchDetected",3
123456,"TwoPole",33,51,5,0.6,2,"PairwiseSupport","two-point",2,2,"one-point",1,"degenerate",,,,,1,2,1.1833539569210478,"SwitchDetected",2
123456,"TwoPole",34,51,5,0.6,2,"PairwiseSupport","two-point",2,2,"two-point",2,"degenerate",,,,,1,2,1.2080415426492894,"SwitchDetected",2
123456,"TwoPole",35,51,5,0.6,2,"PairwiseSupport","multi-point",3,4,"one-point",1,"calibrated",4.692387904066736,0.007093138966589198,4,3,,,,"",
123456,"TwoPole",36,51,5,0.6,2,"PairwiseSupport","two-point",2,2,"two-point",2,"degenerate",,,,,1,2,1.1984096057094153,"SwitchDetected",2
123456,"TwoPole",37,51,5,0.6,2,"PairwiseSupport","one-point",1,1,"one-point",1,"degenerate",,,,,2,2,,"NoSwitchDetected",
123456,"TwoPole",38,51,5,0.6,2,"PairwiseSupport","multi-point",3,3,"two-point",2,"degenerate",,,,,1,3,1.4754933602123363,"SwitchDetected",2
123456,"TwoPole",39,51,5,0.6,2,"PairwiseSupport","two-point",2,2,"one-point",1,"degenerate",,,,,2,3,3.8298180696164805,"SwitchDetected",3
123456,"TwoPole",40,51,5,0.6,2,"PairwiseSupport","multi-point",3,3,"one-point",1,"degenerate",,,,,1,3,1.4506551256473728,"SwitchDetected",3
123456,"TwoPole",41,51,5,0.6,2,"PairwiseSupport","multi-point",3,3,"one-point",1,"calibrated",2.9246100519930676,0.008332939566690553,3,3,,,,"",
123456,"TwoPole",42,51,5,0.6,2,"PairwiseSupport","one-point",1,1,"one-point",1,"degenerate",,,,,1,3,1.299600874835086,"SwitchDetected",2
123456,"TwoPole",43,51,5,0.6,2,"PairwiseSupport","multi-point",3,4,"one-point",1,"calibrated",3.2020872865275143,0.0021438110842541686,3,3,,,,"",
123456,"TwoPole",44,51,5,0.6,2,"PairwiseSupport","two-point",2,2,"two-point",2,"degenerate",,,,,1,3,1.3870719291699307,"SwitchDetected",2
123456,"TwoPole",45,51,5,0.6,2,"PairwiseSupport","two-point",2,2,"one-point",1,"degenerate",,,,,1,2,1.3535537498350296,"SwitchDetected",2
123456,"TwoPole",46,51,5,0.6,2,"PairwiseSupport","two-point",2,2,"one-point",1,"degenerate",,,,,2,3,3.746147303340986,"SwitchDetected",3
123456,"TwoPole",47,51,5,0.6,2,"PairwiseSupport","one-point",1,1,"one-point",1,"degenerate",,,,,2,2,,"NoSwitchDetected",
123456,"TwoPole",48,51,5,0.6,2,"PairwiseSupport","multi-point",3,3,"one-point",1,"calibrated",6.238447319778189,0.00147859106686418,3,3,,,,"",
123456,"TwoPole",49,51,5,0.6,2,"PairwiseSupport","multi-point",3,3,"one-point",1,"calibrated",2.458120903131828,0.0029833779143132455,3,3,,,,"",
123456,"TwoPole",50,51,5,0.6,2,"PairwiseSupport","multi-point",3,3,"multi-point",3,"degenerate",,,,,3,3,,"NoSwitchDetected",
123456,"TwoPole",51,51,5,0.6,2,"PairwiseSupport","multi-point",3,3,"one-point",1,"calibrated",2.3457862728062553,0.00032759804232688995,3,3,,,,"",
123456,"TwoPole",52,51,5,0.6,2,"PairwiseSupport","multi-point",3,3,"one-point",1,"calibrated",5.9628975265017665,0.009446855137253891,3,3,,,,"",
123456,"TwoPole",53,51,5,0.6,2,"PairwiseSupport","two-point",2,2,"one-point",1,"degenerate",,,,,1,2,1.6124298024935877,"SwitchDetected",2
123456,"TwoPole",54,51,5,0.6,2,"PairwiseSupport","one-point",1,1,"one-point",1,"degenerate",,,,,1,3,1.09216818950158,"SwitchDetected",3
123456,"TwoPole",55,51,5,0.6,2,"PairwiseSupport","multi-point",3,3,"one-point",1,"calibrated",2.795609857113274,0.004282893650681561,3,3,,,,"",
123456,"TwoPole",56,51,5,0.6,2,"PairwiseSupport","multi-point",3,3,"one-point",1,"degenerate",,,,,1,4,1.93577753209041,"SwitchDetected",4
123456,"TwoPole",57,51,5,0.6,2,"PairwiseSupport","two-point",2,2,"one-point",1,"degenerate",,,,,2,3,1.8062513229379804,"SwitchDetected",3
123456,"TwoPole",58,51,5,0.6,2,"PairwiseSupport","two-point",2,2,"one-point",1,"degenerate",,,,,1,3,1.068942693410677,"SwitchDetected",3
123456,"TwoPole",59,51,5,0.6,2,"PairwiseSupport","multi-point",3,3,"one-point",1,"calibrated",3.5037633013236436,0.013954678428225798,3,3,,,,"",
123456,"TwoPole",60,51,5,0.6,2,"PairwiseSupport","two-point",2,2,"one-point",1,"degenerate",,,,,1,3,1.700888518042224,"SwitchDetected",3
123456,"TwoPole",61,51,5,0.6,2,"PairwiseSupport","multi-point",3,3,"two-point",2,"calibrated",2.5510204081632653,0.013276813529927935,3,3,,,,"",
123456,"TwoPole",62,51,5,0.6,2,"PairwiseSupport","two-point",2,2,"one-point",1,"degenerate",,,,,1,3,1.1240726777752086,"SwitchDetected",3
123456,"TwoPole",63,51,5,0.6,2,"PairwiseSupport","two-point",2,2,"one-point",1,"degenerate",,,,,1,3,1.1959361965411357,"SwitchDetected",3
123456,"TwoPole",64,51,5,0.6,2,"PairwiseSupport","multi-point",3,3,"one-point",1,"calibrated",3.9244186046511618,0.013622515388711872,3,3,,,,"",
123456,"TwoPole",65,51,5,0.6,2,"PairwiseSupport","two-point",2,2,"one-point",1,"degenerate",,,,,2,3,4.166751439441721,"SwitchDetected",3
123456,"TwoPole",66,51,5,0.6,2,"PairwiseSupport","multi-point",3,3,"one-point",1,"calibrated",5.9628975265017665,0.016792850594505304,3,4,,,,"",
123456,"TwoPole",67,51,5,0.6,2,"PairwiseSupport","multi-point",3,3,"one-point",1,"calibrated",2.6844303042354345,0.011154529739125814,3,3,,,,"",
123456,"TwoPole",68,51,5,0.6,2,"PairwiseSupport","two-point",2,2,"one-point",1,"degenerate",,,,,1,3,1.4410759869851064,"SwitchDetected",3
123456,"TwoPole",69,51,5,0.6,2,"PairwiseSupport","multi-point",3,3,"one-point",1,"calibrated",5.710659898477157,0.02805833986664731,3,3,,,,"",
123456,"TwoPole",70,51,5,0.6,2,"PairwiseSupport","two-point",2,2,"one-point",1,"degenerate",,,,,2,3,1.3785716419298153,"SwitchDetected",3
123456,"TwoPole",71,51,5,0.6,2,"PairwiseSupport","multi-point",3,3,"one-point",1,"degenerate",,,,,1,3,1.7680149435247425,"SwitchDetected",3
123456,"TwoPole",72,51,5,0.6,2,"PairwiseSupport","multi-point",3,3,"one-point",1,"calibrated",3.3202164289227745,0.012741195619090265,3,3,,,,"",
123456,"TwoPole",73,51,5,0.6,2,"PairwiseSupport","multi-point",3,3,"one-point",1,"calibrated",1.1741172377804836,0.0011602034649144252,3,3,,,,"",
123456,"TwoPole",74,51,5,0.6,2,"PairwiseSupport","multi-point",3,4,"one-point",1,"calibrated",3.9543057996485063,0.007924846061100985,3,3,,,,"",
123456,"TwoPole",75,51,5,0.6,2,"PairwiseSupport","two-point",2,2,"one-point",1,"degenerate",,,,,1,3,1.4272572686979064,"SwitchDetected",3
123456,"TwoPole",76,51,5,0.6,2,"PairwiseSupport","multi-point",3,3,"one-point",1,"calibrated",2.7669604427136707,0.004501909613540603,3,3,,,,"",
123456,"TwoPole",77,51,5,0.6,2,"PairwiseSupport","two-point",2,2,"two-point",2,"degenerate",,,,,1,2,1.3730409559495964,"SwitchDetected",2
123456,"TwoPole",78,51,5,0.6,2,"PairwiseSupport","two-point",2,2,"one-point",1,"degenerate",,,,,1,3,2.0713067317152722,"SwitchDetected",3
123456,"TwoPole",79,51,5,0.6,2,"PairwiseSupport","multi-point",3,3,"one-point",1,"calibrated",3.4151277510751323,0.010696157059064682,3,3,,,,"",
123456,"TwoPole",80,51,5,0.6,2,"PairwiseSupport","multi-point",3,3,"one-point",1,"calibrated",2.8932704672096015,0.002492427560257665,3,3,,,,"",
123456,"TwoPole",81,51,5,0.6,2,"PairwiseSupport","two-point",2,2,"one-point",1,"degenerate",,,,,1,3,2.2975562521955033,"SwitchDetected",3
123456,"TwoPole",82,51,5,0.6,2,"PairwiseSupport","one-point",1,1,"one-point",1,"degenerate",,,,,1,2,1.237078218166415,"SwitchDetected",2
123456,"TwoPole",83,51,5,0.6,2,"PairwiseSupport","two-point",2,2,"two-point",2,"degenerate",,,,,2,2,,"NoSwitchDetected",
123456,"TwoPole",84,51,5,0.6,2,"PairwiseSupport","multi-point",3,3,"one-point",1,"calibrated",3.1278962001853565,0.03566336646768045,3,3,,,,"",
123456,"TwoPole",85,51,5,0.6,2,"PairwiseSupport","two-point",2,2,"one-point",1,"degenerate",,,,,1,3,1.711560213433147,"SwitchDetected",3
123456,"TwoPole",86,51,5,0.6,2,"PairwiseSupport","multi-point",3,3,"one-point",1,"calibrated",4.775380261761585,0.009916401819401484,3,3,,,,"",
123456,"TwoPole",87,51,5,0.6,2,"PairwiseSupport","multi-point",3,3,"one-point",1,"degenerate",,,,,1,3,1.6080938630568309,"SwitchDetected",3
123456,"TwoPole",88,51,5,0.6,2,"PairwiseSupport","multi-point",3,4,"one-point",1,"calibrated",10.416666666666666,0.0033784894825487897,4,3,,,,"",
123456,"TwoPole",89,51,5,0.6,2,"PairwiseSupport","two-point",2,2,"one-point",1,"degenerate",,,,,2,3,3.1659842203203477,"SwitchDetected",3
123456,"TwoPole",90,51,5,0.6,2,"PairwiseSupport","multi-point",3,3,"one-point",1,"degenerate",,,,,1,3,2.823078980820932,"SwitchDetected",2
123456,"TwoPole",91,51,5,0.6,2,"PairwiseSupport","multi-point",3,3,"one-point",1,"degenerate",,,,,1,3,1.6261611049836169,"SwitchDetected",3
123456,"TwoPole",92,51,5,0.6,2,"PairwiseSupport","multi-point",3,3,"one-point",1,"degenerate",,,,,1,3,2.383897921910029,"SwitchDetected",3
123456,"TwoPole",93,51,5,0.6,2,"PairwiseSupport","two-point",2,2,"one-point",1,"degenerate",,,,,2,3,5.130393054054035,"SwitchDetected",3
123456,"TwoPole",94,51,5,0.6,2,"PairwiseSupport","two-point",2,2,"one-point",1,"degenerate",,,,,1,2,1.1423977453263248,"SwitchDetected",2
123456,"TwoPole",95,51,5,0.6,2,"PairwiseSupport","one-point",1,1,"one-point",1,"degenerate",,,,,2,2,,"NoSwitchDetected",
123456,"TwoPole",96,51,5,0.6,2,"PairwiseSupport","multi-point",3,3,"one-point",1,"calibrated",3.3724706470147385,0.004955945004589902,3,3,,,,"",
123456,"TwoPole",97,51,5,0.6,2,"PairwiseSupport","multi-point",3,3,"one-point",1,"calibrated",2.371749824314828,0.0023243407229830006,3,3,,,,"",
123456,"TwoPole",98,51,5,0.6,2,"PairwiseSupport","multi-point",3,3,"one-point",1,"calibrated",2.9482419742301818,0.007131473072647414,3,3,,,,"",
123456,"TwoPole",99,51,5,0.6,2,"PairwiseSupport","multi-point",3,3,"one-point",1,"calibrated",4.3172369683402625,0.006293763298249085,3,3,,,,"",
123456,"TwoPole",100,51,5,0.6,2,"PairwiseSupport","two-point",2,2,"one-point",1,"degenerate",,,,,1,3,1.349184994351976,"SwitchDetected",3
123456,"TwoPole",101,51,5,0.6,2,"PairwiseSupport","multi-point",3,3,"one-point",1,"calibrated",5.592377796188898,0.02146085474360636,3,3,,,,"",
123456,"TwoPole",102,51,5,0.6,2,"PairwiseSupport","multi-point",3,3,"one-point",1,"calibrated",5.138941758660068,0.0001869022434110401,3,3,,,,"",
123456,"TwoPole",103,51,5,0.6,2,"PairwiseSupport","two-point",2,2,"two-point",2,"degenerate",,,,,1,3,1.0448491484693079,"SwitchDetected",2
123456,"TwoPole",104,51,5,0.6,2,"PairwiseSupport","multi-point",3,3,"one-point",1,"degenerate",,,,,1,3,1.2914110798167953,"SwitchDetected",3
123456,"TwoPole",105,51,5,0.6,2,"PairwiseSupport","multi-point",3,4,"one-point",1,"calibrated",5.592377796188898,0.02479936766469651,4,3,,,,"",
123456,"TwoPole",106,51,5,0.6,2,"PairwiseSupport","multi-point",3,4,"one-point",1,"degenerate",,,,,1,3,1.7063289557275123,"SwitchDetected",3
123456,"TwoPole",107,51,5,0.6,2,"PairwiseSupport","two-point",2,2,"one-point",1,"degenerate",,,,,2,3,3.3044449867592287,"SwitchDetected",3
123456,"TwoPole",108,51,5,0.6,2,"PairwiseSupport","two-point",2,2,"two-point",2,"degenerate",,,,,2,2,,"NoSwitchDetected",
123456,"TwoPole",109,51,5,0.6,2,"PairwiseSupport","multi-point",3,3,"one-point",1,"calibrated",5.342303126236644,0.005802332584241192,3,3,,,,"",
123456,"TwoPole",110,51,5,0.6,2,"PairwiseSupport","two-point",2,2,"one-point",1,"degenerate",,,,,1,3,1.2998220321183136,"SwitchDetected",3
123456,"TwoPole",111,51,5,0.6,2,"PairwiseSupport","two-point",2,2,"one-point",1,"degenerate",,,,,1,2,1.1274135976718194,"SwitchDetected",2
123456,"TwoPole",112,51,5,0.6,2,"PairwiseSupport","one-point",1,1,"one-point",1,"degenerate",,,,,2,2,,"NoSwitchDetected",
123456,"TwoPole",113,51,5,0.6,2,"PairwiseSupport","one-point",1,1,"one-point",1,"degenerate",,,,,2,2,,"NoSwitchDetected",
123456,"TwoPole",114,51,5,0.6,2,"PairwiseSupport","multi-point",3,3,"one-point",1,"calibrated",4.249291784702549,0.01115838898029903,3,3,,,,"",
123456,"TwoPole",115,51,5,0.6,2,"PairwiseSupport","two-point",2,2,"one-point",1,"degenerate",,,,,1,2,1.1929137978894293,"SwitchDetected",2
123456,"TwoPole",116,51,5,0.6,2,"PairwiseSupport","multi-point",3,3,"one-point",1,"calibrated",3.1645569620253164,0.006976108461172235,3,3,,,,"",
123456,"TwoPole",117,51,5,0.6,2,"PairwiseSupport","two-point",2,2,"one-point",1,"degenerate",,,,,1,2,1.9524437424142305,"SwitchDetected",2
123456,"TwoPole",118,51,5,0.6,2,"PairwiseSupport","two-point",2,2,"one-point",1,"degenerate",,,,,1,2,1.1730364848426702,"SwitchDetected",2
123456,"TwoPole",119,51,5,0.6,2,"PairwiseSupport","multi-point",3,3,"one-point",1,"calibrated",4.103343465045592,0.013805149567629973,3,3,,,,"",
123456,"TwoPole",120,51,5,0.6,2,"PairwiseSupport","two-point",2,2,"one-point",1,"degenerate",,,,,2,3,2.664398632023847,"SwitchDetected",3
123456,"TwoPole",121,51,5,0.6,2,"PairwiseSupport","two-point",2,2,"one-point",1,"degenerate",,,,,1,3,2.041710892416703,"SwitchDetected",3
123456,"TwoPole",122,51,5,0.6,2,"PairwiseSupport","one-point",1,1,"one-point",1,"degenerate",,,,,2,2,,"NoSwitchDetected",
123456,"TwoPole",123,51,5,0.6,2,"PairwiseSupport","multi-point",3,3,"one-point",1,"calibrated",2.1034590215020255,0.0027992788283467684,3,3,,,,"",
123456,"TwoPole",124,51,5,0.6,2,"PairwiseSupport","one-point",1,1,"one-point",1,"degenerate",,,,,2,2,,"NoSwitchDetected",
123456,"TwoPole",125,51,5,0.6,2,"PairwiseSupport","multi-point",3,3,"one-point",1,"degenerate",,,,,1,3,1.8703847565468894,"SwitchDetected",3
123456,"TwoPole",126,51,5,0.6,2,"PairwiseSupport","one-point",1,1,"one-point",1,"degenerate",,,,,2,2,,"NoSwitchDetected",
123456,"TwoPole",127,51,5,0.6,2,"PairwiseSupport","two-point",2,2,"one-point",1,"degenerate",,,,,2,3,1.7790774347688347,"SwitchDetected",3
123456,"TwoPole",128,51,5,0.6,2,"PairwiseSupport","two-point",2,2,"one-point",1,"degenerate",,,,,1,3,1.3622331177960825,"SwitchDetected",3
123456,"TwoPole",129,51,5,0.6,2,"PairwiseSupport","two-point",2,2,"one-point",1,"degenerate",,,,,2,3,2.5940653472040256,"SwitchDetected",3
123456,"TwoPole",130,51,5,0.6,2,"PairwiseSupport","two-point",2,2,"one-point",1,"degenerate",,,,,2,3,6.541354584218344,"SwitchDetected",3
123456,"TwoPole",131,51,5,0.6,2,"PairwiseSupport","multi-point",3,3,"one-point",1,"calibrated",1.9477708844322608,0.0002754824233545394,3,3,,,,"",
123456,"TwoPole",132,51,5,0.6,2,"PairwiseSupport","two-point",2,2,"one-point",1,"degenerate",,,,,2,3,3.2129585143204533,"SwitchDetected",3
123456,"TwoPole",133,51,5,0.6,2,"PairwiseSupport","multi-point",3,3,"one-point",1,"degenerate",,,,,1,3,1.7343122360100025,"SwitchDetected",3
123456,"TwoPole",134,51,5,0.6,2,"PairwiseSupport","multi-point",3,3,"one-point",1,"calibrated",3.372470647014739,0.005738903367544692,3,3,,,,"",
123456,"TwoPole",135,51,5,0.6,2,"PairwiseSupport","one-point",1,1,"one-point",1,"degenerate",,,,,3,3,,"NoSwitchDetected",
123456,"TwoPole",136,51,5,0.6,2,"PairwiseSupport","two-point",2,2,"two-point",2,"degenerate",,,,,2,2,,"NoSwitchDetected",
123456,"TwoPole",137,51,5,0.6,2,"PairwiseSupport","two-point",2,2,"one-point",1,"degenerate",,,,,2,3,3.6064929640478836,"SwitchDetected",3
123456,"TwoPole",138,51,5,0.6,2,"PairwiseSupport","two-point",2,2,"one-point",1,"degenerate",,,,,1,3,3.9307818678771227,"SwitchDetected",3
123456,"TwoPole",139,51,5,0.6,2,"PairwiseSupport","two-point",2,2,"one-point",1,"degenerate",,,,,1,2,1.3335104944565592,"SwitchDetected",2
123456,"TwoPole",140,51,5,0.6,2,"PairwiseSupport","two-point",2,2,"one-point",1,"degenerate",,,,,1,3,2.7727242726760415,"SwitchDetected",3
123456,"TwoPole",141,51,5,0.6,2,"PairwiseSupport","multi-point",3,3,"one-point",1,"calibrated",4.861361181130716,0.005426990061052005,3,3,,,,"",
123456,"TwoPole",142,51,5,0.6,2,"PairwiseSupport","two-point",2,2,"one-point",1,"degenerate",,,,,1,3,1.0591664785187314,"SwitchDetected",3
123456,"TwoPole",143,51,5,0.6,2,"PairwiseSupport","two-point",2,2,"one-point",1,"degenerate",,,,,1,3,2.1391233106536736,"SwitchDetected",3
123456,"TwoPole",144,51,5,0.6,2,"PairwiseSupport","two-point",2,2,"one-point",1,"degenerate",,,,,2,3,1.6636403352564268,"SwitchDetected",3
123456,"TwoPole",145,51,5,0.6,2,"PairwiseSupport","multi-point",3,3,"one-point",1,"calibrated",4.612230953194397,0.006438862178292735,3,3,,,,"",
123456,"TwoPole",146,51,5,0.6,2,"PairwiseSupport","two-point",2,2,"one-point",1,"degenerate",,,,,2,3,3.8640757579598985,"SwitchDetected",3
123456,"TwoPole",147,51,5,0.6,2,"PairwiseSupport","multi-point",3,3,"one-point",1,"calibrated",5.450141299959628,0.0030121318914318324,3,3,,,,"",
123456,"TwoPole",148,51,5,0.6,2,"PairwiseSupport","two-point",2,2,"one-point",1,"degenerate",,,,,2,3,1.2895380480231713,"SwitchDetected",3
123456,"TwoPole",149,51,5,0.6,2,"PairwiseSupport","two-point",2,2,"one-point",1,"degenerate",,,,,1,3,1.068385403862594,"SwitchDetected",3
123456,"TwoPole",150,51,5,0.6,2,"PairwiseSupport","multi-point",3,3,"one-point",1,"degenerate",,,,,1,3,1.2556771413725079,"SwitchDetected",3
123456,"TwoPole",151,51,5,0.6,2,"PairwiseSupport","two-point",2,2,"one-point",1,"degenerate",,,,,2,3,2.9012094275140337,"SwitchDetected",3
123456,"TwoPole",152,51,5,0.6,2,"PairwiseSupport","two-point",2,2,"one-point",1,"degenerate",,,,,1,3,1.4201527071552633,"SwitchDetected",3
123456,"TwoPole",153,51,5,0.6,2,"PairwiseSupport","two-point",2,2,"one-point",1,"degenerate",,,,,2,2,2.4126830791160963,"SwitchDetected",3
123456,"TwoPole",154,51,5,0.6,2,"PairwiseSupport","multi-point",3,3,"one-point",1,"degenerate",,,,,1,3,1.413284912683249,"SwitchDetected",3
123456,"TwoPole",155,51,5,0.6,2,"PairwiseSupport","multi-point",3,3,"one-point",1,"calibrated",8.057296329453894,0.0064242966510587715,3,3,,,,"",
123456,"TwoPole",156,51,5,0.6,2,"PairwiseSupport","two-point",2,2,"one-point",1,"degenerate",,,,,1,3,1.6294725273905588,"SwitchDetected",3
123456,"TwoPole",157,51,5,0.6,2,"PairwiseSupport","two-point",2,2,"two-point",2,"degenerate",,,,,1,3,1.0574335711601517,"SwitchDetected",3
123456,"TwoPole",158,51,5,0.6,2,"PairwiseSupport","two-point",2,2,"two-point",2,"degenerate",,,,,1,3,1.0592866592692027,"SwitchDetected",3
123456,"TwoPole",159,51,5,0.6,2,"PairwiseSupport","multi-point",3,3,"one-point",1,"calibrated",2.2481265611990007,0.006036689475384507,3,3,,,,"",
123456,"TwoPole",160,51,5,0.6,2,"PairwiseSupport","two-point",2,2,"one-point",1,"degenerate",,,,,1,3,1.6228474415439635,"SwitchDetected",3
123456,"TwoPole",161,51,5,0.6,2,"PairwiseSupport","two-point",2,2,"one-point",1,"degenerate",,,,,1,3,1.7970759674269015,"SwitchDetected",3
123456,"TwoPole",162,51,5,0.6,2,"PairwiseSupport","multi-point",3,3,"one-point",1,"calibrated",3.1278962001853565,0.012016738888513652,3,3,,,,"",
123456,"TwoPole",163,51,5,0.6,2,"PairwiseSupport","multi-point",3,3,"one-point",1,"calibrated",5.342303126236644,0.0033377070878986576,3,3,,,,"",
123456,"TwoPole",164,51,5,0.6,2,"PairwiseSupport","two-point",2,2,"one-point",1,"degenerate",,,,,2,3,3.6128511567728014,"SwitchDetected",3
123456,"TwoPole",165,51,5,0.6,2,"PairwiseSupport","two-point",2,2,"one-point",1,"degenerate",,,,,1,2,1.4273057600115688,"SwitchDetected",2
123456,"TwoPole",166,51,5,0.6,2,"PairwiseSupport","two-point",2,2,"one-point",1,"degenerate",,,,,1,3,2.4630408572536737,"SwitchDetected",3
123456,"TwoPole",167,51,5,0.6,2,"PairwiseSupport","multi-point",3,3,"two-point",2,"calibrated",8.982035928143713,0.011721144059918785,3,3,,,,"",
123456,"TwoPole",168,51,5,0.6,2,"PairwiseSupport","two-point",2,2,"one-point",1,"degenerate",,,,,1,3,1.2410250272875527,"SwitchDetected",3
123456,"TwoPole",169,51,5,0.6,2,"PairwiseSupport","two-point",2,2,"one-point",1,"degenerate",,,,,1,3,1.0942662558715626,"SwitchDetected",3
123456,"TwoPole",170,51,5,0.6,2,"PairwiseSupport","two-point",2,2,"two-point",2,"degenerate",,,,,3,3,,"NoSwitchDetected",
123456,"TwoPole",171,51,5,0.6,2,"PairwiseSupport","two-point",2,2,"one-point",1,"degenerate",,,,,1,3,1.690298066690636,"SwitchDetected",3
123456,"TwoPole",172,51,5,0.6,2,"PairwiseSupport","two-point",2,2,"one-point",1,"degenerate",,,,,2,3,2.867152691980583,"SwitchDetected",3
123456,"TwoPole",173,51,5,0.6,2,"PairwiseSupport","two-point",2,2,"one-point",1,"degenerate",,,,,1,3,1.0627905256998889,"SwitchDetected",3
123456,"TwoPole",174,51,5,0.6,2,"PairwiseSupport","two-point",2,2,"one-point",1,"degenerate",,,,,2,3,4.947618030238632,"SwitchDetected",3
123456,"TwoPole",175,51,5,0.6,2,"PairwiseSupport","multi-point",3,3,"one-point",1,"calibrated",3.7087912087912085,0.007090741468710263,3,3,,,,"",
123456,"TwoPole",176,51,5,0.6,2,"PairwiseSupport","two-point",2,2,"one-point",1,"degenerate",,,,,2,3,2.8968582154635545,"SwitchDetected",3
123456,"TwoPole",177,51,5,0.6,2,"PairwiseSupport","two-point",2,2,"one-point",1,"degenerate",,,,,1,3,1.1958510886576803,"SwitchDetected",3
123456,"TwoPole",178,51,5,0.6,2,"PairwiseSupport","multi-point",3,3,"one-point",1,"calibrated",6.2183325656379544,0.036256522535684725,3,3,,,,"",
123456,"TwoPole",179,51,5,0.6,2,"PairwiseSupport","two-point",2,2,"two-point",2,"degenerate",,,,,3,3,,"NoSwitchDetected",
123456,"TwoPole",180,51,5,0.6,2,"PairwiseSupport","multi-point",3,3,"one-point",1,"calibrated",2.632092025736011,0.012948754540683975,3,3,,,,"",
123456,"TwoPole",181,51,5,0.6,2,"PairwiseSupport","two-point",2,2,"one-point",1,"degenerate",,,,,2,3,2.162884303379375,"SwitchDetected",3
123456,"TwoPole",182,51,5,0.6,2,"PairwiseSupport","multi-point",3,3,"one-point",1,"degenerate",,,,,1,3,1.1670567184294025,"SwitchDetected",3
123456,"TwoPole",183,51,5,0.6,2,"PairwiseSupport","two-point",2,2,"one-point",1,"degenerate",,,,,1,3,1.697366512649442,"SwitchDetected",3
123456,"TwoPole",184,51,5,0.6,2,"PairwiseSupport","two-point",2,2,"one-point",1,"degenerate",,,,,1,3,1.9278934434090205,"SwitchDetected",3
123456,"TwoPole",185,51,5,0.6,2,"PairwiseSupport","multi-point",3,3,"one-point",1,"degenerate",,,,,1,3,1.3300274768707419,"SwitchDetected",3
123456,"TwoPole",186,51,5,0.6,2,"PairwiseSupport","one-point",1,1,"one-point",1,"degenerate",,,,,2,2,,"NoSwitchDetected",
123456,"TwoPole",187,51,5,0.6,2,"PairwiseSupport","two-point",2,2,"one-point",1,"degenerate",,,,,1,3,1.5813092031828866,"SwitchDetected",3
123456,"TwoPole",188,51,5,0.6,2,"PairwiseSupport","two-point",2,2,"one-point",1,"degenerate",,,,,1,3,1.6909614221043356,"SwitchDetected",3
123456,"TwoPole",189,51,5,0.6,2,"PairwiseSupport","two-point",2,2,"one-point",1,"degenerate",,,,,1,3,1.2513012112051947,"SwitchDetected",3
123456,"TwoPole",190,51,5,0.6,2,"PairwiseSupport","multi-point",3,3,"one-point",1,"calibrated",4.166666666666666,0.0029795144958953282,3,3,,,,"",
123456,"TwoPole",191,51,5,0.6,2,"PairwiseSupport","multi-point",3,3,"one-point",1,"degenerate",,,,,1,3,2.0163545751644043,"SwitchDetected",3
123456,"TwoPole",192,51,5,0.6,2,"PairwiseSupport","two-point",2,2,"one-point",1,"degenerate",,,,,1,3,1.439027426849183,"SwitchDetected",3
123456,"TwoPole",193,51,5,0.6,2,"PairwiseSupport","multi-point",3,3,"one-point",1,"calibrated",1.2709470909433254,0.0003303608333088959,3,3,,,,"",
123456,"TwoPole",194,51,5,0.6,2,"PairwiseSupport","one-point",1,1,"one-point",1,"degenerate",,,,,1,2,1.000005950963148,"SwitchDetected",2
123456,"TwoPole",195,51,5,0.6,2,"PairwiseSupport","multi-point",3,3,"one-point",1,"calibrated",3.2902754082378745,0.011671489421624605,3,3,,,,"",
123456,"TwoPole",196,51,5,0.6,2,"PairwiseSupport","two-point",2,2,"one-point",1,"degenerate",,,,,1,3,1.894401346800958,"SwitchDetected",3
123456,"TwoPole",197,51,5,0.6,2,"PairwiseSupport","multi-point",3,3,"one-point",1,"calibrated",2.8325639949643304,0.019718171268901394,3,3,,,,"",
123456,"TwoPole",198,51,5,0.6,2,"PairwiseSupport","two-point",2,2,"two-point",2,"degenerate",,,,,3,3,,"NoSwitchDetected",
123456,"TwoPole",199,51,5,0.6,2,"PairwiseSupport","multi-point",3,3,"one-point",1,"calibrated",2.7388922702373706,0.004067790525158173,3,3,,,,"",
123456,"TwoPole",200,51,5,0.6,2,"PairwiseSupport","one-point",1,1,"one-point",1,"degenerate",,,,,3,3,,"NoSwitchDetected",
123456,"TwoPole",1,51,5,0.6,3,"PairwiseSupport","two-point",2,2,"one-point",1,"degenerate",,,,,1,1,2.4481848929479457,"SwitchDetected",2
123456,"TwoPole",2,51,5,0.6,3,"PairwiseSupport","two-point",2,2,"one-point",1,"degenerate",,,,,1,2,1.255789747194133,"SwitchDetected",2
123456,"TwoPole",3,51,5,0.6,3,"PairwiseSupport","multi-point",3,3,"one-point",1,"calibrated",7.246376811594202,0.008485440302006542,3,3,,,,"",
123456,"TwoPole",4,51,5,0.6,3,"PairwiseSupport","multi-point",3,3,"one-point",1,"calibrated",6.097560975609756,0.005268263134864183,3,2,,,,"",
123456,"TwoPole",5,51,5,0.6,3,"PairwiseSupport","two-point",2,2,"one-point",1,"degenerate",,,,,2,3,6.316613302130664,"SwitchDetected",3
123456,"TwoPole",6,51,5,0.6,3,"PairwiseSupport","one-point",1,1,"one-point",1,"degenerate",,,,,2,2,,"NoSwitchDetected",
123456,"TwoPole",7,51,5,0.6,3,"PairwiseSupport","multi-point",3,3,"one-point",1,"calibrated",5.834053586862576,0.012110775746762016,3,3,,,,"",
123456,"TwoPole",8,51,5,0.6,3,"PairwiseSupport","two-point",2,2,"one-point",1,"degenerate",,,,,1,2,2.5352810101510275,"SwitchDetected",2
123456,"TwoPole",9,51,5,0.6,3,"PairwiseSupport","one-point",1,1,"one-point",1,"degenerate",,,,,1,1,,"NoSwitchDetected",
123456,"TwoPole",10,51,5,0.6,3,"PairwiseSupport","one-point",1,1,"one-point",1,"degenerate",,,,,3,3,,"NoSwitchDetected",
123456,"TwoPole",11,51,5,0.6,3,"PairwiseSupport","two-point",2,2,"one-point",1,"degenerate",,,,,1,3,1.9328829289830096,"SwitchDetected",3
123456,"TwoPole",12,51,5,0.6,3,"PairwiseSupport","two-point",2,2,"one-point",1,"degenerate",,,,,1,3,2.1929447383681344,"SwitchDetected",3
123456,"TwoPole",13,51,5,0.6,3,"PairwiseSupport","multi-point",3,3,"two-point",2,"calibrated",6.097560975609756,0.020918613402153022,3,3,,,,"",
123456,"TwoPole",14,51,5,0.6,3,"PairwiseSupport","two-point",2,2,"one-point",1,"degenerate",,,,,1,2,1.2218408526933784,"SwitchDetected",2
123456,"TwoPole",15,51,5,0.6,3,"PairwiseSupport","two-point",2,2,"one-point",1,"degenerate",,,,,1,3,4.301682248143581,"SwitchDetected",3
123456,"TwoPole",16,51,5,0.6,3,"PairwiseSupport","one-point",1,1,"one-point",1,"degenerate",,,,,2,2,,"NoSwitchDetected",
123456,"TwoPole",17,51,5,0.6,3,"PairwiseSupport","two-point",2,2,"one-point",1,"degenerate",,,,,1,3,2.1740493427196252,"SwitchDetected",3
123456,"TwoPole",18,51,5,0.6,3,"PairwiseSupport","two-point",2,2,"two-point",2,"degenerate",,,,,2,2,,"NoSwitchDetected",
123456,"TwoPole",19,51,5,0.6,3,"PairwiseSupport","two-point",2,2,"one-point",1,"degenerate",,,,,1,3,1.6758682238139195,"SwitchDetected",3
123456,"TwoPole",20,51,5,0.6,3,"PairwiseSupport","two-point",2,2,"one-point",1,"degenerate",,,,,2,3,2.372722668125482,"SwitchDetected",3
123456,"TwoPole",21,51,5,0.6,3,"PairwiseSupport","multi-point",3,3,"two-point",2,"calibrated",1.838235294117647,0.007974892313184767,3,3,,,,"",
123456,"TwoPole",22,51,5,0.6,3,"PairwiseSupport","multi-point",3,3,"one-point",1,"calibrated",5.710659898477157,0.004160430351869929,3,3,,,,"",
123456,"TwoPole",23,51,5,0.6,3,"PairwiseSupport","two-point",2,2,"one-point",1,"degenerate",,,,,1,2,1.5435012957111174,"SwitchDetected",2
123456,"TwoPole",24,51,5,0.6,3,"PairwiseSupport","multi-point",3,4,"one-point",1,"degenerate",,,,,1,3,2.4988246723857688,"SwitchDetected",3
123456,"TwoPole",25,51,5,0.6,3,"PairwiseSupport","one-point",1,1,"one-point",1,"degenerate",,,,,1,1,,"NoSwitchDetected",
123456,"TwoPole",26,51,5,0.6,3,"PairwiseSupport","multi-point",3,3,"two-point",2,"calibrated",2.8932704672096015,0.014464986845186278,3,3,,,,"",
123456,"TwoPole",27,51,5,0.6,3,"PairwiseSupport","two-point",2,2,"one-point",1,"degenerate",,,,,1,3,2.609858491956096,"SwitchDetected",3
123456,"TwoPole",28,51,5,0.6,3,"PairwiseSupport","two-point",2,2,"one-point",1,"degenerate",,,,,1,3,1.7754683781268665,"SwitchDetected",3
123456,"TwoPole",29,51,5,0.6,3,"PairwiseSupport","two-point",2,2,"one-point",1,"degenerate",,,,,2,3,6.93009105684523,"SwitchDetected",3
123456,"TwoPole",30,51,5,0.6,3,"PairwiseSupport","two-point",2,2,"two-point",2,"degenerate",,,,,1,2,1.1527343052610564,"SwitchDetected",2
123456,"TwoPole",31,51,5,0.6,3,"PairwiseSupport","two-point",2,2,"one-point",1,"degenerate",,,,,1,3,1.5684829135259393,"SwitchDetected",3
123456,"TwoPole",32,51,5,0.6,3,"PairwiseSupport","multi-point",3,3,"one-point",1,"calibrated",6.481036965914546,0.0015145746705256537,3,3,,,,"",
123456,"TwoPole",33,51,5,0.6,3,"PairwiseSupport","multi-point",3,3,"one-point",1,"calibrated",4.44078947368421,0.013907914422262845,3,3,,,,"",
123456,"TwoPole",34,51,5,0.6,3,"PairwiseSupport","two-point",2,2,"two-point",2,"degenerate",,,,,1,2,2.4009281908667575,"SwitchDetected",2
123456,"TwoPole",35,51,5,0.6,3,"PairwiseSupport","one-point",1,1,"one-point",1,"degenerate",,,,,2,2,,"NoSwitchDetected",
123456,"TwoPole",36,51,5,0.6,3,"PairwiseSupport","two-point",2,2,"one-point",1,"degenerate",,,,,1,2,1.0832269571712465,"SwitchDetected",2
123456,"TwoPole",37,51,5,0.6,3,"PairwiseSupport","multi-point",3,3,"two-point",2,"calibrated",2.8932704672096015,0.0015939641563368356,3,3,,,,"",
123456,"TwoPole",38,51,5,0.6,3,"PairwiseSupport","two-point",2,2,"two-point",2,"degenerate",,,,,3,3,,"NoSwitchDetected",
123456,"TwoPole",39,51,5,0.6,3,"PairwiseSupport","two-point",2,2,"one-point",1,"degenerate",,,,,1,3,2.00001159674693,"SwitchDetected",3
123456,"TwoPole",40,51,5,0.6,3,"PairwiseSupport","two-point",2,2,"one-point",1,"degenerate",,,,,1,3,1.383554457295402,"SwitchDetected",3
123456,"TwoPole",41,51,5,0.6,3,"PairwiseSupport","multi-point",3,3,"one-point",1,"degenerate",,,,,1,3,1.5376962711991669,"SwitchDetected",3
123456,"TwoPole",42,51,5,0.6,3,"PairwiseSupport","one-point",1,1,"one-point",1,"degenerate",,,,,3,3,,"NoSwitchDetected",
123456,"TwoPole",43,51,5,0.6,3,"PairwiseSupport","multi-point",3,3,"one-point",1,"calibrated",5.592377796188898,0.0036855207300583726,3,3,,,,"",
123456,"TwoPole",44,51,5,0.6,3,"PairwiseSupport","two-point",2,2,"one-point",1,"degenerate",,,,,1,3,2.1331222431113592,"SwitchDetected",3
123456,"TwoPole",45,51,5,0.6,3,"PairwiseSupport","multi-point",3,3,"one-point",1,"calibrated",4.103343465045592,0.030836633480706754,3,3,,,,"",
123456,"TwoPole",46,51,5,0.6,3,"PairwiseSupport","multi-point",3,3,"one-point",1,"degenerate",,,,,1,3,1.799269540933135,"SwitchDetected",3
123456,"TwoPole",47,51,5,0.6,3,"PairwiseSupport","one-point",1,1,"one-point",1,"degenerate",,,,,2,2,,"NoSwitchDetected",
123456,"TwoPole",48,51,5,0.6,3,"PairwiseSupport","two-point",2,2,"one-point",1,"degenerate",,,,,1,3,1.6381456778835086,"SwitchDetected",3
123456,"TwoPole",49,51,5,0.6,3,"PairwiseSupport","multi-point",3,3,"one-point",1,"calibrated",7.079181961195594,0.008680736591351282,3,4,,,,"",
123456,"TwoPole",50,51,5,0.6,3,"PairwiseSupport","one-point",1,1,"one-point",1,"degenerate",,,,,2,2,,"NoSwitchDetected",
123456,"TwoPole",51,51,5,0.6,3,"PairwiseSupport","two-point",2,2,"one-point",1,"degenerate",,,,,1,3,4.817824539323465,"SwitchDetected",3
123456,"TwoPole",52,51,5,0.6,3,"PairwiseSupport","two-point",2,2,"one-point",1,"degenerate",,,,,1,4,1.7841775661777255,"SwitchDetected",4
123456,"TwoPole",53,51,5,0.6,3,"PairwiseSupport","two-point",2,2,"two-point",2,"degenerate",,,,,3,3,,"NoSwitchDetected",
123456,"TwoPole",54,51,5,0.6,3,"PairwiseSupport","multi-point",3,4,"one-point",1,"calibrated",3.1645569620253164,0.01188663398891539,3,3,,,,"",
123456,"TwoPole",55,51,5,0.6,3,"PairwiseSupport","two-point",2,2,"two-point",2,"degenerate",,,,,1,3,1.3219291661716357,"SwitchDetected",3
123456,"TwoPole",56,51,5,0.6,3,"PairwiseSupport","multi-point",3,3,"one-point",1,"calibrated",2.5037091988130564,0.0058634230169677115,3,3,,,,"",
123456,"TwoPole",57,51,5,0.6,3,"PairwiseSupport","multi-point",3,4,"one-point",1,"calibrated",4.534766543500169,0.004872355122775271,3,3,,,,"",
123456,"TwoPole",58,51,5,0.6,3,"PairwiseSupport","two-point",2,2,"one-point",1,"degenerate",,,,,1,3,2.0840481719899424,"SwitchDetected",3
123456,"TwoPole",59,51,5,0.6,3,"PairwiseSupport","multi-point",3,3,"one-point",1,"calibrated",5.710659898477157,0.002885711483910091,3,3,,,,"",
123456,"TwoPole",60,51,5,0.6,3,"PairwiseSupport","two-point",2,2,"one-point",1,"degenerate",,,,,1,3,3.9094741036712173,"SwitchDetected",3
123456,"TwoPole",61,51,5,0.6,3,"PairwiseSupport","two-point",2,2,"one-point",1,"degenerate",,,,,2,3,2.497561927424515,"SwitchDetected",3
123456,"TwoPole",62,51,5,0.6,3,"PairwiseSupport","two-point",2,2,"one-point",1,"degenerate",,,,,1,3,1.5657645729041212,"SwitchDetected",3
123456,"TwoPole",63,51,5,0.6,3,"PairwiseSupport","two-point",2,2,"one-point",1,"degenerate",,,,,2,3,2.0324259013974477,"SwitchDetected",3
123456,"TwoPole",64,51,5,0.6,3,"PairwiseSupport","one-point",1,1,"one-point",1,"degenerate",,,,,2,2,,"NoSwitchDetected",
123456,"TwoPole",65,51,5,0.6,3,"PairwiseSupport","two-point",2,2,"one-point",1,"degenerate",,,,,1,3,1.8370555085876517,"SwitchDetected",3
123456,"TwoPole",66,51,5,0.6,3,"PairwiseSupport","one-point",1,1,"one-point",1,"degenerate",,,,,2,2,,"NoSwitchDetected",
123456,"TwoPole",67,51,5,0.6,3,"PairwiseSupport","one-point",1,1,"one-point",1,"degenerate",,,,,2,2,,"NoSwitchDetected",
123456,"TwoPole",68,51,5,0.6,3,"PairwiseSupport","two-point",2,2,"one-point",1,"degenerate",,,,,2,3,1.7222960548498316,"SwitchDetected",3
123456,"TwoPole",69,51,5,0.6,3,"PairwiseSupport","two-point",2,2,"one-point",1,"degenerate",,,,,1,2,1.5252880687217498,"SwitchDetected",2
123456,"TwoPole",70,51,5,0.6,3,"PairwiseSupport","one-point",1,1,"one-point",1,"degenerate",,,,,2,2,,"NoSwitchDetected",
123456,"TwoPole",71,51,5,0.6,3,"PairwiseSupport","one-point",1,1,"one-point",1,"degenerate",,,,,1,1,,"NoSwitchDetected",
123456,"TwoPole",72,51,5,0.6,3,"PairwiseSupport","multi-point",3,3,"one-point",1,"calibrated",3.0228392297357813,0.0008222482569272829,3,3,,,,"",
123456,"TwoPole",73,51,5,0.6,3,"PairwiseSupport","two-point",2,2,"one-point",1,"degenerate",,,,,1,3,1.6802082006035686,"SwitchDetected",3
123456,"TwoPole",74,51,5,0.6,3,"PairwiseSupport","two-point",2,2,"two-point",2,"degenerate",,,,,2,2,,"NoSwitchDetected",
123456,"TwoPole",75,51,5,0.6,3,"PairwiseSupport","two-point",2,2,"two-point",2,"degenerate",,,,,3,3,,"NoSwitchDetected",
123456,"TwoPole",76,51,5,0.6,3,"PairwiseSupport","two-point",2,2,"one-point",1,"degenerate",,,,,1,3,3.5959199126479424,"SwitchDetected",3
123456,"TwoPole",77,51,5,0.6,3,"PairwiseSupport","one-point",1,1,"one-point",1,"degenerate",,,,,2,2,,"NoSwitchDetected",
123456,"TwoPole",78,51,5,0.6,3,"PairwiseSupport","one-point",1,1,"one-point",1,"degenerate",,,,,1,1,,"NoSwitchDetected",
123456,"TwoPole",79,51,5,0.6,3,"PairwiseSupport","one-point",1,1,"one-point",1,"degenerate",,,,,2,2,,"NoSwitchDetected",
123456,"TwoPole",80,51,5,0.6,3,"PairwiseSupport","one-point",1,1,"one-point",1,"degenerate",,,,,2,2,,"NoSwitchDetected",
123456,"TwoPole",81,51,5,0.6,3,"PairwiseSupport","multi-point",3,3,"one-point",1,"calibrated",2.153797064454371,0.001198463384637245,3,3,,,,"",
123456,"TwoPole",82,51,5,0.6,3,"PairwiseSupport","one-point",1,1,"one-point",1,"degenerate",,,,,2,2,,"NoSwitchDetected",
123456,"TwoPole",83,51,5,0.6,3,"PairwiseSupport","two-point",2,2,"two-point",2,"degenerate",,,,,1,2,1.3281038164745993,"SwitchDetected",2
123456,"TwoPole",84,51,5,0.6,3,"PairwiseSupport","one-point",1,1,"one-point",1,"degenerate",,,,,3,3,,"NoSwitchDetected",
123456,"TwoPole",85,51,5,0.6,3,"PairwiseSupport","one-point",1,1,"one-point",1,"degenerate",,,,,2,2,,"NoSwitchDetected",
123456,"TwoPole",86,51,5,0.6,3,"PairwiseSupport","multi-point",3,3,"one-point",1,"calibrated",2.7669604427136707,0.003044484895404472,3,3,,,,"",
123456,"TwoPole",87,51,5,0.6,3,"PairwiseSupport","two-point",2,2,"one-point",1,"degenerate",,,,,1,2,1.6518655953670331,"SwitchDetected",2
123456,"TwoPole",88,51,5,0.6,3,"PairwiseSupport","one-point",1,1,"one-point",1,"degenerate",,,,,2,2,,"NoSwitchDetected",
123456,"TwoPole",89,51,5,0.6,3,"PairwiseSupport","one-point",1,1,"one-point",1,"degenerate",,,,,2,2,,"NoSwitchDetected",
123456,"TwoPole",90,51,5,0.6,3,"PairwiseSupport","multi-point",3,3,"one-point",1,"degenerate",,,,,1,3,2.479248175254277,"SwitchDetected",3
123456,"TwoPole",91,51,5,0.6,3,"PairwiseSupport","multi-point",3,3,"one-point",1,"calibrated",3.458877786318216,0.003022839069009727,3,4,,,,"",
123456,"TwoPole",92,51,5,0.6,3,"PairwiseSupport","multi-point",3,3,"two-point",2,"calibrated",3.0920751259734307,0.017159606629961494,3,3,,,,"",
123456,"TwoPole",93,51,5,0.6,3,"PairwiseSupport","one-point",1,1,"one-point",1,"degenerate",,,,,3,3,,"NoSwitchDetected",
123456,"TwoPole",94,51,5,0.6,3,"PairwiseSupport","one-point",1,1,"one-point",1,"degenerate",,,,,2,2,,"NoSwitchDetected",
123456,"TwoPole",95,51,5,0.6,3,"PairwiseSupport","two-point",2,2,"one-point",1,"degenerate",,,,,1,3,1.575394082897133,"SwitchDetected",3
123456,"TwoPole",96,51,5,0.6,3,"PairwiseSupport","two-point",2,2,"one-point",1,"degenerate",,,,,2,3,3.2604618257909626,"SwitchDetected",3
123456,"TwoPole",97,51,5,0.6,3,"PairwiseSupport","two-point",2,2,"one-point",1,"degenerate",,,,,1,3,1.3333940999915361,"SwitchDetected",3
123456,"TwoPole",98,51,5,0.6,3,"PairwiseSupport","multi-point",3,3,"one-point",1,"calibrated",3.7996059667886293,0.00866889963630016,3,4,,,,"",
123456,"TwoPole",99,51,5,0.6,3,"PairwiseSupport","two-point",2,2,"two-point",2,"degenerate",,,,,2,2,,"NoSwitchDetected",
123456,"TwoPole",100,51,5,0.6,3,"PairwiseSupport","multi-point",3,3,"one-point",1,"calibrated",5.592377796188898,0.007590135082060411,3,3,,,,"",
123456,"TwoPole",101,51,5,0.6,3,"PairwiseSupport","two-point",2,2,"two-point",2,"degenerate",,,,,1,3,1.1273984698854935,"SwitchDetected",2
123456,"TwoPole",102,51,5,0.6,3,"PairwiseSupport","one-point",1,1,"one-point",1,"degenerate",,,,,2,3,2.00001159674693,"SwitchDetected",3
123456,"TwoPole",103,51,5,0.6,3,"PairwiseSupport","multi-point",3,3,"one-point",1,"degenerate",,,,,1,3,2.5392269414706177,"SwitchDetected",3
123456,"TwoPole",104,51,5,0.6,3,"PairwiseSupport","multi-point",3,3,"one-point",1,"calibrated",2.071187480822338,0.0048848793655137815,3,3,,,,"",
123456,"TwoPole",105,51,5,0.6,3,"PairwiseSupport","two-point",2,2,"one-point",1,"degenerate",,,,,1,3,3.340176509083348,"SwitchDetected",3
123456,"TwoPole",106,51,5,0.6,3,"PairwiseSupport","two-point",2,2,"one-point",1,"degenerate",,,,,1,2,3.160268267889831,"SwitchDetected",2
123456,"TwoPole",107,51,5,0.6,3,"PairwiseSupport","two-point",2,2,"one-point",1,"degenerate",,,,,1,3,1.0334243456143408,"SwitchDetected",3
123456,"TwoPole",108,51,5,0.6,3,"PairwiseSupport","two-point",2,2,"one-point",1,"degenerate",,,,,1,3,3.092910977814065,"SwitchDetected",3
123456,"TwoPole",109,51,5,0.6,3,"PairwiseSupport","one-point",1,1,"one-point",1,"degenerate",,,,,2,2,,"NoSwitchDetected",
123456,"TwoPole",110,51,5,0.6,3,"PairwiseSupport","two-point",2,2,"two-point",2,"degenerate",,,,,1,3,1.737935475008559,"SwitchDetected",3
123456,"TwoPole",111,51,5,0.6,3,"PairwiseSupport","two-point",2,2,"one-point",1,"degenerate",,,,,1,2,1.1298088982449654,"SwitchDetected",2
123456,"TwoPole",112,51,5,0.6,3,"PairwiseSupport","two-point",2,2,"one-point",1,"degenerate",,,,,1,2,1.2152578501010152,"SwitchDetected",2
123456,"TwoPole",113,51,5,0.6,3,"PairwiseSupport","two-point",2,2,"one-point",1,"degenerate",,,,,1,2,2.00001159674693,"SwitchDetected",2
123456,"TwoPole",114,51,5,0.6,3,"PairwiseSupport","one-point",1,1,"one-point",1,"degenerate",,,,,2,2,,"NoSwitchDetected",
123456,"TwoPole",115,51,5,0.6,3,"PairwiseSupport","two-point",2,2,"one-point",1,"degenerate",,,,,1,3,1.4303186701807715,"SwitchDetected",3
123456,"TwoPole",116,51,5,0.6,3,"PairwiseSupport","multi-point",3,3,"one-point",1,"calibrated",3.5037633013236436,0.0028212866198357176,3,3,,,,"",
123456,"TwoPole",117,51,5,0.6,3,"PairwiseSupport","two-point",2,2,"one-point",1,"degenerate",,,,,1,3,2.9575822342887474,"SwitchDetected",3
123456,"TwoPole",118,51,5,0.6,3,"PairwiseSupport","two-point",2,2,"one-point",1,"degenerate",,,,,1,3,7.204941083863421,"SwitchDetected",3
123456,"TwoPole",119,51,5,0.6,3,"PairwiseSupport","multi-point",3,3,"one-point",1,"calibrated",3.2902754082378745,0.00981846246313653,3,3,,,,"",
123456,"TwoPole",120,51,5,0.6,3,"PairwiseSupport","one-point",1,1,"one-point",1,"degenerate",,,,,3,3,,"NoSwitchDetected",
123456,"TwoPole",121,51,5,0.6,3,"PairwiseSupport","two-point",2,2,"one-point",1,"degenerate",,,,,1,3,2.0657558167940375,"SwitchDetected",3
123456,"TwoPole",122,51,5,0.6,3,"PairwiseSupport","two-point",2,2,"one-point",1,"degenerate",,,,,2,3,2.00001159674693,"SwitchDetected",3
123456,"TwoPole",123,51,5,0.6,3,"PairwiseSupport","two-point",2,2,"one-point",1,"degenerate",,,,,1,3,2.1313906595550933,"SwitchDetected",3
123456,"TwoPole",124,51,5,0.6,3,"PairwiseSupport","two-point",2,2,"one-point",1,"degenerate",,,,,1,3,4.549885169829241,"SwitchDetected",3
123456,"TwoPole",125,51,5,0.6,3,"PairwiseSupport","two-point",2,2,"one-point",1,"degenerate",,,,,1,2,2.672577090040842,"SwitchDetected",3
123456,"TwoPole",126,51,5,0.6,3,"PairwiseSupport","one-point",1,1,"one-point",1,"degenerate",,,,,2,2,,"NoSwitchDetected",
123456,"TwoPole",127,51,5,0.6,3,"PairwiseSupport","one-point",1,1,"one-point",1,"degenerate",,,,,1,4,1.2459017141414483,"SwitchDetected",4
123456,"TwoPole",128,51,5,0.6,3,"PairwiseSupport","two-point",2,2,"one-point",1,"degenerate",,,,,1,2,1.571196018306965,"SwitchDetected",2
123456,"TwoPole",129,51,5,0.6,3,"PairwiseSupport","two-point",2,2,"two-point",2,"degenerate",,,,,3,3,,"NoSwitchDetected",
123456,"TwoPole",130,51,5,0.6,3,"PairwiseSupport","two-point",2,2,"one-point",1,"degenerate",,,,,1,3,5.940568929852776,"SwitchDetected",3
123456,"TwoPole",131,51,5,0.6,3,"PairwiseSupport","multi-point",3,3,"one-point",1,"degenerate",,,,,1,3,1.8842054329035014,"SwitchDetected",3
123456,"TwoPole",132,51,5,0.6,3,"PairwiseSupport","two-point",2,2,"two-point",2,"degenerate",,,,,1,2,1.0802743609401433,"SwitchDetected",2
123456,"TwoPole",133,51,5,0.6,3,"PairwiseSupport","multi-point",3,3,"one-point",1,"calibrated",1.6550202280250088,0.002079582191811868,3,3,,,,"",
123456,"TwoPole",134,51,5,0.6,3,"PairwiseSupport","multi-point",3,3,"one-point",1,"degenerate",,,,,1,3,1.5888747733157482,"SwitchDetected",3
123456,"TwoPole",135,51,5,0.6,3,"PairwiseSupport","two-point",2,2,"one-point",1,"degenerate",,,,,1,3,3.302496727033045,"SwitchDetected",3
123456,"TwoPole",136,51,5,0.6,3,"PairwiseSupport","two-point",2,2,"one-point",1,"degenerate",,,,,1,3,1.5293275915097306,"SwitchDetected",3
123456,"TwoPole",137,51,5,0.6,3,"PairwiseSupport","one-point",1,1,"one-point",1,"degenerate",,,,,2,2,,"NoSwitchDetected",
123456,"TwoPole",138,51,5,0.6,3,"PairwiseSupport","two-point",2,2,"one-point",1,"degenerate",,,,,1,3,1.6616990984846278,"SwitchDetected",3
123456,"TwoPole",139,51,5,0.6,3,"PairwiseSupport","multi-point",3,3,"one-point",1,"calibrated",3.658536585365854,0.014012272472153598,3,3,,,,"",
123456,"TwoPole",140,51,5,0.6,3,"PairwiseSupport","multi-point",3,3,"one-point",1,"calibrated",8.681672025723472,0.003451245502454332,3,3,,,,"",
123456,"TwoPole",141,51,5,0.6,3,"PairwiseSupport","two-point",2,2,"one-point",1,"degenerate",,,,,1,3,2.00001159674693,"SwitchDetected",3
123456,"TwoPole",142,51,5,0.6,3,"PairwiseSupport","two-point",2,2,"two-point",2,"degenerate",,,,,1,2,1.341387608334304,"SwitchDetected",3
123456,"TwoPole",143,51,5,0.6,3,"PairwiseSupport","two-point",2,2,"one-point",1,"degenerate",,,,,1,2,1.1804776633113285,"SwitchDetected",2
123456,"TwoPole",144,51,5,0.6,3,"PairwiseSupport","two-point",2,2,"one-point",1,"degenerate",,,,,1,2,1.2955229970355737,"SwitchDetected",2
123456,"TwoPole",145,51,5,0.6,3,"PairwiseSupport","two-point",2,2,"one-point",1,"degenerate",,,,,1,3,1.3090363174884463,"SwitchDetected",3
123456,"TwoPole",146,51,5,0.6,3,"PairwiseSupport","two-point",2,2,"one-point",1,"degenerate",,,,,1,3,2.064309333931392,"SwitchDetected",4
123456,"TwoPole",147,51,5,0.6,3,"PairwiseSupport","multi-point",3,3,"one-point",1,"calibrated",8.057296329453894,0.002996593935472913,3,3,,,,"",
123456,"TwoPole",148,51,5,0.6,3,"PairwiseSupport","one-point",1,1,"one-point",1,"degenerate",,,,,2,2,,"NoSwitchDetected",
123456,"TwoPole",149,51,5,0.6,3,"PairwiseSupport","one-point",1,1,"one-point",1,"degenerate",,,,,2,2,,"NoSwitchDetected",
123456,"TwoPole",150,51,5,0.6,3,"PairwiseSupport","two-point",2,2,"one-point",1,"degenerate",,,,,1,2,1.9805175770330554,"SwitchDetected",2
123456,"TwoPole",151,51,5,0.6,3,"PairwiseSupport","multi-point",3,3,"one-point",1,"calibrated",7.421660252886201,0.003704032440447521,3,4,,,,"",
123456,"TwoPole",152,51,5,0.6,3,"PairwiseSupport","two-point",2,2,"one-point",1,"degenerate",,,,,1,2,1.6191571271227099,"SwitchDetected",2
123456,"TwoPole",153,51,5,0.6,3,"PairwiseSupport","one-point",1,1,"one-point",1,"degenerate",,,,,3,3,,"NoSwitchDetected",
123456,"TwoPole",154,51,5,0.6,3,"PairwiseSupport","one-point",1,1,"one-point",1,"degenerate",,,,,3,3,,"NoSwitchDetected",
123456,"TwoPole",155,51,5,0.6,3,"PairwiseSupport","multi-point",3,3,"two-point",2,"calibrated",1.2830260406766774,0.0013116132042251675,3,3,,,,"",
123456,"TwoPole",156,51,5,0.6,3,"PairwiseSupport","one-point",1,1,"one-point",1,"degenerate",,,,,3,3,,"NoSwitchDetected",
123456,"TwoPole",157,51,5,0.6,3,"PairwiseSupport","one-point",1,1,"one-point",1,"degenerate",,,,,3,3,,"NoSwitchDetected",
123456,"TwoPole",158,51,5,0.6,3,"PairwiseSupport","multi-point",3,3,"one-point",1,"degenerate",,,,,1,3,2.271775573420892,"SwitchDetected",3
123456,"TwoPole",159,51,5,0.6,3,"PairwiseSupport","multi-point",3,3,"one-point",1,"degenerate",,,,,1,4,1.7825120919847608,"SwitchDetected",4
123456,"TwoPole",160,51,5,0.6,3,"PairwiseSupport","two-point",2,2,"one-point",1,"degenerate",,,,,1,3,3.6239930280602883,"SwitchDetected",3
123456,"TwoPole",161,51,5,0.6,3,"PairwiseSupport","one-point",1,1,"one-point",1,"degenerate",,,,,2,2,,"NoSwitchDetected",
123456,"TwoPole",162,51,5,0.6,3,"PairwiseSupport","one-point",1,1,"one-point",1,"degenerate",,,,,2,2,,"NoSwitchDetected",
123456,"TwoPole",163,51,5,0.6,3,"PairwiseSupport","two-point",2,2,"one-point",1,"degenerate",,,,,1,3,1.5560070905450059,"SwitchDetected",3
123456,"TwoPole",164,51,5,0.6,3,"PairwiseSupport","multi-point",3,3,"two-point",2,"calibrated",8.403361344537814,0.015108439847340742,3,3,,,,"",
123456,"TwoPole",165,51,5,0.6,3,"PairwiseSupport","one-point",1,1,"one-point",1,"degenerate",,,,,2,2,,"NoSwitchDetected",
123456,"TwoPole",166,51,5,0.6,3,"PairwiseSupport","one-point",1,1,"one-point",1,"degenerate",,,,,2,2,,"NoSwitchDetected",
123456,"TwoPole",167,51,5,0.6,3,"PairwiseSupport","multi-point",3,3,"one-point",1,"degenerate",,,,,1,3,1.3082006671551925,"SwitchDetected",3
123456,"TwoPole",168,51,5,0.6,3,"PairwiseSupport","multi-point",3,3,"one-point",1,"calibrated",2.632092025736011,0.0008837942530477425,3,3,,,,"",
123456,"TwoPole",169,51,5,0.6,3,"PairwiseSupport","multi-point",3,3,"one-point",1,"degenerate",,,,,1,3,1.4991880236984072,"SwitchDetected",3
123456,"TwoPole",170,51,5,0.6,3,"PairwiseSupport","two-point",2,2,"one-point",1,"degenerate",,,,,2,3,4.706632634740431,"SwitchDetected",3
123456,"TwoPole",171,51,5,0.6,3,"PairwiseSupport","two-point",2,2,"one-point",1,"degenerate",,,,,2,3,7.990148864315238,"SwitchDetected",3
123456,"TwoPole",172,51,5,0.6,3,"PairwiseSupport","two-point",2,2,"one-point",1,"degenerate",,,,,1,3,1.3051017977809127,"SwitchDetected",3
123456,"TwoPole",173,51,5,0.6,3,"PairwiseSupport","two-point",2,2,"one-point",1,"degenerate",,,,,1,3,2.364443014130881,"SwitchDetected",3
123456,"TwoPole",174,51,5,0.6,3,"PairwiseSupport","two-point",2,2,"one-point",1,"degenerate",,,,,2,3,5.04900234900027,"SwitchDetected",3
123456,"TwoPole",175,51,5,0.6,3,"PairwiseSupport","two-point",2,2,"one-point",1,"degenerate",,,,,1,2,1.206480339926425,"SwitchDetected",2
123456,"TwoPole",176,51,5,0.6,3,"PairwiseSupport","multi-point",3,3,"two-point",2,"calibrated",2.862595419847328,0.0026010506288879085,3,3,,,,"",
123456,"TwoPole",177,51,5,0.6,3,"PairwiseSupport","one-point",1,1,"one-point",1,"degenerate",,,,,3,3,,"NoSwitchDetected",
123456,"TwoPole",178,51,5,0.6,3,"PairwiseSupport","one-point",1,1,"one-point",1,"degenerate",,,,,3,3,,"NoSwitchDetected",
123456,"TwoPole",179,51,5,0.6,3,"PairwiseSupport","two-point",2,2,"two-point",2,"degenerate",,,,,3,3,,"NoSwitchDetected",
123456,"TwoPole",180,51,5,0.6,3,"PairwiseSupport","multi-point",3,3,"one-point",1,"calibrated",6.481036965914546,0.018138610079164938,3,3,,,,"",
123456,"TwoPole",181,51,5,0.6,3,"PairwiseSupport","two-point",2,2,"one-point",1,"degenerate",,,,,2,3,1.731649315647625,"SwitchDetected",3
123456,"TwoPole",182,51,5,0.6,3,"PairwiseSupport","two-point",2,2,"one-point",1,"degenerate",,,,,2,3,2.242609442530054,"SwitchDetected",3
123456,"TwoPole",183,51,5,0.6,3,"PairwiseSupport","two-point",2,2,"two-point",2,"degenerate",,,,,4,3,2.7445115840617653,"SwitchDetected",3
123456,"TwoPole",184,51,5,0.6,3,"PairwiseSupport","one-point",1,1,"one-point",1,"degenerate",,,,,1,3,1.3158322715413926,"SwitchDetected",3
123456,"TwoPole",185,51,5,0.6,3,"PairwiseSupport","multi-point",3,3,"one-point",1,"calibrated",5.0675675675675675,0.0004821475265490982,3,4,,,,"",
123456,"TwoPole",186,51,5,0.6,3,"PairwiseSupport","two-point",2,2,"one-point",1,"degenerate",,,,,2,3,4.351813178020209,"SwitchDetected",3
123456,"TwoPole",187,51,5,0.6,3,"PairwiseSupport","two-point",2,2,"one-point",1,"degenerate",,,,,1,2,2.4702461162111793,"SwitchDetected",2
123456,"TwoPole",188,51,5,0.6,3,"PairwiseSupport","two-point",2,2,"one-point",1,"degenerate",,,,,1,3,1.712118247346434,"SwitchDetected",3
123456,"TwoPole",189,51,5,0.6,3,"PairwiseSupport","two-point",2,2,"one-point",1,"degenerate",,,,,1,3,1.6312599750890353,"SwitchDetected",3
123456,"TwoPole",190,51,5,0.6,3,"PairwiseSupport","multi-point",3,3,"one-point",1,"degenerate",,,,,1,3,1.4370707053873484,"SwitchDetected",3
123456,"TwoPole",191,51,5,0.6,3,"PairwiseSupport","one-point",1,1,"one-point",1,"degenerate",,,,,3,3,,"NoSwitchDetected",
123456,"TwoPole",192,51,5,0.6,3,"PairwiseSupport","two-point",2,2,"one-point",1,"degenerate",,,,,1,3,1.2490132498015065,"SwitchDetected",3
123456,"TwoPole",193,51,5,0.6,3,"PairwiseSupport","two-point",2,2,"one-point",1,"degenerate",,,,,1,4,5.230844872118232,"SwitchDetected",4
123456,"TwoPole",194,51,5,0.6,3,"PairwiseSupport","two-point",2,2,"one-point",1,"degenerate",,,,,1,3,1.587838844630153,"SwitchDetected",3
123456,"TwoPole",195,51,5,0.6,3,"PairwiseSupport","two-point",2,2,"one-point",1,"degenerate",,,,,1,3,1.9217860974892387,"SwitchDetected",3
123456,"TwoPole",196,51,5,0.6,3,"PairwiseSupport","one-point",1,1,"one-point",1,"degenerate",,,,,2,2,,"NoSwitchDetected",
123456,"TwoPole",197,51,5,0.6,3,"PairwiseSupport","two-point",2,2,"one-point",1,"degenerate",,,,,1,2,2.8772164897309067,"SwitchDetected",2
123456,"TwoPole",198,51,5,0.6,3,"PairwiseSupport","multi-point",3,3,"one-point",1,"degenerate",,,,,1,3,1.6877345917861488,"SwitchDetected",3
123456,"TwoPole",199,51,5,0.6,3,"PairwiseSupport","two-point",2,2,"one-point",1,"degenerate",,,,,2,3,4.056803670040527,"SwitchDetected",3
123456,"TwoPole",200,51,5,0.6,3,"PairwiseSupport","two-point",2,2,"two-point",2,"degenerate",,,,,1,3,2.7240019419154473,"SwitchDetected",2
123456,"TwoPole",1,51,5,0.7,1,"PairwiseSupport","multi-point",3,3,"one-point",1,"calibrated",2.458120903131828,0.0038239258047341454,3,3,,,,"",
123456,"TwoPole",2,51,5,0.7,1,"PairwiseSupport","multi-point",3,3,"one-point",1,"calibrated",3.9823008849557513,0.014263503459170629,3,3,,,,"",
123456,"TwoPole",3,51,5,0.7,1,"PairwiseSupport","multi-point",3,3,"one-point",1,"calibrated",5.834053586862576,0.018510254199288232,3,3,,,,"",
123456,"TwoPole",4,51,5,0.7,1,"PairwiseSupport","multi-point",3,3,"one-point",1,"calibrated",3.0228392297357813,0.012379361844472898,3,3,,,,"",
123456,"TwoPole",5,51,5,0.7,1,"PairwiseSupport","multi-point",3,3,"one-point",1,"calibrated",3.609625668449198,0.018502083389347234,3,3,,,,"",
123456,"TwoPole",6,51,5,0.7,1,"PairwiseSupport","multi-point",3,3,"one-point",1,"degenerate",,,,,1,3,2.5748668385706694,"SwitchDetected",3
123456,"TwoPole",7,51,5,0.7,1,"PairwiseSupport","multi-point",3,3,"one-point",1,"calibrated",2.862595419847328,0.011001600425451867,3,3,,,,"",
123456,"TwoPole",8,51,5,0.7,1,"PairwiseSupport","multi-point",3,3,"one-point",1,"calibrated",2.6254375729288215,0.005182963588369104,3,3,,,,"",
123456,"TwoPole",9,51,5,0.7,1,"PairwiseSupport","multi-point",3,3,"one-point",1,"calibrated",4.9504950495049505,0.01875598862856749,3,3,,,,"",
123456,"TwoPole",10,51,5,0.7,1,"PairwiseSupport","multi-point",3,3,"one-point",1,"calibrated",3.597122302158273,0.010718348476933662,3,3,,,,"",
123456,"TwoPole",11,51,5,0.7,1,"PairwiseSupport","multi-point",3,3,"one-point",1,"calibrated",3.2020872865275143,0.009548800692499193,3,3,,,,"",
123456,"TwoPole",12,51,5,0.7,1,"PairwiseSupport","multi-point",3,3,"one-point",1,"calibrated",4.387390315242119,0.015567416020899548,3,3,,,,"",
123456,"TwoPole",13,51,5,0.7,1,"PairwiseSupport","multi-point",3,3,"one-point",1,"calibrated",2.7669604427136707,0.012167045261919656,3,3,,,,"",
123456,"TwoPole",14,51,5,0.7,1,"PairwiseSupport","multi-point",3,3,"one-point",1,"calibrated",4.103343465045592,0.010658123974146807,3,3,,,,"",
123456,"TwoPole",15,51,5,0.7,1,"PairwiseSupport","multi-point",3,3,"one-point",1,"calibrated",5.369928400954653,0.024070088391148478,3,3,,,,"",
123456,"TwoPole",16,51,5,0.7,1,"PairwiseSupport","multi-point",3,3,"one-point",1,"calibrated",2.956636005256242,0.008167394051290772,3,3,,,,"",
123456,"TwoPole",17,51,5,0.7,1,"PairwiseSupport","multi-point",3,3,"one-point",1,"calibrated",6.481036965914546,0.02682673821602461,3,3,,,,"",
123456,"TwoPole",18,51,5,0.7,1,"PairwiseSupport","multi-point",3,3,"one-point",1,"calibrated",5.0675675675675675,0.019677962283335806,3,3,,,,"",
123456,"TwoPole",19,51,5,0.7,1,"PairwiseSupport","multi-point",3,3,"one-point",1,"calibrated",2.7388922702373706,0.006399613622006487,3,3,,,,"",
123456,"TwoPole",20,51,5,0.7,1,"PairwiseSupport","multi-point",3,3,"one-point",1,"calibrated",4.04191616766467,0.018585009882784137,3,3,,,,"",
123456,"TwoPole",21,51,5,0.7,1,"PairwiseSupport","multi-point",3,3,"one-point",1,"calibrated",2.824858757062147,0.010180561418749122,3,3,,,,"",
123456,"TwoPole",22,51,5,0.7,1,"PairwiseSupport","multi-point",3,3,"one-point",1,"calibrated",3.0920751259734307,0.013066163887845551,3,3,,,,"",
123456,"TwoPole",23,51,5,0.7,1,"PairwiseSupport","multi-point",3,3,"one-point",1,"degenerate",,,,,1,3,1.9439287376416992,"SwitchDetected",3
123456,"TwoPole",24,51,5,0.7,1,"PairwiseSupport","multi-point",3,3,"one-point",1,"calibrated",3.3308660251665434,0.010334605351671758,3,3,,,,"",
123456,"TwoPole",25,51,5,0.7,1,"PairwiseSupport","multi-point",3,3,"one-point",1,"calibrated",3.2020872865275143,0.006779870722967802,3,3,,,,"",
123456,"TwoPole",26,51,5,0.7,1,"PairwiseSupport","two-point",2,2,"one-point",1,"degenerate",,,,,2,3,4.160355499127123,"SwitchDetected",3
123456,"TwoPole",27,51,5,0.7,1,"PairwiseSupport","multi-point",3,3,"one-point",1,"calibrated",5.0675675675675675,0.023395370182100417,3,3,,,,"",
123456,"TwoPole",28,51,5,0.7,1,"PairwiseSupport","multi-point",3,3,"one-point",1,"calibrated",2.5037091988130564,0.003339569776472539,3,3,,,,"",
123456,"TwoPole",29,51,5,0.7,1,"PairwiseSupport","multi-point",3,3,"one-point",1,"calibrated",8.403361344537814,0.02550565104082572,3,3,,,,"",
123456,"TwoPole",30,51,5,0.7,1,"PairwiseSupport","multi-point",3,3,"one-point",1,"calibrated",1.7660910518053372,0.0006104934135476304,3,3,,,,"",
123456,"TwoPole",31,51,5,0.7,1,"PairwiseSupport","multi-point",3,3,"one-point",1,"calibrated",3.3724706470147385,0.012981624348452804,3,3,,,,"",
123456,"TwoPole",32,51,5,0.7,1,"PairwiseSupport","multi-point",3,3,"one-point",1,"calibrated",2.5510204081632653,0.0012713699127332723,3,3,,,,"",
123456,"TwoPole",33,51,5,0.7,1,"PairwiseSupport","multi-point",3,3,"one-point",1,"calibrated",2.795609857113274,0.004152664558384528,3,3,,,,"",
123456,"TwoPole",34,51,5,0.7,1,"PairwiseSupport","multi-point",3,3,"two-point",2,"calibrated",9.64630225080386,0.02550410007419587,3,3,,,,"",
123456,"TwoPole",35,51,5,0.7,1,"PairwiseSupport","multi-point",3,3,"one-point",1,"calibrated",4.166666666666666,0.020487617935235104,3,3,,,,"",
123456,"TwoPole",36,51,5,0.7,1,"PairwiseSupport","multi-point",3,3,"one-point",1,"calibrated",3.0920751259734307,0.0071196000224655765,3,3,,,,"",
123456,"TwoPole",37,51,5,0.7,1,"PairwiseSupport","multi-point",3,3,"one-point",1,"calibrated",3.3308660251665434,0.01617452623685071,3,3,,,,"",
123456,"TwoPole",38,51,5,0.7,1,"PairwiseSupport","two-point",2,2,"two-point",2,"degenerate",,,,,1,3,1.0344613132999056,"SwitchDetected",2
123456,"TwoPole",39,51,5,0.7,1,"PairwiseSupport","multi-point",3,3,"one-point",1,"calibrated",2.581755593803787,0.006517437001185997,3,3,,,,"",
123456,"TwoPole",40,51,5,0.7,1,"PairwiseSupport","multi-point",3,3,"one-point",1,"calibrated",2.7669604427136707,0.008662500476972536,3,3,,,,"",
123456,"TwoPole",41,51,5,0.7,1,"PairwiseSupport","two-point",2,2,"two-point",2,"degenerate",,,,,1,3,1.128678201678895,"SwitchDetected",2
123456,"TwoPole",42,51,5,0.7,1,"PairwiseSupport","multi-point",3,3,"one-point",1,"calibrated",2.956636005256242,0.005204461810984494,3,3,,,,"",
123456,"TwoPole",43,51,5,0.7,1,"PairwiseSupport","multi-point",3,3,"one-point",1,"calibrated",3.7087912087912085,0.013074523618383892,3,3,,,,"",
123456,"TwoPole",44,51,5,0.7,1,"PairwiseSupport","multi-point",3,3,"one-point",1,"calibrated",2.9482419742301818,0.001722824824216056,3,3,,,,"",
123456,"TwoPole",45,51,5,0.7,1,"PairwiseSupport","multi-point",3,3,"one-point",1,"calibrated",4.04191616766467,0.01658178562794374,3,3,,,,"",
123456,"TwoPole",46,51,5,0.7,1,"PairwiseSupport","multi-point",3,3,"one-point",1,"calibrated",3.1278962001853565,0.014595114408887583,3,3,,,,"",
123456,"TwoPole",47,51,5,0.7,1,"PairwiseSupport","multi-point",3,3,"one-point",1,"calibrated",3.813559322033898,0.017079967306516685,3,3,,,,"",
123456,"TwoPole",48,51,5,0.7,1,"PairwiseSupport","two-point",2,2,"one-point",1,"degenerate",,,,,1,3,1.7242223030217565,"SwitchDetected",3
123456,"TwoPole",49,51,5,0.7,1,"PairwiseSupport","multi-point",3,3,"one-point",1,"calibrated",2.854726157750053,0.004344202526057619,3,3,,,,"",
123456,"TwoPole",50,51,5,0.7,1,"PairwiseSupport","multi-point",3,3,"one-point",1,"calibrated",3.1278962001853565,0.002534602986786383,3,3,,,,"",
123456,"TwoPole",51,51,5,0.7,1,"PairwiseSupport","multi-point",3,3,"one-point",1,"calibrated",4.387390315242119,0.016946361042972993,3,3,,,,"",
123456,"TwoPole",52,51,5,0.7,1,"PairwiseSupport","multi-point",3,3,"one-point",1,"calibrated",3.695592663564194,0.010191643744067693,3,3,,,,"",
123456,"TwoPole",53,51,5,0.7,1,"PairwiseSupport","multi-point",3,3,"one-point",1,"degenerate",,,,,1,3,2.186353837295188,"SwitchDetected",3
123456,"TwoPole",54,51,5,0.7,1,"PairwiseSupport","multi-point",3,3,"one-point",1,"calibrated",3.9244186046511618,0.013618408397912837,3,3,,,,"",
123456,"TwoPole",55,51,5,0.7,1,"PairwiseSupport","multi-point",3,3,"one-point",1,"calibrated",6.481036965914546,0.02183020745635879,3,3,,,,"",
123456,"TwoPole",56,51,5,0.7,1,"PairwiseSupport","multi-point",3,3,"one-point",1,"calibrated",4.166666666666666,0.018279345730523647,3,3,,,,"",
123456,"TwoPole",57,51,5,0.7,1,"PairwiseSupport","multi-point",3,3,"one-point",1,"calibrated",3.7087912087912085,0.010363159904938165,3,3,,,,"",
123456,"TwoPole",58,51,5,0.7,1,"PairwiseSupport","multi-point",3,3,"one-point",1,"calibrated",2.824858757062147,0.008648242269310281,3,3,,,,"",
123456,"TwoPole",59,51,5,0.7,1,"PairwiseSupport","multi-point",3,3,"one-point",1,"calibrated",6.346967559943582,0.022029819018317992,3,3,,,,"",
123456,"TwoPole",60,51,5,0.7,1,"PairwiseSupport","multi-point",3,3,"one-point",1,"calibrated",2.4085637823371986,0.000904397752409303,3,3,,,,"",
123456,"TwoPole",61,51,5,0.7,1,"PairwiseSupport","multi-point",3,3,"one-point",1,"calibrated",4.3172369683402625,0.017205053313892854,3,3,,,,"",
123456,"TwoPole",62,51,5,0.7,1,"PairwiseSupport","two-point",2,2,"one-point",1,"degenerate",,,,,1,3,2.3883703971227024,"SwitchDetected",3
123456,"TwoPole",63,51,5,0.7,1,"PairwiseSupport","multi-point",3,3,"one-point",1,"calibrated",3.8681948424068757,0.013038030247704186,3,3,,,,"",
123456,"TwoPole",64,51,5,0.7,1,"PairwiseSupport","multi-point",3,3,"one-point",1,"calibrated",3.2020872865275143,0.010383105482959995,3,3,,,,"",
123456,"TwoPole",65,51,5,0.7,1,"PairwiseSupport","two-point",2,2,"one-point",1,"degenerate",,,,,1,3,1.889650805587065,"SwitchDetected",3
123456,"TwoPole",66,51,5,0.7,1,"PairwiseSupport","multi-point",3,3,"one-point",1,"calibrated",4.9504950495049505,0.018976764911097926,3,3,,,,"",
123456,"TwoPole",67,51,5,0.7,1,"PairwiseSupport","multi-point",3,3,"one-point",1,"calibrated",3.022839229735781,0.010525864041376422,3,3,,,,"",
123456,"TwoPole",68,51,5,0.7,1,"PairwiseSupport","multi-point",3,3,"one-point",1,"calibrated",2.9807904614705234,0.0025235833006620615,3,3,,,,"",
123456,"TwoPole",69,51,5,0.7,1,"PairwiseSupport","two-point",2,2,"one-point",1,"degenerate",,,,,1,3,1.723196790882539,"SwitchDetected",3
123456,"TwoPole",70,51,5,0.7,1,"PairwiseSupport","two-point",2,2,"one-point",1,"degenerate",,,,,1,3,2.4562364817230837,"SwitchDetected",3
123456,"TwoPole",71,51,5,0.7,1,"PairwiseSupport","multi-point",3,3,"one-point",1,"calibrated",2.9893711248892822,0.010667626212344877,3,3,,,,"",
123456,"TwoPole",72,51,5,0.7,1,"PairwiseSupport","multi-point",3,3,"one-point",1,"calibrated",2.1933387489845653,0.005321144308590042,3,3,,,,"",
123456,"TwoPole",73,51,5,0.7,1,"PairwiseSupport","two-point",2,2,"two-point",2,"degenerate",,,,,1,3,1.165688530144955,"SwitchDetected",2
123456,"TwoPole",74,51,5,0.7,1,"PairwiseSupport","multi-point",3,3,"one-point",1,"calibrated",2.7113878288813016,0.009245753504582416,3,3,,,,"",
123456,"TwoPole",75,51,5,0.7,1,"PairwiseSupport","multi-point",3,3,"one-point",1,"calibrated",5.478896103896105,0.019153306279764155,3,3,,,,"",
123456,"TwoPole",76,51,5,0.7,1,"PairwiseSupport","multi-point",3,3,"one-point",1,"degenerate",,,,,1,3,2.139668060223873,"SwitchDetected",3
123456,"TwoPole",77,51,5,0.7,1,"PairwiseSupport","multi-point",3,3,"one-point",1,"calibrated",3.2798833819241984,0.018713770604776813,3,2,,,,"",
123456,"TwoPole",78,51,5,0.7,1,"PairwiseSupport","multi-point",3,3,"one-point",1,"calibrated",2.3927685218007797,0.001946066447892775,3,3,,,,"",
123456,"TwoPole",79,51,5,0.7,1,"PairwiseSupport","multi-point",3,3,"one-point",1,"calibrated",4.974207811348563,0.020924349581632824,3,3,,,,"",
123456,"TwoPole",80,51,5,0.7,1,"PairwiseSupport","two-point",2,2,"one-point",1,"degenerate",,,,,1,3,2.3228044631474187,"SwitchDetected",3
123456,"TwoPole",81,51,5,0.7,1,"PairwiseSupport","multi-point",3,3,"one-point",1,"calibrated",4.3172369683402625,0.01673125627325533,3,3,,,,"",
123456,"TwoPole",82,51,5,0.7,1,"PairwiseSupport","multi-point",3,3,"one-point",1,"calibrated",3.9244186046511618,0.018149982321524413,3,3,,,,"",
123456,"TwoPole",83,51,5,0.7,1,"PairwiseSupport","multi-point",3,3,"one-point",1,"calibrated",3.5498290823034444,0.009344908179321557,3,3,,,,"",
123456,"TwoPole",84,51,5,0.7,1,"PairwiseSupport","multi-point",3,3,"one-point",1,"calibrated",2.6775089250297497,0.004180896776385124,3,3,,,,"",
123456,"TwoPole",85,51,5,0.7,1,"PairwiseSupport","multi-point",3,3,"one-point",1,"calibrated",3.9244186046511618,0.013428918512175595,3,3,,,,"",
123456,"TwoPole",86,51,5,0.7,1,"PairwiseSupport","multi-point",3,3,"one-point",1,"calibrated",2.119974874371859,0.0008850892222302955,3,3,,,,"",
123456,"TwoPole",87,51,5,0.7,1,"PairwiseSupport","multi-point",3,3,"one-point",1,"calibrated",6.620892594409023,0.025757271674561436,3,3,,,,"",
123456,"TwoPole",88,51,5,0.7,1,"PairwiseSupport","multi-point",3,3,"one-point",1,"calibrated",2.7388922702373706,0.007791391371218052,3,3,,,,"",
123456,"TwoPole",89,51,5,0.7,1,"PairwiseSupport","multi-point",3,3,"one-point",1,"calibrated",3.4151277510751323,0.012790429230975037,3,3,,,,"",
123456,"TwoPole",90,51,5,0.7,1,"PairwiseSupport","multi-point",3,3,"one-point",1,"calibrated",4.4598612487611495,0.014918601132554983,3,3,,,,"",
123456,"TwoPole",91,51,5,0.7,1,"PairwiseSupport","two-point",2,2,"one-point",1,"degenerate",,,,,1,3,2.7377597458749383,"SwitchDetected",3
123456,"TwoPole",92,51,5,0.7,1,"PairwiseSupport","multi-point",3,3,"one-point",1,"calibrated",4.249291784702549,0.01444908087206995,3,3,,,,"",
123456,"TwoPole",93,51,5,0.7,1,"PairwiseSupport","multi-point",3,3,"one-point",1,"calibrated",2.980790461470524,0.00689717018635558,3,3,,,,"",
123456,"TwoPole",94,51,5,0.7,1,"PairwiseSupport","multi-point",3,3,"one-point",1,"calibrated",3.057065217391304,0.010971161840247988,3,3,,,,"",
123456,"TwoPole",95,51,5,0.7,1,"PairwiseSupport","two-point",2,2,"one-point",1,"degenerate",,,,,1,3,1.9240084762531628,"SwitchDetected",3
123456,"TwoPole",96,51,5,0.7,1,"PairwiseSupport","multi-point",3,3,"one-point",1,"calibrated",2.7113878288813016,0.013013636375733136,3,3,,,,"",
123456,"TwoPole",97,51,5,0.7,1,"PairwiseSupport","multi-point",3,3,"one-point",1,"calibrated",2.5510204081632653,0.003931667374341197,3,3,,,,"",
123456,"TwoPole",98,51,5,0.7,1,"PairwiseSupport","multi-point",3,3,"one-point",1,"calibrated",2.6066808264143657,0.003041014874150469,3,3,,,,"",
123456,"TwoPole",99,51,5,0.7,1,"PairwiseSupport","multi-point",3,3,"one-point",1,"calibrated",3.4151277510751323,0.018371650798287065,3,3,,,,"",
123456,"TwoPole",100,51,5,0.7,1,"PairwiseSupport","multi-point",3,3,"one-point",1,"degenerate",,,,,1,3,1.9892391196791286,"SwitchDetected",3
123456,"TwoPole",101,51,5,0.7,1,"PairwiseSupport","multi-point",3,3,"one-point",1,"calibrated",2.6775089250297497,0.005818825686847314,3,3,,,,"",
123456,"TwoPole",102,51,5,0.7,1,"PairwiseSupport","two-point",2,2,"two-point",2,"degenerate",,,,,1,3,1.2195176414719364,"SwitchDetected",2
123456,"TwoPole",103,51,5,0.7,1,"PairwiseSupport","multi-point",3,3,"one-point",1,"degenerate",,,,,1,3,2.1312825289207393,"SwitchDetected",3
123456,"TwoPole",104,51,5,0.7,1,"PairwiseSupport","multi-point",3,3,"one-point",1,"calibrated",2.956636005256242,0.007986762729712868,3,3,,,,"",
123456,"TwoPole",105,51,5,0.7,1,"PairwiseSupport","multi-point",3,3,"one-point",1,"degenerate",,,,,1,3,2.1752594770959814,"SwitchDetected",3
123456,"TwoPole",106,51,5,0.7,1,"PairwiseSupport","two-point",2,2,"one-point",1,"degenerate",,,,,1,3,2.1556426914351556,"SwitchDetected",3
123456,"TwoPole",107,51,5,0.7,1,"PairwiseSupport","multi-point",3,3,"one-point",1,"calibrated",1.7660910518053372,0.001043104174976661,3,3,,,,"",
123456,"TwoPole",108,51,5,0.7,1,"PairwiseSupport","multi-point",3,3,"one-point",1,"calibrated",2.684430304235435,0.007271086365110535,3,3,,,,"",
123456,"TwoPole",109,51,5,0.7,1,"PairwiseSupport","two-point",2,2,"two-point",2,"degenerate",,,,,1,3,1.2456338855904587,"SwitchDetected",2
123456,"TwoPole",110,51,5,0.7,1,"PairwiseSupport","multi-point",3,3,"one-point",1,"calibrated",3.658536585365854,0.0206157251067794,3,3,,,,"",
123456,"TwoPole",111,51,5,0.7,1,"PairwiseSupport","multi-point",3,3,"one-point",1,"calibrated",2.9482419742301818,0.003877761008775665,3,3,,,,"",
123456,"TwoPole",112,51,5,0.7,1,"PairwiseSupport","multi-point",3,3,"one-point",1,"calibrated",4.3172369683402625,0.022511915490296824,3,3,,,,"",
123456,"TwoPole",113,51,5,0.7,1,"PairwiseSupport","multi-point",3,3,"one-point",1,"degenerate",,,,,1,3,1.8536725548074544,"SwitchDetected",3
123456,"TwoPole",114,51,5,0.7,1,"PairwiseSupport","multi-point",3,3,"one-point",1,"calibrated",2.435943702634428,0.004182825855081576,3,3,,,,"",
123456,"TwoPole",115,51,5,0.7,1,"PairwiseSupport","two-point",2,2,"two-point",2,"degenerate",,,,,1,3,1.127005289887958,"SwitchDetected",2
123456,"TwoPole",116,51,5,0.7,1,"PairwiseSupport","multi-point",3,3,"one-point",1,"calibrated",3.7996059667886293,0.009930075191992387,3,3,,,,"",
123456,"TwoPole",117,51,5,0.7,1,"PairwiseSupport","one-point",1,1,"one-point",1,"degenerate",,,,,2,2,,"NoSwitchDetected",
123456,"TwoPole",118,51,5,0.7,1,"PairwiseSupport","multi-point",3,3,"one-point",1,"calibrated",5.164498852333589,0.023194469172446375,3,3,,,,"",
123456,"TwoPole",119,51,5,0.7,1,"PairwiseSupport","multi-point",3,3,"one-point",1,"calibrated",3.2902754082378745,0.010106716873895428,3,3,,,,"",
123456,"TwoPole",120,51,5,0.7,1,"PairwiseSupport","two-point",2,2,"one-point",1,"degenerate",,,,,1,3,1.4663774306398507,"SwitchDetected",3
123456,"TwoPole",121,51,5,0.7,1,"PairwiseSupport","multi-point",3,3,"one-point",1,"calibrated",2.7113878288813016,0.0024093456452289634,3,3,,,,"",
123456,"TwoPole",122,51,5,0.7,1,"PairwiseSupport","multi-point",3,3,"one-point",1,"degenerate",,,,,1,3,2.4081536814774345,"SwitchDetected",3
123456,"TwoPole",123,51,5,0.7,1,"PairwiseSupport","multi-point",3,3,"one-point",1,"calibrated",2.3510971786833856,0.003438393972108961,3,3,,,,"",
123456,"TwoPole",124,51,5,0.7,1,"PairwiseSupport","multi-point",3,3,"one-point",1,"calibrated",3.057065217391304,0.013920584366574144,3,3,,,,"",
123456,"TwoPole",125,51,5,0.7,1,"PairwiseSupport","multi-point",3,3,"one-point",1,"calibrated",2.9246100519930676,0.010033854562784258,3,3,,,,"",
123456,"TwoPole",126,51,5,0.7,1,"PairwiseSupport","multi-point",3,3,"one-point",1,"calibrated",2.8852318871553755,0.005091685425501966,3,3,,,,"",
123456,"TwoPole",127,51,5,0.7,1,"PairwiseSupport","multi-point",3,3,"one-point",1,"calibrated",2.7113878288813016,0.00896494400378932,3,3,,,,"",
123456,"TwoPole",128,51,5,0.7,1,"PairwiseSupport","multi-point",3,4,"one-point",1,"calibrated",2.7113878288813016,0.0034421763285344686,3,3,,,,"",
123456,"TwoPole",129,51,5,0.7,1,"PairwiseSupport","two-point",2,2,"two-point",2,"degenerate",,,,,1,3,1.2773148944903514,"SwitchDetected",2
123456,"TwoPole",130,51,5,0.7,1,"PairwiseSupport","multi-point",3,3,"one-point",1,"calibrated",2.9163966299416724,0.00022496885592500349,3,3,,,,"",
123456,"TwoPole",131,51,5,0.7,1,"PairwiseSupport","multi-point",3,3,"one-point",1,"calibrated",3.458877786318216,0.015137589941203775,3,3,,,,"",
123456,"TwoPole",132,51,5,0.7,1,"PairwiseSupport","multi-point",3,3,"one-point",1,"calibrated",2.600154083204931,0.001892769561698745,3,3,,,,"",
123456,"TwoPole",133,51,5,0.7,1,"PairwiseSupport","two-point",2,2,"two-point",2,"degenerate",,,,,1,3,1.0685008917489056,"SwitchDetected",2
123456,"TwoPole",134,51,5,0.7,1,"PairwiseSupport","multi-point",3,3,"one-point",1,"calibrated",3.9244186046511618,0.022178735324305653,3,3,,,,"",
123456,"TwoPole",135,51,5,0.7,1,"PairwiseSupport","multi-point",3,3,"one-point",1,"calibrated",4.387390315242119,0.016704774988962126,3,3,,,,"",
123456,"TwoPole",136,51,5,0.7,1,"PairwiseSupport","multi-point",3,3,"one-point",1,"calibrated",2.956636005256242,0.01236125958279048,3,3,,,,"",
123456,"TwoPole",137,51,5,0.7,1,"PairwiseSupport","two-point",2,2,"one-point",1,"degenerate",,,,,2,3,3.2068270341155984,"SwitchDetected",3
123456,"TwoPole",138,51,5,0.7,1,"PairwiseSupport","multi-point",3,3,"one-point",1,"calibrated",8.403361344537814,0.025407380987873495,3,3,,,,"",
123456,"TwoPole",139,51,5,0.7,1,"PairwiseSupport","two-point",2,2,"one-point",1,"degenerate",,,,,1,3,1.8102987258078058,"SwitchDetected",3
123456,"TwoPole",140,51,5,0.7,1,"PairwiseSupport","multi-point",3,3,"one-point",1,"calibrated",3.0228392297357813,0.004615092535255508,3,3,,,,"",
123456,"TwoPole",141,51,5,0.7,1,"PairwiseSupport","multi-point",3,3,"one-point",1,"degenerate",,,,,1,3,2.5912252767826045,"SwitchDetected",3
123456,"TwoPole",142,51,5,0.7,1,"PairwiseSupport","multi-point",3,3,"one-point",1,"calibrated",5.0675675675675675,0.019136302663613453,3,3,,,,"",
123456,"TwoPole",143,51,5,0.7,1,"PairwiseSupport","two-point",2,2,"one-point",1,"degenerate",,,,,1,3,1.7868716086834064,"SwitchDetected",3
123456,"TwoPole",144,51,5,0.7,1,"PairwiseSupport","multi-point",3,3,"one-point",1,"degenerate",,,,,1,3,2.00001159674693,"SwitchDetected",3
123456,"TwoPole",145,51,5,0.7,1,"PairwiseSupport","multi-point",3,3,"one-point",1,"calibrated",3.4151277510751323,0.014807044331120537,3,3,,,,"",
123456,"TwoPole",146,51,5,0.7,1,"PairwiseSupport","multi-point",3,3,"one-point",1,"calibrated",4.103343465045592,0.0197161805932915,3,3,,,,"",
123456,"TwoPole",147,51,5,0.7,1,"PairwiseSupport","multi-point",3,3,"one-point",1,"calibrated",5.0675675675675675,0.020103570713536804,3,3,,,,"",
123456,"TwoPole",148,51,5,0.7,1,"PairwiseSupport","multi-point",3,3,"one-point",1,"calibrated",2.8852318871553755,0.00717356233512917,3,3,,,,"",
123456,"TwoPole",149,51,5,0.7,1,"PairwiseSupport","multi-point",3,3,"one-point",1,"calibrated",2.458120903131828,0.0064839328037256255,3,3,,,,"",
123456,"TwoPole",150,51,5,0.7,1,"PairwiseSupport","multi-point",3,3,"one-point",1,"calibrated",4.103343465045592,0.022188809520848566,3,3,,,,"",
123456,"TwoPole",151,51,5,0.7,1,"PairwiseSupport","multi-point",3,3,"one-point",1,"calibrated",1.8508363038113516,0.0020290595775483834,3,2,,,,"",
123456,"TwoPole",152,51,5,0.7,1,"PairwiseSupport","multi-point",3,3,"one-point",1,"calibrated",3.760445682451253,0.01754120482152181,3,3,,,,"",
123456,"TwoPole",153,51,5,0.7,1,"PairwiseSupport","multi-point",3,3,"one-point",1,"calibrated",8.22669104204753,0.025128003552876678,3,3,,,,"",
123456,"TwoPole",154,51,5,0.7,1,"PairwiseSupport","multi-point",3,3,"one-point",1,"calibrated",3.5037633013236436,0.005819438166386906,3,3,,,,"",
123456,"TwoPole",155,51,5,0.7,1,"PairwiseSupport","multi-point",3,3,"one-point",1,"degenerate",,,,,1,3,2.2024006758832155,"SwitchDetected",3
123456,"TwoPole",156,51,5,0.7,1,"PairwiseSupport","multi-point",3,3,"one-point",1,"degenerate",,,,,1,3,2.326502734180307,"SwitchDetected",3
123456,"TwoPole",157,51,5,0.7,1,"PairwiseSupport","multi-point",3,3,"one-point",1,"calibrated",4.2993630573248405,0.013348349142098734,3,3,,,,"",
123456,"TwoPole",158,51,5,0.7,1,"PairwiseSupport","multi-point",3,3,"one-point",1,"calibrated",4.249291784702549,0.022468847685208862,3,3,,,,"",
123456,"TwoPole",159,51,5,0.7,1,"PairwiseSupport","two-point",2,2,"one-point",1,"degenerate",,,,,1,3,1.622800425212538,"SwitchDetected",3
123456,"TwoPole",160,51,5,0.7,1,"PairwiseSupport","multi-point",3,3,"one-point",1,"calibrated",5.164498852333589,0.020239911269121075,3,3,,,,"",
123456,"TwoPole",161,51,5,0.7,1,"PairwiseSupport","multi-point",3,3,"one-point",1,"calibrated",2.5271433919880195,0.007208756314177267,3,3,,,,"",
123456,"TwoPole",162,51,5,0.7,1,"PairwiseSupport","two-point",2,2,"two-point",2,"degenerate",,,,,1,3,1.273037825750228,"SwitchDetected",2
123456,"TwoPole",163,51,5,0.7,1,"PairwiseSupport","multi-point",3,3,"one-point",1,"calibrated",2.854726157750053,0.0035839690195335772,3,3,,,,"",
123456,"TwoPole",164,51,5,0.7,1,"PairwiseSupport","two-point",2,2,"two-point",2,"degenerate",,,,,1,3,1.1260009030549234,"SwitchDetected",2
123456,"TwoPole",165,51,5,0.7,1,"PairwiseSupport","multi-point",3,3,"one-point",1,"calibrated",4.534766543500169,0.01753325653843246,3,3,,,,"",
123456,"TwoPole",166,51,5,0.7,1,"PairwiseSupport","multi-point",3,3,"one-point",1,"degenerate",,,,,1,3,1.8582026052150238,"SwitchDetected",3
123456,"TwoPole",167,51,5,0.7,1,"PairwiseSupport","multi-point",3,3,"one-point",1,"calibrated",2.632092025736011,0.005831697936779331,3,3,,,,"",
123456,"TwoPole",168,51,5,0.7,1,"PairwiseSupport","multi-point",3,3,"one-point",1,"calibrated",3.658536585365854,0.01221769194972498,3,3,,,,"",
123456,"TwoPole",169,51,5,0.7,1,"PairwiseSupport","multi-point",3,3,"one-point",1,"calibrated",6.346967559943582,0.02643790101390152,3,3,,,,"",
123456,"TwoPole",170,51,5,0.7,1,"PairwiseSupport","multi-point",3,3,"one-point",1,"calibrated",6.2183325656379544,0.02744868036744377,3,3,,,,"",
123456,"TwoPole",171,51,5,0.7,1,"PairwiseSupport","multi-point",3,3,"one-point",1,"calibrated",2.371749824314828,0.0037108896339407152,3,3,,,,"",
123456,"TwoPole",172,51,5,0.7,1,"PairwiseSupport","two-point",2,2,"one-point",1,"degenerate",,,,,1,2,1.365998119084621,"SwitchDetected",2
123456,"TwoPole",173,51,5,0.7,1,"PairwiseSupport","two-point",2,2,"one-point",1,"degenerate",,,,,1,3,2.0944643833033454,"SwitchDetected",3
123456,"TwoPole",174,51,5,0.7,1,"PairwiseSupport","multi-point",3,3,"one-point",1,"calibrated",3.057065217391304,0.005458520270342274,3,3,,,,"",
123456,"TwoPole",175,51,5,0.7,1,"PairwiseSupport","multi-point",3,3,"one-point",1,"degenerate",,,,,1,3,1.8788333664934889,"SwitchDetected",3
123456,"TwoPole",176,51,5,0.7,1,"PairwiseSupport","multi-point",3,3,"one-point",1,"calibrated",2.8932704672096015,0.008525277068667805,3,3,,,,"",
123456,"TwoPole",177,51,5,0.7,1,"PairwiseSupport","multi-point",3,3,"one-point",1,"calibrated",2.6066808264143657,0.008578662487962376,3,3,,,,"",
123456,"TwoPole",178,51,5,0.7,1,"PairwiseSupport","multi-point",3,3,"one-point",1,"calibrated",2.8325639949643304,0.003331121293777605,3,3,,,,"",
123456,"TwoPole",179,51,5,0.7,1,"PairwiseSupport","multi-point",3,3,"one-point",1,"degenerate",,,,,1,3,2.010444272721723,"SwitchDetected",3
123456,"TwoPole",180,51,5,0.7,1,"PairwiseSupport","multi-point",3,3,"one-point",1,"calibrated",2.039891205802357,0.0012400660870367786,3,3,,,,"",
123456,"TwoPole",181,51,5,0.7,1,"PairwiseSupport","multi-point",3,3,"one-point",1,"calibrated",3.2119914346895073,0.013146661541926367,3,3,,,,"",
123456,"TwoPole",182,51,5,0.7,1,"PairwiseSupport","multi-point",3,3,"one-point",1,"calibrated",4.04191616766467,0.016431436789975287,3,3,,,,"",
123456,"TwoPole",183,51,5,0.7,1,"PairwiseSupport","multi-point",3,3,"one-point",1,"calibrated",3.597122302158273,0.010909438789767929,3,3,,,,"",
123456,"TwoPole",184,51,5,0.7,1,"PairwiseSupport","multi-point",3,3,"one-point",1,"calibrated",6.7669172932330826,0.024289204149195293,3,3,,,,"",
123456,"TwoPole",185,51,5,0.7,1,"PairwiseSupport","two-point",2,2,"one-point",1,"degenerate",,,,,1,3,2.064309333931392,"SwitchDetected",3
123456,"TwoPole",186,51,5,0.7,1,"PairwiseSupport","multi-point",3,3,"one-point",1,"calibrated",2.862595419847328,0.013130674800789973,3,3,,,,"",
123456,"TwoPole",187,51,5,0.7,1,"PairwiseSupport","multi-point",3,3,"one-point",1,"calibrated",2.7669604427136707,0.003600131503973259,3,3,,,,"",
123456,"TwoPole",188,51,5,0.7,1,"PairwiseSupport","multi-point",3,3,"one-point",1,"calibrated",3.9823008849557513,0.01599096927673942,3,3,,,,"",
123456,"TwoPole",189,51,5,0.7,1,"PairwiseSupport","multi-point",3,3,"one-point",1,"calibrated",2.009526644834772,0.0011013544763531782,3,3,,,,"",
123456,"TwoPole",190,51,5,0.7,1,"PairwiseSupport","multi-point",3,3,"one-point",1,"calibrated",3.3615537848605572,0.00672737837415147,3,3,,,,"",
123456,"TwoPole",191,51,5,0.7,1,"PairwiseSupport","multi-point",3,3,"one-point",1,"calibrated",2.1933387489845653,0.00909148218428142,3,3,,,,"",
123456,"TwoPole",192,51,5,0.7,1,"PairwiseSupport","multi-point",3,3,"one-point",1,"degenerate",,,,,1,3,2.3100002255859597,"SwitchDetected",3
123456,"TwoPole",193,51,5,0.7,1,"PairwiseSupport","two-point",2,2,"one-point",1,"degenerate",,,,,1,3,1.8152462850132773,"SwitchDetected",3
123456,"TwoPole",194,51,5,0.7,1,"PairwiseSupport","multi-point",3,3,"one-point",1,"calibrated",3.695592663564194,0.017392136669993865,3,3,,,,"",
123456,"TwoPole",195,51,5,0.7,1,"PairwiseSupport","multi-point",3,3,"one-point",1,"calibrated",2.581755593803787,0.008396568851482128,3,3,,,,"",
123456,"TwoPole",196,51,5,0.7,1,"PairwiseSupport","multi-point",3,3,"one-point",1,"calibrated",5.164498852333589,0.03532421648943411,3,3,,,,"",
123456,"TwoPole",197,51,5,0.7,1,"PairwiseSupport","multi-point",3,3,"one-point",1,"calibrated",2.824858757062147,0.007818554773810951,3,3,,,,"",
123456,"TwoPole",198,51,5,0.7,1,"PairwiseSupport","multi-point",3,3,"one-point",1,"calibrated",2.9807904614705234,0.008036404509597347,3,3,,,,"",
123456,"TwoPole",199,51,5,0.7,1,"PairwiseSupport","multi-point",3,3,"one-point",1,"calibrated",3.240518482957273,0.0019140769481633966,3,3,,,,"",
123456,"TwoPole",200,51,5,0.7,1,"PairwiseSupport","multi-point",3,3,"one-point",1,"calibrated",2.956636005256242,0.00799008696152155,3,3,,,,"",
123456,"TwoPole",1,51,5,0.7,2,"PairwiseSupport","multi-point",3,3,"one-point",1,"calibrated",2.2066034651847004,0.002499145559647073,3,2,,,,"",
123456,"TwoPole",2,51,5,0.7,2,"PairwiseSupport","one-point",1,1,"one-point",1,"degenerate",,,,,2,2,,"NoSwitchDetected",
123456,"TwoPole",3,51,5,0.7,2,"PairwiseSupport","multi-point",3,3,"one-point",1,"calibrated",5.478896103896105,0.020345719939673695,3,3,,,,"",
123456,"TwoPole",4,51,5,0.7,2,"PairwiseSupport","multi-point",3,3,"one-point",1,"calibrated",5.164498852333589,0.011008397817287671,3,3,,,,"",
123456,"TwoPole",5,51,5,0.7,2,"PairwiseSupport","multi-point",3,3,"one-point",1,"calibrated",5.834053586862576,0.007643024248238609,3,3,,,,"",
123456,"TwoPole",6,51,5,0.7,2,"PairwiseSupport","two-point",2,2,"one-point",1,"degenerate",,,,,1,2,1.082689555752994,"SwitchDetected",2
123456,"TwoPole",7,51,5,0.7,2,"PairwiseSupport","multi-point",3,3,"one-point",1,"calibrated",6.481036965914546,0.007869455854032106,3,3,,,,"",
123456,"TwoPole",8,51,5,0.7,2,"PairwiseSupport","multi-point",3,3,"two-point",2,"calibrated",4.692387904066736,0.010892670930511108,3,3,,,,"",
123456,"TwoPole",9,51,5,0.7,2,"PairwiseSupport","one-point",1,1,"one-point",1,"degenerate",,,,,3,3,,"NoSwitchDetected",
123456,"TwoPole",10,51,5,0.7,2,"PairwiseSupport","two-point",2,2,"one-point",1,"degenerate",,,,,1,2,1.980237510054383,"SwitchDetected",2
123456,"TwoPole",11,51,5,0.7,2,"PairwiseSupport","two-point",2,2,"one-point",1,"degenerate",,,,,1,2,1.6565064436826735,"SwitchDetected",2
123456,"TwoPole",12,51,5,0.7,2,"PairwiseSupport","two-point",2,2,"one-point",1,"degenerate",,,,,1,3,2.212375339522781,"SwitchDetected",3
123456,"TwoPole",13,51,5,0.7,2,"PairwiseSupport","two-point",2,2,"two-point",2,"degenerate",,,,,1,3,1.66092715500331,"SwitchDetected",2
123456,"TwoPole",14,51,5,0.7,2,"PairwiseSupport","multi-point",3,3,"one-point",1,"calibrated",7.936507936507937,0.014502096643637065,3,3,,,,"",
123456,"TwoPole",15,51,5,0.7,2,"PairwiseSupport","multi-point",3,3,"one-point",1,"calibrated",5.834053586862576,0.005225178040341446,3,3,,,,"",
123456,"TwoPole",16,51,5,0.7,2,"PairwiseSupport","two-point",2,2,"one-point",1,"degenerate",,,,,1,2,2.753460732429966,"SwitchDetected",2
123456,"TwoPole",17,51,5,0.7,2,"PairwiseSupport","multi-point",3,3,"one-point",1,"calibrated",3.3308660251665434,0.005903673097378519,3,3,,,,"",
123456,"TwoPole",18,51,5,0.7,2,"PairwiseSupport","two-point",2,2,"one-point",1,"degenerate",,,,,1,2,1.8785183163848382,"SwitchDetected",2
123456,"TwoPole",19,51,5,0.7,2,"PairwiseSupport","multi-point",3,3,"one-point",1,"calibrated",5.478896103896104,0.014602426027288031,3,3,,,,"",
123456,"TwoPole",20,51,5,0.7,2,"PairwiseSupport","one-point",1,1,"one-point",1,"degenerate",,,,,1,1,,"NoSwitchDetected",
123456,"TwoPole",21,51,5,0.7,2,"PairwiseSupport","multi-point",3,3,"one-point",1,"calibrated",4.166666666666666,0.00817453966374061,3,3,,,,"",
123456,"TwoPole",22,51,5,0.7,2,"PairwiseSupport","multi-point",3,3,"one-point",1,"calibrated",7.364975450081833,0.007305705158345957,3,3,,,,"",
123456,"TwoPole",23,51,5,0.7,2,"PairwiseSupport","two-point",2,2,"one-point",1,"degenerate",,,,,2,3,5.102043199520439,"SwitchDetected",3
123456,"TwoPole",24,51,5,0.7,2,"PairwiseSupport","multi-point",3,3,"one-point",1,"degenerate",,,,,1,3,2.6317670539195808,"SwitchDetected",3
123456,"TwoPole",25,51,5,0.7,2,"PairwiseSupport","two-point",2,2,"two-point",2,"degenerate",,,,,1,3,2.027961835847605,"SwitchDetected",2
123456,"TwoPole",26,51,5,0.7,2,"PairwiseSupport","two-point",2,2,"one-point",1,"degenerate",,,,,1,2,1.9301078087256565,"SwitchDetected",2
123456,"TwoPole",27,51,5,0.7,2,"PairwiseSupport","two-point",2,2,"one-point",1,"degenerate",,,,,1,2,1.6406407050429122,"SwitchDetected",2
123456,"TwoPole",28,51,5,0.7,2,"PairwiseSupport","two-point",2,2,"one-point",1,"degenerate",,,,,1,2,1.1625514257291136,"SwitchDetected",2
123456,"TwoPole",29,51,5,0.7,2,"PairwiseSupport","multi-point",3,3,"one-point",1,"calibrated",7.736389684813753,0.0062338438729314695,3,3,,,,"",
123456,"TwoPole",30,51,5,0.7,2,"PairwiseSupport","multi-point",3,3,"one-point",1,"calibrated",5.710659898477157,0.014324316418019763,3,3,,,,"",
123456,"TwoPole",31,51,5,0.7,2,"PairwiseSupport","multi-point",3,3,"one-point",1,"calibrated",3.3615537848605572,0.008296343660780317,3,3,,,,"",
123456,"TwoPole",32,51,5,0.7,2,"PairwiseSupport","multi-point",3,3,"one-point",1,"degenerate",,,,,1,3,1.5778051809290115,"SwitchDetected",3
123456,"TwoPole",33,51,5,0.7,2,"PairwiseSupport","two-point",2,2,"one-point",1,"degenerate",,,,,1,2,2.169642354639326,"SwitchDetected",2
123456,"TwoPole",34,51,5,0.7,2,"PairwiseSupport","multi-point",3,3,"one-point",1,"calibrated",4.534766543500168,0.011652339545523124,3,3,,,,"",
123456,"TwoPole",35,51,5,0.7,2,"PairwiseSupport","one-point",1,1,"one-point",1,"degenerate",,,,,2,2,,"NoSwitchDetected",
123456,"TwoPole",36,51,5,0.7,2,"PairwiseSupport","two-point",2,2,"one-point",1,"degenerate",,,,,1,2,1.6505675714951693,"SwitchDetected",2
123456,"TwoPole",37,51,5,0.7,2,"PairwiseSupport","multi-point",3,3,"one-point",1,"calibrated",4.612230953194397,0.018711967165810094,3,3,,,,"",
123456,"TwoPole",38,51,5,0.7,2,"PairwiseSupport","two-point",2,2,"one-point",1,"degenerate",,,,,1,2,1.5114046058450235,"SwitchDetected",2
123456,"TwoPole",39,51,5,0.7,2,"PairwiseSupport","two-point",2,2,"one-point",1,"degenerate",,,,,1,2,1.7453907048144186,"SwitchDetected",2
123456,"TwoPole",40,51,5,0.7,2,"PairwiseSupport","multi-point",3,3,"one-point",1,"calibrated",5.265210608424336,0.0027541570230110862,3,3,,,,"",
123456,"TwoPole",41,51,5,0.7,2,"PairwiseSupport","multi-point",3,3,"one-point",1,"degenerate",,,,,1,3,2.3697112601421266,"SwitchDetected",3
123456,"TwoPole",42,51,5,0.7,2,"PairwiseSupport","multi-point",3,3,"one-point",1,"calibrated",5.138941758660068,0.0093975211702996,3,3,,,,"",
123456,"TwoPole",43,51,5,0.7,2,"PairwiseSupport","multi-point",3,3,"one-point",1,"calibrated",3.9823008849557513,0.003613782375924843,3,3,,,,"",
123456,"TwoPole",44,51,5,0.7,2,"PairwiseSupport","multi-point",3,3,"one-point",1,"calibrated",6.2183325656379544,0.008173897682404549,3,3,,,,"",
123456,"TwoPole",45,51,5,0.7,2,"PairwiseSupport","multi-point",3,3,"one-point",1,"degenerate",,,,,1,3,2.6146095938969034,"SwitchDetected",3
123456,"TwoPole",46,51,5,0.7,2,"PairwiseSupport","two-point",2,2,"one-point",1,"degenerate",,,,,1,3,8.437054240412792,"SwitchDetected",3
123456,"TwoPole",47,51,5,0.7,2,"PairwiseSupport","two-point",2,2,"one-point",1,"degenerate",,,,,1,2,1.519206830125434,"SwitchDetected",2
123456,"TwoPole",48,51,5,0.7,2,"PairwiseSupport","two-point",2,2,"one-point",1,"degenerate",,,,,1,3,2.067051757668965,"SwitchDetected",3
123456,"TwoPole",49,51,5,0.7,2,"PairwiseSupport","multi-point",3,3,"one-point",1,"calibrated",8.681672025723472,0.0010081597214771786,3,3,,,,"",
123456,"TwoPole",50,51,5,0.7,2,"PairwiseSupport","two-point",2,2,"one-point",1,"degenerate",,,,,1,2,1.10534380499965,"SwitchDetected",2
123456,"TwoPole",51,51,5,0.7,2,"PairwiseSupport","multi-point",3,3,"one-point",1,"calibrated",5.834053586862576,0.00345955471066972,3,3,,,,"",
123456,"TwoPole",52,51,5,0.7,2,"PairwiseSupport","multi-point",3,3,"one-point",1,"calibrated",2.6066808264143657,0.008176366784319544,3,3,,,,"",
123456,"TwoPole",53,51,5,0.7,2,"PairwiseSupport","two-point",2,2,"one-point",1,"degenerate",,,,,1,2,2.859346804002807,"SwitchDetected",2
123456,"TwoPole",54,51,5,0.7,2,"PairwiseSupport","multi-point",3,3,"one-point",1,"calibrated",7.364975450081833,0.010978475509806893,3,3,,,,"",
123456,"TwoPole",55,51,5,0.7,2,"PairwiseSupport","two-point",2,2,"one-point",1,"degenerate",,,,,1,2,1.9248459500578607,"SwitchDetected",2
123456,"TwoPole",56,51,5,0.7,2,"PairwiseSupport","multi-point",3,3,"one-point",1,"calibrated",6.346967559943582,0.011477912891116967,3,3,,,,"",
123456,"TwoPole",57,51,5,0.7,2,"PairwiseSupport","multi-point",3,3,"one-point",1,"calibrated",4.041916167664669,0.009788896730167347,3,3,,,,"",
123456,"TwoPole",58,51,5,0.7,2,"PairwiseSupport","two-point",2,2,"one-point",1,"degenerate",,,,,1,2,1.7914243649677255,"SwitchDetected",2
123456,"TwoPole",59,51,5,0.7,2,"PairwiseSupport","multi-point",3,3,"one-point",1,"calibrated",5.834053586862576,0.012637056038795998,3,3,,,,"",
123456,"TwoPole",60,51,5,0.7,2,"PairwiseSupport","multi-point",3,3,"one-point",1,"calibrated",6.385998107852411,0.0039831185584253415,3,3,,,,"",
123456,"TwoPole",61,51,5,0.7,2,"PairwiseSupport","two-point",2,2,"one-point",1,"degenerate",,,,,1,3,3.4406416343047774,"SwitchDetected",3
123456,"TwoPole",62,51,5,0.7,2,"PairwiseSupport","multi-point",3,3,"one-point",1,"degenerate",,,,,1,3,3.3326908926145937,"SwitchDetected",3
123456,"TwoPole",63,51,5,0.7,2,"PairwiseSupport","multi-point",3,3,"one-point",1,"calibrated",7.246376811594202,0.011114735474099469,3,3,,,,"",
123456,"TwoPole",64,51,5,0.7,2,"PairwiseSupport","two-point",2,2,"one-point",1,"degenerate",,,,,1,2,1.4423004974633857,"SwitchDetected",2
123456,"TwoPole",65,51,5,0.7,2,"PairwiseSupport","two-point",2,2,"one-point",1,"degenerate",,,,,1,2,1.1778216697189339,"SwitchDetected",2
123456,"TwoPole",66,51,5,0.7,2,"PairwiseSupport","two-point",2,2,"one-point",1,"degenerate",,,,,1,2,1.0670014939583905,"SwitchDetected",2
123456,"TwoPole",67,51,5,0.7,2,"PairwiseSupport","multi-point",3,3,"one-point",1,"calibrated",8.78048780487805,0.010178102085012894,3,3,,,,"",
123456,"TwoPole",68,51,5,0.7,2,"PairwiseSupport","multi-point",3,3,"one-point",1,"calibrated",4.4598612487611495,0.016862292751328823,3,3,,,,"",
123456,"TwoPole",69,51,5,0.7,2,"PairwiseSupport","two-point",2,2,"one-point",1,"degenerate",,,,,1,2,2.214941527247066,"SwitchDetected",2
123456,"TwoPole",70,51,5,0.7,2,"PairwiseSupport","multi-point",3,3,"one-point",1,"degenerate",,,,,1,3,2.123445349698102,"SwitchDetected",3
123456,"TwoPole",71,51,5,0.7,2,"PairwiseSupport","two-point",2,2,"two-point",2,"degenerate",,,,,1,3,1.283971031500745,"SwitchDetected",2
123456,"TwoPole",72,51,5,0.7,2,"PairwiseSupport","multi-point",3,3,"one-point",1,"calibrated",6.873727087576374,0.01369311301874432,3,3,,,,"",
123456,"TwoPole",73,51,5,0.7,2,"PairwiseSupport","multi-point",3,3,"one-point",1,"calibrated",3.0920751259734307,0.008462687599378002,3,3,,,,"",
123456,"TwoPole",74,51,5,0.7,2,"PairwiseSupport","multi-point",3,3,"one-point",1,"calibrated",3.0920751259734307,0.0004611759623910219,3,3,,,,"",
123456,"TwoPole",75,51,5,0.7,2,"PairwiseSupport","multi-point",3,3,"one-point",1,"calibrated",2.824858757062147,0.008096985398895362,3,3,,,,"",
123456,"TwoPole",76,51,5,0.7,2,"PairwiseSupport","multi-point",3,3,"one-point",1,"calibrated",3.0228392297357813,0.0021853595218314383,3,3,,,,"",
123456,"TwoPole",77,51,5,0.7,2,"PairwiseSupport","multi-point",3,3,"one-point",1,"degenerate",,,,,1,3,2.1218365982493945,"SwitchDetected",3
123456,"TwoPole",78,51,5,0.7,2,"PairwiseSupport","multi-point",3,3,"one-point",1,"calibrated",3.1278962001853565,0.0025897274356471993,3,3,,,,"",
123456,"TwoPole",79,51,5,0.7,2,"PairwiseSupport","multi-point",3,3,"one-point",1,"calibrated",3.658536585365854,0.007357311491290373,3,3,,,,"",
123456,"TwoPole",80,51,5,0.7,2,"PairwiseSupport","two-point",2,2,"one-point",1,"degenerate",,,,,1,2,1.108530283972928,"SwitchDetected",2
123456,"TwoPole",81,51,5,0.7,2,"PairwiseSupport","two-point",2,2,"one-point",1,"degenerate",,,,,1,2,1.627326450337069,"SwitchDetected",2
123456,"TwoPole",82,51,5,0.7,2,"PairwiseSupport","two-point",2,2,"one-point",1,"degenerate",,,,,1,2,1.1432915793023333,"SwitchDetected",2
123456,"TwoPole",83,51,5,0.7,2,"PairwiseSupport","multi-point",3,3,"one-point",1,"calibrated",11.042944785276074,0.0019482406297128543,3,3,,,,"",
123456,"TwoPole",84,51,5,0.7,2,"PairwiseSupport","two-point",2,2,"two-point",2,"degenerate",,,,,1,3,1.2123207722033436,"SwitchDetected",2
123456,"TwoPole",85,51,5,0.7,2,"PairwiseSupport","two-point",2,2,"one-point",1,"degenerate",,,,,1,2,1.3810869315997816,"SwitchDetected",2
123456,"TwoPole",86,51,5,0.7,2,"PairwiseSupport","two-point",2,2,"two-point",2,"degenerate",,,,,1,3,1.2402922378024177,"SwitchDetected",2
123456,"TwoPole",87,51,5,0.7,2,"PairwiseSupport","multi-point",3,3,"one-point",1,"calibrated",7.736389684813753,0.006904746750521523,3,3,,,,"",
123456,"TwoPole",88,51,5,0.7,2,"PairwiseSupport","one-point",1,1,"one-point",1,"degenerate",,,,,2,2,,"NoSwitchDetected",
123456,"TwoPole",89,51,5,0.7,2,"PairwiseSupport","multi-point",3,3,"one-point",1,"degenerate",,,,,1,3,2.115132999444236,"SwitchDetected",3
123456,"TwoPole",90,51,5,0.7,2,"PairwiseSupport","two-point",2,2,"two-point",2,"degenerate",,,,,1,3,1.7627477519156325,"SwitchDetected",2
123456,"TwoPole",91,51,5,0.7,2,"PairwiseSupport","two-point",2,2,"two-point",2,"degenerate",,,,,1,2,1.3004054440984996,"SwitchDetected",2
123456,"TwoPole",92,51,5,0.7,2,"PairwiseSupport","two-point",2,2,"one-point",1,"degenerate",,,,,1,3,1.9228196347299913,"SwitchDetected",3
123456,"TwoPole",93,51,5,0.7,2,"PairwiseSupport","multi-point",3,3,"one-point",1,"degenerate",,,,,1,3,2.2937614909449695,"SwitchDetected",3
123456,"TwoPole",94,51,5,0.7,2,"PairwiseSupport","two-point",2,2,"two-point",2,"degenerate",,,,,1,2,1.0821666251926396,"SwitchDetected",2
123456,"TwoPole",95,51,5,0.7,2,"PairwiseSupport","multi-point",3,3,"one-point",1,"calibrated",4.612230953194397,0.007171554300395539,3,3,,,,"",
123456,"TwoPole",96,51,5,0.7,2,"PairwiseSupport","multi-point",3,3,"one-point",1,"degenerate",,,,,1,3,3.050630807852061,"SwitchDetected",3
123456,"TwoPole",97,51,5,0.7,2,"PairwiseSupport","multi-point",3,3,"one-point",1,"degenerate",,,,,1,3,1.4922650910931567,"SwitchDetected",3
123456,"TwoPole",98,51,5,0.7,2,"PairwiseSupport","multi-point",3,3,"one-point",1,"degenerate",,,,,1,3,2.2608638655404207,"SwitchDetected",3
123456,"TwoPole",99,51,5,0.7,2,"PairwiseSupport","multi-point",3,3,"one-point",1,"calibrated",5.710659898477157,0.008748889115298116,3,3,,,,"",
123456,"TwoPole",100,51,5,0.7,2,"PairwiseSupport","one-point",1,1,"one-point",1,"degenerate",,,,,2,2,,"NoSwitchDetected",
123456,"TwoPole",101,51,5,0.7,2,"PairwiseSupport","two-point",2,2,"one-point",1,"degenerate",,,,,1,2,1.7800385580861977,"SwitchDetected",2
123456,"TwoPole",102,51,5,0.7,2,"PairwiseSupport","one-point",1,1,"one-point",1,"degenerate",,,,,2,2,,"NoSwitchDetected",
123456,"TwoPole",103,51,5,0.7,2,"PairwiseSupport","two-point",2,2,"one-point",1,"degenerate",,,,,1,2,1.691710448433885,"SwitchDetected",2
123456,"TwoPole",104,51,5,0.7,2,"PairwiseSupport","multi-point",3,3,"one-point",1,"degenerate",,,,,1,3,2.125190918907701,"SwitchDetected",3
123456,"TwoPole",105,51,5,0.7,2,"PairwiseSupport","one-point",1,1,"one-point",1,"degenerate",,,,,1,1,,"NoSwitchDetected",
123456,"TwoPole",106,51,5,0.7,2,"PairwiseSupport","multi-point",3,3,"one-point",1,"degenerate",,,,,1,3,2.294450514882454,"SwitchDetected",3
123456,"TwoPole",107,51,5,0.7,2,"PairwiseSupport","two-point",2,2,"one-point",1,"degenerate",,,,,1,2,1.9822931758855686,"SwitchDetected",2
123456,"TwoPole",108,51,5,0.7,2,"PairwiseSupport","multi-point",3,3,"one-point",1,"calibrated",9.193054136874363,0.014090129924393168,3,3,,,,"",
123456,"TwoPole",109,51,5,0.7,2,"PairwiseSupport","multi-point",3,3,"one-point",1,"degenerate",,,,,1,3,2.3786001479366186,"SwitchDetected",3
123456,"TwoPole",110,51,5,0.7,2,"PairwiseSupport","multi-point",3,3,"one-point",1,"calibrated",5.138941758660068,0.005192139398020047,3,3,,,,"",
123456,"TwoPole",111,51,5,0.7,2,"PairwiseSupport","two-point",2,2,"one-point",1,"degenerate",,,,,1,2,2.469338618457493,"SwitchDetected",2
123456,"TwoPole",112,51,5,0.7,2,"PairwiseSupport","two-point",2,2,"one-point",1,"degenerate",,,,,1,2,1.5910260073613114,"SwitchDetected",2
123456,"TwoPole",113,51,5,0.7,2,"PairwiseSupport","multi-point",3,3,"one-point",1,"calibrated",4.534766543500169,0.007052238234695905,3,3,,,,"",
123456,"TwoPole",114,51,5,0.7,2,"PairwiseSupport","multi-point",3,3,"one-point",1,"calibrated",4.4598612487611495,0.012574035534284546,3,3,,,,"",
123456,"TwoPole",115,51,5,0.7,2,"PairwiseSupport","multi-point",3,3,"one-point",1,"degenerate",,,,,1,3,1.8682429206119344,"SwitchDetected",3
123456,"TwoPole",116,51,5,0.7,2,"PairwiseSupport","multi-point",3,3,"one-point",1,"calibrated",6.2183325656379544,0.0035632471995082076,3,3,,,,"",
123456,"TwoPole",117,51,5,0.7,2,"PairwiseSupport","multi-point",3,3,"one-point",1,"calibrated",4.612230953194397,0.0064230297472167444,3,3,,,,"",
123456,"TwoPole",118,51,5,0.7,2,"PairwiseSupport","multi-point",3,3,"one-point",1,"calibrated",3.9244186046511618,0.002248360349269674,3,3,,,,"",
123456,"TwoPole",119,51,5,0.7,2,"PairwiseSupport","two-point",2,2,"one-point",1,"degenerate",,,,,1,2,1.3003148803276183,"SwitchDetected",2
123456,"TwoPole",120,51,5,0.7,2,"PairwiseSupport","one-point",1,1,"one-point",1,"degenerate",,,,,2,2,,"NoSwitchDetected",
123456,"TwoPole",121,51,5,0.7,2,"PairwiseSupport","multi-point",3,3,"one-point",1,"calibrated",6.873727087576376,0.006328138147175448,3,3,,,,"",
123456,"TwoPole",122,51,5,0.7,2,"PairwiseSupport","two-point",2,2,"one-point",1,"degenerate",,,,,1,2,1.6314341838933215,"SwitchDetected",2
123456,"TwoPole",123,51,5,0.7,2,"PairwiseSupport","two-point",2,2,"one-point",1,"degenerate",,,,,1,3,2.947207851545918,"SwitchDetected",3
123456,"TwoPole",124,51,5,0.7,2,"PairwiseSupport","multi-point",3,3,"one-point",1,"calibrated",3.853839566086212,0.001080898985147836,3,3,,,,"",
123456,"TwoPole",125,51,5,0.7,2,"PairwiseSupport","multi-point",3,3,"one-point",1,"calibrated",4.183452122714595,0.008140158348451653,3,3,,,,"",
123456,"TwoPole",126,51,5,0.7,2,"PairwiseSupport","two-point",2,2,"one-point",1,"degenerate",,,,,1,2,2.237086217048839,"SwitchDetected",2
123456,"TwoPole",127,51,5,0.7,2,"PairwiseSupport","multi-point",3,3,"one-point",1,"calibrated",4.51505016722408,0.010233289011879365,3,3,,,,"",
123456,"TwoPole",128,51,5,0.7,2,"PairwiseSupport","two-point",2,2,"two-point",2,"degenerate",,,,,2,2,,"NoSwitchDetected",
123456,"TwoPole",129,51,5,0.7,2,"PairwiseSupport","two-point",2,2,"one-point",1,"degenerate",,,,,1,2,1.5778940738443639,"SwitchDetected",2
123456,"TwoPole",130,51,5,0.7,2,"PairwiseSupport","multi-point",3,3,"one-point",1,"calibrated",8.403361344537814,0.014678439638204976,3,3,,,,"",
123456,"TwoPole",131,51,5,0.7,2,"PairwiseSupport","multi-point",3,3,"one-point",1,"calibrated",6.620892594409023,0.011279703328227348,3,3,,,,"",
123456,"TwoPole",132,51,5,0.7,2,"PairwiseSupport","two-point",2,2,"one-point",1,"degenerate",,,,,1,3,2.5141906604814466,"SwitchDetected",3
123456,"TwoPole",133,51,5,0.7,2,"PairwiseSupport","two-point",2,2,"one-point",1,"degenerate",,,,,1,2,1.000005950963148,"SwitchDetected",2
123456,"TwoPole",134,51,5,0.7,2,"PairwiseSupport","multi-point",3,3,"one-point",1,"calibrated",3.3308660251665434,0.0021571986548897383,3,3,,,,"",
123456,"TwoPole",135,51,5,0.7,2,"PairwiseSupport","two-point",2,2,"one-point",1,"degenerate",,,,,1,3,4.311173356717099,"SwitchDetected",3
123456,"TwoPole",136,51,5,0.7,2,"PairwiseSupport","multi-point",3,3,"one-point",1,"calibrated",3.240518482957273,0.005472935723464465,3,3,,,,"",
123456,"TwoPole",137,51,5,0.7,2,"PairwiseSupport","two-point",2,2,"one-point",1,"degenerate",,,,,1,3,2.1776837919131697,"SwitchDetected",3
123456,"TwoPole",138,51,5,0.7,2,"PairwiseSupport","multi-point",3,3,"one-point",1,"calibrated",3.0920751259734307,0.0014343686527153174,3,3,,,,"",
123456,"TwoPole",139,51,5,0.7,2,"PairwiseSupport","two-point",2,2,"one-point",1,"degenerate",,,,,1,2,1.4775821726969254,"SwitchDetected",2
123456,"TwoPole",140,51,5,0.7,2,"PairwiseSupport","multi-point",3,3,"one-point",1,"calibrated",5.478896103896105,0.0036265911834724024,3,3,,,,"",
123456,"TwoPole",141,51,5,0.7,2,"PairwiseSupport","two-point",2,2,"two-point",2,"degenerate",,,,,1,2,1.0802743609401433,"SwitchDetected",2
123456,"TwoPole",142,51,5,0.7,2,"PairwiseSupport","two-point",2,2,"one-point",1,"degenerate",,,,,1,2,1.5650791709971266,"SwitchDetected",2
123456,"TwoPole",143,51,5,0.7,2,"PairwiseSupport","multi-point",3,3,"one-point",1,"degenerate",,,,,1,3,3.4773805247376557,"SwitchDetected",3
123456,"TwoPole",144,51,5,0.7,2,"PairwiseSupport","two-point",2,2,"one-point",1,"degenerate",,,,,1,2,2.070388011361608,"SwitchDetected",2
123456,"TwoPole",145,51,5,0.7,2,"PairwiseSupport","multi-point",3,3,"one-point",1,"calibrated",3.9244186046511618,0.008348813380741298,3,3,,,,"",
123456,"TwoPole",146,51,5,0.7,2,"PairwiseSupport","two-point",2,2,"one-point",1,"degenerate",,,,,1,2,1.288796286372517,"SwitchDetected",2
123456,"TwoPole",147,51,5,0.7,2,"PairwiseSupport","one-point",1,1,"one-point",1,"degenerate",,,,,2,2,,"NoSwitchDetected",
123456,"TwoPole",148,51,5,0.7,2,"PairwiseSupport","two-point",2,2,"one-point",1,"degenerate",,,,,1,2,1.7276080657912463,"SwitchDetected",2
123456,"TwoPole",149,51,5,0.7,2,"PairwiseSupport","multi-point",3,3,"one-point",1,"calibrated",2.8932704672096015,0.0071048790402310925,3,3,,,,"",
123456,"TwoPole",150,51,5,0.7,2,"PairwiseSupport","multi-point",3,3,"one-point",1,"calibrated",7.079181961195594,0.008994359949824423,3,3,,,,"",
123456,"TwoPole",151,51,5,0.7,2,"PairwiseSupport","two-point",2,2,"one-point",1,"degenerate",,,,,1,3,5.48454208726595,"SwitchDetected",3
123456,"TwoPole",152,51,5,0.7,2,"PairwiseSupport","multi-point",3,3,"one-point",1,"calibrated",6.620892594409023,0.011054825467709998,3,3,,,,"",
123456,"TwoPole",153,51,5,0.7,2,"PairwiseSupport","two-point",2,2,"one-point",1,"degenerate",,,,,1,2,1.7312211533584678,"SwitchDetected",2
123456,"TwoPole",154,51,5,0.7,2,"PairwiseSupport","multi-point",3,3,"one-point",1,"calibrated",5.9628975265017665,0.01228571718519843,3,3,,,,"",
123456,"TwoPole",155,51,5,0.7,2,"PairwiseSupport","multi-point",3,3,"one-point",1,"calibrated",3.0920751259734307,0.002903511999060138,3,3,,,,"",
123456,"TwoPole",156,51,5,0.7,2,"PairwiseSupport","one-point",1,1,"one-point",1,"degenerate",,,,,2,2,,"NoSwitchDetected",
123456,"TwoPole",157,51,5,0.7,2,"PairwiseSupport","multi-point",3,3,"one-point",1,"calibrated",3.2798833819241984,0.012997815707896584,3,3,,,,"",
123456,"TwoPole",158,51,5,0.7,2,"PairwiseSupport","multi-point",3,3,"one-point",1,"calibrated",4.51505016722408,0.007448938455031609,3,3,,,,"",
123456,"TwoPole",159,51,5,0.7,2,"PairwiseSupport","multi-point",3,3,"one-point",1,"calibrated",3.9823008849557513,0.012398706056496369,3,3,,,,"",
123456,"TwoPole",160,51,5,0.7,2,"PairwiseSupport","two-point",2,2,"one-point",1,"degenerate",,,,,1,2,2.4049484632931244,"SwitchDetected",2
123456,"TwoPole",161,51,5,0.7,2,"PairwiseSupport","two-point",2,2,"one-point",1,"degenerate",,,,,1,3,4.813960013927106,"SwitchDetected",3
123456,"TwoPole",162,51,5,0.7,2,"PairwiseSupport","two-point",2,2,"two-point",2,"degenerate",,,,,1,3,1.6225653844135086,"SwitchDetected",2
123456,"TwoPole",163,51,5,0.7,2,"PairwiseSupport","two-point",2,2,"one-point",1,"degenerate",,,,,1,3,2.673555074353355,"SwitchDetected",3
123456,"TwoPole",164,51,5,0.7,2,"PairwiseSupport","multi-point",3,3,"one-point",1,"degenerate",,,,,1,3,3.1308865956528953,"SwitchDetected",3
123456,"TwoPole",165,51,5,0.7,2,"PairwiseSupport","multi-point",3,3,"one-point",1,"degenerate",,,,,1,3,2.7448253909751137,"SwitchDetected",3
123456,"TwoPole",166,51,5,0.7,2,"PairwiseSupport","two-point",2,2,"one-point",1,"degenerate",,,,,2,3,3.4818477552293334,"SwitchDetected",3
123456,"TwoPole",167,51,5,0.7,2,"PairwiseSupport","multi-point",3,3,"one-point",1,"calibrated",3.7087912087912085,0.0075959031480846715,3,3,,,,"",
123456,"TwoPole",168,51,5,0.7,2,"PairwiseSupport","two-point",2,2,"one-point",1,"degenerate",,,,,1,2,2.875198082265342,"SwitchDetected",2
123456,"TwoPole",169,51,5,0.7,2,"PairwiseSupport","two-point",2,2,"one-point",1,"degenerate",,,,,2,3,5.744201762282117,"SwitchDetected",3
123456,"TwoPole",170,51,5,0.7,2,"PairwiseSupport","one-point",1,1,"one-point",1,"degenerate",,,,,2,2,,"NoSwitchDetected",
123456,"TwoPole",171,51,5,0.7,2,"PairwiseSupport","multi-point",3,3,"one-point",1,"calibrated",9.202453987730062,0.0032417040910347064,3,3,,,,"",
123456,"TwoPole",172,51,5,0.7,2,"PairwiseSupport","multi-point",3,3,"one-point",1,"calibrated",4.103343465045592,0.008846486289803083,3,3,,,,"",
123456,"TwoPole",173,51,5,0.7,2,"PairwiseSupport","multi-point",3,3,"one-point",1,"calibrated",3.9823008849557513,0.0036746660530666093,3,3,,,,"",
123456,"TwoPole",174,51,5,0.7,2,"PairwiseSupport","two-point",2,2,"one-point",1,"degenerate",,,,,1,2,1.656000386103606,"SwitchDetected",2
123456,"TwoPole",175,51,5,0.7,2,"PairwiseSupport","multi-point",3,3,"one-point",1,"calibrated",6.7669172932330826,0.008560852197891157,3,3,,,,"",
123456,"TwoPole",176,51,5,0.7,2,"PairwiseSupport","multi-point",3,3,"one-point",1,"degenerate",,,,,1,3,2.3456304508187484,"SwitchDetected",3
123456,"TwoPole",177,51,5,0.7,2,"PairwiseSupport","multi-point",3,3,"one-point",1,"degenerate",,,,,1,3,3.4212378182091556,"SwitchDetected",3
123456,"TwoPole",178,51,5,0.7,2,"PairwiseSupport","multi-point",3,3,"one-point",1,"calibrated",5.834053586862576,0.002584965231096022,3,3,,,,"",
123456,"TwoPole",179,51,5,0.7,2,"PairwiseSupport","multi-point",3,3,"one-point",1,"calibrated",5.450141299959628,0.005844740795644203,3,3,,,,"",
123456,"TwoPole",180,51,5,0.7,2,"PairwiseSupport","multi-point",3,3,"one-point",1,"degenerate",,,,,1,3,1.8966892446467498,"SwitchDetected",3
123456,"TwoPole",181,51,5,0.7,2,"PairwiseSupport","multi-point",3,3,"one-point",1,"calibrated",6.919528446950282,0.004991907515713878,3,3,,,,"",
123456,"TwoPole",182,51,5,0.7,2,"PairwiseSupport","two-point",2,2,"one-point",1,"degenerate",,,,,1,2,1.965391523349371,"SwitchDetected",2
123456,"TwoPole",183,51,5,0.7,2,"PairwiseSupport","two-point",2,2,"one-point",1,"degenerate",,,,,1,2,2.6453977804589486,"SwitchDetected",2
123456,"TwoPole",184,51,5,0.7,2,"PairwiseSupport","multi-point",3,3,"one-point",1,"calibrated",2.862595419847328,0.008606828143518793,3,3,,,,"",
123456,"TwoPole",185,51,5,0.7,2,"PairwiseSupport","multi-point",3,3,"one-point",1,"calibrated",2.862595419847328,0.008841257035404601,3,3,,,,"",
123456,"TwoPole",186,51,5,0.7,2,"PairwiseSupport","multi-point",3,3,"one-point",1,"calibrated",5.592377796188898,0.002424703130122815,3,3,,,,"",
123456,"TwoPole",187,51,5,0.7,2,"PairwiseSupport","multi-point",3,3,"one-point",1,"calibrated",5.9628975265017665,0.008610176711987633,3,3,,,,"",
123456,"TwoPole",188,51,5,0.7,2,"PairwiseSupport","multi-point",3,3,"one-point",1,"calibrated",6.097560975609756,0.013812600895656543,3,3,,,,"",
123456,"TwoPole",189,51,5,0.7,2,"PairwiseSupport","multi-point",3,3,"two-point",2,"calibrated",2.039891205802357,0.009982062947412758,3,3,,,,"",
123456,"TwoPole",190,51,5,0.7,2,"PairwiseSupport","two-point",2,2,"one-point",1,"degenerate",,,,,1,3,6.318513390782547,"SwitchDetected",3
123456,"TwoPole",191,51,5,0.7,2,"PairwiseSupport","multi-point",3,3,"one-point",1,"calibrated",5.834053586862576,0.011112284205083518,3,3,,,,"",
123456,"TwoPole",192,51,5,0.7,2,"PairwiseSupport","multi-point",3,3,"one-point",1,"calibrated",3.9244186046511618,0.014134449804669451,3,3,,,,"",
123456,"TwoPole",193,51,5,0.7,2,"PairwiseSupport","multi-point",3,3,"one-point",1,"calibrated",6.481036965914546,0.012744702791146393,3,3,,,,"",
123456,"TwoPole",194,51,5,0.7,2,"PairwiseSupport","multi-point",3,3,"one-point",1,"degenerate",,,,,1,3,2.1857850595774515,"SwitchDetected",3
123456,"TwoPole",195,51,5,0.7,2,"PairwiseSupport","multi-point",3,3,"one-point",1,"calibrated",5.369928400954653,0.013172240335829007,3,3,,,,"",
123456,"TwoPole",196,51,5,0.7,2,"PairwiseSupport","multi-point",3,3,"one-point",1,"calibrated",4.775380261761585,0.005257949135476698,3,3,,,,"",
123456,"TwoPole",197,51,5,0.7,2,"PairwiseSupport","two-point",2,2,"one-point",1,"degenerate",,,,,1,2,2.767245033940301,"SwitchDetected",2
123456,"TwoPole",198,51,5,0.7,2,"PairwiseSupport","multi-point",3,3,"one-point",1,"calibrated",4.534766543500168,0.007411107238717242,3,3,,,,"",
123456,"TwoPole",199,51,5,0.7,2,"PairwiseSupport","two-point",2,2,"one-point",1,"degenerate",,,,,1,2,1.3673430427430318,"SwitchDetected",2
123456,"TwoPole",200,51,5,0.7,2,"PairwiseSupport","one-point",1,1,"one-point",1,"degenerate",,,,,2,2,,"NoSwitchDetected",
123456,"TwoPole",1,51,5,0.7,3,"PairwiseSupport","two-point",2,2,"one-point",1,"degenerate",,,,,1,3,3.802002990039583,"SwitchDetected",3
123456,"TwoPole",2,51,5,0.7,3,"PairwiseSupport","two-point",2,2,"one-point",1,"degenerate",,,,,1,3,8.407926050894536,"SwitchDetected",3
123456,"TwoPole",3,51,5,0.7,3,"PairwiseSupport","two-point",2,2,"one-point",1,"degenerate",,,,,1,3,3.6630175851225695,"SwitchDetected",3
123456,"TwoPole",4,51,5,0.7,3,"PairwiseSupport","one-point",1,1,"one-point",1,"degenerate",,,,,2,2,,"NoSwitchDetected",
123456,"TwoPole",5,51,5,0.7,3,"PairwiseSupport","one-point",1,1,"one-point",1,"degenerate",,,,,2,2,,"NoSwitchDetected",
123456,"TwoPole",6,51,5,0.7,3,"PairwiseSupport","multi-point",3,3,"one-point",1,"degenerate",,,,,1,3,2.4753404556279284,"SwitchDetected",3
123456,"TwoPole",7,51,5,0.7,3,"PairwiseSupport","two-point",2,2,"two-point",2,"degenerate",,,,,1,3,1.3276631054869827,"SwitchDetected",2
123456,"TwoPole",8,51,5,0.7,3,"PairwiseSupport","two-point",2,2,"one-point",1,"degenerate",,,,,1,2,1.922929650926182,"SwitchDetected",2
123456,"TwoPole",9,51,5,0.7,3,"PairwiseSupport","two-point",2,2,"two-point",2,"degenerate",,,,,2,2,,"NoSwitchDetected",
123456,"TwoPole",10,51,5,0.7,3,"PairwiseSupport","two-point",2,2,"one-point",1,"degenerate",,,,,1,2,1.5584169759396076,"SwitchDetected",2
123456,"TwoPole",11,51,5,0.7,3,"PairwiseSupport","multi-point",3,3,"one-point",1,"degenerate",,,,,1,3,4.145064611675324,"SwitchDetected",3
123456,"TwoPole",12,51,5,0.7,3,"PairwiseSupport","two-point",2,2,"one-point",1,"degenerate",,,,,1,2,2.00001159674693,"SwitchDetected",2
123456,"TwoPole",13,51,5,0.7,3,"PairwiseSupport","two-point",2,2,"one-point",1,"degenerate",,,,,1,2,2.797884680326221,"SwitchDetected",2
123456,"TwoPole",14,51,5,0.7,3,"PairwiseSupport","one-point",1,1,"one-point",1,"degenerate",,,,,2,2,,"NoSwitchDetected",
123456,"TwoPole",15,51,5,0.7,3,"PairwiseSupport","two-point",2,2,"one-point",1,"degenerate",,,,,1,2,2.7468444358754582,"SwitchDetected",2
123456,"TwoPole",16,51,5,0.7,3,"PairwiseSupport","two-point",2,2,"one-point",1,"degenerate",,,,,1,3,1.8492052362169515,"SwitchDetected",3
123456,"TwoPole",17,51,5,0.7,3,"PairwiseSupport","two-point",2,2,"one-point",1,"degenerate",,,,,1,2,1.5535328317032966,"SwitchDetected",2
123456,"TwoPole",18,51,5,0.7,3,"PairwiseSupport","two-point",2,2,"one-point",1,"degenerate",,,,,1,2,1.5790802705562825,"SwitchDetected",2
123456,"TwoPole",19,51,5,0.7,3,"PairwiseSupport","two-point",2,2,"one-point",1,"degenerate",,,,,1,2,2.6174196434276955,"SwitchDetected",2
123456,"TwoPole",20,51,5,0.7,3,"PairwiseSupport","two-point",2,2,"one-point",1,"degenerate",,,,,1,2,2.509160103680505,"SwitchDetected",2
123456,"TwoPole",21,51,5,0.7,3,"PairwiseSupport","two-point",2,2,"one-point",1,"degenerate",,,,,1,3,3.000034790442517,"SwitchDetected",3
123456,"TwoPole",22,51,5,0.7,3,"PairwiseSupport","two-point",2,2,"one-point",1,"degenerate",,,,,1,3,2.286458309710854,"SwitchDetected",3
123456,"TwoPole",23,51,5,0.7,3,"PairwiseSupport","two-point",2,2,"one-point",1,"degenerate",,,,,2,3,3.126168687940286,"SwitchDetected",3
123456,"TwoPole",24,51,5,0.7,3,"PairwiseSupport","two-point",2,2,"one-point",1,"degenerate",,,,,1,2,1.664447775462094,"SwitchDetected",2
123456,"TwoPole",25,51,5,0.7,3,"PairwiseSupport","one-point",1,1,"one-point",1,"degenerate",,,,,1,1,,"NoSwitchDetected",
123456,"TwoPole",26,51,5,0.7,3,"PairwiseSupport","two-point",2,2,"one-point",1,"degenerate",,,,,1,2,2.2910719997762627,"SwitchDetected",2
123456,"TwoPole",27,51,5,0.7,3,"PairwiseSupport","multi-point",3,3,"one-point",1,"degenerate",,,,,1,3,1.821029703157376,"SwitchDetected",3
123456,"TwoPole",28,51,5,0.7,3,"PairwiseSupport","two-point",2,2,"one-point",1,"degenerate",,,,,1,3,4.6522953031949745,"SwitchDetected",3
123456,"TwoPole",29,51,5,0.7,3,"PairwiseSupport","two-point",2,2,"one-point",1,"degenerate",,,,,1,2,1.5509232745457937,"SwitchDetected",2
123456,"TwoPole",30,51,5,0.7,3,"PairwiseSupport","one-point",1,1,"one-point",1,"degenerate",,,,,1,1,,"NoSwitchDetected",
123456,"TwoPole",31,51,5,0.7,3,"PairwiseSupport","multi-point",3,3,"one-point",1,"degenerate",,,,,1,2,4.142918552608289,"SwitchDetected",2
123456,"TwoPole",32,51,5,0.7,3,"PairwiseSupport","two-point",2,2,"one-point",1,"degenerate",,,,,1,2,1.0841284755766711,"SwitchDetected",2
123456,"TwoPole",33,51,5,0.7,3,"PairwiseSupport","two-point",2,2,"one-point",1,"degenerate",,,,,1,2,2.2482803242194778,"SwitchDetected",2
123456,"TwoPole",34,51,5,0.7,3,"PairwiseSupport","two-point",2,2,"one-point",1,"degenerate",,,,,1,2,2.1009323336037937,"SwitchDetected",2
123456,"TwoPole",35,51,5,0.7,3,"PairwiseSupport","two-point",2,2,"two-point",2,"degenerate",,,,,1,2,1.3332565690899552,"SwitchDetected",2
123456,"TwoPole",36,51,5,0.7,3,"PairwiseSupport","multi-point",3,3,"one-point",1,"calibrated",4.692387904066736,0.0018100851073284956,3,3,,,,"",
123456,"TwoPole",37,51,5,0.7,3,"PairwiseSupport","two-point",2,2,"two-point",2,"degenerate",,,,,1,2,1.208954111543431,"SwitchDetected",2
123456,"TwoPole",38,51,5,0.7,3,"PairwiseSupport","multi-point",3,3,"one-point",1,"calibrated",2.795609857113274,0.002007109676907829,3,3,,,,"",
123456,"TwoPole",39,51,5,0.7,3,"PairwiseSupport","two-point",2,2,"one-point",1,"degenerate",,,,,1,2,3.4455093661116587,"SwitchDetected",2
123456,"TwoPole",40,51,5,0.7,3,"PairwiseSupport","two-point",2,2,"two-point",2,"degenerate",,,,,2,2,,"NoSwitchDetected",
123456,"TwoPole",41,51,5,0.7,3,"PairwiseSupport","one-point",1,1,"one-point",1,"degenerate",,,,,1,1,,"NoSwitchDetected",
123456,"TwoPole",42,51,5,0.7,3,"PairwiseSupport","one-point",1,1,"one-point",1,"degenerate",,,,,2,2,,"NoSwitchDetected",
123456,"TwoPole",43,51,5,0.7,3,"PairwiseSupport","two-point",2,2,"one-point",1,"degenerate",,,,,1,2,3.687291402696602,"SwitchDetected",2
123456,"TwoPole",44,51,5,0.7,3,"PairwiseSupport","multi-point",3,3,"one-point",1,"degenerate",,,,,1,3,2.7519276006547253,"SwitchDetected",3
123456,"TwoPole",45,51,5,0.7,3,"PairwiseSupport","multi-point",3,3,"one-point",1,"calibrated",5.592377796188898,0.005067547979265313,3,3,,,,"",
123456,"TwoPole",46,51,5,0.7,3,"PairwiseSupport","multi-point",3,3,"two-point",2,"calibrated",4.103343465045592,0.002217535822478078,3,3,,,,"",
123456,"TwoPole",47,51,5,0.7,3,"PairwiseSupport","two-point",2,2,"one-point",1,"degenerate",,,,,1,2,3.6333960188766286,"SwitchDetected",2
123456,"TwoPole",48,51,5,0.7,3,"PairwiseSupport","multi-point",3,3,"one-point",1,"degenerate",,,,,1,3,1.000005950963148,"SwitchDetected",2
123456,"TwoPole",49,51,5,0.7,3,"PairwiseSupport","two-point",2,2,"one-point",1,"degenerate",,,,,2,3,2.1528257973809084,"SwitchDetected",3
123456,"TwoPole",50,51,5,0.7,3,"PairwiseSupport","two-point",2,2,"one-point",1,"degenerate",,,,,1,2,1.000005950963148,"SwitchDetected",2
123456,"TwoPole",51,51,5,0.7,3,"PairwiseSupport","multi-point",3,3,"one-point",1,"calibrated",11.703511053315996,0.0008205628714407631,3,3,,,,"",
123456,"TwoPole",52,51,5,0.7,3,"PairwiseSupport","two-point",2,2,"one-point",1,"degenerate",,,,,1,2,1.843322638559297,"SwitchDetected",2
123456,"TwoPole",53,51,5,0.7,3,"PairwiseSupport","two-point",2,2,"one-point",1,"degenerate",,,,,1,3,7.471470102035,"SwitchDetected",3
123456,"TwoPole",54,51,5,0.7,3,"PairwiseSupport","multi-point",3,3,"one-point",1,"calibrated",3.6456926816095057,0.0007284135500844345,3,3,,,,"",
123456,"TwoPole",55,51,5,0.7,3,"PairwiseSupport","two-point",2,2,"one-point",1,"degenerate",,,,,1,2,1.7053419179840246,"SwitchDetected",2
123456,"TwoPole",56,51,5,0.7,3,"PairwiseSupport","multi-point",3,3,"one-point",1,"calibrated",4.9504950495049505,0.000907705505385423,3,3,,,,"",
123456,"TwoPole",57,51,5,0.7,3,"PairwiseSupport","two-point",2,2,"one-point",1,"degenerate",,,,,1,3,2.1983381642252806,"SwitchDetected",3
123456,"TwoPole",58,51,5,0.7,3,"PairwiseSupport","two-point",2,2,"one-point",1,"degenerate",,,,,1,2,1.7764819444583744,"SwitchDetected",2
123456,"TwoPole",59,51,5,0.7,3,"PairwiseSupport","two-point",2,2,"one-point",1,"degenerate",,,,,1,2,4.125931051068596,"SwitchDetected",2
123456,"TwoPole",60,51,5,0.7,3,"PairwiseSupport","two-point",2,2,"one-point",1,"degenerate",,,,,1,2,2.753460732429966,"SwitchDetected",2
123456,"TwoPole",61,51,5,0.7,3,"PairwiseSupport","multi-point",3,3,"one-point",1,"degenerate",,,,,1,3,3.746147303340986,"SwitchDetected",3
123456,"TwoPole",62,51,5,0.7,3,"PairwiseSupport","multi-point",3,3,"one-point",1,"calibrated",4.387390315242119,0.007109675053368473,3,3,,,,"",
123456,"TwoPole",63,51,5,0.7,3,"PairwiseSupport","one-point",1,1,"one-point",1,"degenerate",,,,,1,1,,"NoSwitchDetected",
123456,"TwoPole",64,51,5,0.7,3,"PairwiseSupport","two-point",2,2,"two-point",2,"degenerate",,,,,1,2,1.6698729300491004,"SwitchDetected",2
123456,"TwoPole",65,51,5,0.7,3,"PairwiseSupport","two-point",2,2,"one-point",1,"degenerate",,,,,1,2,2.450076733131329,"SwitchDetected",2
123456,"TwoPole",66,51,5,0.7,3,"PairwiseSupport","multi-point",3,3,"one-point",1,"degenerate",,,,,1,3,3.425701543280219,"SwitchDetected",3
123456,"TwoPole",67,51,5,0.7,3,"PairwiseSupport","two-point",2,2,"one-point",1,"degenerate",,,,,1,3,2.774143271191384,"SwitchDetected",3
123456,"TwoPole",68,51,5,0.7,3,"PairwiseSupport","multi-point",3,3,"one-point",1,"calibrated",4.9504950495049505,0.005145879229553675,3,3,,,,"",
123456,"TwoPole",69,51,5,0.7,3,"PairwiseSupport","two-point",2,2,"one-point",1,"degenerate",,,,,1,2,1.0817834637142993,"SwitchDetected",2
123456,"TwoPole",70,51,5,0.7,3,"PairwiseSupport","multi-point",3,3,"one-point",1,"calibrated",6.919528446950282,0.0016999913887325994,3,3,,,,"",
123456,"TwoPole",71,51,5,0.7,3,"PairwiseSupport","multi-point",3,3,"one-point",1,"calibrated",4.2993630573248405,0.0010869451309087068,3,3,,,,"",
123456,"TwoPole",72,51,5,0.7,3,"PairwiseSupport","one-point",1,1,"one-point",1,"degenerate",,,,,2,2,,"NoSwitchDetected",
123456,"TwoPole",73,51,5,0.7,3,"PairwiseSupport","one-point",1,1,"one-point",1,"degenerate",,,,,1,1,,"NoSwitchDetected",
123456,"TwoPole",74,51,5,0.7,3,"PairwiseSupport","multi-point",3,3,"one-point",1,"calibrated",4.9504950495049505,0.007511968713286937,3,3,,,,"",
123456,"TwoPole",75,51,5,0.7,3,"PairwiseSupport","one-point",1,1,"one-point",1,"degenerate",,,,,1,1,,"NoSwitchDetected",
123456,"TwoPole",76,51,5,0.7,3,"PairwiseSupport","two-point",2,2,"one-point",1,"degenerate",,,,,1,2,3.044937169364409,"SwitchDetected",2
123456,"TwoPole",77,51,5,0.7,3,"PairwiseSupport","two-point",2,2,"one-point",1,"degenerate",,,,,1,3,3.547562377087649,"SwitchDetected",3
123456,"TwoPole",78,51,5,0.7,3,"PairwiseSupport","two-point",2,2,"one-point",1,"degenerate",,,,,1,4,8.728938851076869,"SwitchDetected",4
123456,"TwoPole",79,51,5,0.7,3,"PairwiseSupport","two-point",2,2,"two-point",2,"degenerate",,,,,1,2,1.8880160131045647,"SwitchDetected",2
123456,"TwoPole",80,51,5,0.7,3,"PairwiseSupport","one-point",1,1,"one-point",1,"degenerate",,,,,1,1,,"NoSwitchDetected",
123456,"TwoPole",81,51,5,0.7,3,"PairwiseSupport","two-point",2,2,"one-point",1,"degenerate",,,,,1,2,1.2274546330063103,"SwitchDetected",2
123456,"TwoPole",82,51,5,0.7,3,"PairwiseSupport","multi-point",3,3,"one-point",1,"calibrated",3.658536585365854,0.005736304110890017,3,3,,,,"",
123456,"TwoPole",83,51,5,0.7,3,"PairwiseSupport","two-point",2,2,"one-point",1,"degenerate",,,,,1,3,1.909382972939822,"SwitchDetected",3
123456,"TwoPole",84,51,5,0.7,3,"PairwiseSupport","two-point",2,2,"one-point",1,"degenerate",,,,,1,2,2.00001159674693,"SwitchDetected",2
123456,"TwoPole",85,51,5,0.7,3,"PairwiseSupport","two-point",2,2,"one-point",1,"degenerate",,,,,1,2,1.3374906784230443,"SwitchDetected",2
123456,"TwoPole",86,51,5,0.7,3,"PairwiseSupport","two-point",2,2,"one-point",1,"degenerate",,,,,1,2,1.647735244025024,"SwitchDetected",2
123456,"TwoPole",87,51,5,0.7,3,"PairwiseSupport","multi-point",3,3,"one-point",1,"calibrated",4.9504950495049505,0.0040369030245282775,3,2,,,,"",
123456,"TwoPole",88,51,5,0.7,3,"PairwiseSupport","two-point",2,2,"one-point",1,"degenerate",,,,,1,2,2.9118168597999463,"SwitchDetected",2
123456,"TwoPole",89,51,5,0.7,3,"PairwiseSupport","one-point",1,1,"one-point",1,"degenerate",,,,,2,2,,"NoSwitchDetected",
123456,"TwoPole",90,51,5,0.7,3,"PairwiseSupport","multi-point",3,3,"one-point",1,"degenerate",,,,,1,2,4.025800110571903,"SwitchDetected",2
123456,"TwoPole",91,51,5,0.7,3,"PairwiseSupport","one-point",1,1,"one-point",1,"degenerate",,,,,1,1,,"NoSwitchDetected",
123456,"TwoPole",92,51,5,0.7,3,"PairwiseSupport","multi-point",3,3,"one-point",1,"calibrated",4.3172369683402625,0.004906826050519342,3,3,,,,"",
123456,"TwoPole",93,51,5,0.7,3,"PairwiseSupport","multi-point",3,3,"one-point",1,"calibrated",12.064343163538874,0.0018577467714367413,3,3,,,,"",
123456,"TwoPole",94,51,5,0.7,3,"PairwiseSupport","two-point",2,2,"one-point",1,"degenerate",,,,,1,2,1.259394389184305,"SwitchDetected",2
123456,"TwoPole",95,51,5,0.7,3,"PairwiseSupport","two-point",2,2,"one-point",1,"degenerate",,,,,1,2,1.4130472280677546,"SwitchDetected",2
123456,"TwoPole",96,51,5,0.7,3,"PairwiseSupport","two-point",2,2,"one-point",1,"degenerate",,,,,1,3,8.153758870895501,"SwitchDetected",3
123456,"TwoPole",97,51,5,0.7,3,"PairwiseSupport","one-point",1,1,"one-point",1,"degenerate",,,,,2,2,,"NoSwitchDetected",
123456,"TwoPole",98,51,5,0.7,3,"PairwiseSupport","one-point",1,1,"one-point",1,"degenerate",,,,,2,2,,"NoSwitchDetected",
123456,"TwoPole",99,51,5,0.7,3,"PairwiseSupport","multi-point",3,3,"one-point",1,"calibrated",4.775380261761585,0.0033350929761733904,3,3,,,,"",
123456,"TwoPole",100,51,5,0.7,3,"PairwiseSupport","two-point",2,2,"two-point",2,"degenerate",,,,,1,1,,"NoSwitchDetected",
123456,"TwoPole",101,51,5,0.7,3,"PairwiseSupport","two-point",2,2,"two-point",2,"degenerate",,,,,1,3,1.1728563641094785,"SwitchDetected",2
123456,"TwoPole",102,51,5,0.7,3,"PairwiseSupport","one-point",1,1,"one-point",1,"degenerate",,,,,1,3,1.3674431842129753,"SwitchDetected",3
123456,"TwoPole",103,51,5,0.7,3,"PairwiseSupport","two-point",2,2,"two-point",2,"degenerate",,,,,1,3,1.4440108670983836,"SwitchDetected",2
123456,"TwoPole",104,51,5,0.7,3,"PairwiseSupport","one-point",1,1,"one-point",1,"degenerate",,,,,1,1,,"NoSwitchDetected",
123456,"TwoPole",105,51,5,0.7,3,"PairwiseSupport","two-point",2,2,"one-point",1,"degenerate",,,,,1,2,2.7519276006547253,"SwitchDetected",2
123456,"TwoPole",106,51,5,0.7,3,"PairwiseSupport","two-point",2,2,"one-point",1,"degenerate",,,,,1,2,1.6151109082583686,"SwitchDetected",2
123456,"TwoPole",107,51,5,0.7,3,"PairwiseSupport","multi-point",3,3,"one-point",1,"calibrated",6.346967559943582,0.002292066150774527,3,3,,,,"",
123456,"TwoPole",108,51,5,0.7,3,"PairwiseSupport","multi-point",3,3,"one-point",1,"degenerate",,,,,1,3,2.360954901351886,"SwitchDetected",3
123456,"TwoPole",109,51,5,0.7,3,"PairwiseSupport","two-point",2,2,"one-point",1,"degenerate",,,,,1,2,1.7405636912826008,"SwitchDetected",2
123456,"TwoPole",110,51,5,0.7,3,"PairwiseSupport","two-point",2,2,"two-point",2,"degenerate",,,,,1,3,2.888889966423531,"SwitchDetected",3
123456,"TwoPole",111,51,5,0.7,3,"PairwiseSupport","one-point",1,1,"one-point",1,"degenerate",,,,,2,2,,"NoSwitchDetected",
123456,"TwoPole",112,51,5,0.7,3,"PairwiseSupport","two-point",2,2,"one-point",1,"degenerate",,,,,1,3,2.245576331811863,"SwitchDetected",3
123456,"TwoPole",113,51,5,0.7,3,"PairwiseSupport","two-point",2,2,"one-point",1,"degenerate",,,,,1,2,5.837590355006663,"SwitchDetected",2
123456,"TwoPole",114,51,5,0.7,3,"PairwiseSupport","two-point",2,2,"one-point",1,"degenerate",,,,,1,2,1.5445653388187528,"SwitchDetected",2
123456,"TwoPole",115,51,5,0.7,3,"PairwiseSupport","two-point",2,2,"one-point",1,"degenerate",,,,,1,2,2.036070535478225,"SwitchDetected",2
123456,"TwoPole",116,51,5,0.7,3,"PairwiseSupport","two-point",2,2,"one-point",1,"degenerate",,,,,1,3,2.169642354639326,"SwitchDetected",3
123456,"TwoPole",117,51,5,0.7,3,"PairwiseSupport","multi-point",3,3,"one-point",1,"calibrated",6.919528446950282,0.005781539785119499,3,3,,,,"",
123456,"TwoPole",118,51,5,0.7,3,"PairwiseSupport","two-point",2,2,"one-point",1,"degenerate",,,,,1,2,3.9660354955819646,"SwitchDetected",2
123456,"TwoPole",119,51,5,0.7,3,"PairwiseSupport","two-point",2,2,"one-point",1,"degenerate",,,,,1,2,1.294315585407429,"SwitchDetected",2
123456,"TwoPole",120,51,5,0.7,3,"PairwiseSupport","two-point",2,2,"two-point",2,"degenerate",,,,,2,2,,"NoSwitchDetected",
123456,"TwoPole",121,51,5,0.7,3,"PairwiseSupport","one-point",1,1,"one-point",1,"degenerate",,,,,2,2,,"NoSwitchDetected",
123456,"TwoPole",122,51,5,0.7,3,"PairwiseSupport","multi-point",3,3,"one-point",1,"calibrated",5.834053586862576,0.014867917007715363,3,3,,,,"",
123456,"TwoPole",123,51,5,0.7,3,"PairwiseSupport","multi-point",3,3,"one-point",1,"calibrated",10.146561443066515,0.003411411834172526,3,3,,,,"",
123456,"TwoPole",124,51,5,0.7,3,"PairwiseSupport","two-point",2,2,"one-point",1,"degenerate",,,,,1,3,6.572825514630295,"SwitchDetected",3
123456,"TwoPole",125,51,5,0.7,3,"PairwiseSupport","two-point",2,2,"one-point",1,"degenerate",,,,,1,2,3.687291402696602,"SwitchDetected",2
123456,"TwoPole",126,51,5,0.7,3,"PairwiseSupport","multi-point",3,3,"one-point",1,"calibrated",4.387390315242119,0.006970572780221895,3,3,,,,"",
123456,"TwoPole",127,51,5,0.7,3,"PairwiseSupport","multi-point",3,3,"two-point",2,"calibrated",5.164498852333589,0.007523626149652975,3,3,,,,"",
123456,"TwoPole",128,51,5,0.7,3,"PairwiseSupport","two-point",2,2,"one-point",1,"degenerate",,,,,2,3,1.553446662374714,"SwitchDetected",3
123456,"TwoPole",129,51,5,0.7,3,"PairwiseSupport","one-point",1,1,"one-point",1,"degenerate",,,,,2,2,,"NoSwitchDetected",
123456,"TwoPole",130,51,5,0.7,3,"PairwiseSupport","two-point",2,2,"one-point",1,"degenerate",,,,,1,2,5.482931514390439,"SwitchDetected",2
123456,"TwoPole",131,51,5,0.7,3,"PairwiseSupport","two-point",2,2,"one-point",1,"degenerate",,,,,1,2,1.2070956654995275,"SwitchDetected",2
123456,"TwoPole",132,51,5,0.7,3,"PairwiseSupport","two-point",2,2,"two-point",2,"degenerate",,,,,1,2,1.2389571253835348,"SwitchDetected",2
123456,"TwoPole",133,51,5,0.7,3,"PairwiseSupport","two-point",2,2,"one-point",1,"degenerate",,,,,1,2,1.8216811635454737,"SwitchDetected",2
123456,"TwoPole",134,51,5,0.7,3,"PairwiseSupport","multi-point",3,3,"one-point",1,"calibrated",3.7996059667886293,0.0007981394545644457,3,3,,,,"",
123456,"TwoPole",135,51,5,0.7,3,"PairwiseSupport","multi-point",3,3,"one-point",1,"calibrated",3.658536585365854,0.002104213835286347,3,3,,,,"",
123456,"TwoPole",136,51,5,0.7,3,"PairwiseSupport","two-point",2,2,"one-point",1,"degenerate",,,,,1,3,3.064036377951431,"SwitchDetected",3
123456,"TwoPole",137,51,5,0.7,3,"PairwiseSupport","two-point",2,2,"one-point",1,"degenerate",,,,,1,2,1.5286319937899329,"SwitchDetected",2
123456,"TwoPole",138,51,5,0.7,3,"PairwiseSupport","one-point",1,1,"one-point",1,"degenerate",,,,,2,2,,"NoSwitchDetected",
123456,"TwoPole",139,51,5,0.7,3,"PairwiseSupport","multi-point",3,3,"one-point",1,"calibrated",6.873727087576376,0.007222910624005484,3,3,,,,"",
123456,"TwoPole",140,51,5,0.7,3,"PairwiseSupport","one-point",1,1,"one-point",1,"degenerate",,,,,1,1,,"NoSwitchDetected",
123456,"TwoPole",141,51,5,0.7,3,"PairwiseSupport","one-point",1,1,"one-point",1,"degenerate",,,,,1,1,,"NoSwitchDetected",
123456,"TwoPole",142,51,5,0.7,3,"PairwiseSupport","one-point",1,1,"one-point",1,"degenerate",,,,,2,2,,"NoSwitchDetected",
123456,"TwoPole",143,51,5,0.7,3,"PairwiseSupport","multi-point",3,3,"one-point",1,"calibrated",3.7087912087912085,0.0023152245945478045,3,3,,,,"",
123456,"TwoPole",144,51,5,0.7,3,"PairwiseSupport","two-point",2,2,"one-point",1,"degenerate",,,,,1,3,4.573661804731664,"SwitchDetected",3
123456,"TwoPole",145,51,5,0.7,3,"PairwiseSupport","two-point",2,2,"one-point",1,"degenerate",,,,,1,3,2.4271450935456005,"SwitchDetected",3
123456,"TwoPole",146,51,5,0.7,3,"PairwiseSupport","multi-point",3,3,"one-point",1,"calibrated",5.9628975265017665,0.008494994057899748,3,3,,,,"",
123456,"TwoPole",147,51,5,0.7,3,"PairwiseSupport","two-point",2,2,"one-point",1,"degenerate",,,,,1,2,2.615627030487445,"SwitchDetected",2
123456,"TwoPole",148,51,5,0.7,3,"PairwiseSupport","multi-point",3,3,"one-point",1,"calibrated",5.834053586862576,0.008170189274510659,3,3,,,,"",
123456,"TwoPole",149,51,5,0.7,3,"PairwiseSupport","two-point",2,2,"one-point",1,"degenerate",,,,,1,3,5.621036344267894,"SwitchDetected",3
123456,"TwoPole",150,51,5,0.7,3,"PairwiseSupport","two-point",2,2,"one-point",1,"degenerate",,,,,1,2,3.0552899509137768,"SwitchDetected",2
123456,"TwoPole",151,51,5,0.7,3,"PairwiseSupport","two-point",2,2,"one-point",1,"degenerate",,,,,1,2,1.7021117447164829,"SwitchDetected",2
123456,"TwoPole",152,51,5,0.7,3,"PairwiseSupport","two-point",2,2,"one-point",1,"degenerate",,,,,1,3,4.95038735330731,"SwitchDetected",3
123456,"TwoPole",153,51,5,0.7,3,"PairwiseSupport","two-point",2,2,"one-point",1,"degenerate",,,,,1,2,2.0578629512761633,"SwitchDetected",2
123456,"TwoPole",154,51,5,0.7,3,"PairwiseSupport","one-point",1,1,"one-point",1,"degenerate",,,,,2,2,,"NoSwitchDetected",
123456,"TwoPole",155,51,5,0.7,3,"PairwiseSupport","multi-point",3,3,"one-point",1,"degenerate",,,,,1,3,3.199682843936856,"SwitchDetected",3
123456,"TwoPole",156,51,5,0.7,3,"PairwiseSupport","two-point",2,2,"one-point",1,"degenerate",,,,,1,3,2.133013936715206,"SwitchDetected",3
123456,"TwoPole",157,51,5,0.7,3,"PairwiseSupport","multi-point",3,3,"one-point",1,"calibrated",7.936507936507937,0.004604364271134212,3,3,,,,"",
123456,"TwoPole",158,51,5,0.7,3,"PairwiseSupport","one-point",1,1,"one-point",1,"degenerate",,,,,1,1,,"NoSwitchDetected",
123456,"TwoPole",159,51,5,0.7,3,"PairwiseSupport","two-point",2,2,"two-point",2,"degenerate",,,,,1,3,2.7097261289526315,"SwitchDetected",2
123456,"TwoPole",160,51,5,0.7,3,"PairwiseSupport","two-point",2,2,"one-point",1,"degenerate",,,,,1,2,3.376485674820566,"SwitchDetected",2
123456,"TwoPole",161,51,5,0.7,3,"PairwiseSupport","two-point",2,2,"one-point",1,"degenerate",,,,,2,1,4.8896004966000515,"SwitchDetected",1
123456,"TwoPole",162,51,5,0.7,3,"PairwiseSupport","two-point",2,2,"one-point",1,"degenerate",,,,,1,3,2.499456523811885,"SwitchDetected",3
123456,"TwoPole",163,51,5,0.7,3,"PairwiseSupport","one-point",1,1,"one-point",1,"degenerate",,,,,2,2,,"NoSwitchDetected",
123456,"TwoPole",164,51,5,0.7,3,"PairwiseSupport","two-point",2,2,"one-point",1,"degenerate",,,,,1,2,1.0416108730849856,"SwitchDetected",2
123456,"TwoPole",165,51,5,0.7,3,"PairwiseSupport","one-point",1,1,"one-point",1,"degenerate",,,,,2,2,,"NoSwitchDetected",
123456,"TwoPole",166,51,5,0.7,3,"PairwiseSupport","two-point",2,2,"one-point",1,"degenerate",,,,,1,3,4.699656145458719,"SwitchDetected",3
123456,"TwoPole",167,51,5,0.7,3,"PairwiseSupport","two-point",2,2,"one-point",1,"degenerate",,,,,1,2,1.6309591565878572,"SwitchDetected",2
123456,"TwoPole",168,51,5,0.7,3,"PairwiseSupport","two-point",2,2,"one-point",1,"degenerate",,,,,1,2,2.2665664161094443,"SwitchDetected",2
123456,"TwoPole",169,51,5,0.7,3,"PairwiseSupport","two-point",2,2,"one-point",1,"degenerate",,,,,1,2,1.5458441286417068,"SwitchDetected",2
123456,"TwoPole",170,51,5,0.7,3,"PairwiseSupport","two-point",2,2,"one-point",1,"degenerate",,,,,1,3,5.167626949313321,"SwitchDetected",3
123456,"TwoPole",171,51,5,0.7,3,"PairwiseSupport","two-point",2,2,"one-point",1,"degenerate",,,,,1,3,4.626549572191005,"SwitchDetected",3
123456,"TwoPole",172,51,5,0.7,3,"PairwiseSupport","two-point",2,2,"one-point",1,"degenerate",,,,,1,2,1.2648069999779987,"SwitchDetected",2
123456,"TwoPole",173,51,5,0.7,3,"PairwiseSupport","one-point",1,1,"one-point",1,"degenerate",,,,,2,2,,"NoSwitchDetected",
123456,"TwoPole",174,51,5,0.7,3,"PairwiseSupport","two-point",2,2,"one-point",1,"degenerate",,,,,1,2,2.663005251162241,"SwitchDetected",2
123456,"TwoPole",175,51,5,0.7,3,"PairwiseSupport","two-point",2,2,"one-point",1,"degenerate",,,,,1,3,2.7331287601581096,"SwitchDetected",3
123456,"TwoPole",176,51,5,0.7,3,"PairwiseSupport","multi-point",3,3,"one-point",1,"degenerate",,,,,1,3,2.823078980820932,"SwitchDetected",2
123456,"TwoPole",177,51,5,0.7,3,"PairwiseSupport","two-point",2,2,"one-point",1,"degenerate",,,,,2,3,2.521698745191684,"SwitchDetected",3
123456,"TwoPole",178,51,5,0.7,3,"PairwiseSupport","two-point",2,2,"two-point",2,"degenerate",,,,,1,2,1.7875178687689783,"SwitchDetected",2
123456,"TwoPole",179,51,5,0.7,3,"PairwiseSupport","multi-point",3,3,"one-point",1,"calibrated",3.9823008849557513,0.005271512525394068,3,3,,,,"",
123456,"TwoPole",180,51,5,0.7,3,"PairwiseSupport","two-point",2,2,"one-point",1,"degenerate",,,,,1,2,1.4697633904312426,"SwitchDetected",2
123456,"TwoPole",181,51,5,0.7,3,"PairwiseSupport","two-point",2,2,"one-point",1,"degenerate",,,,,1,2,3.6699775386353957,"SwitchDetected",2
123456,"TwoPole",182,51,5,0.7,3,"PairwiseSupport","two-point",2,2,"one-point",1,"degenerate",,,,,1,2,2.515658569672142,"SwitchDetected",2
123456,"TwoPole",183,51,5,0.7,3,"PairwiseSupport","two-point",2,2,"one-point",1,"degenerate",,,,,1,2,1.68187305471836,"SwitchDetected",2
123456,"TwoPole",184,51,5,0.7,3,"PairwiseSupport","multi-point",3,3,"one-point",1,"calibrated",4.103343465045592,0.005451881198351799,3,3,,,,"",
123456,"TwoPole",185,51,5,0.7,3,"PairwiseSupport","multi-point",3,3,"one-point",1,"calibrated",3.1278962001853565,0.001689702875107488,3,3,,,,"",
123456,"TwoPole",186,51,5,0.7,3,"PairwiseSupport","two-point",2,2,"one-point",1,"degenerate",,,,,1,2,3.1564690855217408,"SwitchDetected",2
123456,"TwoPole",187,51,5,0.7,3,"PairwiseSupport","multi-point",3,3,"one-point",1,"calibrated",6.481036965914546,0.003833111986412313,3,3,,,,"",
123456,"TwoPole",188,51,5,0.7,3,"PairwiseSupport","multi-point",3,3,"one-point",1,"calibrated",5.478896103896105,0.010178254512420243,3,3,,,,"",
123456,"TwoPole",189,51,5,0.7,3,"PairwiseSupport","one-point",1,1,"one-point",1,"degenerate",,,,,1,1,,"NoSwitchDetected",
123456,"TwoPole",190,51,5,0.7,3,"PairwiseSupport","one-point",1,1,"one-point",1,"degenerate",,,,,2,2,,"NoSwitchDetected",
123456,"TwoPole",191,51,5,0.7,3,"PairwiseSupport","two-point",2,2,"one-point",1,"degenerate",,,,,1,2,3.489584387176885,"SwitchDetected",2
123456,"TwoPole",192,51,5,0.7,3,"PairwiseSupport","two-point",2,2,"one-point",1,"degenerate",,,,,1,2,1.2125832152253797,"SwitchDetected",2
123456,"TwoPole",193,51,5,0.7,3,"PairwiseSupport","two-point",2,2,"one-point",1,"degenerate",,,,,1,3,3.458557576307699,"SwitchDetected",3
123456,"TwoPole",194,51,5,0.7,3,"PairwiseSupport","two-point",2,2,"one-point",1,"degenerate",,,,,1,3,2.5323391408609783,"SwitchDetected",3
123456,"TwoPole",195,51,5,0.7,3,"PairwiseSupport","two-point",2,2,"one-point",1,"degenerate",,,,,1,2,2.2606813710762075,"SwitchDetected",2
123456,"TwoPole",196,51,5,0.7,3,"PairwiseSupport","two-point",2,2,"one-point",1,"degenerate",,,,,1,3,2.3741976993438865,"SwitchDetected",3
123456,"TwoPole",197,51,5,0.7,3,"PairwiseSupport","one-point",1,1,"one-point",1,"degenerate",,,,,1,1,,"NoSwitchDetected",
123456,"TwoPole",198,51,5,0.7,3,"PairwiseSupport","one-point",1,1,"one-point",1,"degenerate",,,,,1,1,,"NoSwitchDetected",
123456,"TwoPole",199,51,5,0.7,3,"PairwiseSupport","two-point",2,2,"one-point",1,"degenerate",,,,,1,2,1.476206265226981,"SwitchDetected",2
123456,"TwoPole",200,51,5,0.7,3,"PairwiseSupport","two-point",2,2,"one-point",1,"degenerate",,,,,1,2,1.6359448557577216,"SwitchDetected",2
123456,"TwoPole",1,51,5,0.8,1,"PairwiseSupport","multi-point",3,3,"one-point",1,"calibrated",5.0675675675675675,0.018003066213486945,3,3,,,,"",
123456,"TwoPole",2,51,5,0.8,1,"PairwiseSupport","multi-point",3,3,"one-point",1,"calibrated",4.103343465045592,0.00509350591629383,3,3,,,,"",
123456,"TwoPole",3,51,5,0.8,1,"PairwiseSupport","multi-point",3,3,"one-point",1,"calibrated",6.7669172932330826,0.01944337714047926,3,3,,,,"",
123456,"TwoPole",4,51,5,0.8,1,"PairwiseSupport","multi-point",3,3,"one-point",1,"calibrated",3.3308660251665434,0.0011116384762602791,3,3,,,,"",
123456,"TwoPole",5,51,5,0.8,1,"PairwiseSupport","multi-point",3,3,"one-point",1,"calibrated",3.760445682451253,0.007151771173294157,3,3,,,,"",
123456,"TwoPole",6,51,5,0.8,1,"PairwiseSupport","multi-point",3,3,"one-point",1,"calibrated",7.936507936507937,0.0206107359418696,3,3,,,,"",
123456,"TwoPole",7,51,5,0.8,1,"PairwiseSupport","multi-point",3,3,"one-point",1,"calibrated",5.164498852333589,0.01057267998193399,3,3,,,,"",
123456,"TwoPole",8,51,5,0.8,1,"PairwiseSupport","multi-point",3,3,"one-point",1,"calibrated",4.4598612487611495,0.009418244763359644,3,3,,,,"",
123456,"TwoPole",9,51,5,0.8,1,"PairwiseSupport","multi-point",3,3,"one-point",1,"calibrated",3.8681948424068757,0.00757444913321524,3,3,,,,"",
123456,"TwoPole",10,51,5,0.8,1,"PairwiseSupport","multi-point",3,3,"one-point",1,"calibrated",4.9504950495049505,0.01691527989865212,3,3,,,,"",
123456,"TwoPole",11,51,5,0.8,1,"PairwiseSupport","multi-point",3,3,"one-point",1,"calibrated",5.369928400954653,0.022576419110611527,3,3,,,,"",
123456,"TwoPole",12,51,5,0.8,1,"PairwiseSupport","multi-point",3,3,"one-point",1,"calibrated",5.265210608424336,0.013998655839569633,3,3,,,,"",
123456,"TwoPole",13,51,5,0.8,1,"PairwiseSupport","multi-point",3,3,"one-point",1,"calibrated",4.612230953194397,0.012730980430572648,3,3,,,,"",
123456,"TwoPole",14,51,5,0.8,1,"PairwiseSupport","multi-point",3,3,"one-point",1,"calibrated",4.4598612487611495,0.012859791705168168,3,3,,,,"",
123456,"TwoPole",15,51,5,0.8,1,"PairwiseSupport","multi-point",3,3,"one-point",1,"calibrated",4.04191616766467,0.007769958417009921,3,3,,,,"",
123456,"TwoPole",16,51,5,0.8,1,"PairwiseSupport","multi-point",3,3,"one-point",1,"calibrated",4.166666666666666,0.010472668450327918,3,3,,,,"",
123456,"TwoPole",17,51,5,0.8,1,"PairwiseSupport","multi-point",3,3,"one-point",1,"degenerate",,,,,1,3,3.293628796334874,"SwitchDetected",3
123456,"TwoPole",18,51,5,0.8,1,"PairwiseSupport","multi-point",3,3,"one-point",1,"degenerate",,,,,1,3,3.03175253764016,"SwitchDetected",3
123456,"TwoPole",19,51,5,0.8,1,"PairwiseSupport","multi-point",3,3,"one-point",1,"degenerate",,,,,1,3,2.7493611771038156,"SwitchDetected",3
123456,"TwoPole",20,51,5,0.8,1,"PairwiseSupport","multi-point",3,3,"one-point",1,"calibrated",4.692387904066736,0.014572015187111806,3,3,,,,"",
123456,"TwoPole",21,51,5,0.8,1,"PairwiseSupport","two-point",2,2,"one-point",1,"degenerate",,,,,1,2,1.3597309585070017,"SwitchDetected",2
123456,"TwoPole",22,51,5,0.8,1,"PairwiseSupport","multi-point",3,3,"one-point",1,"calibrated",5.0675675675675675,0.015380293327276142,3,3,,,,"",
123456,"TwoPole",23,51,5,0.8,1,"PairwiseSupport","multi-point",3,3,"one-point",1,"calibrated",3.813559322033898,0.004172539012306493,3,3,,,,"",
123456,"TwoPole",24,51,5,0.8,1,"PairwiseSupport","two-point",2,2,"one-point",1,"degenerate",,,,,1,2,1.6353876160113072,"SwitchDetected",2
123456,"TwoPole",25,51,5,0.8,1,"PairwiseSupport","multi-point",3,3,"one-point",1,"calibrated",5.478896103896105,0.01920969184151894,3,3,,,,"",
123456,"TwoPole",26,51,5,0.8,1,"PairwiseSupport","multi-point",3,3,"one-point",1,"degenerate",,,,,1,3,2.851486527056838,"SwitchDetected",3
123456,"TwoPole",27,51,5,0.8,1,"PairwiseSupport","multi-point",3,3,"one-point",1,"calibrated",5.834053586862576,0.015309353939146298,3,3,,,,"",
123456,"TwoPole",28,51,5,0.8,1,"PairwiseSupport","two-point",2,2,"one-point",1,"degenerate",,,,,1,3,3.3375228914877284,"SwitchDetected",3
123456,"TwoPole",29,51,5,0.8,1,"PairwiseSupport","two-point",2,2,"one-point",1,"degenerate",,,,,1,2,1.257678901542142,"SwitchDetected",2
123456,"TwoPole",30,51,5,0.8,1,"PairwiseSupport","multi-point",3,3,"one-point",1,"calibrated",5.9628975265017665,0.014617889781995307,3,3,,,,"",
123456,"TwoPole",31,51,5,0.8,1,"PairwiseSupport","multi-point",3,3,"one-point",1,"calibrated",5.369928400954653,0.01078985266451425,3,3,,,,"",
123456,"TwoPole",32,51,5,0.8,1,"PairwiseSupport","multi-point",3,3,"one-point",1,"calibrated",4.387390315242119,0.012614752500835867,3,3,,,,"",
123456,"TwoPole",33,51,5,0.8,1,"PairwiseSupport","multi-point",3,3,"one-point",1,"calibrated",6.620892594409023,0.02110672196824284,3,3,,,,"",
123456,"TwoPole",34,51,5,0.8,1,"PairwiseSupport","multi-point",3,3,"one-point",1,"calibrated",5.9628975265017665,0.01596527416223831,3,3,,,,"",
123456,"TwoPole",35,51,5,0.8,1,"PairwiseSupport","two-point",2,2,"one-point",1,"degenerate",,,,,1,2,1.664711599180853,"SwitchDetected",2
123456,"TwoPole",36,51,5,0.8,1,"PairwiseSupport","two-point",2,2,"one-point",1,"degenerate",,,,,1,2,1.3561426416390585,"SwitchDetected",2
123456,"TwoPole",37,51,5,0.8,1,"PairwiseSupport","two-point",2,2,"one-point",1,"degenerate",,,,,1,2,1.5567134097168693,"SwitchDetected",2
123456,"TwoPole",38,51,5,0.8,1,"PairwiseSupport","two-point",2,2,"one-point",1,"degenerate",,,,,1,2,1.6582555372390155,"SwitchDetected",2
123456,"TwoPole",39,51,5,0.8,1,"PairwiseSupport","multi-point",3,3,"one-point",1,"calibrated",6.7669172932330826,0.02059287680010703,3,3,,,,"",
123456,"TwoPole",40,51,5,0.8,1,"PairwiseSupport","multi-point",3,3,"one-point",1,"calibrated",3.4151277510751323,0.0034056475387268114,3,3,,,,"",
123456,"TwoPole",41,51,5,0.8,1,"PairwiseSupport","multi-point",3,3,"one-point",1,"calibrated",4.3172369683402625,0.012547556471214636,3,3,,,,"",
123456,"TwoPole",42,51,5,0.8,1,"PairwiseSupport","multi-point",3,3,"one-point",1,"calibrated",4.249291784702549,0.009831365681734205,3,3,,,,"",
123456,"TwoPole",43,51,5,0.8,1,"PairwiseSupport","multi-point",3,3,"one-point",1,"calibrated",4.9504950495049505,0.014189405867286455,3,3,,,,"",
123456,"TwoPole",44,51,5,0.8,1,"PairwiseSupport","multi-point",3,3,"one-point",1,"calibrated",4.387390315242119,0.007268330904783599,3,3,,,,"",
123456,"TwoPole",45,51,5,0.8,1,"PairwiseSupport","multi-point",3,3,"one-point",1,"calibrated",4.612230953194397,0.005268305442055642,3,3,,,,"",
123456,"TwoPole",46,51,5,0.8,1,"PairwiseSupport","multi-point",3,3,"one-point",1,"degenerate",,,,,1,3,3.1015881820100697,"SwitchDetected",3
123456,"TwoPole",47,51,5,0.8,1,"PairwiseSupport","multi-point",3,3,"one-point",1,"calibrated",4.166666666666666,0.01641272949979959,3,3,,,,"",
123456,"TwoPole",48,51,5,0.8,1,"PairwiseSupport","multi-point",3,3,"one-point",1,"calibrated",5.0675675675675675,0.009877952925351098,3,3,,,,"",
123456,"TwoPole",49,51,5,0.8,1,"PairwiseSupport","multi-point",3,3,"one-point",1,"calibrated",3.2798833819241984,0.008280419550657458,3,3,,,,"",
123456,"TwoPole",50,51,5,0.8,1,"PairwiseSupport","two-point",2,2,"one-point",1,"degenerate",,,,,1,2,1.2800295006798985,"SwitchDetected",2
123456,"TwoPole",51,51,5,0.8,1,"PairwiseSupport","multi-point",3,3,"one-point",1,"calibrated",4.775380261761585,0.00961425641363703,3,3,,,,"",
123456,"TwoPole",52,51,5,0.8,1,"PairwiseSupport","multi-point",3,3,"one-point",1,"calibrated",5.369928400954653,0.013867715522164089,3,3,,,,"",
123456,"TwoPole",53,51,5,0.8,1,"PairwiseSupport","multi-point",3,3,"one-point",1,"calibrated",7.079181961195594,0.02077972899927499,3,3,,,,"",
123456,"TwoPole",54,51,5,0.8,1,"PairwiseSupport","multi-point",3,3,"one-point",1,"calibrated",6.7669172932330826,0.016258581649788,3,3,,,,"",
123456,"TwoPole",55,51,5,0.8,1,"PairwiseSupport","multi-point",3,3,"one-point",1,"calibrated",5.592377796188898,0.015600844730519342,3,3,,,,"",
123456,"TwoPole",56,51,5,0.8,1,"PairwiseSupport","multi-point",3,3,"one-point",1,"calibrated",6.7669172932330826,0.013628394290368894,3,3,,,,"",
123456,"TwoPole",57,51,5,0.8,1,"PairwiseSupport","two-point",2,2,"one-point",1,"degenerate",,,,,1,2,1.799944081327063,"SwitchDetected",2
123456,"TwoPole",58,51,5,0.8,1,"PairwiseSupport","multi-point",3,3,"one-point",1,"calibrated",6.7669172932330826,0.02156426715775343,3,3,,,,"",
123456,"TwoPole",59,51,5,0.8,1,"PairwiseSupport","multi-point",3,3,"one-point",1,"degenerate",,,,,1,3,2.691023406844831,"SwitchDetected",3
123456,"TwoPole",60,51,5,0.8,1,"PairwiseSupport","multi-point",3,3,"one-point",1,"calibrated",4.775380261761585,0.013911528530467579,3,3,,,,"",
123456,"TwoPole",61,51,5,0.8,1,"PairwiseSupport","multi-point",3,3,"one-point",1,"calibrated",4.775380261761585,0.01022214021939037,3,3,,,,"",
123456,"TwoPole",62,51,5,0.8,1,"PairwiseSupport","multi-point",3,3,"one-point",1,"calibrated",4.4598612487611495,0.010280479125249457,3,3,,,,"",
123456,"TwoPole",63,51,5,0.8,1,"PairwiseSupport","multi-point",3,3,"one-point",1,"calibrated",5.164498852333589,0.013970885178972518,3,3,,,,"",
123456,"TwoPole",64,51,5,0.8,1,"PairwiseSupport","multi-point",3,3,"one-point",1,"calibrated",3.3308660251665434,0.0003443014290826077,3,3,,,,"",
123456,"TwoPole",65,51,5,0.8,1,"PairwiseSupport","multi-point",3,3,"one-point",1,"calibrated",5.834053586862576,0.01627103017953102,3,3,,,,"",
123456,"TwoPole",66,51,5,0.8,1,"PairwiseSupport","multi-point",3,3,"one-point",1,"calibrated",4.861361181130716,0.005127368852839889,3,3,,,,"",
123456,"TwoPole",67,51,5,0.8,1,"PairwiseSupport","multi-point",3,3,"one-point",1,"calibrated",5.0675675675675675,0.01025296447542981,3,3,,,,"",
123456,"TwoPole",68,51,5,0.8,1,"PairwiseSupport","multi-point",3,3,"one-point",1,"calibrated",4.974207811348563,0.012790517090227379,3,3,,,,"",
123456,"TwoPole",69,51,5,0.8,1,"PairwiseSupport","multi-point",3,3,"one-point",1,"calibrated",6.919528446950282,0.021027722550932427,3,3,,,,"",
123456,"TwoPole",70,51,5,0.8,1,"PairwiseSupport","two-point",2,2,"one-point",1,"degenerate",,,,,1,2,1.9339952128188564,"SwitchDetected",2
123456,"TwoPole",71,51,5,0.8,1,"PairwiseSupport","multi-point",3,3,"one-point",1,"calibrated",4.3172369683402625,0.011894651744696894,3,3,,,,"",
123456,"TwoPole",72,51,5,0.8,1,"PairwiseSupport","multi-point",3,3,"one-point",1,"calibrated",7.079181961195594,0.020767917833133333,3,3,,,,"",
123456,"TwoPole",73,51,5,0.8,1,"PairwiseSupport","multi-point",3,3,"one-point",1,"calibrated",5.265210608424336,0.009491192638700116,3,3,,,,"",
123456,"TwoPole",74,51,5,0.8,1,"PairwiseSupport","multi-point",3,3,"one-point",1,"calibrated",4.3172369683402625,0.009029562938681844,3,3,,,,"",
123456,"TwoPole",75,51,5,0.8,1,"PairwiseSupport","multi-point",3,3,"one-point",1,"calibrated",3.4151277510751323,0.0015845301468918743,3,3,,,,"",
123456,"TwoPole",76,51,5,0.8,1,"PairwiseSupport","multi-point",3,3,"one-point",1,"calibrated",4.612230953194397,0.013224906999685732,3,3,,,,"",
123456,"TwoPole",77,51,5,0.8,1,"PairwiseSupport","multi-point",3,3,"one-point",1,"calibrated",5.164498852333589,0.013806932194580636,3,3,,,,"",
123456,"TwoPole",78,51,5,0.8,1,"PairwiseSupport","multi-point",3,3,"one-point",1,"degenerate",,,,,1,3,3.9055669943355698,"SwitchDetected",3
123456,"TwoPole",79,51,5,0.8,1,"PairwiseSupport","multi-point",3,3,"one-point",1,"calibrated",3.2506621719239104,0.001392035531832689,3,3,,,,"",
123456,"TwoPole",80,51,5,0.8,1,"PairwiseSupport","multi-point",3,3,"one-point",1,"calibrated",4.692387904066736,0.012806013371522849,3,3,,,,"",
123456,"TwoPole",81,51,5,0.8,1,"PairwiseSupport","multi-point",3,3,"one-point",1,"calibrated",4.612230953194397,0.004951336701131057,3,3,,,,"",
123456,"TwoPole",82,51,5,0.8,1,"PairwiseSupport","multi-point",3,3,"one-point",1,"calibrated",4.166666666666666,0.004782188601847272,3,3,,,,"",
123456,"TwoPole",83,51,5,0.8,1,"PairwiseSupport","multi-point",3,3,"one-point",1,"calibrated",3.597122302158273,0.0028986968915431645,3,3,,,,"",
123456,"TwoPole",84,51,5,0.8,1,"PairwiseSupport","multi-point",3,3,"one-point",1,"calibrated",4.387390315242119,0.011918846377982377,3,3,,,,"",
123456,"TwoPole",85,51,5,0.8,1,"PairwiseSupport","multi-point",3,3,"one-point",1,"calibrated",4.534766543500169,0.004833942903571739,3,3,,,,"",
123456,"TwoPole",86,51,5,0.8,1,"PairwiseSupport","multi-point",3,3,"one-point",1,"calibrated",4.3172369683402625,0.0051759818855429416,3,3,,,,"",
123456,"TwoPole",87,51,5,0.8,1,"PairwiseSupport","multi-point",3,3,"one-point",1,"calibrated",3.458877786318216,0.005066859090254381,3,3,,,,"",
123456,"TwoPole",88,51,5,0.8,1,"PairwiseSupport","multi-point",3,3,"one-point",1,"calibrated",4.775380261761585,0.007711675257704375,3,3,,,,"",
123456,"TwoPole",89,51,5,0.8,1,"PairwiseSupport","two-point",2,2,"one-point",1,"degenerate",,,,,1,2,1.6531981903009314,"SwitchDetected",2
123456,"TwoPole",90,51,5,0.8,1,"PairwiseSupport","multi-point",3,3,"one-point",1,"calibrated",4.9504950495049505,0.01406034743693882,3,3,,,,"",
123456,"TwoPole",91,51,5,0.8,1,"PairwiseSupport","multi-point",3,3,"one-point",1,"calibrated",4.974207811348563,0.013856747368234447,3,3,,,,"",
123456,"TwoPole",92,51,5,0.8,1,"PairwiseSupport","multi-point",3,3,"one-point",1,"calibrated",4.9504950495049505,0.012938303965949636,3,3,,,,"",
123456,"TwoPole",93,51,5,0.8,1,"PairwiseSupport","multi-point",3,3,"one-point",1,"calibrated",6.7669172932330826,0.016010610048212155,3,3,,,,"",
123456,"TwoPole",94,51,5,0.8,1,"PairwiseSupport","multi-point",3,3,"one-point",1,"calibrated",3.658536585365854,0.0038632822870007114,3,3,,,,"",
123456,"TwoPole",95,51,5,0.8,1,"PairwiseSupport","multi-point",3,3,"one-point",1,"calibrated",4.612230953194397,0.008639986869330431,3,3,,,,"",
123456,"TwoPole",96,51,5,0.8,1,"PairwiseSupport","multi-point",3,3,"one-point",1,"degenerate",,,,,1,3,2.7721753725787464,"SwitchDetected",2
123456,"TwoPole",97,51,5,0.8,1,"PairwiseSupport","multi-point",3,3,"one-point",1,"calibrated",3.9823008849557513,0.0037939984463642717,3,3,,,,"",
123456,"TwoPole",98,51,5,0.8,1,"PairwiseSupport","multi-point",3,3,"one-point",1,"calibrated",4.3172369683402625,0.008952632959609503,3,3,,,,"",
123456,"TwoPole",99,51,5,0.8,1,"PairwiseSupport","multi-point",3,3,"one-point",1,"calibrated",6.481036965914546,0.019293451613778358,3,3,,,,"",
123456,"TwoPole",100,51,5,0.8,1,"PairwiseSupport","multi-point",3,3,"one-point",1,"calibrated",4.249291784702549,0.012384961740782423,3,3,,,,"",
123456,"TwoPole",101,51,5,0.8,1,"PairwiseSupport","multi-point",3,3,"one-point",1,"calibrated",5.369928400954653,0.01468852719079987,3,3,,,,"",
123456,"TwoPole",102,51,5,0.8,1,"PairwiseSupport","multi-point",3,3,"one-point",1,"calibrated",4.3172369683402625,0.009528322980247706,3,3,,,,"",
123456,"TwoPole",103,51,5,0.8,1,"PairwiseSupport","multi-point",3,3,"one-point",1,"calibrated",4.103343465045592,0.008548224034167204,3,3,,,,"",
123456,"TwoPole",104,51,5,0.8,1,"PairwiseSupport","multi-point",3,3,"one-point",1,"degenerate",,,,,1,3,2.8731825046964983,"SwitchDetected",3
123456,"TwoPole",105,51,5,0.8,1,"PairwiseSupport","multi-point",3,3,"one-point",1,"calibrated",6.919528446950282,0.02172393944823234,3,3,,,,"",
123456,"TwoPole",106,51,5,0.8,1,"PairwiseSupport","multi-point",3,3,"one-point",1,"calibrated",6.097560975609756,0.014412722301918103,3,3,,,,"",
123456,"TwoPole",107,51,5,0.8,1,"PairwiseSupport","multi-point",3,3,"one-point",1,"calibrated",4.166666666666666,0.007029101705209067,3,3,,,,"",
123456,"TwoPole",108,51,5,0.8,1,"PairwiseSupport","multi-point",3,3,"one-point",1,"calibrated",10.452961672473869,0.02051683777496396,3,3,,,,"",
123456,"TwoPole",109,51,5,0.8,1,"PairwiseSupport","multi-point",3,3,"one-point",1,"calibrated",6.346967559943582,0.021040900995607386,3,3,,,,"",
123456,"TwoPole",110,51,5,0.8,1,"PairwiseSupport","multi-point",3,3,"one-point",1,"calibrated",4.04191616766467,0.012835926241634018,3,3,,,,"",
123456,"TwoPole",111,51,5,0.8,1,"PairwiseSupport","multi-point",3,3,"one-point",1,"calibrated",7.546115148127446,0.019432780772756047,3,3,,,,"",
123456,"TwoPole",112,51,5,0.8,1,"PairwiseSupport","multi-point",3,3,"one-point",1,"degenerate",,,,,1,3,2.8205675565869486,"SwitchDetected",3
123456,"TwoPole",113,51,5,0.8,1,"PairwiseSupport","multi-point",3,3,"one-point",1,"calibrated",4.534766543500169,0.008906445643661986,3,3,,,,"",
123456,"TwoPole",114,51,5,0.8,1,"PairwiseSupport","multi-point",3,3,"one-point",1,"calibrated",4.9504950495049505,0.008397737954658202,3,3,,,,"",
123456,"TwoPole",115,51,5,0.8,1,"PairwiseSupport","multi-point",3,3,"one-point",1,"calibrated",3.8681948424068757,0.0036643991467274904,3,3,,,,"",
123456,"TwoPole",116,51,5,0.8,1,"PairwiseSupport","multi-point",3,3,"one-point",1,"calibrated",4.3172369683402625,0.01310550314147463,3,3,,,,"",
123456,"TwoPole",117,51,5,0.8,1,"PairwiseSupport","multi-point",3,3,"one-point",1,"calibrated",5.710659898477157,0.011308732743150003,3,3,,,,"",
123456,"TwoPole",118,51,5,0.8,1,"PairwiseSupport","multi-point",3,3,"one-point",1,"degenerate",,,,,1,3,3.2187435230743096,"SwitchDetected",3
123456,"TwoPole",119,51,5,0.8,1,"PairwiseSupport","multi-point",3,3,"one-point",1,"calibrated",5.9628975265017665,0.011041228018614773,3,3,,,,"",
123456,"TwoPole",120,51,5,0.8,1,"PairwiseSupport","multi-point",3,3,"one-point",1,"degenerate",,,,,1,3,3.425701543280219,"SwitchDetected",3
123456,"TwoPole",121,51,5,0.8,1,"PairwiseSupport","multi-point",3,3,"one-point",1,"calibrated",5.592377796188898,0.016940981289267572,3,3,,,,"",
123456,"TwoPole",122,51,5,0.8,1,"PairwiseSupport","multi-point",3,3,"one-point",1,"calibrated",4.166666666666666,0.003987931284324009,3,3,,,,"",
123456,"TwoPole",123,51,5,0.8,1,"PairwiseSupport","multi-point",3,3,"one-point",1,"calibrated",9.414225941422595,0.019079799731446637,3,3,,,,"",
123456,"TwoPole",124,51,5,0.8,1,"PairwiseSupport","multi-point",3,3,"one-point",1,"calibrated",6.481036965914546,0.01449068763186866,3,3,,,,"",
123456,"TwoPole",125,51,5,0.8,1,"PairwiseSupport","multi-point",3,3,"one-point",1,"degenerate",,,,,1,3,2.664694385137303,"SwitchDetected",3
123456,"TwoPole",126,51,5,0.8,1,"PairwiseSupport","multi-point",3,3,"one-point",1,"calibrated",4.692387904066736,0.012866225956437454,3,3,,,,"",
123456,"TwoPole",127,51,5,0.8,1,"PairwiseSupport","multi-point",3,3,"one-point",1,"calibrated",8.057296329453894,0.022495797889419054,3,3,,,,"",
123456,"TwoPole",128,51,5,0.8,1,"PairwiseSupport","two-point",2,2,"one-point",1,"degenerate",,,,,1,3,3.3830794406273075,"SwitchDetected",3
123456,"TwoPole",129,51,5,0.8,1,"PairwiseSupport","multi-point",3,3,"one-point",1,"calibrated",4.249291784702549,0.004047795914518315,3,3,,,,"",
123456,"TwoPole",130,51,5,0.8,1,"PairwiseSupport","multi-point",3,3,"one-point",1,"calibrated",2.5037091988130564,0.000693662308824866,3,3,,,,"",
123456,"TwoPole",131,51,5,0.8,1,"PairwiseSupport","multi-point",3,3,"one-point",1,"calibrated",4.775380261761585,0.009061659876832719,3,3,,,,"",
123456,"TwoPole",132,51,5,0.8,1,"PairwiseSupport","multi-point",3,3,"one-point",1,"calibrated",3.5037633013236436,0.0023038991036577333,3,3,,,,"",
123456,"TwoPole",133,51,5,0.8,1,"PairwiseSupport","multi-point",3,3,"one-point",1,"calibrated",4.9504950495049505,0.015278462628871376,3,3,,,,"",
123456,"TwoPole",134,51,5,0.8,1,"PairwiseSupport","multi-point",3,3,"one-point",1,"calibrated",8.22669104204753,0.01989549481232251,3,3,,,,"",
123456,"TwoPole",135,51,5,0.8,1,"PairwiseSupport","multi-point",3,3,"one-point",1,"calibrated",4.534766543500169,0.008630516017876831,3,3,,,,"",
123456,"TwoPole",136,51,5,0.8,1,"PairwiseSupport","multi-point",3,3,"one-point",1,"calibrated",3.9244186046511618,0.0025144934579513357,3,3,,,,"",
123456,"TwoPole",137,51,5,0.8,1,"PairwiseSupport","multi-point",3,3,"one-point",1,"degenerate",,,,,1,3,2.6025827265961747,"SwitchDetected",3
123456,"TwoPole",138,51,5,0.8,1,"PairwiseSupport","multi-point",3,3,"one-point",1,"calibrated",7.079181961195594,0.014996628239255782,3,3,,,,"",
123456,"TwoPole",139,51,5,0.8,1,"PairwiseSupport","multi-point",3,3,"one-point",1,"calibrated",4.534766543500169,0.008134713059970324,3,3,,,,"",
123456,"TwoPole",140,51,5,0.8,1,"PairwiseSupport","multi-point",3,3,"one-point",1,"calibrated",6.481036965914546,0.013896529064909664,3,3,,,,"",
123456,"TwoPole",141,51,5,0.8,1,"PairwiseSupport","multi-point",3,3,"one-point",1,"calibrated",9.414225941422595,0.019521256604615567,3,3,,,,"",
123456,"TwoPole",142,51,5,0.8,1,"PairwiseSupport","multi-point",3,3,"one-point",1,"calibrated",5.265210608424336,0.01618380574892658,3,3,,,,"",
123456,"TwoPole",143,51,5,0.8,1,"PairwiseSupport","multi-point",3,3,"one-point",1,"calibrated",5.369928400954653,0.014961611989314502,3,3,,,,"",
123456,"TwoPole",144,51,5,0.8,1,"PairwiseSupport","multi-point",3,3,"one-point",1,"calibrated",4.183452122714595,0.008833102758557448,3,3,,,,"",
123456,"TwoPole",145,51,5,0.8,1,"PairwiseSupport","two-point",2,2,"one-point",1,"degenerate",,,,,1,2,1.6335117161893034,"SwitchDetected",2
123456,"TwoPole",146,51,5,0.8,1,"PairwiseSupport","multi-point",3,3,"one-point",1,"calibrated",4.249291784702549,0.003474301787937409,3,3,,,,"",
123456,"TwoPole",147,51,5,0.8,1,"PairwiseSupport","multi-point",3,3,"one-point",1,"degenerate",,,,,1,3,2.2832894056082322,"SwitchDetected",3
123456,"TwoPole",148,51,5,0.8,1,"PairwiseSupport","multi-point",3,3,"one-point",1,"calibrated",5.0675675675675675,0.015257972605502882,3,3,,,,"",
123456,"TwoPole",149,51,5,0.8,1,"PairwiseSupport","multi-point",3,3,"one-point",1,"calibrated",4.861361181130716,0.01775238225243285,3,3,,,,"",
123456,"TwoPole",150,51,5,0.8,1,"PairwiseSupport","multi-point",3,3,"one-point",1,"degenerate",,,,,1,3,2.790543593088874,"SwitchDetected",3
123456,"TwoPole",151,51,5,0.8,1,"PairwiseSupport","two-point",2,2,"one-point",1,"degenerate",,,,,1,3,2.129068266240091,"SwitchDetected",3
123456,"TwoPole",152,51,5,0.8,1,"PairwiseSupport","multi-point",3,3,"one-point",1,"calibrated",5.710659898477157,0.018959717025373943,3,3,,,,"",
123456,"TwoPole",153,51,5,0.8,1,"PairwiseSupport","multi-point",3,3,"one-point",1,"calibrated",3.1645569620253164,0.0027676343383465215,3,3,,,,"",
123456,"TwoPole",154,51,5,0.8,1,"PairwiseSupport","multi-point",3,3,"one-point",1,"calibrated",5.0675675675675675,0.01973619128089869,3,3,,,,"",
123456,"TwoPole",155,51,5,0.8,1,"PairwiseSupport","multi-point",3,3,"one-point",1,"calibrated",7.936507936507937,0.022221513714032817,3,3,,,,"",
123456,"TwoPole",156,51,5,0.8,1,"PairwiseSupport","multi-point",3,3,"one-point",1,"calibrated",4.692387904066736,0.013032510324075859,3,3,,,,"",
123456,"TwoPole",157,51,5,0.8,1,"PairwiseSupport","multi-point",3,3,"one-point",1,"calibrated",5.710659898477157,0.015691033515120727,3,3,,,,"",
123456,"TwoPole",158,51,5,0.8,1,"PairwiseSupport","multi-point",3,3,"one-point",1,"calibrated",6.346967559943582,0.020866139432130698,3,3,,,,"",
123456,"TwoPole",159,51,5,0.8,1,"PairwiseSupport","multi-point",3,3,"one-point",1,"calibrated",5.834053586862576,0.01572781790075285,3,3,,,,"",
123456,"TwoPole",160,51,5,0.8,1,"PairwiseSupport","multi-point",3,3,"one-point",1,"calibrated",4.9504950495049505,0.01383587380269574,3,3,,,,"",
123456,"TwoPole",161,51,5,0.8,1,"PairwiseSupport","multi-point",3,3,"one-point",1,"calibrated",4.103343465045592,0.008852081512134197,3,3,,,,"",
123456,"TwoPole",162,51,5,0.8,1,"PairwiseSupport","multi-point",3,3,"one-point",1,"calibrated",5.834053586862576,0.015086423830117228,3,3,,,,"",
123456,"TwoPole",163,51,5,0.8,1,"PairwiseSupport","multi-point",3,3,"one-point",1,"degenerate",,,,,1,3,3.456352318413083,"SwitchDetected",3
123456,"TwoPole",164,51,5,0.8,1,"PairwiseSupport","two-point",2,2,"one-point",1,"degenerate",,,,,1,2,1.6556414360041887,"SwitchDetected",2
123456,"TwoPole",165,51,5,0.8,1,"PairwiseSupport","multi-point",3,3,"one-point",1,"calibrated",4.9504950495049505,0.014729987898128103,3,3,,,,"",
123456,"TwoPole",166,51,5,0.8,1,"PairwiseSupport","two-point",2,2,"one-point",1,"degenerate",,,,,1,3,3.2240544688889767,"SwitchDetected",3
123456,"TwoPole",167,51,5,0.8,1,"PairwiseSupport","multi-point",3,3,"one-point",1,"calibrated",4.612230953194397,0.00707530641680866,3,3,,,,"",
123456,"TwoPole",168,51,5,0.8,1,"PairwiseSupport","multi-point",3,3,"one-point",1,"calibrated",6.481036965914546,0.018646441932630223,3,3,,,,"",
123456,"TwoPole",169,51,5,0.8,1,"PairwiseSupport","multi-point",3,3,"one-point",1,"calibrated",5.592377796188898,0.014562639140392603,3,3,,,,"",
123456,"TwoPole",170,51,5,0.8,1,"PairwiseSupport","multi-point",3,3,"one-point",1,"calibrated",3.597122302158273,0.008161021266535895,3,3,,,,"",
123456,"TwoPole",171,51,5,0.8,1,"PairwiseSupport","multi-point",3,3,"one-point",1,"calibrated",4.861361181130716,0.00935571973696486,3,3,,,,"",
123456,"TwoPole",172,51,5,0.8,1,"PairwiseSupport","multi-point",3,3,"one-point",1,"degenerate",,,,,1,3,3.751583529348459,"SwitchDetected",3
123456,"TwoPole",173,51,5,0.8,1,"PairwiseSupport","multi-point",3,3,"one-point",1,"calibrated",5.9628975265017665,0.016344215844456916,3,3,,,,"",
123456,"TwoPole",174,51,5,0.8,1,"PairwiseSupport","multi-point",3,3,"one-point",1,"calibrated",4.612230953194397,0.013752883017994478,3,3,,,,"",
123456,"TwoPole",175,51,5,0.8,1,"PairwiseSupport","multi-point",3,3,"one-point",1,"calibrated",3.2902754082378745,0.002971243267396618,3,3,,,,"",
123456,"TwoPole",176,51,5,0.8,1,"PairwiseSupport","two-point",2,2,"one-point",1,"degenerate",,,,,1,2,1.3929473538336237,"SwitchDetected",2
123456,"TwoPole",177,51,5,0.8,1,"PairwiseSupport","multi-point",3,3,"one-point",1,"calibrated",3.9823008849557513,0.004462185520197753,3,3,,,,"",
123456,"TwoPole",178,51,5,0.8,1,"PairwiseSupport","multi-point",3,3,"one-point",1,"calibrated",3.5498290823034444,0.010161617591812373,3,3,,,,"",
123456,"TwoPole",179,51,5,0.8,1,"PairwiseSupport","multi-point",3,3,"one-point",1,"calibrated",4.4598612487611495,0.014180307890249173,3,3,,,,"",
123456,"TwoPole",180,51,5,0.8,1,"PairwiseSupport","multi-point",3,3,"one-point",1,"calibrated",3.240518482957273,0.00470512872312201,3,3,,,,"",
123456,"TwoPole",181,51,5,0.8,1,"PairwiseSupport","multi-point",3,3,"one-point",1,"calibrated",4.249291784702549,0.012505652716584603,3,3,,,,"",
123456,"TwoPole",182,51,5,0.8,1,"PairwiseSupport","multi-point",3,3,"one-point",1,"calibrated",3.1645569620253164,0.00009249096235680596,3,3,,,,"",
123456,"TwoPole",183,51,5,0.8,1,"PairwiseSupport","multi-point",3,3,"one-point",1,"calibrated",9.414225941422595,0.020389305678861297,3,3,,,,"",
123456,"TwoPole",184,51,5,0.8,1,"PairwiseSupport","two-point",2,2,"one-point",1,"degenerate",,,,,1,2,1.824133247233294,"SwitchDetected",2
123456,"TwoPole",185,51,5,0.8,1,"PairwiseSupport","multi-point",3,3,"one-point",1,"calibrated",5.478896103896105,0.01572437085572942,3,3,,,,"",
123456,"TwoPole",186,51,5,0.8,1,"PairwiseSupport","multi-point",3,3,"one-point",1,"calibrated",6.346967559943582,0.020904566409023342,3,3,,,,"",
123456,"TwoPole",187,51,5,0.8,1,"PairwiseSupport","multi-point",3,3,"one-point",1,"calibrated",3.9244186046511618,0.00501372337924813,3,3,,,,"",
123456,"TwoPole",188,51,5,0.8,1,"PairwiseSupport","multi-point",3,3,"one-point",1,"calibrated",4.861361181130716,0.013971148959642242,3,3,,,,"",
123456,"TwoPole",189,51,5,0.8,1,"PairwiseSupport","multi-point",3,3,"one-point",1,"calibrated",6.2183325656379544,0.010980130813444526,3,3,,,,"",
123456,"TwoPole",190,51,5,0.8,1,"PairwiseSupport","multi-point",3,3,"one-point",1,"calibrated",5.834053586862576,0.014948430255331588,3,3,,,,"",
123456,"TwoPole",191,51,5,0.8,1,"PairwiseSupport","multi-point",3,3,"one-point",1,"degenerate",,,,,1,3,3.522649211091271,"SwitchDetected",3
123456,"TwoPole",192,51,5,0.8,1,"PairwiseSupport","multi-point",3,3,"one-point",1,"calibrated",4.103343465045592,0.012319755461814672,3,3,,,,"",
123456,"TwoPole",193,51,5,0.8,1,"PairwiseSupport","multi-point",3,3,"one-point",1,"calibrated",4.249291784702549,0.015544447837150808,3,3,,,,"",
123456,"TwoPole",194,51,5,0.8,1,"PairwiseSupport","multi-point",3,3,"one-point",1,"calibrated",4.534766543500169,0.008682545726665434,3,3,,,,"",
123456,"TwoPole",195,51,5,0.8,1,"PairwiseSupport","multi-point",3,3,"one-point",1,"calibrated",4.692387904066736,0.009937271144383588,3,3,,,,"",
123456,"TwoPole",196,51,5,0.8,1,"PairwiseSupport","multi-point",3,3,"one-point",1,"calibrated",4.387390315242119,0.014336470886117015,3,3,,,,"",
123456,"TwoPole",197,51,5,0.8,1,"PairwiseSupport","multi-point",3,3,"one-point",1,"calibrated",3.8681948424068757,0.00715538346959786,3,3,,,,"",
123456,"TwoPole",198,51,5,0.8,1,"PairwiseSupport","multi-point",3,3,"one-point",1,"calibrated",4.4598612487611495,0.009418244763359633,3,3,,,,"",
123456,"TwoPole",199,51,5,0.8,1,"PairwiseSupport","multi-point",3,3,"one-point",1,"calibrated",4.534766543500169,0.01017917191326881,3,3,,,,"",
123456,"TwoPole",200,51,5,0.8,1,"PairwiseSupport","multi-point",3,3,"one-point",1,"calibrated",6.346967559943582,0.015584419104892224,3,3,,,,"",
123456,"TwoPole",1,51,5,0.8,2,"PairwiseSupport","multi-point",3,3,"two-point",2,"calibrated",4.4598612487611495,0.006608348904275849,3,3,,,,"",
123456,"TwoPole",2,51,5,0.8,2,"PairwiseSupport","multi-point",3,3,"one-point",1,"degenerate",,,,,1,3,2.6948642719536497,"SwitchDetected",3
123456,"TwoPole",3,51,5,0.8,2,"PairwiseSupport","one-point",1,1,"one-point",1,"degenerate",,,,,2,2,,"NoSwitchDetected",
123456,"TwoPole",4,51,5,0.8,2,"PairwiseSupport","two-point",2,2,"one-point",1,"degenerate",,,,,1,2,2.8201888617687465,"SwitchDetected",2
123456,"TwoPole",5,51,5,0.8,2,"PairwiseSupport","two-point",2,2,"one-point",1,"degenerate",,,,,1,2,1.670520347613832,"SwitchDetected",2
123456,"TwoPole",6,51,5,0.8,2,"PairwiseSupport","two-point",2,2,"one-point",1,"degenerate",,,,,1,2,2.289324091174736,"SwitchDetected",2
123456,"TwoPole",7,51,5,0.8,2,"PairwiseSupport","two-point",2,2,"one-point",1,"degenerate",,,,,1,2,2.675683598454754,"SwitchDetected",2
123456,"TwoPole",8,51,5,0.8,2,"PairwiseSupport","two-point",2,2,"one-point",1,"degenerate",,,,,1,3,5.5993096554257855,"SwitchDetected",3
123456,"TwoPole",9,51,5,0.8,2,"PairwiseSupport","multi-point",3,3,"one-point",1,"calibrated",7.079181961195594,0.005205227712268362,3,3,,,,"",
123456,"TwoPole",10,51,5,0.8,2,"PairwiseSupport","multi-point",3,3,"one-point",1,"calibrated",4.861361181130716,0.003883128059160412,3,3,,,,"",
123456,"TwoPole",11,51,5,0.8,2,"PairwiseSupport","multi-point",3,3,"one-point",1,"calibrated",5.9628975265017665,0.00676173081222589,3,3,,,,"",
123456,"TwoPole",12,51,5,0.8,2,"PairwiseSupport","two-point",2,2,"one-point",1,"degenerate",,,,,1,2,1.456375621175225,"SwitchDetected",2
123456,"TwoPole",13,51,5,0.8,2,"PairwiseSupport","two-point",2,2,"one-point",1,"degenerate",,,,,1,2,2.387623819549618,"SwitchDetected",2
123456,"TwoPole",14,51,5,0.8,2,"PairwiseSupport","two-point",2,2,"one-point",1,"degenerate",,,,,1,2,1.764876807904028,"SwitchDetected",2
123456,"TwoPole",15,51,5,0.8,2,"PairwiseSupport","two-point",2,2,"one-point",1,"degenerate",,,,,1,2,1.303623594600433,"SwitchDetected",2
123456,"TwoPole",16,51,5,0.8,2,"PairwiseSupport","two-point",2,2,"one-point",1,"degenerate",,,,,1,2,3.3529059353740895,"SwitchDetected",2
123456,"TwoPole",17,51,5,0.8,2,"PairwiseSupport","multi-point",3,3,"one-point",1,"calibrated",4.249291784702549,0.00275515251255308,3,3,,,,"",
123456,"TwoPole",18,51,5,0.8,2,"PairwiseSupport","two-point",2,2,"one-point",1,"degenerate",,,,,1,2,2.6886122894393525,"SwitchDetected",2
123456,"TwoPole",19,51,5,0.8,2,"PairwiseSupport","two-point",2,2,"one-point",1,"degenerate",,,,,1,2,1.852630293456571,"SwitchDetected",2
123456,"TwoPole",20,51,5,0.8,2,"PairwiseSupport","two-point",2,2,"one-point",1,"degenerate",,,,,1,2,3.407225172373278,"SwitchDetected",2
123456,"TwoPole",21,51,5,0.8,2,"PairwiseSupport","two-point",2,2,"one-point",1,"degenerate",,,,,1,2,2.607428721024702,"SwitchDetected",2
123456,"TwoPole",22,51,5,0.8,2,"PairwiseSupport","two-point",2,2,"one-point",1,"degenerate",,,,,1,2,1.5631428769738147,"SwitchDetected",2
123456,"TwoPole",23,51,5,0.8,2,"PairwiseSupport","two-point",2,2,"two-point",2,"degenerate",,,,,1,2,1.4705479774804389,"SwitchDetected",2
123456,"TwoPole",24,51,5,0.8,2,"PairwiseSupport","two-point",2,2,"one-point",1,"degenerate",,,,,1,2,1.8650703983252617,"SwitchDetected",2
123456,"TwoPole",25,51,5,0.8,2,"PairwiseSupport","two-point",2,2,"one-point",1,"degenerate",,,,,1,2,2.384709852902381,"SwitchDetected",2
123456,"TwoPole",26,51,5,0.8,2,"PairwiseSupport","two-point",2,2,"one-point",1,"degenerate",,,,,1,2,1.8732621103468465,"SwitchDetected",2
123456,"TwoPole",27,51,5,0.8,2,"PairwiseSupport","two-point",2,2,"one-point",1,"degenerate",,,,,1,2,2.1094774234479154,"SwitchDetected",2
123456,"TwoPole",28,51,5,0.8,2,"PairwiseSupport","one-point",1,1,"one-point",1,"degenerate",,,,,1,1,,"NoSwitchDetected",
123456,"TwoPole",29,51,5,0.8,2,"PairwiseSupport","two-point",2,2,"one-point",1,"degenerate",,,,,1,2,1.000005950963148,"SwitchDetected",2
123456,"TwoPole",30,51,5,0.8,2,"PairwiseSupport","one-point",1,1,"one-point",1,"degenerate",,,,,1,1,,"NoSwitchDetected",
123456,"TwoPole",31,51,5,0.8,2,"PairwiseSupport","multi-point",3,3,"one-point",1,"calibrated",8.982035928143713,0.006992277850072434,3,3,,,,"",
123456,"TwoPole",32,51,5,0.8,2,"PairwiseSupport","two-point",2,2,"one-point",1,"degenerate",,,,,1,2,2.094281661326253,"SwitchDetected",2
123456,"TwoPole",33,51,5,0.8,2,"PairwiseSupport","two-point",2,2,"one-point",1,"degenerate",,,,,1,2,2.3694439493239225,"SwitchDetected",2
123456,"TwoPole",34,51,5,0.8,2,"PairwiseSupport","one-point",1,1,"one-point",1,"degenerate",,,,,1,1,,"NoSwitchDetected",
123456,"TwoPole",35,51,5,0.8,2,"PairwiseSupport","multi-point",3,3,"one-point",1,"degenerate",,,,,1,3,3.55191153173475,"SwitchDetected",3
123456,"TwoPole",36,51,5,0.8,2,"PairwiseSupport","two-point",2,2,"one-point",1,"degenerate",,,,,1,2,1.5348171116557434,"SwitchDetected",2
123456,"TwoPole",37,51,5,0.8,2,"PairwiseSupport","two-point",2,2,"one-point",1,"degenerate",,,,,1,2,3.821022503662961,"SwitchDetected",2
123456,"TwoPole",38,51,5,0.8,2,"PairwiseSupport","two-point",2,2,"one-point",1,"degenerate",,,,,1,3,7.2136012310320465,"SwitchDetected",3
123456,"TwoPole",39,51,5,0.8,2,"PairwiseSupport","multi-point",3,3,"one-point",1,"calibrated",8.681672025723472,0.011497260201416936,3,3,,,,"",
123456,"TwoPole",40,51,5,0.8,2,"PairwiseSupport","two-point",2,2,"one-point",1,"degenerate",,,,,1,2,2.0770672581102163,"SwitchDetected",2
123456,"TwoPole",41,51,5,0.8,2,"PairwiseSupport","multi-point",3,3,"one-point",1,"calibrated",4.861361181130716,0.00040713642328077393,3,3,,,,"",
123456,"TwoPole",42,51,5,0.8,2,"PairwiseSupport","two-point",2,2,"one-point",1,"degenerate",,,,,1,2,2.5011678426511406,"SwitchDetected",2
123456,"TwoPole",43,51,5,0.8,2,"PairwiseSupport","multi-point",3,3,"one-point",1,"degenerate",,,,,1,3,3.5776226081991194,"SwitchDetected",3
123456,"TwoPole",44,51,5,0.8,2,"PairwiseSupport","two-point",2,2,"one-point",1,"degenerate",,,,,1,2,3.9251810281319823,"SwitchDetected",2
123456,"TwoPole",45,51,5,0.8,2,"PairwiseSupport","two-point",2,2,"one-point",1,"degenerate",,,,,1,2,1.87307418701075,"SwitchDetected",2
123456,"TwoPole",46,51,5,0.8,2,"PairwiseSupport","two-point",2,2,"one-point",1,"degenerate",,,,,1,2,1.6674040770696066,"SwitchDetected",2
123456,"TwoPole",47,51,5,0.8,2,"PairwiseSupport","two-point",2,2,"one-point",1,"degenerate",,,,,1,2,3.767480416989074,"SwitchDetected",2
123456,"TwoPole",48,51,5,0.8,2,"PairwiseSupport","multi-point",3,3,"one-point",1,"degenerate",,,,,1,3,2.888790640699171,"SwitchDetected",3
123456,"TwoPole",49,51,5,0.8,2,"PairwiseSupport","two-point",2,2,"two-point",2,"degenerate",,,,,1,3,1.1815899430714378,"SwitchDetected",2
123456,"TwoPole",50,51,5,0.8,2,"PairwiseSupport","two-point",2,2,"one-point",1,"degenerate",,,,,1,2,2.016499753229858,"SwitchDetected",2
123456,"TwoPole",51,51,5,0.8,2,"PairwiseSupport","multi-point",3,3,"one-point",1,"degenerate",,,,,1,3,4.91563257566666,"SwitchDetected",3
123456,"TwoPole",52,51,5,0.8,2,"PairwiseSupport","two-point",2,2,"one-point",1,"degenerate",,,,,1,2,1.5185341289016185,"SwitchDetected",2
123456,"TwoPole",53,51,5,0.8,2,"PairwiseSupport","multi-point",3,3,"one-point",1,"degenerate",,,,,1,3,3.8702164122782055,"SwitchDetected",3
123456,"TwoPole",54,51,5,0.8,2,"PairwiseSupport","multi-point",3,3,"one-point",1,"calibrated",5.164498852333589,0.012399475363064336,3,3,,,,"",
123456,"TwoPole",55,51,5,0.8,2,"PairwiseSupport","multi-point",3,3,"one-point",1,"calibrated",4.166666666666666,0.006048530442438581,3,3,,,,"",
123456,"TwoPole",56,51,5,0.8,2,"PairwiseSupport","two-point",2,2,"one-point",1,"degenerate",,,,,1,2,1.000005950963148,"SwitchDetected",2
123456,"TwoPole",57,51,5,0.8,2,"PairwiseSupport","two-point",2,2,"one-point",1,"degenerate",,,,,1,2,1.7590388415939036,"SwitchDetected",2
123456,"TwoPole",58,51,5,0.8,2,"PairwiseSupport","two-point",2,2,"one-point",1,"degenerate",,,,,1,2,1.4182708850645709,"SwitchDetected",2
123456,"TwoPole",59,51,5,0.8,2,"PairwiseSupport","two-point",2,2,"one-point",1,"degenerate",,,,,1,2,1.4331487372913452,"SwitchDetected",2
123456,"TwoPole",60,51,5,0.8,2,"PairwiseSupport","two-point",2,2,"one-point",1,"degenerate",,,,,1,2,3.2260351114856625,"SwitchDetected",2
123456,"TwoPole",61,51,5,0.8,2,"PairwiseSupport","one-point",1,1,"one-point",1,"degenerate",,,,,1,1,,"NoSwitchDetected",
123456,"TwoPole",62,51,5,0.8,2,"PairwiseSupport","two-point",2,2,"one-point",1,"degenerate",,,,,1,2,1.9469242126715252,"SwitchDetected",2
123456,"TwoPole",63,51,5,0.8,2,"PairwiseSupport","two-point",2,2,"one-point",1,"degenerate",,,,,1,2,1.6671559392175948,"SwitchDetected",2
123456,"TwoPole",64,51,5,0.8,2,"PairwiseSupport","two-point",2,2,"one-point",1,"degenerate",,,,,1,2,3.2792955439089155,"SwitchDetected",2
123456,"TwoPole",65,51,5,0.8,2,"PairwiseSupport","multi-point",3,3,"one-point",1,"calibrated",6.097560975609756,0.0034782954417084543,3,3,,,,"",
123456,"TwoPole",66,51,5,0.8,2,"PairwiseSupport","two-point",2,2,"one-point",1,"degenerate",,,,,1,2,1.6875481523902127,"SwitchDetected",2
123456,"TwoPole",67,51,5,0.8,2,"PairwiseSupport","two-point",2,2,"one-point",1,"degenerate",,,,,1,3,6.277911782005034,"SwitchDetected",3
123456,"TwoPole",68,51,5,0.8,2,"PairwiseSupport","two-point",2,2,"one-point",1,"degenerate",,,,,1,2,2.666385663294762,"SwitchDetected",2
123456,"TwoPole",69,51,5,0.8,2,"PairwiseSupport","two-point",2,2,"one-point",1,"degenerate",,,,,1,2,2.346318232298967,"SwitchDetected",2
123456,"TwoPole",70,51,5,0.8,2,"PairwiseSupport","two-point",2,2,"one-point",1,"degenerate",,,,,1,2,2.458932126479521,"SwitchDetected",2
123456,"TwoPole",71,51,5,0.8,2,"PairwiseSupport","two-point",2,2,"one-point",1,"degenerate",,,,,1,2,1.5445653388187528,"SwitchDetected",2
123456,"TwoPole",72,51,5,0.8,2,"PairwiseSupport","multi-point",3,3,"one-point",1,"calibrated",6.346967559943582,0.007330819607970954,3,3,,,,"",
123456,"TwoPole",73,51,5,0.8,2,"PairwiseSupport","two-point",2,2,"one-point",1,"degenerate",,,,,1,3,6.188210899243283,"SwitchDetected",3
123456,"TwoPole",74,51,5,0.8,2,"PairwiseSupport","two-point",2,2,"one-point",1,"degenerate",,,,,1,3,3.8390927144171014,"SwitchDetected",3
123456,"TwoPole",75,51,5,0.8,2,"PairwiseSupport","one-point",1,1,"one-point",1,"degenerate",,,,,1,1,,"NoSwitchDetected",
123456,"TwoPole",76,51,5,0.8,2,"PairwiseSupport","two-point",2,2,"one-point",1,"degenerate",,,,,1,2,2.0324259013974477,"SwitchDetected",2
123456,"TwoPole",77,51,5,0.8,2,"PairwiseSupport","one-point",1,1,"one-point",1,"degenerate",,,,,1,1,,"NoSwitchDetected",
123456,"TwoPole",78,51,5,0.8,2,"PairwiseSupport","two-point",2,2,"one-point",1,"degenerate",,,,,1,2,2.1822935726965564,"SwitchDetected",2
123456,"TwoPole",79,51,5,0.8,2,"PairwiseSupport","two-point",2,2,"one-point",1,"degenerate",,,,,1,2,3.2036479037654204,"SwitchDetected",2
123456,"TwoPole",80,51,5,0.8,2,"PairwiseSupport","two-point",2,2,"one-point",1,"degenerate",,,,,1,2,5.115867338415687,"SwitchDetected",2
123456,"TwoPole",81,51,5,0.8,2,"PairwiseSupport","multi-point",3,3,"one-point",1,"calibrated",3.813559322033898,0.0021286493870935476,3,3,,,,"",
123456,"TwoPole",82,51,5,0.8,2,"PairwiseSupport","multi-point",3,3,"one-point",1,"calibrated",6.540697674418604,0.004265071171348736,3,3,,,,"",
123456,"TwoPole",83,51,5,0.8,2,"PairwiseSupport","two-point",2,2,"one-point",1,"degenerate",,,,,1,3,5.545720716908967,"SwitchDetected",3
123456,"TwoPole",84,51,5,0.8,2,"PairwiseSupport","two-point",2,2,"one-point",1,"degenerate",,,,,1,2,1.000005950963148,"SwitchDetected",2
123456,"TwoPole",85,51,5,0.8,2,"PairwiseSupport","multi-point",3,3,"one-point",1,"calibrated",8.403361344537814,0.008094192138084155,3,3,,,,"",
123456,"TwoPole",86,51,5,0.8,2,"PairwiseSupport","multi-point",3,3,"one-point",1,"calibrated",3.760445682451254,0.0051170280591343745,3,3,,,,"",
123456,"TwoPole",87,51,5,0.8,2,"PairwiseSupport","two-point",2,2,"one-point",1,"degenerate",,,,,1,2,3.356388358961885,"SwitchDetected",2
123456,"TwoPole",88,51,5,0.8,2,"PairwiseSupport","one-point",1,1,"one-point",1,"degenerate",,,,,1,1,,"NoSwitchDetected",
123456,"TwoPole",89,51,5,0.8,2,"PairwiseSupport","one-point",1,1,"one-point",1,"degenerate",,,,,1,1,,"NoSwitchDetected",
123456,"TwoPole",90,51,5,0.8,2,"PairwiseSupport","two-point",2,2,"one-point",1,"degenerate",,,,,1,2,2.760381018168493,"SwitchDetected",2
123456,"TwoPole",91,51,5,0.8,2,"PairwiseSupport","two-point",2,2,"one-point",1,"degenerate",,,,,1,2,2.453725873561381,"SwitchDetected",2
123456,"TwoPole",92,51,5,0.8,2,"PairwiseSupport","multi-point",3,3,"one-point",1,"calibrated",6.620892594409023,0.002792126050794486,3,3,,,,"",
123456,"TwoPole",93,51,5,0.8,2,"PairwiseSupport","multi-point",3,3,"one-point",1,"calibrated",4.692387904066736,0.001888069347269108,3,3,,,,"",
123456,"TwoPole",94,51,5,0.8,2,"PairwiseSupport","two-point",2,2,"one-point",1,"degenerate",,,,,1,2,1.8940810545074314,"SwitchDetected",2
123456,"TwoPole",95,51,5,0.8,2,"PairwiseSupport","one-point",1,1,"one-point",1,"degenerate",,,,,2,2,,"NoSwitchDetected",
123456,"TwoPole",96,51,5,0.8,2,"PairwiseSupport","multi-point",3,3,"one-point",1,"calibrated",5.369928400954653,0.005381023590443137,3,3,,,,"",
123456,"TwoPole",97,51,5,0.8,2,"PairwiseSupport","two-point",2,2,"one-point",1,"degenerate",,,,,1,2,1.7647655995654865,"SwitchDetected",2
123456,"TwoPole",98,51,5,0.8,2,"PairwiseSupport","two-point",2,2,"one-point",1,"degenerate",,,,,1,2,1.9538512358848439,"SwitchDetected",2
123456,"TwoPole",99,51,5,0.8,2,"PairwiseSupport","multi-point",3,3,"one-point",1,"calibrated",5.238649592549476,0.004567390056967494,3,3,,,,"",
123456,"TwoPole",100,51,5,0.8,2,"PairwiseSupport","two-point",2,2,"one-point",1,"degenerate",,,,,1,2,2.694302563073715,"SwitchDetected",2
123456,"TwoPole",101,51,5,0.8,2,"PairwiseSupport","two-point",2,2,"one-point",1,"degenerate",,,,,1,2,2.2134535799916444,"SwitchDetected",2
123456,"TwoPole",102,51,5,0.8,2,"PairwiseSupport","two-point",2,2,"one-point",1,"degenerate",,,,,1,3,7.193529160597603,"SwitchDetected",3
123456,"TwoPole",103,51,5,0.8,2,"PairwiseSupport","two-point",2,2,"one-point",1,"degenerate",,,,,1,2,2.9373166866264606,"SwitchDetected",2
123456,"TwoPole",104,51,5,0.8,2,"PairwiseSupport","two-point",2,2,"one-point",1,"degenerate",,,,,1,2,1.3573147138871464,"SwitchDetected",2
123456,"TwoPole",105,51,5,0.8,2,"PairwiseSupport","multi-point",3,3,"one-point",1,"degenerate",,,,,1,3,4.065145545311089,"SwitchDetected",3
123456,"TwoPole",106,51,5,0.8,2,"PairwiseSupport","two-point",2,2,"one-point",1,"degenerate",,,,,1,2,1.2829221558949309,"SwitchDetected",2
123456,"TwoPole",107,51,5,0.8,2,"PairwiseSupport","two-point",2,2,"two-point",2,"degenerate",,,,,1,2,1.496784366533111,"SwitchDetected",2
123456,"TwoPole",108,51,5,0.8,2,"PairwiseSupport","two-point",2,2,"one-point",1,"degenerate",,,,,1,3,6.402776203744594,"SwitchDetected",3
123456,"TwoPole",109,51,5,0.8,2,"PairwiseSupport","two-point",2,2,"one-point",1,"degenerate",,,,,1,2,4.157884919673186,"SwitchDetected",2
123456,"TwoPole",110,51,5,0.8,2,"PairwiseSupport","two-point",2,2,"one-point",1,"degenerate",,,,,1,2,1.9284908211593723,"SwitchDetected",2
123456,"TwoPole",111,51,5,0.8,2,"PairwiseSupport","two-point",2,2,"one-point",1,"degenerate",,,,,1,2,3.1134260798841593,"SwitchDetected",2
123456,"TwoPole",112,51,5,0.8,2,"PairwiseSupport","multi-point",3,3,"one-point",1,"degenerate",,,,,1,3,2.3674076856942627,"SwitchDetected",3
123456,"TwoPole",113,51,5,0.8,2,"PairwiseSupport","multi-point",3,3,"one-point",1,"calibrated",6.703078450844091,0.005609278685070382,3,3,,,,"",
123456,"TwoPole",114,51,5,0.8,2,"PairwiseSupport","two-point",2,2,"one-point",1,"degenerate",,,,,1,2,2.381161731952171,"SwitchDetected",2
123456,"TwoPole",115,51,5,0.8,2,"PairwiseSupport","multi-point",3,3,"one-point",1,"calibrated",7.421660252886201,0.012752030196981786,3,3,,,,"",
123456,"TwoPole",116,51,5,0.8,2,"PairwiseSupport","two-point",2,2,"one-point",1,"degenerate",,,,,1,2,2.0273746309034184,"SwitchDetected",2
123456,"TwoPole",117,51,5,0.8,2,"PairwiseSupport","two-point",2,2,"two-point",2,"degenerate",,,,,1,2,1.3338280372135092,"SwitchDetected",2
123456,"TwoPole",118,51,5,0.8,2,"PairwiseSupport","two-point",2,2,"one-point",1,"degenerate",,,,,1,2,2.1893733079260556,"SwitchDetected",2
123456,"TwoPole",119,51,5,0.8,2,"PairwiseSupport","one-point",1,1,"one-point",1,"degenerate",,,,,1,1,,"NoSwitchDetected",
123456,"TwoPole",120,51,5,0.8,2,"PairwiseSupport","two-point",2,2,"one-point",1,"degenerate",,,,,1,2,1.8105522908310123,"SwitchDetected",2
123456,"TwoPole",121,51,5,0.8,2,"PairwiseSupport","multi-point",3,3,"one-point",1,"calibrated",8.982035928143713,0.013356935813189278,3,3,,,,"",
123456,"TwoPole",122,51,5,0.8,2,"PairwiseSupport","two-point",2,2,"one-point",1,"degenerate",,,,,1,2,2.4460823156564424,"SwitchDetected",2
123456,"TwoPole",123,51,5,0.8,2,"PairwiseSupport","one-point",1,1,"one-point",1,"degenerate",,,,,2,2,,"NoSwitchDetected",
123456,"TwoPole",124,51,5,0.8,2,"PairwiseSupport","two-point",2,2,"one-point",1,"degenerate",,,,,1,2,1.9642658041033305,"SwitchDetected",2
123456,"TwoPole",125,51,5,0.8,2,"PairwiseSupport","two-point",2,2,"one-point",1,"degenerate",,,,,1,3,3.401707289980806,"SwitchDetected",3
123456,"TwoPole",126,51,5,0.8,2,"PairwiseSupport","multi-point",3,3,"one-point",1,"degenerate",,,,,1,3,3.722001643596307,"SwitchDetected",3
123456,"TwoPole",127,51,5,0.8,2,"PairwiseSupport","two-point",2,2,"one-point",1,"degenerate",,,,,1,2,4.577898173618689,"SwitchDetected",2
123456,"TwoPole",128,51,5,0.8,2,"PairwiseSupport","one-point",1,1,"one-point",1,"degenerate",,,,,1,1,,"NoSwitchDetected",
123456,"TwoPole",129,51,5,0.8,2,"PairwiseSupport","two-point",2,2,"two-point",2,"degenerate",,,,,1,3,2.3036982695196215,"SwitchDetected",2
123456,"TwoPole",130,51,5,0.8,2,"PairwiseSupport","two-point",2,2,"one-point",1,"degenerate",,,,,1,2,3.629158641679284,"SwitchDetected",2
123456,"TwoPole",131,51,5,0.8,2,"PairwiseSupport","two-point",2,2,"one-point",1,"degenerate",,,,,1,2,2.3371483409477767,"SwitchDetected",2
123456,"TwoPole",132,51,5,0.8,2,"PairwiseSupport","two-point",2,2,"one-point",1,"degenerate",,,,,1,2,2.9270327571660633,"SwitchDetected",2
123456,"TwoPole",133,51,5,0.8,2,"PairwiseSupport","two-point",2,2,"one-point",1,"degenerate",,,,,1,2,2.411782759963288,"SwitchDetected",2
123456,"TwoPole",134,51,5,0.8,2,"PairwiseSupport","two-point",2,2,"one-point",1,"degenerate",,,,,1,2,1.7890022332500108,"SwitchDetected",2
123456,"TwoPole",135,51,5,0.8,2,"PairwiseSupport","multi-point",3,3,"one-point",1,"calibrated",3.9823008849557513,0.0034388270939208904,3,3,,,,"",
123456,"TwoPole",136,51,5,0.8,2,"PairwiseSupport","two-point",2,2,"one-point",1,"degenerate",,,,,1,2,1.5988523862266832,"SwitchDetected",2
123456,"TwoPole",137,51,5,0.8,2,"PairwiseSupport","two-point",2,2,"one-point",1,"degenerate",,,,,1,2,1.7276080657912463,"SwitchDetected",2
123456,"TwoPole",138,51,5,0.8,2,"PairwiseSupport","multi-point",3,3,"one-point",1,"calibrated",6.2183325656379544,0.012048515370579426,3,3,,,,"",
123456,"TwoPole",139,51,5,0.8,2,"PairwiseSupport","one-point",1,1,"one-point",1,"degenerate",,,,,1,1,,"NoSwitchDetected",
123456,"TwoPole",140,51,5,0.8,2,"PairwiseSupport","one-point",1,1,"one-point",1,"degenerate",,,,,1,1,,"NoSwitchDetected",
123456,"TwoPole",141,51,5,0.8,2,"PairwiseSupport","two-point",2,2,"one-point",1,"degenerate",,,,,1,2,1.9399789413296684,"SwitchDetected",2
123456,"TwoPole",142,51,5,0.8,2,"PairwiseSupport","one-point",1,1,"one-point",1,"degenerate",,,,,1,1,,"NoSwitchDetected",
123456,"TwoPole",143,51,5,0.8,2,"PairwiseSupport","two-point",2,2,"one-point",1,"degenerate",,,,,1,3,7.556812154364863,"SwitchDetected",3
123456,"TwoPole",144,51,5,0.8,2,"PairwiseSupport","multi-point",3,3,"one-point",1,"degenerate",,,,,1,3,3.1365552070281506,"SwitchDetected",3
123456,"TwoPole",145,51,5,0.8,2,"PairwiseSupport","multi-point",3,3,"one-point",1,"calibrated",4.861361181130716,0.006183716091848632,3,3,,,,"",
123456,"TwoPole",146,51,5,0.8,2,"PairwiseSupport","two-point",2,2,"one-point",1,"degenerate",,,,,1,2,1.9665645615079559,"SwitchDetected",2
123456,"TwoPole",147,51,5,0.8,2,"PairwiseSupport","two-point",2,2,"one-point",1,"degenerate",,,,,1,3,6.38598699923118,"SwitchDetected",3
123456,"TwoPole",148,51,5,0.8,2,"PairwiseSupport","one-point",1,1,"one-point",1,"degenerate",,,,,1,1,,"NoSwitchDetected",
123456,"TwoPole",149,51,5,0.8,2,"PairwiseSupport","multi-point",3,3,"one-point",1,"calibrated",7.736389684813753,0.004415499513559296,3,3,,,,"",
123456,"TwoPole",150,51,5,0.8,2,"PairwiseSupport","multi-point",3,3,"one-point",1,"calibrated",5.238649592549476,0.000314378242471214,3,3,,,,"",
123456,"TwoPole",151,51,5,0.8,2,"PairwiseSupport","multi-point",3,3,"one-point",1,"degenerate",,,,,1,3,4.895298165308938,"SwitchDetected",3
123456,"TwoPole",152,51,5,0.8,2,"PairwiseSupport","two-point",2,2,"one-point",1,"degenerate",,,,,1,2,2.777031522121419,"SwitchDetected",2
123456,"TwoPole",153,51,5,0.8,2,"PairwiseSupport","multi-point",3,3,"one-point",1,"calibrated",15.428571428571425,0.0007433507284724387,3,3,,,,"",
123456,"TwoPole",154,51,5,0.8,2,"PairwiseSupport","two-point",2,2,"one-point",1,"degenerate",,,,,1,3,4.215249405686882,"SwitchDetected",3
123456,"TwoPole",155,51,5,0.8,2,"PairwiseSupport","two-point",2,2,"one-point",1,"degenerate",,,,,1,2,1.4504673029576822,"SwitchDetected",2
123456,"TwoPole",156,51,5,0.8,2,"PairwiseSupport","multi-point",3,3,"one-point",1,"degenerate",,,,,1,3,4.649463406120725,"SwitchDetected",3
123456,"TwoPole",157,51,5,0.8,2,"PairwiseSupport","two-point",2,2,"one-point",1,"degenerate",,,,,1,2,2.5004235031262927,"SwitchDetected",2
123456,"TwoPole",158,51,5,0.8,2,"PairwiseSupport","two-point",2,2,"one-point",1,"degenerate",,,,,1,2,1.7475325329142268,"SwitchDetected",2
123456,"TwoPole",159,51,5,0.8,2,"PairwiseSupport","multi-point",3,3,"one-point",1,"calibrated",7.246376811594202,0.003433346343546723,3,3,,,,"",
123456,"TwoPole",160,51,5,0.8,2,"PairwiseSupport","multi-point",3,3,"one-point",1,"calibrated",4.387390315242119,0.005882866612226159,3,3,,,,"",
123456,"TwoPole",161,51,5,0.8,2,"PairwiseSupport","multi-point",3,3,"one-point",1,"calibrated",6.620892594409023,0.0045826756006311494,3,3,,,,"",
123456,"TwoPole",162,51,5,0.8,2,"PairwiseSupport","two-point",2,2,"one-point",1,"degenerate",,,,,1,2,2.5323391408609783,"SwitchDetected",2
123456,"TwoPole",163,51,5,0.8,2,"PairwiseSupport","two-point",2,2,"one-point",1,"degenerate",,,,,1,2,2.177063104135344,"SwitchDetected",2
123456,"TwoPole",164,51,5,0.8,2,"PairwiseSupport","two-point",2,2,"one-point",1,"degenerate",,,,,1,2,4.237144582472902,"SwitchDetected",2
123456,"TwoPole",165,51,5,0.8,2,"PairwiseSupport","two-point",2,2,"one-point",1,"degenerate",,,,,1,2,1.687565099724087,"SwitchDetected",2
123456,"TwoPole",166,51,5,0.8,2,"PairwiseSupport","two-point",2,2,"one-point",1,"degenerate",,,,,1,2,1.3129638552285856,"SwitchDetected",2
123456,"TwoPole",167,51,5,0.8,2,"PairwiseSupport","multi-point",3,3,"one-point",1,"calibrated",5.834053586862576,0.0055171875585460365,3,3,,,,"",
123456,"TwoPole",168,51,5,0.8,2,"PairwiseSupport","multi-point",3,3,"one-point",1,"calibrated",4.775380261761585,0.00770171954895149,3,3,,,,"",
123456,"TwoPole",169,51,5,0.8,2,"PairwiseSupport","multi-point",3,3,"one-point",1,"calibrated",6.097560975609756,0.0132597395510599,3,3,,,,"",
123456,"TwoPole",170,51,5,0.8,2,"PairwiseSupport","two-point",2,2,"one-point",1,"degenerate",,,,,1,2,2.5278440463402077,"SwitchDetected",2
123456,"TwoPole",171,51,5,0.8,2,"PairwiseSupport","multi-point",3,3,"one-point",1,"calibrated",6.481036965914546,0.0093888245630029,3,3,,,,"",
123456,"TwoPole",172,51,5,0.8,2,"PairwiseSupport","two-point",2,2,"one-point",1,"degenerate",,,,,1,2,1.6225653844135086,"SwitchDetected",2
123456,"TwoPole",173,51,5,0.8,2,"PairwiseSupport","multi-point",3,3,"one-point",1,"calibrated",8.403361344537814,0.006328339307995783,3,3,,,,"",
123456,"TwoPole",174,51,5,0.8,2,"PairwiseSupport","multi-point",3,3,"one-point",1,"calibrated",4.692387904066736,0.0065692548554236885,3,3,,,,"",
123456,"TwoPole",175,51,5,0.8,2,"PairwiseSupport","two-point",2,2,"one-point",1,"degenerate",,,,,1,2,2.2121423445549424,"SwitchDetected",2
123456,"TwoPole",176,51,5,0.8,2,"PairwiseSupport","multi-point",3,3,"one-point",1,"calibrated",14.999999999999996,0.0007692714540524787,3,3,,,,"",
123456,"TwoPole",177,51,5,0.8,2,"PairwiseSupport","multi-point",3,3,"one-point",1,"calibrated",7.079181961195594,0.004054667814981968,3,3,,,,"",
123456,"TwoPole",178,51,5,0.8,2,"PairwiseSupport","two-point",2,2,"one-point",1,"degenerate",,,,,1,2,2.1546752797566526,"SwitchDetected",2
123456,"TwoPole",179,51,5,0.8,2,"PairwiseSupport","two-point",2,2,"one-point",1,"degenerate",,,,,1,2,2.607428721024702,"SwitchDetected",2
123456,"TwoPole",180,51,5,0.8,2,"PairwiseSupport","two-point",2,2,"one-point",1,"degenerate",,,,,1,2,3.191479000403221,"SwitchDetected",2
123456,"TwoPole",181,51,5,0.8,2,"PairwiseSupport","two-point",2,2,"one-point",1,"degenerate",,,,,1,2,1.7123799510240945,"SwitchDetected",2
123456,"TwoPole",182,51,5,0.8,2,"PairwiseSupport","multi-point",3,3,"one-point",1,"calibrated",6.703078450844091,0.008888474927500707,3,3,,,,"",
123456,"TwoPole",183,51,5,0.8,2,"PairwiseSupport","two-point",2,2,"one-point",1,"degenerate",,,,,1,2,3.9596805719108956,"SwitchDetected",2
123456,"TwoPole",184,51,5,0.8,2,"PairwiseSupport","two-point",2,2,"one-point",1,"degenerate",,,,,1,2,2.399282733958074,"SwitchDetected",2
123456,"TwoPole",185,51,5,0.8,2,"PairwiseSupport","one-point",1,1,"one-point",1,"degenerate",,,,,1,1,,"NoSwitchDetected",
123456,"TwoPole",186,51,5,0.8,2,"PairwiseSupport","two-point",2,2,"one-point",1,"degenerate",,,,,1,2,1.5220000961468567,"SwitchDetected",2
123456,"TwoPole",187,51,5,0.8,2,"PairwiseSupport","multi-point",3,3,"one-point",1,"calibrated",5.369928400954653,0.003799105635019909,3,3,,,,"",
123456,"TwoPole",188,51,5,0.8,2,"PairwiseSupport","two-point",2,2,"one-point",1,"degenerate",,,,,1,2,4.264456700824312,"SwitchDetected",2
123456,"TwoPole",189,51,5,0.8,2,"PairwiseSupport","two-point",2,2,"one-point",1,"degenerate",,,,,1,3,5.748524844107581,"SwitchDetected",3
123456,"TwoPole",190,51,5,0.8,2,"PairwiseSupport","two-point",2,2,"one-point",1,"degenerate",,,,,1,2,2.177063104135344,"SwitchDetected",2
123456,"TwoPole",191,51,5,0.8,2,"PairwiseSupport","two-point",2,2,"one-point",1,"degenerate",,,,,1,2,1.4050015017754396,"SwitchDetected",2
123456,"TwoPole",192,51,5,0.8,2,"PairwiseSupport","two-point",2,2,"one-point",1,"degenerate",,,,,1,2,2.173711871068531,"SwitchDetected",2
123456,"TwoPole",193,51,5,0.8,2,"PairwiseSupport","multi-point",3,3,"one-point",1,"degenerate",,,,,1,3,2.6761097100445586,"SwitchDetected",3
123456,"TwoPole",194,51,5,0.8,2,"PairwiseSupport","two-point",2,2,"one-point",1,"degenerate",,,,,1,3,4.9368617149899485,"SwitchDetected",3
123456,"TwoPole",195,51,5,0.8,2,"PairwiseSupport","two-point",2,2,"one-point",1,"degenerate",,,,,1,2,1.9181227123219835,"SwitchDetected",2
123456,"TwoPole",196,51,5,0.8,2,"PairwiseSupport","multi-point",3,3,"one-point",1,"calibrated",7.936507936507937,0.021209015834711964,3,3,,,,"",
123456,"TwoPole",197,51,5,0.8,2,"PairwiseSupport","multi-point",3,3,"one-point",1,"calibrated",5.265210608424336,0.008363505912930504,3,3,,,,"",
123456,"TwoPole",198,51,5,0.8,2,"PairwiseSupport","multi-point",3,3,"one-point",1,"calibrated",4.166666666666666,0.006045294686423826,3,3,,,,"",
123456,"TwoPole",199,51,5,0.8,2,"PairwiseSupport","one-point",1,1,"one-point",1,"degenerate",,,,,1,1,,"NoSwitchDetected",
123456,"TwoPole",200,51,5,0.8,2,"PairwiseSupport","multi-point",3,3,"one-point",1,"calibrated",6.7669172932330826,0.013782765945389476,3,3,,,,"",
123456,"TwoPole",1,51,5,0.8,3,"PairwiseSupport","one-point",1,1,"one-point",1,"degenerate",,,,,1,1,,"NoSwitchDetected",
123456,"TwoPole",2,51,5,0.8,3,"PairwiseSupport","two-point",2,2,"one-point",1,"degenerate",,,,,1,2,3.774165143912507,"SwitchDetected",2
123456,"TwoPole",3,51,5,0.8,3,"PairwiseSupport","one-point",1,1,"one-point",1,"degenerate",,,,,2,2,,"NoSwitchDetected",
123456,"TwoPole",4,51,5,0.8,3,"PairwiseSupport","two-point",2,2,"one-point",1,"degenerate",,,,,1,2,1.2285225074786232,"SwitchDetected",2
123456,"TwoPole",5,51,5,0.8,3,"PairwiseSupport","two-point",2,2,"one-point",1,"degenerate",,,,,2,1,1.289488570683693,"SwitchDetected",1
123456,"TwoPole",6,51,5,0.8,3,"PairwiseSupport","two-point",2,2,"one-point",1,"degenerate",,,,,1,2,4.17441109439433,"SwitchDetected",2
123456,"TwoPole",7,51,5,0.8,3,"PairwiseSupport","two-point",2,2,"one-point",1,"degenerate",,,,,1,2,4.066227589865454,"SwitchDetected",2
123456,"TwoPole",8,51,5,0.8,3,"PairwiseSupport","multi-point",3,3,"one-point",1,"calibrated",7.736389684813753,0.007026267661727564,3,3,,,,"",
123456,"TwoPole",9,51,5,0.8,3,"PairwiseSupport","one-point",1,1,"one-point",1,"degenerate",,,,,2,2,,"NoSwitchDetected",
123456,"TwoPole",10,51,5,0.8,3,"PairwiseSupport","two-point",2,2,"one-point",1,"degenerate",,,,,1,2,3.3551820863093162,"SwitchDetected",2
123456,"TwoPole",11,51,5,0.8,3,"PairwiseSupport","one-point",1,1,"one-point",1,"degenerate",,,,,1,1,,"NoSwitchDetected",
123456,"TwoPole",12,51,5,0.8,3,"PairwiseSupport","two-point",2,2,"one-point",1,"degenerate",,,,,1,2,1.759591419092115,"SwitchDetected",2
123456,"TwoPole",13,51,5,0.8,3,"PairwiseSupport","two-point",2,2,"one-point",1,"degenerate",,,,,1,2,1.6442044527693893,"SwitchDetected",2
123456,"TwoPole",14,51,5,0.8,3,"PairwiseSupport","two-point",2,2,"two-point",2,"degenerate",,,,,1,3,3.2659114512216276,"SwitchDetected",2
123456,"TwoPole",15,51,5,0.8,3,"PairwiseSupport","two-point",2,2,"one-point",1,"degenerate",,,,,1,2,2.211530966191612,"SwitchDetected",2
123456,"TwoPole",16,51,5,0.8,3,"PairwiseSupport","one-point",1,1,"one-point",1,"degenerate",,,,,1,1,,"NoSwitchDetected",
123456,"TwoPole",17,51,5,0.8,3,"PairwiseSupport","one-point",1,1,"one-point",1,"degenerate",,,,,1,1,,"NoSwitchDetected",
123456,"TwoPole",18,51,5,0.8,3,"PairwiseSupport","one-point",1,1,"one-point",1,"degenerate",,,,,1,1,,"NoSwitchDetected",
123456,"TwoPole",19,51,5,0.8,3,"PairwiseSupport","one-point",1,1,"one-point",1,"degenerate",,,,,1,1,,"NoSwitchDetected",
123456,"TwoPole",20,51,5,0.8,3,"PairwiseSupport","two-point",2,2,"one-point",1,"degenerate",,,,,1,3,6.722709764116347,"SwitchDetected",3
123456,"TwoPole",21,51,5,0.8,3,"PairwiseSupport","two-point",2,2,"one-point",1,"degenerate",,,,,1,3,5.690128665186601,"SwitchDetected",3
123456,"TwoPole",22,51,5,0.8,3,"PairwiseSupport","two-point",2,2,"one-point",1,"degenerate",,,,,1,2,3.146893105703456,"SwitchDetected",2
123456,"TwoPole",23,51,5,0.8,3,"PairwiseSupport","two-point",2,2,"one-point",1,"degenerate",,,,,1,2,1.8287387908268393,"SwitchDetected",2
123456,"TwoPole",24,51,5,0.8,3,"PairwiseSupport","two-point",2,2,"one-point",1,"degenerate",,,,,1,2,1.7521242528153602,"SwitchDetected",2
123456,"TwoPole",25,51,5,0.8,3,"PairwiseSupport","two-point",2,2,"one-point",1,"degenerate",,,,,1,3,6.7119689063452155,"SwitchDetected",3
123456,"TwoPole",26,51,5,0.8,3,"PairwiseSupport","two-point",2,2,"one-point",1,"degenerate",,,,,1,2,1.2095110206208932,"SwitchDetected",2
123456,"TwoPole",27,51,5,0.8,3,"PairwiseSupport","two-point",2,2,"one-point",1,"degenerate",,,,,1,2,2.2573711766326814,"SwitchDetected",2
123456,"TwoPole",28,51,5,0.8,3,"PairwiseSupport","two-point",2,2,"one-point",1,"degenerate",,,,,1,2,1.6914720499058589,"SwitchDetected",2
123456,"TwoPole",29,51,5,0.8,3,"PairwiseSupport","two-point",2,2,"one-point",1,"degenerate",,,,,1,2,2.4115750894184496,"SwitchDetected",2
123456,"TwoPole",30,51,5,0.8,3,"PairwiseSupport","multi-point",3,3,"one-point",1,"degenerate",,,,,1,3,6.057273099500067,"SwitchDetected",3
123456,"TwoPole",31,51,5,0.8,3,"PairwiseSupport","two-point",2,2,"one-point",1,"degenerate",,,,,1,3,3.11648638225368,"SwitchDetected",3
123456,"TwoPole",32,51,5,0.8,3,"PairwiseSupport","one-point",1,1,"one-point",1,"degenerate",,,,,1,1,,"NoSwitchDetected",
123456,"TwoPole",33,51,5,0.8,3,"PairwiseSupport","two-point",2,2,"one-point",1,"degenerate",,,,,1,2,2.5261719913918346,"SwitchDetected",2
123456,"TwoPole",34,51,5,0.8,3,"PairwiseSupport","two-point",2,2,"one-point",1,"degenerate",,,,,1,2,4.4953562070432005,"SwitchDetected",2
123456,"TwoPole",35,51,5,0.8,3,"PairwiseSupport","two-point",2,2,"two-point",2,"degenerate",,,,,1,2,4.456727525950428,"SwitchDetected",2
123456,"TwoPole",36,51,5,0.8,3,"PairwiseSupport","two-point",2,2,"one-point",1,"degenerate",,,,,1,2,2.514002590877304,"SwitchDetected",2
123456,"TwoPole",37,51,5,0.8,3,"PairwiseSupport","one-point",1,1,"one-point",1,"degenerate",,,,,1,1,,"NoSwitchDetected",
123456,"TwoPole",38,51,5,0.8,3,"PairwiseSupport","two-point",2,2,"two-point",2,"degenerate",,,,,2,2,,"NoSwitchDetected",
123456,"TwoPole",39,51,5,0.8,3,"PairwiseSupport","two-point",2,2,"one-point",1,"degenerate",,,,,1,2,4.227869904747775,"SwitchDetected",2
123456,"TwoPole",40,51,5,0.8,3,"PairwiseSupport","one-point",1,1,"one-point",1,"degenerate",,,,,1,1,,"NoSwitchDetected",
123456,"TwoPole",41,51,5,0.8,3,"PairwiseSupport","two-point",2,2,"one-point",1,"degenerate",,,,,1,2,1.6312599750890353,"SwitchDetected",2
123456,"TwoPole",42,51,5,0.8,3,"PairwiseSupport","one-point",1,1,"one-point",1,"degenerate",,,,,2,2,,"NoSwitchDetected",
123456,"TwoPole",43,51,5,0.8,3,"PairwiseSupport","one-point",1,1,"one-point",1,"degenerate",,,,,1,1,,"NoSwitchDetected",
123456,"TwoPole",44,51,5,0.8,3,"PairwiseSupport","two-point",2,2,"one-point",1,"degenerate",,,,,1,3,5.6963010027805305,"SwitchDetected",3
123456,"TwoPole",45,51,5,0.8,3,"PairwiseSupport","two-point",2,2,"one-point",1,"degenerate",,,,,1,3,8.446808538061294,"SwitchDetected",3
123456,"TwoPole",46,51,5,0.8,3,"PairwiseSupport","two-point",2,2,"one-point",1,"degenerate",,,,,1,2,2.571320842663147,"SwitchDetected",2
123456,"TwoPole",47,51,5,0.8,3,"PairwiseSupport","one-point",1,1,"one-point",1,"degenerate",,,,,1,1,,"NoSwitchDetected",
123456,"TwoPole",48,51,5,0.8,3,"PairwiseSupport","two-point",2,2,"two-point",2,"degenerate",,,,,1,3,2.470572978711213,"SwitchDetected",2
123456,"TwoPole",49,51,5,0.8,3,"PairwiseSupport","one-point",1,1,"one-point",1,"degenerate",,,,,1,1,,"NoSwitchDetected",
123456,"TwoPole",50,51,5,0.8,3,"PairwiseSupport","two-point",2,2,"one-point",1,"degenerate",,,,,1,2,5.609964672356871,"SwitchDetected",2
123456,"TwoPole",51,51,5,0.8,3,"PairwiseSupport","two-point",2,2,"one-point",1,"degenerate",,,,,1,2,1.3925895012232121,"SwitchDetected",2
123456,"TwoPole",52,51,5,0.8,3,"PairwiseSupport","multi-point",3,3,"one-point",1,"calibrated",7.364975450081833,0.00660346704821932,3,3,,,,"",
123456,"TwoPole",53,51,5,0.8,3,"PairwiseSupport","one-point",1,1,"one-point",1,"degenerate",,,,,1,1,,"NoSwitchDetected",
123456,"TwoPole",54,51,5,0.8,3,"PairwiseSupport","one-point",1,1,"one-point",1,"degenerate",,,,,1,1,,"NoSwitchDetected",
123456,"TwoPole",55,51,5,0.8,3,"PairwiseSupport","one-point",1,1,"one-point",1,"degenerate",,,,,2,2,,"NoSwitchDetected",
123456,"TwoPole",56,51,5,0.8,3,"PairwiseSupport","two-point",2,2,"one-point",1,"degenerate",,,,,1,2,3.427168742146029,"SwitchDetected",2
123456,"TwoPole",57,51,5,0.8,3,"PairwiseSupport","two-point",2,2,"one-point",1,"degenerate",,,,,1,2,3.6571979600139066,"SwitchDetected",2
123456,"TwoPole",58,51,5,0.8,3,"PairwiseSupport","one-point",1,1,"one-point",1,"degenerate",,,,,1,1,,"NoSwitchDetected",
123456,"TwoPole",59,51,5,0.8,3,"PairwiseSupport","two-point",2,2,"one-point",1,"degenerate",,,,,1,2,1.2153017948770253,"SwitchDetected",2
123456,"TwoPole",60,51,5,0.8,3,"PairwiseSupport","two-point",2,2,"one-point",1,"degenerate",,,,,1,2,3.0482512649107845,"SwitchDetected",2
123456,"TwoPole",61,51,5,0.8,3,"PairwiseSupport","multi-point",3,3,"one-point",1,"degenerate",,,,,1,3,4.303555082169166,"SwitchDetected",3
123456,"TwoPole",62,51,5,0.8,3,"PairwiseSupport","two-point",2,2,"one-point",1,"degenerate",,,,,1,2,1.416788126443844,"SwitchDetected",2
123456,"TwoPole",63,51,5,0.8,3,"PairwiseSupport","multi-point",3,3,"one-point",1,"calibrated",8.442776735459663,0.0071912857655882095,3,3,,,,"",
123456,"TwoPole",64,51,5,0.8,3,"PairwiseSupport","two-point",2,2,"one-point",1,"degenerate",,,,,1,2,1.4543840571669515,"SwitchDetected",2
123456,"TwoPole",65,51,5,0.8,3,"PairwiseSupport","two-point",2,2,"one-point",1,"degenerate",,,,,1,2,4.523186715347611,"SwitchDetected",2
123456,"TwoPole",66,51,5,0.8,3,"PairwiseSupport","one-point",1,1,"one-point",1,"degenerate",,,,,1,1,,"NoSwitchDetected",
123456,"TwoPole",67,51,5,0.8,3,"PairwiseSupport","multi-point",3,3,"one-point",1,"calibrated",5.164498852333589,0.003376447505608934,3,3,,,,"",
123456,"TwoPole",68,51,5,0.8,3,"PairwiseSupport","two-point",2,2,"one-point",1,"degenerate",,,,,1,2,1.214300643170226,"SwitchDetected",2
123456,"TwoPole",69,51,5,0.8,3,"PairwiseSupport","one-point",1,1,"one-point",1,"degenerate",,,,,1,1,,"NoSwitchDetected",
123456,"TwoPole",70,51,5,0.8,3,"PairwiseSupport","one-point",1,1,"one-point",1,"degenerate",,,,,1,1,,"NoSwitchDetected",
123456,"TwoPole",71,51,5,0.8,3,"PairwiseSupport","two-point",2,2,"two-point",2,"degenerate",,,,,1,1,,"NoSwitchDetected",
123456,"TwoPole",72,51,5,0.8,3,"PairwiseSupport","two-point",2,2,"one-point",1,"degenerate",,,,,1,2,1.953783084643562,"SwitchDetected",2
123456,"TwoPole",73,51,5,0.8,3,"PairwiseSupport","two-point",2,2,"one-point",1,"degenerate",,,,,1,2,3.101759932603361,"SwitchDetected",2
123456,"TwoPole",74,51,5,0.8,3,"PairwiseSupport","one-point",1,1,"one-point",1,"degenerate",,,,,1,1,,"NoSwitchDetected",
123456,"TwoPole",75,51,5,0.8,3,"PairwiseSupport","one-point",1,1,"one-point",1,"degenerate",,,,,1,1,,"NoSwitchDetected",
123456,"TwoPole",76,51,5,0.8,3,"PairwiseSupport","two-point",2,2,"one-point",1,"degenerate",,,,,1,2,1.649611585138393,"SwitchDetected",2
123456,"TwoPole",77,51,5,0.8,3,"PairwiseSupport","two-point",2,2,"one-point",1,"degenerate",,,,,1,2,1.5824111294189005,"SwitchDetected",2
123456,"TwoPole",78,51,5,0.8,3,"PairwiseSupport","two-point",2,2,"one-point",1,"degenerate",,,,,1,2,1.4693649866215501,"SwitchDetected",2
123456,"TwoPole",79,51,5,0.8,3,"PairwiseSupport","two-point",2,2,"one-point",1,"degenerate",,,,,1,2,3.2827549174202013,"SwitchDetected",2
123456,"TwoPole",80,51,5,0.8,3,"PairwiseSupport","one-point",1,1,"one-point",1,"degenerate",,,,,1,1,,"NoSwitchDetected",
123456,"TwoPole",81,51,5,0.8,3,"PairwiseSupport","two-point",2,2,"two-point",2,"degenerate",,,,,1,1,,"NoSwitchDetected",
123456,"TwoPole",82,51,5,0.8,3,"PairwiseSupport","one-point",1,1,"one-point",1,"degenerate",,,,,1,1,,"NoSwitchDetected",
123456,"TwoPole",83,51,5,0.8,3,"PairwiseSupport","two-point",2,2,"one-point",1,"degenerate",,,,,1,2,2.143079041082004,"SwitchDetected",2
123456,"TwoPole",84,51,5,0.8,3,"PairwiseSupport","two-point",2,2,"one-point",1,"degenerate",,,,,1,2,3.4382480967552906,"SwitchDetected",2
123456,"TwoPole",85,51,5,0.8,3,"PairwiseSupport","one-point",1,1,"one-point",1,"degenerate",,,,,1,1,,"NoSwitchDetected",
123456,"TwoPole",86,51,5,0.8,3,"PairwiseSupport","one-point",1,1,"one-point",1,"degenerate",,,,,1,1,,"NoSwitchDetected",
123456,"TwoPole",87,51,5,0.8,3,"PairwiseSupport","one-point",1,1,"one-point",1,"degenerate",,,,,1,1,,"NoSwitchDetected",
123456,"TwoPole",88,51,5,0.8,3,"PairwiseSupport","two-point",2,2,"one-point",1,"degenerate",,,,,1,2,1.5747002264400471,"SwitchDetected",2
123456,"TwoPole",89,51,5,0.8,3,"PairwiseSupport","one-point",1,1,"one-point",1,"degenerate",,,,,1,1,,"NoSwitchDetected",
123456,"TwoPole",90,51,5,0.8,3,"PairwiseSupport","two-point",2,2,"one-point",1,"degenerate",,,,,1,2,1.4103669372940222,"SwitchDetected",2
123456,"TwoPole",91,51,5,0.8,3,"PairwiseSupport","one-point",1,1,"one-point",1,"degenerate",,,,,2,2,,"NoSwitchDetected",
123456,"TwoPole",92,51,5,0.8,3,"PairwiseSupport","two-point",2,2,"one-point",1,"degenerate",,,,,1,3,2.503254352887971,"SwitchDetected",3
123456,"TwoPole",93,51,5,0.8,3,"PairwiseSupport","two-point",2,2,"one-point",1,"degenerate",,,,,2,2,1.000005950963148,"SwitchDetected",1
123456,"TwoPole",94,51,5,0.8,3,"PairwiseSupport","two-point",2,2,"one-point",1,"degenerate",,,,,1,2,4.399552633380908,"SwitchDetected",2
123456,"TwoPole",95,51,5,0.8,3,"PairwiseSupport","two-point",2,2,"one-point",1,"degenerate",,,,,1,2,1.3673319168184164,"SwitchDetected",2
123456,"TwoPole",96,51,5,0.8,3,"PairwiseSupport","two-point",2,2,"one-point",1,"degenerate",,,,,1,2,2.0889186524664227,"SwitchDetected",2
123456,"TwoPole",97,51,5,0.8,3,"PairwiseSupport","one-point",1,1,"one-point",1,"degenerate",,,,,1,1,,"NoSwitchDetected",
123456,"TwoPole",98,51,5,0.8,3,"PairwiseSupport","two-point",2,2,"two-point",2,"degenerate",,,,,1,2,1.733739643289206,"SwitchDetected",2
123456,"TwoPole",99,51,5,0.8,3,"PairwiseSupport","one-point",1,1,"one-point",1,"degenerate",,,,,1,1,,"NoSwitchDetected",
123456,"TwoPole",100,51,5,0.8,3,"PairwiseSupport","two-point",2,2,"one-point",1,"degenerate",,,,,1,2,4.518078934015752,"SwitchDetected",2
123456,"TwoPole",101,51,5,0.8,3,"PairwiseSupport","one-point",1,1,"one-point",1,"degenerate",,,,,1,1,,"NoSwitchDetected",
123456,"TwoPole",102,51,5,0.8,3,"PairwiseSupport","multi-point",3,3,"one-point",1,"calibrated",7.246376811594202,0.0025623718794322574,3,3,,,,"",
123456,"TwoPole",103,51,5,0.8,3,"PairwiseSupport","one-point",1,1,"one-point",1,"degenerate",,,,,1,1,,"NoSwitchDetected",
123456,"TwoPole",104,51,5,0.8,3,"PairwiseSupport","one-point",1,1,"one-point",1,"degenerate",,,,,1,1,,"NoSwitchDetected",
123456,"TwoPole",105,51,5,0.8,3,"PairwiseSupport","one-point",1,1,"one-point",1,"degenerate",,,,,1,1,,"NoSwitchDetected",
123456,"TwoPole",106,51,5,0.8,3,"PairwiseSupport","one-point",1,1,"one-point",1,"degenerate",,,,,1,1,,"NoSwitchDetected",
123456,"TwoPole",107,51,5,0.8,3,"PairwiseSupport","one-point",1,1,"one-point",1,"degenerate",,,,,1,1,,"NoSwitchDetected",
123456,"TwoPole",108,51,5,0.8,3,"PairwiseSupport","two-point",2,2,"one-point",1,"degenerate",,,,,1,2,3.082358651543343,"SwitchDetected",2
123456,"TwoPole",109,51,5,0.8,3,"PairwiseSupport","two-point",2,2,"one-point",1,"degenerate",,,,,1,2,3.2065822616347237,"SwitchDetected",2
123456,"TwoPole",110,51,5,0.8,3,"PairwiseSupport","two-point",2,2,"one-point",1,"degenerate",,,,,1,2,1.4398165429068008,"SwitchDetected",2
123456,"TwoPole",111,51,5,0.8,3,"PairwiseSupport","two-point",2,2,"one-point",1,"degenerate",,,,,1,2,1.4224367607527613,"SwitchDetected",2
123456,"TwoPole",112,51,5,0.8,3,"PairwiseSupport","two-point",2,2,"one-point",1,"degenerate",,,,,1,2,1.6960131424455915,"SwitchDetected",2
123456,"TwoPole",113,51,5,0.8,3,"PairwiseSupport","two-point",2,2,"one-point",1,"degenerate",,,,,1,2,2.3951789421902134,"SwitchDetected",2
123456,"TwoPole",114,51,5,0.8,3,"PairwiseSupport","one-point",1,1,"one-point",1,"degenerate",,,,,1,1,,"NoSwitchDetected",
123456,"TwoPole",115,51,5,0.8,3,"PairwiseSupport","two-point",2,2,"one-point",1,"degenerate",,,,,1,2,2.8205675565869486,"SwitchDetected",2
123456,"TwoPole",116,51,5,0.8,3,"PairwiseSupport","two-point",2,2,"one-point",1,"degenerate",,,,,1,2,3.1509055680293865,"SwitchDetected",2
123456,"TwoPole",117,51,5,0.8,3,"PairwiseSupport","two-point",2,2,"one-point",1,"degenerate",,,,,1,2,2.00001159674693,"SwitchDetected",2
123456,"TwoPole",118,51,5,0.8,3,"PairwiseSupport","two-point",2,2,"one-point",1,"degenerate",,,,,1,2,1.9771154676944835,"SwitchDetected",2
123456,"TwoPole",119,51,5,0.8,3,"PairwiseSupport","two-point",2,2,"one-point",1,"degenerate",,,,,1,2,4.831816140902413,"SwitchDetected",2
123456,"TwoPole",120,51,5,0.8,3,"PairwiseSupport","two-point",2,2,"one-point",1,"degenerate",,,,,1,2,4.358246593124803,"SwitchDetected",2
123456,"TwoPole",121,51,5,0.8,3,"PairwiseSupport","one-point",1,1,"one-point",1,"degenerate",,,,,1,1,,"NoSwitchDetected",
123456,"TwoPole",122,51,5,0.8,3,"PairwiseSupport","two-point",2,2,"one-point",1,"degenerate",,,,,2,3,3.157833364733705,"SwitchDetected",3
123456,"TwoPole",123,51,5,0.8,3,"PairwiseSupport","two-point",2,2,"one-point",1,"degenerate",,,,,1,2,1.2482802718346666,"SwitchDetected",2
123456,"TwoPole",124,51,5,0.8,3,"PairwiseSupport","one-point",1,1,"one-point",1,"degenerate",,,,,1,1,,"NoSwitchDetected",
123456,"TwoPole",125,51,5,0.8,3,"PairwiseSupport","two-point",2,2,"one-point",1,"degenerate",,,,,1,2,5.1459468287757195,"SwitchDetected",2
123456,"TwoPole",126,51,5,0.8,3,"PairwiseSupport","two-point",2,2,"one-point",1,"degenerate",,,,,1,3,3.5522869581808414,"SwitchDetected",3
123456,"TwoPole",127,51,5,0.8,3,"PairwiseSupport","two-point",2,2,"one-point",1,"degenerate",,,,,1,3,5.508995324549564,"SwitchDetected",3
123456,"TwoPole",128,51,5,0.8,3,"PairwiseSupport","two-point",2,2,"one-point",1,"degenerate",,,,,1,2,3.1365552070281506,"SwitchDetected",2
123456,"TwoPole",129,51,5,0.8,3,"PairwiseSupport","two-point",2,2,"one-point",1,"degenerate",,,,,1,2,2.5543186365950112,"SwitchDetected",2
123456,"TwoPole",130,51,5,0.8,3,"PairwiseSupport","multi-point",3,3,"one-point",1,"calibrated",8.22669104204753,0.001434919089558215,3,3,,,,"",
123456,"TwoPole",131,51,5,0.8,3,"PairwiseSupport","one-point",1,1,"one-point",1,"degenerate",,,,,1,1,,"NoSwitchDetected",
123456,"TwoPole",132,51,5,0.8,3,"PairwiseSupport","one-point",1,1,"one-point",1,"degenerate",,,,,1,1,,"NoSwitchDetected",
123456,"TwoPole",133,51,5,0.8,3,"PairwiseSupport","two-point",2,2,"one-point",1,"degenerate",,,,,1,2,3.2922091850908184,"SwitchDetected",2
123456,"TwoPole",134,51,5,0.8,3,"PairwiseSupport","one-point",1,1,"one-point",1,"degenerate",,,,,1,1,,"NoSwitchDetected",
123456,"TwoPole",135,51,5,0.8,3,"PairwiseSupport","two-point",2,2,"one-point",1,"degenerate",,,,,1,3,7.435764192238831,"SwitchDetected",3
123456,"TwoPole",136,51,5,0.8,3,"PairwiseSupport","one-point",1,1,"one-point",1,"degenerate",,,,,1,1,,"NoSwitchDetected",
123456,"TwoPole",137,51,5,0.8,3,"PairwiseSupport","two-point",2,2,"two-point",2,"degenerate",,,,,1,2,2.026787765916157,"SwitchDetected",2
123456,"TwoPole",138,51,5,0.8,3,"PairwiseSupport","one-point",1,1,"one-point",1,"degenerate",,,,,1,1,,"NoSwitchDetected",
123456,"TwoPole",139,51,5,0.8,3,"PairwiseSupport","multi-point",3,3,"one-point",1,"calibrated",12.802275960170698,0.0008623610429714522,3,3,,,,"",
123456,"TwoPole",140,51,5,0.8,3,"PairwiseSupport","two-point",2,2,"one-point",1,"degenerate",,,,,1,3,5.935952292102186,"SwitchDetected",3
123456,"TwoPole",141,51,5,0.8,3,"PairwiseSupport","two-point",2,2,"one-point",1,"degenerate",,,,,1,2,1.916525735622036,"SwitchDetected",2
123456,"TwoPole",142,51,5,0.8,3,"PairwiseSupport","two-point",2,2,"one-point",1,"degenerate",,,,,1,2,1.5320883868373558,"SwitchDetected",2
123456,"TwoPole",143,51,5,0.8,3,"PairwiseSupport","one-point",1,1,"one-point",1,"degenerate",,,,,1,1,,"NoSwitchDetected",
123456,"TwoPole",144,51,5,0.8,3,"PairwiseSupport","two-point",2,2,"one-point",1,"degenerate",,,,,1,2,1.2042496399801474,"SwitchDetected",2
123456,"TwoPole",145,51,5,0.8,3,"PairwiseSupport","one-point",1,1,"one-point",1,"degenerate",,,,,2,2,,"NoSwitchDetected",
123456,"TwoPole",146,51,5,0.8,3,"PairwiseSupport","two-point",2,2,"one-point",1,"degenerate",,,,,1,3,7.173262260361312,"SwitchDetected",3
123456,"TwoPole",147,51,5,0.8,3,"PairwiseSupport","two-point",2,2,"one-point",1,"degenerate",,,,,1,2,1.8329277003771802,"SwitchDetected",2
123456,"TwoPole",148,51,5,0.8,3,"PairwiseSupport","two-point",2,2,"one-point",1,"degenerate",,,,,1,2,3.499540503753132,"SwitchDetected",2
123456,"TwoPole",149,51,5,0.8,3,"PairwiseSupport","two-point",2,2,"one-point",1,"degenerate",,,,,1,3,7.840284822847081,"SwitchDetected",3
123456,"TwoPole",150,51,5,0.8,3,"PairwiseSupport","multi-point",3,3,"one-point",1,"degenerate",,,,,1,3,4.366513711649922,"SwitchDetected",3
123456,"TwoPole",151,51,5,0.8,3,"PairwiseSupport","two-point",2,2,"one-point",1,"degenerate",,,,,1,2,2.8045153998860837,"SwitchDetected",2
123456,"TwoPole",152,51,5,0.8,3,"PairwiseSupport","two-point",2,2,"one-point",1,"degenerate",,,,,1,2,2.286458309710854,"SwitchDetected",2
123456,"TwoPole",153,51,5,0.8,3,"PairwiseSupport","multi-point",3,3,"two-point",2,"degenerate",,,,,1,3,8.908959665261504,"SwitchDetected",3
123456,"TwoPole",154,51,5,0.8,3,"PairwiseSupport","two-point",2,2,"one-point",1,"degenerate",,,,,1,2,3.2525102534274053,"SwitchDetected",2
123456,"TwoPole",155,51,5,0.8,3,"PairwiseSupport","two-point",2,2,"one-point",1,"degenerate",,,,,1,2,2.33529699350467,"SwitchDetected",2
123456,"TwoPole",156,51,5,0.8,3,"PairwiseSupport","two-point",2,2,"one-point",1,"degenerate",,,,,1,2,1.844253241499638,"SwitchDetected",2
123456,"TwoPole",157,51,5,0.8,3,"PairwiseSupport","one-point",1,1,"one-point",1,"degenerate",,,,,1,1,,"NoSwitchDetected",
123456,"TwoPole",158,51,5,0.8,3,"PairwiseSupport","two-point",2,2,"one-point",1,"degenerate",,,,,1,2,4.491271160770458,"SwitchDetected",2
123456,"TwoPole",159,51,5,0.8,3,"PairwiseSupport","one-point",1,1,"one-point",1,"degenerate",,,,,1,1,,"NoSwitchDetected",
123456,"TwoPole",160,51,5,0.8,3,"PairwiseSupport","two-point",2,2,"two-point",2,"degenerate",,,,,1,2,1.787898240174076,"SwitchDetected",2
123456,"TwoPole",161,51,5,0.8,3,"PairwiseSupport","one-point",1,1,"one-point",1,"degenerate",,,,,2,2,,"NoSwitchDetected",
123456,"TwoPole",162,51,5,0.8,3,"PairwiseSupport","one-point",1,1,"one-point",1,"degenerate",,,,,1,1,,"NoSwitchDetected",
123456,"TwoPole",163,51,5,0.8,3,"PairwiseSupport","two-point",2,2,"one-point",1,"degenerate",,,,,1,2,3.9290356308663354,"SwitchDetected",2
123456,"TwoPole",164,51,5,0.8,3,"PairwiseSupport","two-point",2,2,"one-point",1,"degenerate",,,,,1,2,1.6185644921487177,"SwitchDetected",2
123456,"TwoPole",165,51,5,0.8,3,"PairwiseSupport","two-point",2,2,"one-point",1,"degenerate",,,,,1,2,2.17906750567327,"SwitchDetected",2
123456,"TwoPole",166,51,5,0.8,3,"PairwiseSupport","one-point",1,1,"one-point",1,"degenerate",,,,,1,1,,"NoSwitchDetected",
123456,"TwoPole",167,51,5,0.8,3,"PairwiseSupport","two-point",2,2,"one-point",1,"degenerate",,,,,1,2,3.1483081014553047,"SwitchDetected",2
123456,"TwoPole",168,51,5,0.8,3,"PairwiseSupport","two-point",2,2,"one-point",1,"degenerate",,,,,1,2,5.852839523813779,"SwitchDetected",2
123456,"TwoPole",169,51,5,0.8,3,"PairwiseSupport","two-point",2,2,"one-point",1,"degenerate",,,,,1,2,1.502888662267189,"SwitchDetected",2
123456,"TwoPole",170,51,5,0.8,3,"PairwiseSupport","one-point",1,1,"one-point",1,"degenerate",,,,,1,1,,"NoSwitchDetected",
123456,"TwoPole",171,51,5,0.8,3,"PairwiseSupport","two-point",2,2,"one-point",1,"degenerate",,,,,1,3,6.665642789651249,"SwitchDetected",3
123456,"TwoPole",172,51,5,0.8,3,"PairwiseSupport","two-point",2,2,"two-point",2,"degenerate",,,,,1,2,1.8691156980221362,"SwitchDetected",2
123456,"TwoPole",173,51,5,0.8,3,"PairwiseSupport","one-point",1,1,"one-point",1,"degenerate",,,,,1,1,,"NoSwitchDetected",
123456,"TwoPole",174,51,5,0.8,3,"PairwiseSupport","two-point",2,2,"one-point",1,"degenerate",,,,,1,2,3.571919099869411,"SwitchDetected",2
123456,"TwoPole",175,51,5,0.8,3,"PairwiseSupport","two-point",2,2,"one-point",1,"degenerate",,,,,1,2,3.5710841141356324,"SwitchDetected",2
123456,"TwoPole",176,51,5,0.8,3,"PairwiseSupport","two-point",2,2,"one-point",1,"degenerate",,,,,1,2,2.2062754423929687,"SwitchDetected",2
123456,"TwoPole",177,51,5,0.8,3,"PairwiseSupport","one-point",1,1,"one-point",1,"degenerate",,,,,1,1,,"NoSwitchDetected",
123456,"TwoPole",178,51,5,0.8,3,"PairwiseSupport","one-point",1,1,"one-point",1,"degenerate",,,,,1,1,,"NoSwitchDetected",
123456,"TwoPole",179,51,5,0.8,3,"PairwiseSupport","one-point",1,1,"one-point",1,"degenerate",,,,,1,1,,"NoSwitchDetected",
123456,"TwoPole",180,51,5,0.8,3,"PairwiseSupport","one-point",1,1,"one-point",1,"degenerate",,,,,1,1,,"NoSwitchDetected",
123456,"TwoPole",181,51,5,0.8,3,"PairwiseSupport","one-point",1,1,"one-point",1,"degenerate",,,,,2,2,,"NoSwitchDetected",
123456,"TwoPole",182,51,5,0.8,3,"PairwiseSupport","two-point",2,2,"one-point",1,"degenerate",,,,,1,2,2.00001159674693,"SwitchDetected",2
123456,"TwoPole",183,51,5,0.8,3,"PairwiseSupport","two-point",2,2,"one-point",1,"degenerate",,,,,1,2,1.6166491975340773,"SwitchDetected",2
123456,"TwoPole",184,51,5,0.8,3,"PairwiseSupport","two-point",2,2,"two-point",2,"degenerate",,,,,2,2,,"NoSwitchDetected",
123456,"TwoPole",185,51,5,0.8,3,"PairwiseSupport","two-point",2,2,"one-point",1,"degenerate",,,,,1,2,4.010618936123599,"SwitchDetected",2
123456,"TwoPole",186,51,5,0.8,3,"PairwiseSupport","two-point",2,2,"one-point",1,"degenerate",,,,,1,2,2.875198082265342,"SwitchDetected",2
123456,"TwoPole",187,51,5,0.8,3,"PairwiseSupport","one-point",1,1,"one-point",1,"degenerate",,,,,1,1,,"NoSwitchDetected",
123456,"TwoPole",188,51,5,0.8,3,"PairwiseSupport","one-point",1,1,"one-point",1,"degenerate",,,,,1,1,,"NoSwitchDetected",
123456,"TwoPole",189,51,5,0.8,3,"PairwiseSupport","two-point",2,2,"one-point",1,"degenerate",,,,,1,2,1.54629931990766,"SwitchDetected",2
123456,"TwoPole",190,51,5,0.8,3,"PairwiseSupport","multi-point",3,3,"one-point",1,"calibrated",3.0228392297357813,0.0003900989765928675,3,3,,,,"",
123456,"TwoPole",191,51,5,0.8,3,"PairwiseSupport","two-point",2,2,"one-point",1,"degenerate",,,,,1,2,3.9253644091349065,"SwitchDetected",2
123456,"TwoPole",192,51,5,0.8,3,"PairwiseSupport","one-point",1,1,"one-point",1,"degenerate",,,,,1,1,,"NoSwitchDetected",
123456,"TwoPole",193,51,5,0.8,3,"PairwiseSupport","multi-point",3,3,"one-point",1,"degenerate",,,,,1,3,4.674555073457193,"SwitchDetected",2
123456,"TwoPole",194,51,5,0.8,3,"PairwiseSupport","two-point",2,2,"one-point",1,"degenerate",,,,,1,2,2.777215106192373,"SwitchDetected",2
123456,"TwoPole",195,51,5,0.8,3,"PairwiseSupport","one-point",1,1,"one-point",1,"degenerate",,,,,1,1,,"NoSwitchDetected",
123456,"TwoPole",196,51,5,0.8,3,"PairwiseSupport","one-point",1,1,"one-point",1,"degenerate",,,,,2,2,,"NoSwitchDetected",
123456,"TwoPole",197,51,5,0.8,3,"PairwiseSupport","two-point",2,2,"one-point",1,"degenerate",,,,,1,2,1.3502908123729134,"SwitchDetected",2
123456,"TwoPole",198,51,5,0.8,3,"PairwiseSupport","one-point",1,1,"one-point",1,"degenerate",,,,,1,1,,"NoSwitchDetected",
123456,"TwoPole",199,51,5,0.8,3,"PairwiseSupport","two-point",2,2,"one-point",1,"degenerate",,,,,1,3,8.407926050894536,"SwitchDetected",3
123456,"TwoPole",200,51,5,0.8,3,"PairwiseSupport","one-point",1,1,"one-point",1,"degenerate",,,,,1,1,,"NoSwitchDetected",
123456,"TwoPole",1,51,7,0.5,1,"PairwiseSupport","multi-point",3,3,"two-point",2,"calibrated",2.9893711248892822,0.04076979507297594,3,4,,,,"",
123456,"TwoPole",2,51,7,0.5,1,"PairwiseSupport","two-point",2,2,"one-point",1,"degenerate",,,,,3,4,2.2541311348767428,"SwitchDetected",4
123456,"TwoPole",3,51,7,0.5,1,"PairwiseSupport","multi-point",3,3,"two-point",2,"degenerate",,,,,5,4,1.5095852072811875,"SwitchDetected",4
123456,"TwoPole",4,51,7,0.5,1,"PairwiseSupport","multi-point",3,4,"two-point",2,"calibrated",3.5037633013236436,0.04404807059879139,4,4,,,,"",
123456,"TwoPole",5,51,7,0.5,1,"PairwiseSupport","two-point",2,2,"one-point",1,"degenerate",,,,,2,4,1.1518730239971202,"SwitchDetected",4
123456,"TwoPole",6,51,7,0.5,1,"PairwiseSupport","two-point",2,2,"one-point",1,"degenerate",,,,,2,4,1.1215668529897895,"SwitchDetected",4
123456,"TwoPole",7,51,7,0.5,1,"PairwiseSupport","multi-point",3,4,"one-point",1,"calibrated",1.8896976483762593,0.010474628220708503,4,4,,,,"",
123456,"TwoPole",8,51,7,0.5,1,"PairwiseSupport","multi-point",3,4,"two-point",2,"calibrated",2.5573025194165564,0.03926796312142887,4,4,,,,"",
123456,"TwoPole",9,51,7,0.5,1,"PairwiseSupport","two-point",2,2,"one-point",1,"degenerate",,,,,3,4,1.8432619796840672,"SwitchDetected",4
123456,"TwoPole",10,51,7,0.5,1,"PairwiseSupport","multi-point",3,3,"two-point",2,"calibrated",5.042958535674262,0.08107196210315593,3,4,,,,"",
123456,"TwoPole",11,51,7,0.5,1,"PairwiseSupport","two-point",2,2,"one-point",1,"degenerate",,,,,1,4,1.000005950963148,"SwitchDetected",3
123456,"TwoPole",12,51,7,0.5,1,"PairwiseSupport","two-point",2,2,"two-point",2,"degenerate",,,,,4,4,,"NoSwitchDetected",
123456,"TwoPole",13,51,7,0.5,1,"PairwiseSupport","multi-point",3,4,"two-point",2,"calibrated",1.8636112644947542,0.01401796161618935,4,4,,,,"",
123456,"TwoPole",14,51,7,0.5,1,"PairwiseSupport","multi-point",3,4,"two-point",2,"calibrated",2.5037091988130564,0.03752606189003949,4,4,,,,"",
123456,"TwoPole",15,51,7,0.5,1,"PairwiseSupport","multi-point",3,3,"one-point",1,"calibrated",5.592377796188898,0.07319896077592904,3,4,,,,"",
123456,"TwoPole",16,51,7,0.5,1,"PairwiseSupport","multi-point",3,3,"one-point",1,"calibrated",5.042958535674262,0.06424869191713939,3,4,,,,"",
123456,"TwoPole",17,51,7,0.5,1,"PairwiseSupport","multi-point",3,3,"two-point",2,"calibrated",1.0235414534288638,0.0009653057402643493,3,4,,,,"",
123456,"TwoPole",18,51,7,0.5,1,"PairwiseSupport","two-point",2,2,"two-point",2,"degenerate",,,,,4,4,,"NoSwitchDetected",
123456,"TwoPole",19,51,7,0.5,1,"PairwiseSupport","two-point",2,2,"one-point",1,"degenerate",,,,,3,4,2.8614404568803855,"SwitchDetected",4
123456,"TwoPole",20,51,7,0.5,1,"PairwiseSupport","multi-point",3,3,"one-point",1,"calibrated",1.825804706518799,0.009088033930120469,3,4,,,,"",
123456,"TwoPole",21,51,7,0.5,1,"PairwiseSupport","multi-point",3,4,"multi-point",3,"calibrated",2.119974874371859,0.022401441384857577,4,4,,,,"",
123456,"TwoPole",22,51,7,0.5,1,"PairwiseSupport","multi-point",3,4,"one-point",1,"calibrated",4.5150501672240795,0.06620421339370569,3,4,,,,"",
123456,"TwoPole",23,51,7,0.5,1,"PairwiseSupport","multi-point",3,3,"one-point",1,"calibrated",2.458120903131828,0.009852557392454367,3,5,,,,"",
123456,"TwoPole",24,51,7,0.5,1,"PairwiseSupport","multi-point",3,3,"one-point",1,"calibrated",3.458877786318216,0.014463053141245566,3,4,,,,"",
123456,"TwoPole",25,51,7,0.5,1,"PairwiseSupport","multi-point",3,4,"one-point",1,"calibrated",2.1034590215020255,0.017014351464378047,4,4,,,,"",
123456,"TwoPole",26,51,7,0.5,1,"PairwiseSupport","multi-point",3,3,"two-point",2,"calibrated",2.055420219244823,0.00897941722318398,3,5,,,,"",
123456,"TwoPole",27,51,7,0.5,1,"PairwiseSupport","multi-point",3,3,"one-point",1,"calibrated",1.3623978201634879,0.0006837574034257159,3,4,,,,"",
123456,"TwoPole",28,51,7,0.5,1,"PairwiseSupport","multi-point",3,3,"one-point",1,"degenerate",,,,,2,4,1.240017664802427,"SwitchDetected",4
123456,"TwoPole",29,51,7,0.5,1,"PairwiseSupport","multi-point",3,3,"two-point",2,"calibrated",1.9908568057808584,0.012505805727612913,3,4,,,,"",
123456,"TwoPole",30,51,7,0.5,1,"PairwiseSupport","two-point",2,2,"two-point",2,"degenerate",,,,,6,4,1.2286572453863016,"SwitchDetected",4
123456,"TwoPole",31,51,7,0.5,1,"PairwiseSupport","multi-point",3,3,"one-point",1,"calibrated",1.6129032258064517,0.0031305897054154192,3,5,,,,"",
123456,"TwoPole",32,51,7,0.5,1,"PairwiseSupport","two-point",2,2,"two-point",2,"degenerate",,,,,4,4,,"NoSwitchDetected",
123456,"TwoPole",33,51,7,0.5,1,"PairwiseSupport","multi-point",3,3,"one-point",1,"calibrated",4.2993630573248405,0.04941429824562772,3,4,,,,"",
123456,"TwoPole",34,51,7,0.5,1,"PairwiseSupport","multi-point",3,4,"one-point",1,"calibrated",2.824858757062147,0.051523071612130315,4,4,,,,"",
123456,"TwoPole",35,51,7,0.5,1,"PairwiseSupport","multi-point",3,4,"one-point",1,"calibrated",2.7113878288813016,0.02345013479388818,4,4,,,,"",
123456,"TwoPole",36,51,7,0.5,1,"PairwiseSupport","multi-point",3,3,"two-point",2,"calibrated",1.1286681715575622,0.003461801500300729,3,4,,,,"",
123456,"TwoPole",37,51,7,0.5,1,"PairwiseSupport","multi-point",3,4,"one-point",1,"calibrated",1.9908568057808584,0.01775743585702136,4,4,,,,"",
123456,"TwoPole",38,51,7,0.5,1,"PairwiseSupport","two-point",2,2,"one-point",1,"degenerate",,,,,2,4,1.000005950963148,"SwitchDetected",3
123456,"TwoPole",39,51,7,0.5,1,"PairwiseSupport","multi-point",3,3,"two-point",2,"degenerate",,,,,4,4,,"NoSwitchDetected",
123456,"TwoPole",40,51,7,0.5,1,"PairwiseSupport","multi-point",3,3,"one-point",1,"calibrated",2.8852318871553755,0.010640479775397706,3,4,,,,"",
123456,"TwoPole",41,51,7,0.5,1,"PairwiseSupport","two-point",2,2,"one-point",1,"degenerate",,,,,1,4,1.0100317345633643,"SwitchDetected",4
123456,"TwoPole",42,51,7,0.5,1,"PairwiseSupport","two-point",2,2,"two-point",2,"degenerate",,,,,4,4,,"NoSwitchDetected",
123456,"TwoPole",43,51,7,0.5,1,"PairwiseSupport","two-point",2,2,"one-point",1,"degenerate",,,,,2,4,1.028774155063341,"SwitchDetected",5
123456,"TwoPole",44,51,7,0.5,1,"PairwiseSupport","two-point",2,2,"one-point",1,"degenerate",,,,,2,4,1.096765966248875,"SwitchDetected",5
123456,"TwoPole",45,51,7,0.5,1,"PairwiseSupport","two-point",2,2,"one-point",1,"degenerate",,,,,1,4,1.0219172049965664,"SwitchDetected",4
123456,"TwoPole",46,51,7,0.5,1,"PairwiseSupport","multi-point",3,3,"one-point",1,"calibrated",1.6860247283626826,0.00017420624510690677,3,4,,,,"",
123456,"TwoPole",47,51,7,0.5,1,"PairwiseSupport","multi-point",3,3,"two-point",2,"calibrated",4.44078947368421,0.04815396777526308,3,4,,,,"",
123456,"TwoPole",48,51,7,0.5,1,"PairwiseSupport","multi-point",3,3,"one-point",1,"calibrated",1.838235294117647,0.0019166933295063989,3,4,,,,"",
123456,"TwoPole",49,51,7,0.5,1,"PairwiseSupport","two-point",2,2,"one-point",1,"degenerate",,,,,2,4,1.0516562591167025,"SwitchDetected",4
123456,"TwoPole",50,51,7,0.5,1,"PairwiseSupport","two-point",2,2,"one-point",1,"degenerate",,,,,3,4,1.6479776340144838,"SwitchDetected",4
123456,"TwoPole",51,51,7,0.5,1,"PairwiseSupport","multi-point",3,3,"one-point",1,"calibrated",2.1711161145062716,0.00031883032729423363,3,4,,,,"",
123456,"TwoPole",52,51,7,0.5,1,"PairwiseSupport","multi-point",3,4,"one-point",1,"calibrated",2.1367521367521367,0.018246097806962694,4,4,,,,"",
123456,"TwoPole",53,51,7,0.5,1,"PairwiseSupport","multi-point",3,3,"one-point",1,"calibrated",2.9163966299416724,0.010784343986082435,3,4,,,,"",
123456,"TwoPole",54,51,7,0.5,1,"PairwiseSupport","two-point",2,2,"two-point",2,"degenerate",,,,,4,4,,"NoSwitchDetected",
123456,"TwoPole",55,51,7,0.5,1,"PairwiseSupport","two-point",2,2,"two-point",2,"degenerate",,,,,3,4,1.000005950963148,"SwitchDetected",4
123456,"TwoPole",56,51,7,0.5,1,"PairwiseSupport","multi-point",3,3,"two-point",2,"calibrated",3.7468776019983348,0.01664435145947686,3,4,,,,"",
123456,"TwoPole",57,51,7,0.5,1,"PairwiseSupport","two-point",2,2,"two-point",2,"degenerate",,,,,4,4,,"NoSwitchDetected",
123456,"TwoPole",58,51,7,0.5,1,"PairwiseSupport","multi-point",3,3,"two-point",2,"calibrated",1.3354436640617273,0.008209363598107101,3,4,,,,"",
123456,"TwoPole",59,51,7,0.5,1,"PairwiseSupport","multi-point",3,3,"one-point",1,"calibrated",2.4807056229327453,0.019934836708814963,3,4,,,,"",
123456,"TwoPole",60,51,7,0.5,1,"PairwiseSupport","multi-point",3,3,"two-point",2,"calibrated",4.166666666666666,0.043478874912950626,3,4,,,,"",
123456,"TwoPole",61,51,7,0.5,1,"PairwiseSupport","multi-point",3,3,"one-point",1,"calibrated",3.9823008849557513,0.06801160389003408,3,4,,,,"",
123456,"TwoPole",62,51,7,0.5,1,"PairwiseSupport","two-point",2,2,"one-point",1,"degenerate",,,,,1,4,1.0201305174310693,"SwitchDetected",4
123456,"TwoPole",63,51,7,0.5,1,"PairwiseSupport","multi-point",3,3,"two-point",2,"calibrated",3.6456926816095057,0.042822654983834425,3,4,,,,"",
123456,"TwoPole",64,51,7,0.5,1,"PairwiseSupport","multi-point",3,3,"one-point",1,"degenerate",,,,,1,4,1.0107486119094553,"SwitchDetected",4
123456,"TwoPole",65,51,7,0.5,1,"PairwiseSupport","multi-point",3,3,"one-point",1,"calibrated",3.9244186046511618,0.05584328397795244,3,4,,,,"",
123456,"TwoPole",66,51,7,0.5,1,"PairwiseSupport","multi-point",3,3,"one-point",1,"calibrated",1.66256157635468,0.0015012779958393208,3,4,,,,"",
123456,"TwoPole",67,51,7,0.5,1,"PairwiseSupport","two-point",2,2,"one-point",1,"degenerate",,,,,1,4,1.000005950963148,"SwitchDetected",4
123456,"TwoPole",68,51,7,0.5,1,"PairwiseSupport","two-point",2,2,"one-point",1,"degenerate",,,,,2,4,1.0315402367744977,"SwitchDetected",3
123456,"TwoPole",69,51,7,0.5,1,"PairwiseSupport","two-point",2,2,"one-point",1,"degenerate",,,,,3,4,1.178201545526588,"SwitchDetected",4
123456,"TwoPole",70,51,7,0.5,1,"PairwiseSupport","multi-point",3,4,"one-point",1,"calibrated",2.3457862728062553,0.0050036574770302026,4,4,,,,"",
123456,"TwoPole",71,51,7,0.5,1,"PairwiseSupport","multi-point",3,3,"one-point",1,"calibrated",4.166666666666666,0.07073899579098945,3,4,,,,"",
123456,"TwoPole",72,51,7,0.5,1,"PairwiseSupport","multi-point",3,3,"one-point",1,"degenerate",,,,,1,4,1.0372324935362893,"SwitchDetected",5
123456,"TwoPole",73,51,7,0.5,1,"PairwiseSupport","multi-point",3,3,"one-point",1,"degenerate",,,,,2,4,1.2525603655696504,"SwitchDetected",4
123456,"TwoPole",74,51,7,0.5,1,"PairwiseSupport","multi-point",3,3,"two-point",2,"calibrated",1.825804706518799,0.00994294222391448,3,4,,,,"",
123456,"TwoPole",75,51,7,0.5,1,"PairwiseSupport","two-point",2,2,"one-point",1,"degenerate",,,,,3,4,1.000005950963148,"SwitchDetected",4
123456,"TwoPole",76,51,7,0.5,1,"PairwiseSupport","multi-point",3,4,"one-point",1,"calibrated",1.5547621789704016,0.009707657937186358,4,5,,,,"",
123456,"TwoPole",77,51,7,0.5,1,"PairwiseSupport","multi-point",3,3,"two-point",2,"calibrated",1.4680295780774246,0.011820574865226077,3,4,,,,"",
123456,"TwoPole",78,51,7,0.5,1,"PairwiseSupport","multi-point",3,3,"two-point",2,"degenerate",,,,,4,4,,"NoSwitchDetected",
123456,"TwoPole",79,51,7,0.5,1,"PairwiseSupport","multi-point",3,5,"one-point",1,"calibrated",2.305721605465414,0.03272621244640632,5,4,,,,"",
123456,"TwoPole",80,51,7,0.5,1,"PairwiseSupport","two-point",2,2,"one-point",1,"degenerate",,,,,3,4,2.228187234910624,"SwitchDetected",4
123456,"TwoPole",81,51,7,0.5,1,"PairwiseSupport","multi-point",3,4,"two-point",2,"calibrated",4.368932038834951,0.06699417583345169,3,4,,,,"",
123456,"TwoPole",82,51,7,0.5,1,"PairwiseSupport","two-point",2,2,"one-point",1,"degenerate",,,,,2,4,1.000005950963148,"SwitchDetected",3
123456,"TwoPole",83,51,7,0.5,1,"PairwiseSupport","multi-point",3,4,"two-point",2,"calibrated",4.249291784702549,0.020902214101993707,4,4,,,,"",
123456,"TwoPole",84,51,7,0.5,1,"PairwiseSupport","two-point",2,2,"two-point",2,"degenerate",,,,,4,4,,"NoSwitchDetected",
123456,"TwoPole",85,51,7,0.5,1,"PairwiseSupport","multi-point",3,3,"two-point",2,"calibrated",1.3623978201634879,0.009540492444976926,3,4,,,,"",
123456,"TwoPole",86,51,7,0.5,1,"PairwiseSupport","two-point",2,2,"one-point",1,"degenerate",,,,,3,4,3.8695034522989946,"SwitchDetected",4
123456,"TwoPole",87,51,7,0.5,1,"PairwiseSupport","multi-point",3,3,"two-point",2,"calibrated",3.9823008849557513,0.051117648895890294,3,4,,,,"",
123456,"TwoPole",88,51,7,0.5,1,"PairwiseSupport","multi-point",3,4,"one-point",1,"calibrated",1.6251354279523291,0.004621420089673653,4,4,,,,"",
123456,"TwoPole",89,51,7,0.5,1,"PairwiseSupport","two-point",2,2,"one-point",1,"degenerate",,,,,3,4,1.5961946190295841,"SwitchDetected",4
123456,"TwoPole",90,51,7,0.5,1,"PairwiseSupport","multi-point",3,4,"one-point",1,"calibrated",2.6512175962293796,0.03963980278186719,4,4,,,,"",
123456,"TwoPole",91,51,7,0.5,1,"PairwiseSupport","two-point",2,2,"one-point",1,"degenerate",,,,,2,4,1.000005950963148,"SwitchDetected",5
123456,"TwoPole",92,51,7,0.5,1,"PairwiseSupport","two-point",2,2,"two-point",2,"degenerate",,,,,5,4,2.4928564690416564,"SwitchDetected",4
123456,"TwoPole",93,51,7,0.5,1,"PairwiseSupport","multi-point",3,3,"one-point",1,"calibrated",3.9244186046511618,0.036298502145655054,3,4,,,,"",
123456,"TwoPole",94,51,7,0.5,1,"PairwiseSupport","multi-point",3,3,"two-point",2,"calibrated",3.3615537848605572,0.04651481045933288,3,4,,,,"",
123456,"TwoPole",95,51,7,0.5,1,"PairwiseSupport","multi-point",3,4,"one-point",1,"calibrated",2.7669604427136707,0.03637542142212514,4,4,,,,"",
123456,"TwoPole",96,51,7,0.5,1,"PairwiseSupport","multi-point",3,3,"two-point",2,"calibrated",4.2993630573248405,0.07088111882634876,3,4,,,,"",
123456,"TwoPole",97,51,7,0.5,1,"PairwiseSupport","two-point",2,2,"one-point",1,"degenerate",,,,,2,4,1.185374044150191,"SwitchDetected",4
123456,"TwoPole",98,51,7,0.5,1,"PairwiseSupport","multi-point",3,3,"one-point",1,"degenerate",,,,,2,4,1.1019659876287773,"SwitchDetected",4
123456,"TwoPole",99,51,7,0.5,1,"PairwiseSupport","two-point",2,2,"one-point",1,"degenerate",,,,,2,4,1.0597275554551568,"SwitchDetected",5
123456,"TwoPole",100,51,7,0.5,1,"PairwiseSupport","multi-point",3,4,"one-point",1,"calibrated",2.1367521367521367,0.012603117455761904,4,4,,,,"",
123456,"TwoPole",101,51,7,0.5,1,"PairwiseSupport","two-point",2,2,"one-point",1,"degenerate",,,,,1,4,1.0433246548810802,"SwitchDetected",4
123456,"TwoPole",102,51,7,0.5,1,"PairwiseSupport","multi-point",3,3,"two-point",2,"calibrated",3.695592663564194,0.06423070047899682,3,4,,,,"",
123456,"TwoPole",103,51,7,0.5,1,"PairwiseSupport","multi-point",3,5,"one-point",1,"calibrated",2.325581395348837,0.02872969645095877,5,4,,,,"",
123456,"TwoPole",104,51,7,0.5,1,"PairwiseSupport","two-point",2,2,"one-point",1,"degenerate",,,,,2,4,1.0326559155067618,"SwitchDetected",5
123456,"TwoPole",105,51,7,0.5,1,"PairwiseSupport","multi-point",3,3,"one-point",1,"calibrated",2.5037091988130564,0.004055781642662754,3,4,,,,"",
123456,"TwoPole",106,51,7,0.5,1,"PairwiseSupport","multi-point",3,3,"multi-point",3,"calibrated",1.7073479195649424,0.012941976580384627,3,4,,,,"",
123456,"TwoPole",107,51,7,0.5,1,"PairwiseSupport","two-point",2,2,"one-point",1,"degenerate",,,,,1,4,1.056801807089809,"SwitchDetected",4
123456,"TwoPole",108,51,7,0.5,1,"PairwiseSupport","multi-point",3,3,"two-point",2,"calibrated",3.7468776019983348,0.06757402153817813,3,4,,,,"",
123456,"TwoPole",109,51,7,0.5,1,"PairwiseSupport","multi-point",3,3,"one-point",1,"calibrated",3.695592663564194,0.04064943191293657,3,4,,,,"",
123456,"TwoPole",110,51,7,0.5,1,"PairwiseSupport","multi-point",3,3,"two-point",2,"calibrated",3.3202164289227745,0.04478117906212998,3,4,,,,"",
123456,"TwoPole",111,51,7,0.5,1,"PairwiseSupport","two-point",2,2,"one-point",1,"degenerate",,,,,3,4,1.2329573781594816,"SwitchDetected",4
123456,"TwoPole",112,51,7,0.5,1,"PairwiseSupport","multi-point",3,4,"one-point",1,"calibrated",2.600154083204931,0.03769139833544649,4,4,,,,"",
123456,"TwoPole",113,51,7,0.5,1,"PairwiseSupport","two-point",2,2,"two-point",2,"degenerate",,,,,4,4,,"NoSwitchDetected",
123456,"TwoPole",114,51,7,0.5,1,"PairwiseSupport","multi-point",3,3,"one-point",1,"calibrated",2.854726157750053,0.0038605382428571946,3,4,,,,"",
123456,"TwoPole",115,51,7,0.5,1,"PairwiseSupport","multi-point",3,3,"one-point",1,"calibrated",1.4680295780774246,0.0006142359039960975,3,4,,,,"",
123456,"TwoPole",116,51,7,0.5,1,"PairwiseSupport","two-point",2,2,"one-point",1,"degenerate",,,,,2,4,1.0220663781707982,"SwitchDetected",4
123456,"TwoPole",117,51,7,0.5,1,"PairwiseSupport","two-point",2,2,"one-point",1,"degenerate",,,,,1,4,1.023205257291563,"SwitchDetected",3
123456,"TwoPole",118,51,7,0.5,1,"PairwiseSupport","two-point",2,2,"one-point",1,"degenerate",,,,,1,4,1.0430073420803394,"SwitchDetected",4
123456,"TwoPole",119,51,7,0.5,1,"PairwiseSupport","multi-point",3,3,"one-point",1,"calibrated",1.838235294117647,0.001756839512485545,3,4,,,,"",
123456,"TwoPole",120,51,7,0.5,1,"PairwiseSupport","multi-point",3,4,"one-point",1,"calibrated",1.9338203695745597,0.011101090035753405,3,4,,,,"",
123456,"TwoPole",121,51,7,0.5,1,"PairwiseSupport","multi-point",3,3,"one-point",1,"calibrated",2.7388922702373706,0.01649860662368622,3,4,,,,"",
123456,"TwoPole",122,51,7,0.5,1,"PairwiseSupport","two-point",2,2,"one-point",1,"degenerate",,,,,3,4,2.076374303727405,"SwitchDetected",4
123456,"TwoPole",123,51,7,0.5,1,"PairwiseSupport","multi-point",3,3,"one-point",1,"degenerate",,,,,2,4,1.2467243903204603,"SwitchDetected",4
123456,"TwoPole",124,51,7,0.5,1,"PairwiseSupport","multi-point",3,5,"two-point",2,"calibrated",2.435943702634428,0.039154187156967335,5,4,,,,"",
123456,"TwoPole",125,51,7,0.5,1,"PairwiseSupport","multi-point",3,3,"one-point",1,"calibrated",2.325581395348837,0.011919222388193396,3,4,,,,"",
123456,"TwoPole",126,51,7,0.5,1,"PairwiseSupport","two-point",2,2,"one-point",1,"degenerate",,,,,1,4,1.000005950963148,"SwitchDetected",3
123456,"TwoPole",127,51,7,0.5,1,"PairwiseSupport","multi-point",3,3,"two-point",2,"calibrated",1.179245283018868,0.005360992038312507,3,4,,,,"",
123456,"TwoPole",128,51,7,0.5,1,"PairwiseSupport","multi-point",3,3,"one-point",1,"calibrated",3.9244186046511618,0.06335356996316167,3,4,,,,"",
123456,"TwoPole",129,51,7,0.5,1,"PairwiseSupport","multi-point",3,3,"two-point",2,"calibrated",4.51505016722408,0.0496466830098926,3,4,,,,"",
123456,"TwoPole",130,51,7,0.5,1,"PairwiseSupport","multi-point",3,3,"one-point",1,"calibrated",1.7403635426066777,0.0007640429479590782,3,4,,,,"",
123456,"TwoPole",131,51,7,0.5,1,"PairwiseSupport","two-point",2,2,"one-point",1,"degenerate",,,,,3,4,1.1258726518049504,"SwitchDetected",4
123456,"TwoPole",132,51,7,0.5,1,"PairwiseSupport","multi-point",3,3,"one-point",1,"calibrated",2.6775089250297497,0.0121755265562369,3,4,,,,"",
123456,"TwoPole",133,51,7,0.5,1,"PairwiseSupport","multi-point",3,3,"two-point",2,"calibrated",1.0025621031525007,0.001557178334114062,3,4,,,,"",
123456,"TwoPole",134,51,7,0.5,1,"PairwiseSupport","two-point",2,2,"two-point",2,"degenerate",,,,,4,4,,"NoSwitchDetected",
123456,"TwoPole",135,51,7,0.5,1,"PairwiseSupport","multi-point",3,3,"one-point",1,"calibrated",2.7669604427136707,0.012148258878963461,3,4,,,,"",
123456,"TwoPole",136,51,7,0.5,1,"PairwiseSupport","two-point",2,2,"one-point",1,"degenerate",,,,,3,4,1.341816050237842,"SwitchDetected",4
123456,"TwoPole",137,51,7,0.5,1,"PairwiseSupport","two-point",2,2,"one-point",1,"degenerate",,,,,1,4,1.0107850904880613,"SwitchDetected",4
123456,"TwoPole",138,51,7,0.5,1,"PairwiseSupport","two-point",2,2,"one-point",1,"degenerate",,,,,1,4,1.0122220061598874,"SwitchDetected",3
123456,"TwoPole",139,51,7,0.5,1,"PairwiseSupport","multi-point",3,3,"two-point",2,"calibrated",4.041916167664669,0.05028658006331773,3,4,,,,"",
123456,"TwoPole",140,51,7,0.5,1,"PairwiseSupport","multi-point",3,4,"two-point",2,"calibrated",2.9246100519930676,0.041969331553016236,4,4,,,,"",
123456,"TwoPole",141,51,7,0.5,1,"PairwiseSupport","multi-point",3,3,"one-point",1,"calibrated",1.6966193288927987,0.005077776746342584,3,4,,,,"",
123456,"TwoPole",142,51,7,0.5,1,"PairwiseSupport","multi-point",3,3,"one-point",1,"calibrated",1.7073479195649424,0.005259162956436022,3,4,,,,"",
123456,"TwoPole",143,51,7,0.5,1,"PairwiseSupport","two-point",2,2,"one-point",1,"degenerate",,,,,3,4,2.5738414355638306,"SwitchDetected",4
123456,"TwoPole",144,51,7,0.5,1,"PairwiseSupport","two-point",2,2,"one-point",1,"degenerate",,,,,3,4,1.751101786532099,"SwitchDetected",4
123456,"TwoPole",145,51,7,0.5,1,"PairwiseSupport","multi-point",3,3,"one-point",1,"calibrated",3.0920751259734307,0.012683847765602912,3,4,,,,"",
123456,"TwoPole",146,51,7,0.5,1,"PairwiseSupport","two-point",2,2,"two-point",2,"degenerate",,,,,3,4,1.3492824936690617,"SwitchDetected",4
123456,"TwoPole",147,51,7,0.5,1,"PairwiseSupport","multi-point",3,3,"one-point",1,"calibrated",2.5510204081632653,0.01236384878334947,3,4,,,,"",
123456,"TwoPole",148,51,7,0.5,1,"PairwiseSupport","two-point",2,2,"two-point",2,"degenerate",,,,,4,4,,"NoSwitchDetected",
123456,"TwoPole",149,51,7,0.5,1,"PairwiseSupport","two-point",2,2,"one-point",1,"degenerate",,,,,2,4,1.1486212811466863,"SwitchDetected",4
123456,"TwoPole",150,51,7,0.5,1,"PairwiseSupport","two-point",2,2,"one-point",1,"degenerate",,,,,1,4,1.0313123266812725,"SwitchDetected",4
123456,"TwoPole",151,51,7,0.5,1,"PairwiseSupport","multi-point",3,4,"two-point",2,"calibrated",2.795609857113274,0.06605642665831846,4,4,,,,"",
123456,"TwoPole",152,51,7,0.5,1,"PairwiseSupport","multi-point",3,4,"one-point",1,"calibrated",1.9908568057808584,0.013460305986976114,4,4,,,,"",
123456,"TwoPole",153,51,7,0.5,1,"PairwiseSupport","two-point",2,2,"one-point",1,"degenerate",,,,,2,4,1.30100952510651,"SwitchDetected",5
123456,"TwoPole",154,51,7,0.5,1,"PairwiseSupport","multi-point",3,3,"one-point",1,"degenerate",,,,,3,4,1.8454482172907145,"SwitchDetected",4
123456,"TwoPole",155,51,7,0.5,1,"PairwiseSupport","multi-point",3,4,"one-point",1,"calibrated",2.8852318871553755,0.03477057101944957,4,4,,,,"",
123456,"TwoPole",156,51,7,0.5,1,"PairwiseSupport","multi-point",3,3,"one-point",1,"calibrated",1.369307231970788,0.000618165199754804,3,4,,,,"",
123456,"TwoPole",157,51,7,0.5,1,"PairwiseSupport","two-point",2,2,"one-point",1,"degenerate",,,,,1,4,1.0101592400376713,"SwitchDetected",4
123456,"TwoPole",158,51,7,0.5,1,"PairwiseSupport","multi-point",3,3,"one-point",1,"calibrated",2.1034590215020255,0.001670586797596157,3,4,,,,"",
123456,"TwoPole",159,51,7,0.5,1,"PairwiseSupport","multi-point",3,3,"one-point",1,"degenerate",,,,,1,4,1.0556400051093904,"SwitchDetected",4
123456,"TwoPole",160,51,7,0.5,1,"PairwiseSupport","multi-point",3,3,"one-point",1,"calibrated",2.458120903131828,0.011206491128913651,3,4,,,,"",
123456,"TwoPole",161,51,7,0.5,1,"PairwiseSupport","multi-point",3,3,"one-point",1,"calibrated",4.166666666666666,0.04346791908843742,3,4,,,,"",
123456,"TwoPole",162,51,7,0.5,1,"PairwiseSupport","multi-point",3,3,"two-point",2,"calibrated",1.2123933542882803,0.002109250168079267,3,4,,,,"",
123456,"TwoPole",163,51,7,0.5,1,"PairwiseSupport","multi-point",3,3,"one-point",1,"calibrated",2.267002518891687,0.01083836887089689,3,4,,,,"",
123456,"TwoPole",164,51,7,0.5,1,"PairwiseSupport","multi-point",3,3,"one-point",1,"degenerate",,,,,3,4,3.1198422941047377,"SwitchDetected",4
123456,"TwoPole",165,51,7,0.5,1,"PairwiseSupport","multi-point",3,3,"one-point",1,"degenerate",,,,,2,4,1.1773347961392415,"SwitchDetected",4
123456,"TwoPole",166,51,7,0.5,1,"PairwiseSupport","multi-point",3,5,"one-point",1,"calibrated",2.5037091988130564,0.04199592061512377,5,4,,,,"",
123456,"TwoPole",167,51,7,0.5,1,"PairwiseSupport","two-point",2,2,"two-point",2,"degenerate",,,,,4,4,,"NoSwitchDetected",
123456,"TwoPole",168,51,7,0.5,1,"PairwiseSupport","multi-point",3,4,"one-point",1,"calibrated",2.824858757062147,0.023797398621141504,4,4,,,,"",
123456,"TwoPole",169,51,7,0.5,1,"PairwiseSupport","multi-point",3,3,"one-point",1,"degenerate",,,,,3,4,1.6486405306561707,"SwitchDetected",4
123456,"TwoPole",170,51,7,0.5,1,"PairwiseSupport","multi-point",3,3,"one-point",1,"degenerate",,,,,2,4,1.4002365634037786,"SwitchDetected",4
123456,"TwoPole",171,51,7,0.5,1,"PairwiseSupport","multi-point",3,3,"one-point",1,"calibrated",2.3872679045092835,0.0010400488887360383,3,4,,,,"",
123456,"TwoPole",172,51,7,0.5,1,"PairwiseSupport","two-point",2,2,"one-point",1,"degenerate",,,,,2,4,1.2044913323343693,"SwitchDetected",4
123456,"TwoPole",173,51,7,0.5,1,"PairwiseSupport","multi-point",3,3,"one-point",1,"calibrated",4.166666666666666,0.041919257993193536,3,4,,,,"",
123456,"TwoPole",174,51,7,0.5,1,"PairwiseSupport","multi-point",3,3,"two-point",2,"calibrated",2.087198515769944,0.012278982138733354,3,5,,,,"",
123456,"TwoPole",175,51,7,0.5,1,"PairwiseSupport","two-point",2,2,"one-point",1,"degenerate",,,,,3,4,2.6480657717215053,"SwitchDetected",4
123456,"TwoPole",176,51,7,0.5,1,"PairwiseSupport","two-point",2,2,"one-point",1,"degenerate",,,,,2,4,1.0832339399196567,"SwitchDetected",4
123456,"TwoPole",177,51,7,0.5,1,"PairwiseSupport","two-point",2,2,"one-point",1,"degenerate",,,,,2,4,1.283000517225245,"SwitchDetected",4
123456,"TwoPole",178,51,7,0.5,1,"PairwiseSupport","two-point",2,2,"two-point",2,"degenerate",,,,,4,4,,"NoSwitchDetected",
123456,"TwoPole",179,51,7,0.5,1,"PairwiseSupport","two-point",2,2,"one-point",1,"degenerate",,,,,1,4,1.0214513193564372,"SwitchDetected",4
123456,"TwoPole",180,51,7,0.5,1,"PairwiseSupport","multi-point",3,4,"one-point",1,"calibrated",3.597122302158273,0.061645073741416735,4,4,,,,"",
123456,"TwoPole",181,51,7,0.5,1,"PairwiseSupport","multi-point",3,3,"two-point",2,"calibrated",1.6225961538461537,0.008264958768176414,3,4,,,,"",
123456,"TwoPole",182,51,7,0.5,1,"PairwiseSupport","multi-point",3,3,"one-point",1,"degenerate",,,,,2,4,1.1474918139479018,"SwitchDetected",4
123456,"TwoPole",183,51,7,0.5,1,"PairwiseSupport","multi-point",3,4,"one-point",1,"calibrated",2.5510204081632653,0.019460129543804803,4,4,,,,"",
123456,"TwoPole",184,51,7,0.5,1,"PairwiseSupport","multi-point",3,3,"one-point",1,"degenerate",,,,,2,4,1.000005950963148,"SwitchDetected",5
123456,"TwoPole",185,51,7,0.5,1,"PairwiseSupport","multi-point",3,3,"two-point",2,"calibrated",5.238649592549476,0.07456587744898552,3,4,,,,"",
123456,"TwoPole",186,51,7,0.5,1,"PairwiseSupport","multi-point",3,3,"one-point",1,"calibrated",2.2066034651847004,0.011655114072406086,3,4,,,,"",
123456,"TwoPole",187,51,7,0.5,1,"PairwiseSupport","multi-point",3,3,"two-point",2,"calibrated",4.612230953194397,0.042941742659900695,3,4,,,,"",
123456,"TwoPole",188,51,7,0.5,1,"PairwiseSupport","two-point",2,2,"two-point",2,"degenerate",,,,,4,4,,"NoSwitchDetected",
123456,"TwoPole",189,51,7,0.5,1,"PairwiseSupport","multi-point",3,4,"one-point",1,"calibrated",6.919528446950282,0.06442033722809792,3,4,,,,"",
123456,"TwoPole",190,51,7,0.5,1,"PairwiseSupport","multi-point",3,3,"two-point",2,"calibrated",3.8681948424068775,0.04072772918202388,3,4,,,,"",
123456,"TwoPole",191,51,7,0.5,1,"PairwiseSupport","multi-point",3,3,"two-point",2,"calibrated",2.9893711248892822,0.01514504002859576,3,4,,,,"",
123456,"TwoPole",192,51,7,0.5,1,"PairwiseSupport","two-point",2,2,"two-point",2,"degenerate",,,,,4,4,,"NoSwitchDetected",
123456,"TwoPole",193,51,7,0.5,1,"PairwiseSupport","multi-point",3,3,"one-point",1,"calibrated",3.9244186046511618,0.07132682983198889,3,4,,,,"",
123456,"TwoPole",194,51,7,0.5,1,"PairwiseSupport","two-point",2,2,"one-point",1,"degenerate",,,,,2,4,1.000005950963148,"SwitchDetected",4
123456,"TwoPole",195,51,7,0.5,1,"PairwiseSupport","multi-point",3,4,"two-point",2,"calibrated",5.0675675675675675,0.06787904287763565,3,4,,,,"",
123456,"TwoPole",196,51,7,0.5,1,"PairwiseSupport","two-point",2,2,"one-point",1,"degenerate",,,,,2,4,1.000005950963148,"SwitchDetected",4
123456,"TwoPole",197,51,7,0.5,1,"PairwiseSupport","multi-point",3,4,"one-point",1,"calibrated",2.9893711248892822,0.010445991282580202,3,4,,,,"",
123456,"TwoPole",198,51,7,0.5,1,"PairwiseSupport","multi-point",3,4,"one-point",1,"calibrated",2.854726157750053,0.04188098497915646,4,4,,,,"",
123456,"TwoPole",199,51,7,0.5,1,"PairwiseSupport","multi-point",3,3,"one-point",1,"calibrated",1.8508363038113516,0.008529198668548576,3,4,,,,"",
123456,"TwoPole",200,51,7,0.5,1,"PairwiseSupport","multi-point",3,3,"one-point",1,"calibrated",2.5037091988130564,0.015070075603184302,3,4,,,,"",
123456,"TwoPole",1,51,7,0.5,2,"PairwiseSupport","two-point",2,2,"one-point",1,"degenerate",,,,,2,4,1.0904106060800176,"SwitchDetected",4
123456,"TwoPole",2,51,7,0.5,2,"PairwiseSupport","multi-point",3,4,"one-point",1,"calibrated",1.1527623601741952,0.003774446528519919,3,4,,,,"",
123456,"TwoPole",3,51,7,0.5,2,"PairwiseSupport","two-point",2,2,"two-point",2,"degenerate",,,,,4,4,,"NoSwitchDetected",
123456,"TwoPole",4,51,7,0.5,2,"PairwiseSupport","multi-point",3,3,"one-point",1,"calibrated",2.009526644834772,0.012706099205243645,3,4,,,,"",
123456,"TwoPole",5,51,7,0.5,2,"PairwiseSupport","two-point",2,2,"one-point",1,"degenerate",,,,,3,4,1.4558835257635356,"SwitchDetected",4
123456,"TwoPole",6,51,7,0.5,2,"PairwiseSupport","multi-point",3,3,"two-point",2,"degenerate",,,,,4,4,,"NoSwitchDetected",
123456,"TwoPole",7,51,7,0.5,2,"PairwiseSupport","multi-point",3,3,"one-point",1,"calibrated",20,0.01370258519751906,3,4,,,,"",
123456,"TwoPole",8,51,7,0.5,2,"PairwiseSupport","two-point",2,2,"one-point",1,"degenerate",,,,,2,4,1.2460125734410867,"SwitchDetected",4
123456,"TwoPole",9,51,7,0.5,2,"PairwiseSupport","two-point",2,2,"two-point",2,"degenerate",,,,,4,4,,"NoSwitchDetected",
123456,"TwoPole",10,51,7,0.5,2,"PairwiseSupport","multi-point",3,3,"one-point",1,"calibrated",20,0.015174834375876281,3,4,,,,"",
123456,"TwoPole",11,51,7,0.5,2,"PairwiseSupport","two-point",2,2,"one-point",1,"degenerate",,,,,1,4,1.0375975538181694,"SwitchDetected",4
123456,"TwoPole",12,51,7,0.5,2,"PairwiseSupport","two-point",2,2,"one-point",1,"degenerate",,,,,3,4,4.834040092379027,"SwitchDetected",4
123456,"TwoPole",13,51,7,0.5,2,"PairwiseSupport","two-point",2,2,"one-point",1,"degenerate",,,,,2,4,1.151415251965203,"SwitchDetected",4
123456,"TwoPole",14,51,7,0.5,2,"PairwiseSupport","two-point",2,2,"one-point",1,"degenerate",,,,,1,4,1.0113934546781191,"SwitchDetected",4
123456,"TwoPole",15,51,7,0.5,2,"PairwiseSupport","two-point",2,2,"one-point",1,"degenerate",,,,,3,4,1.422978797320624,"SwitchDetected",4
123456,"TwoPole",16,51,7,0.5,2,"PairwiseSupport","multi-point",3,3,"two-point",2,"degenerate",,,,,4,4,,"NoSwitchDetected",
123456,"TwoPole",17,51,7,0.5,2,"PairwiseSupport","multi-point",3,4,"one-point",1,"calibrated",3.0228392297357813,0.02126722062679216,4,4,,,,"",
123456,"TwoPole",18,51,7,0.5,2,"PairwiseSupport","two-point",2,2,"one-point",1,"degenerate",,,,,3,4,2.5025833093395513,"SwitchDetected",4
123456,"TwoPole",19,51,7,0.5,2,"PairwiseSupport","two-point",2,2,"one-point",1,"degenerate",,,,,1,4,1.0118319305415424,"SwitchDetected",4
123456,"TwoPole",20,51,7,0.5,2,"PairwiseSupport","multi-point",3,4,"one-point",1,"calibrated",2.366345311130587,0.036448625738542365,4,4,,,,"",
123456,"TwoPole",21,51,7,0.5,2,"PairwiseSupport","two-point",2,2,"two-point",2,"degenerate",,,,,4,4,,"NoSwitchDetected",
123456,"TwoPole",22,51,7,0.5,2,"PairwiseSupport","two-point",2,2,"one-point",1,"degenerate",,,,,3,4,2.00001159674693,"SwitchDetected",4
123456,"TwoPole",23,51,7,0.5,2,"PairwiseSupport","multi-point",3,3,"one-point",1,"calibrated",2.2481265611990007,0.007411188267142396,3,4,,,,"",
123456,"TwoPole",24,51,7,0.5,2,"PairwiseSupport","two-point",2,2,"one-point",1,"degenerate",,,,,3,4,2.6111156487249416,"SwitchDetected",4
123456,"TwoPole",25,51,7,0.5,2,"PairwiseSupport","multi-point",3,3,"one-point",1,"calibrated",3.853839566086212,0.04811902733513494,3,4,,,,"",
123456,"TwoPole",26,51,7,0.5,2,"PairwiseSupport","multi-point",3,4,"two-point",2,"calibrated",3.0228392297357813,0.032611683811825484,4,4,,,,"",
123456,"TwoPole",27,51,7,0.5,2,"PairwiseSupport","multi-point",3,3,"two-point",2,"calibrated",20,0.012443018035365329,3,5,,,,"",
123456,"TwoPole",28,51,7,0.5,2,"PairwiseSupport","multi-point",3,3,"one-point",1,"calibrated",3.1278962001853565,0.029433219324600333,3,4,,,,"",
123456,"TwoPole",29,51,7,0.5,2,"PairwiseSupport","multi-point",3,4,"one-point",1,"calibrated",3.9823008849557513,0.05762123886030688,4,4,,,,"",
123456,"TwoPole",30,51,7,0.5,2,"PairwiseSupport","two-point",2,2,"one-point",1,"degenerate",,,,,2,4,1.06502683043361,"SwitchDetected",4
123456,"TwoPole",31,51,7,0.5,2,"PairwiseSupport","multi-point",3,3,"two-point",2,"calibrated",4.231974921630094,0.07258207506979085,3,4,,,,"",
123456,"TwoPole",32,51,7,0.5,2,"PairwiseSupport","multi-point",3,4,"one-point",1,"calibrated",2.9893711248892822,0.01647183620656192,3,4,,,,"",
123456,"TwoPole",33,51,7,0.5,2,"PairwiseSupport","multi-point",3,3,"one-point",1,"calibrated",2.024595080983803,0.008263430694642119,3,4,,,,"",
123456,"TwoPole",34,51,7,0.5,2,"PairwiseSupport","multi-point",3,3,"one-point",1,"calibrated",1.5219842164599775,0.002529038961681043,3,4,,,,"",
123456,"TwoPole",35,51,7,0.5,2,"PairwiseSupport","multi-point",3,3,"one-point",1,"calibrated",3.1278962001853565,0.006961109190328351,3,4,,,,"",
123456,"TwoPole",36,51,7,0.5,2,"PairwiseSupport","multi-point",3,3,"multi-point",3,"calibrated",1,0.0005020080321285019,3,6,,,,"",
123456,"TwoPole",37,51,7,0.5,2,"PairwiseSupport","two-point",2,2,"two-point",2,"degenerate",,,,,5,4,1.180096318591433,"SwitchDetected",4
123456,"TwoPole",38,51,7,0.5,2,"PairwiseSupport","multi-point",3,3,"two-point",2,"calibrated",2.005645520725004,0.008203108738244619,3,4,,,,"",
123456,"TwoPole",39,51,7,0.5,2,"PairwiseSupport","multi-point",3,4,"one-point",1,"calibrated",2.435943702634428,0.008711527613460869,4,4,,,,"",
123456,"TwoPole",40,51,7,0.5,2,"PairwiseSupport","multi-point",3,4,"one-point",1,"calibrated",2.4141630901287554,0.031070424782882973,4,4,,,,"",
123456,"TwoPole",41,51,7,0.5,2,"PairwiseSupport","one-point",1,1,"one-point",1,"degenerate",,,,,4,4,,"NoSwitchDetected",
123456,"TwoPole",42,51,7,0.5,2,"PairwiseSupport","two-point",2,2,"one-point",1,"degenerate",,,,,3,4,1.6635744563543973,"SwitchDetected",4
123456,"TwoPole",43,51,7,0.5,2,"PairwiseSupport","two-point",2,2,"two-point",2,"degenerate",,,,,5,4,2.4432371251551355,"SwitchDetected",3
123456,"TwoPole",44,51,7,0.5,2,"PairwiseSupport","multi-point",3,3,"one-point",1,"degenerate",,,,,3,4,2.7121315079196258,"SwitchDetected",4
123456,"TwoPole",45,51,7,0.5,2,"PairwiseSupport","two-point",2,2,"one-point",1,"degenerate",,,,,2,4,1.0784509905108952,"SwitchDetected",4
123456,"TwoPole",46,51,7,0.5,2,"PairwiseSupport","multi-point",3,3,"one-point",1,"degenerate",,,,,2,4,1.2381446647047343,"SwitchDetected",4
123456,"TwoPole",47,51,7,0.5,2,"PairwiseSupport","two-point",2,2,"two-point",2,"degenerate",,,,,5,5,,"NoSwitchDetected",
123456,"TwoPole",48,51,7,0.5,2,"PairwiseSupport","two-point",2,2,"one-point",1,"degenerate",,,,,3,4,1.328177296753063,"SwitchDetected",4
123456,"TwoPole",49,51,7,0.5,2,"PairwiseSupport","multi-point",3,3,"two-point",2,"calibrated",20,0.022942664764671716,3,4,,,,"",
123456,"TwoPole",50,51,7,0.5,2,"PairwiseSupport","one-point",1,1,"one-point",1,"degenerate",,,,,5,4,1.8345085000256134,"SwitchDetected",4
123456,"TwoPole",51,51,7,0.5,2,"PairwiseSupport","multi-point",3,3,"one-point",1,"calibrated",5.042958535674262,0.03532233889504134,3,4,,,,"",
123456,"TwoPole",52,51,7,0.5,2,"PairwiseSupport","multi-point",3,3,"two-point",2,"degenerate",,,,,4,4,,"NoSwitchDetected",
123456,"TwoPole",53,51,7,0.5,2,"PairwiseSupport","two-point",2,2,"two-point",2,"degenerate",,,,,4,4,,"NoSwitchDetected",
123456,"TwoPole",54,51,7,0.5,2,"PairwiseSupport","two-point",2,2,"one-point",1,"degenerate",,,,,3,4,3.2060316601496863,"SwitchDetected",4
123456,"TwoPole",55,51,7,0.5,2,"PairwiseSupport","two-point",2,2,"one-point",1,"degenerate",,,,,1,3,1.0437458780749502,"SwitchDetected",6
123456,"TwoPole",56,51,7,0.5,2,"PairwiseSupport","two-point",2,2,"two-point",2,"degenerate",,,,,4,4,,"NoSwitchDetected",
123456,"TwoPole",57,51,7,0.5,2,"PairwiseSupport","multi-point",3,3,"one-point",1,"calibrated",4.44078947368421,0.01970101203198436,3,4,,,,"",
123456,"TwoPole",58,51,7,0.5,2,"PairwiseSupport","two-point",2,2,"one-point",1,"degenerate",,,,,2,4,1.2329211932034314,"SwitchDetected",4
123456,"TwoPole",59,51,7,0.5,2,"PairwiseSupport","multi-point",3,3,"one-point",1,"degenerate",,,,,2,4,1.4635676919039933,"SwitchDetected",4
123456,"TwoPole",60,51,7,0.5,2,"PairwiseSupport","multi-point",3,4,"two-point",2,"calibrated",2.024595080983803,0.032404834978361996,4,4,,,,"",
123456,"TwoPole",61,51,7,0.5,2,"PairwiseSupport","two-point",2,2,"two-point",2,"degenerate",,,,,4,4,,"NoSwitchDetected",
123456,"TwoPole",62,51,7,0.5,2,"PairwiseSupport","multi-point",3,3,"two-point",2,"calibrated",3.8681948424068775,0.06631994103962668,3,4,,,,"",
123456,"TwoPole",63,51,7,0.5,2,"PairwiseSupport","two-point",2,2,"two-point",2,"degenerate",,,,,3,4,1.000005950963148,"SwitchDetected",4
123456,"TwoPole",64,51,7,0.5,2,"PairwiseSupport","two-point",2,2,"two-point",2,"degenerate",,,,,4,4,,"NoSwitchDetected",
123456,"TwoPole",65,51,7,0.5,2,"PairwiseSupport","two-point",2,2,"two-point",2,"degenerate",,,,,3,4,1.000005950963148,"SwitchDetected",4
123456,"TwoPole",66,51,7,0.5,2,"PairwiseSupport","two-point",2,2,"one-point",1,"degenerate",,,,,2,4,1.000005950963148,"SwitchDetected",4
123456,"TwoPole",67,51,7,0.5,2,"PairwiseSupport","two-point",2,2,"one-point",1,"degenerate",,,,,3,5,3.041960638692908,"SwitchDetected",5
123456,"TwoPole",68,51,7,0.5,2,"PairwiseSupport","two-point",2,2,"one-point",1,"degenerate",,,,,3,4,1.979281211899003,"SwitchDetected",4
123456,"TwoPole",69,51,7,0.5,2,"PairwiseSupport","multi-point",3,3,"one-point",1,"calibrated",3.5037633013236436,0.0020747968350639853,3,4,,,,"",
123456,"TwoPole",70,51,7,0.5,2,"PairwiseSupport","multi-point",3,4,"one-point",1,"calibrated",2.5271433919880195,0.024577359663188764,4,4,,,,"",
123456,"TwoPole",71,51,7,0.5,2,"PairwiseSupport","two-point",2,2,"one-point",1,"degenerate",,,,,1,4,1.060945263765569,"SwitchDetected",4
123456,"TwoPole",72,51,7,0.5,2,"PairwiseSupport","two-point",2,2,"one-point",1,"degenerate",,,,,1,4,1.000005950963148,"SwitchDetected",4
123456,"TwoPole",73,51,7,0.5,2,"PairwiseSupport","multi-point",3,4,"one-point",1,"calibrated",2.6254375729288215,0.027456932069101887,4,4,,,,"",
123456,"TwoPole",74,51,7,0.5,2,"PairwiseSupport","multi-point",3,4,"two-point",2,"calibrated",3.658536585365854,0.061374204843685214,3,4,,,,"",
123456,"TwoPole",75,51,7,0.5,2,"PairwiseSupport","two-point",2,2,"one-point",1,"degenerate",,,,,3,4,3.5736662415158422,"SwitchDetected",4
123456,"TwoPole",76,51,7,0.5,2,"PairwiseSupport","two-point",2,2,"two-point",2,"degenerate",,,,,6,3,1.1147293928742434,"SwitchDetected",3
123456,"TwoPole",77,51,7,0.5,2,"PairwiseSupport","two-point",2,2,"two-point",2,"degenerate",,,,,6,4,1.03734134427953,"SwitchDetected",3
123456,"TwoPole",78,51,7,0.5,2,"PairwiseSupport","two-point",2,2,"two-point",2,"degenerate",,,,,5,5,,"NoSwitchDetected",
123456,"TwoPole",79,51,7,0.5,2,"PairwiseSupport","multi-point",3,3,"one-point",1,"calibrated",1.4142049025769956,0.0005591934720449837,3,4,,,,"",
123456,"TwoPole",80,51,7,0.5,2,"PairwiseSupport","two-point",2,2,"two-point",2,"degenerate",,,,,4,4,,"NoSwitchDetected",
123456,"TwoPole",81,51,7,0.5,2,"PairwiseSupport","two-point",2,2,"one-point",1,"degenerate",,,,,3,4,3.101187504584161,"SwitchDetected",5
123456,"TwoPole",82,51,7,0.5,2,"PairwiseSupport","two-point",2,2,"one-point",1,"degenerate",,,,,3,4,4.250111706808701,"SwitchDetected",4
123456,"TwoPole",83,51,7,0.5,2,"PairwiseSupport","two-point",2,2,"one-point",1,"degenerate",,,,,3,4,2.144528582315951,"SwitchDetected",4
123456,"TwoPole",84,51,7,0.5,2,"PairwiseSupport","multi-point",3,3,"one-point",1,"calibrated",1.4216512215669754,0.00038507895874986825,3,4,,,,"",
123456,"TwoPole",85,51,7,0.5,2,"PairwiseSupport","multi-point",3,3,"one-point",1,"calibrated",2.1887159533073928,0.00031636128776308097,3,4,,,,"",
123456,"TwoPole",86,51,7,0.5,2,"PairwiseSupport","two-point",2,2,"two-point",2,"degenerate",,,,,4,4,,"NoSwitchDetected",
123456,"TwoPole",87,51,7,0.5,2,"PairwiseSupport","two-point",2,2,"one-point",1,"degenerate",,,,,2,4,1.076013306338867,"SwitchDetected",4
123456,"TwoPole",88,51,7,0.5,2,"PairwiseSupport","two-point",2,2,"one-point",1,"degenerate",,,,,3,4,1.474444698424583,"SwitchDetected",4
123456,"TwoPole",89,51,7,0.5,2,"PairwiseSupport","two-point",2,2,"one-point",1,"degenerate",,,,,2,4,1.0280818060455654,"SwitchDetected",4
123456,"TwoPole",90,51,7,0.5,2,"PairwiseSupport","two-point",2,2,"one-point",1,"degenerate",,,,,3,4,2.4788458781660263,"SwitchDetected",4
123456,"TwoPole",91,51,7,0.5,2,"PairwiseSupport","two-point",2,2,"one-point",1,"degenerate",,,,,2,4,1.1061077617925643,"SwitchDetected",4
123456,"TwoPole",92,51,7,0.5,2,"PairwiseSupport","multi-point",3,3,"one-point",1,"degenerate",,,,,1,4,1.0532250194940485,"SwitchDetected",4
123456,"TwoPole",93,51,7,0.5,2,"PairwiseSupport","one-point",1,1,"one-point",1,"degenerate",,,,,3,3,,"NoSwitchDetected",
123456,"TwoPole",94,51,7,0.5,2,"PairwiseSupport","multi-point",3,3,"two-point",2,"calibrated",1.0395010395010396,0.0019070069787433643,3,6,,,,"",
123456,"TwoPole",95,51,7,0.5,2,"PairwiseSupport","two-point",2,2,"two-point",2,"degenerate",,,,,5,4,1.9362905570380808,"SwitchDetected",4
123456,"TwoPole",96,51,7,0.5,2,"PairwiseSupport","two-point",2,2,"one-point",1,"degenerate",,,,,1,4,1.0135346215731191,"SwitchDetected",4
123456,"TwoPole",97,51,7,0.5,2,"PairwiseSupport","two-point",2,2,"two-point",2,"degenerate",,,,,5,4,1.4263365593635111,"SwitchDetected",3
123456,"TwoPole",98,51,7,0.5,2,"PairwiseSupport","two-point",2,2,"one-point",1,"degenerate",,,,,2,4,1.175128292070735,"SwitchDetected",5
123456,"TwoPole",99,51,7,0.5,2,"PairwiseSupport","multi-point",3,4,"one-point",1,"calibrated",3.7087912087912085,0.002818458138516133,4,4,,,,"",
123456,"TwoPole",100,51,7,0.5,2,"PairwiseSupport","two-point",2,2,"two-point",2,"degenerate",,,,,4,4,,"NoSwitchDetected",
123456,"TwoPole",101,51,7,0.5,2,"PairwiseSupport","multi-point",3,3,"one-point",1,"degenerate",,,,,1,4,1.0270952478194835,"SwitchDetected",5
123456,"TwoPole",102,51,7,0.5,2,"PairwiseSupport","multi-point",3,3,"one-point",1,"calibrated",2.2066034651847004,0.007482609293350347,3,4,,,,"",
123456,"TwoPole",103,51,7,0.5,2,"PairwiseSupport","two-point",2,2,"one-point",1,"degenerate",,,,,1,4,1.0995216772000584,"SwitchDetected",4
123456,"TwoPole",104,51,7,0.5,2,"PairwiseSupport","multi-point",3,3,"two-point",2,"calibrated",4.041916167664669,0.006072362404242973,3,4,,,,"",
123456,"TwoPole",105,51,7,0.5,2,"PairwiseSupport","two-point",2,2,"two-point",2,"degenerate",,,,,4,4,,"NoSwitchDetected",
123456,"TwoPole",106,51,7,0.5,2,"PairwiseSupport","multi-point",3,3,"one-point",1,"calibrated",2.458120903131828,0.01611713254027179,3,4,,,,"",
123456,"TwoPole",107,51,7,0.5,2,"PairwiseSupport","multi-point",3,4,"one-point",1,"calibrated",2.1711161145062716,0.0074252572492731934,4,4,,,,"",
123456,"TwoPole",108,51,7,0.5,2,"PairwiseSupport","multi-point",3,3,"one-point",1,"calibrated",3.240518482957273,0.05904115815034777,3,4,,,,"",
123456,"TwoPole",109,51,7,0.5,2,"PairwiseSupport","two-point",2,2,"one-point",1,"degenerate",,,,,2,4,1.0963652454090878,"SwitchDetected",4
123456,"TwoPole",110,51,7,0.5,2,"PairwiseSupport","multi-point",3,3,"one-point",1,"calibrated",1.5458605290278253,0.003318129398757712,3,4,,,,"",
123456,"TwoPole",111,51,7,0.5,2,"PairwiseSupport","multi-point",3,3,"two-point",2,"calibrated",3.240518482957273,0.05115987448881196,3,4,,,,"",
123456,"TwoPole",112,51,7,0.5,2,"PairwiseSupport","multi-point",3,3,"two-point",2,"calibrated",3.2020872865275143,0.009583890117878927,3,4,,,,"",
123456,"TwoPole",113,51,7,0.5,2,"PairwiseSupport","two-point",2,2,"two-point",2,"degenerate",,,,,4,4,,"NoSwitchDetected",
123456,"TwoPole",114,51,7,0.5,2,"PairwiseSupport","two-point",2,2,"two-point",2,"degenerate",,,,,4,4,,"NoSwitchDetected",
123456,"TwoPole",115,51,7,0.5,2,"PairwiseSupport","multi-point",3,3,"one-point",1,"calibrated",1.4945200929923614,0.003026079011247854,3,4,,,,"",
123456,"TwoPole",116,51,7,0.5,2,"PairwiseSupport","multi-point",3,3,"two-point",2,"calibrated",20,0.0009186565363568536,3,4,,,,"",
123456,"TwoPole",117,51,7,0.5,2,"PairwiseSupport","multi-point",3,3,"one-point",1,"calibrated",2.4085637823371986,0.005339103722072984,3,4,,,,"",
123456,"TwoPole",118,51,7,0.5,2,"PairwiseSupport","one-point",1,1,"one-point",1,"degenerate",,,,,4,4,,"NoSwitchDetected",
123456,"TwoPole",119,51,7,0.5,2,"PairwiseSupport","two-point",2,2,"one-point",1,"degenerate",,,,,2,4,1.1841127682394128,"SwitchDetected",4
123456,"TwoPole",120,51,7,0.5,2,"PairwiseSupport","two-point",2,2,"two-point",2,"degenerate",,,,,3,4,1.3393455648892654,"SwitchDetected",4
123456,"TwoPole",121,51,7,0.5,2,"PairwiseSupport","two-point",2,2,"one-point",1,"degenerate",,,,,3,4,1.5522412946965722,"SwitchDetected",4
123456,"TwoPole",122,51,7,0.5,2,"PairwiseSupport","multi-point",3,3,"one-point",1,"calibrated",20,0.02017499881160189,3,4,,,,"",
123456,"TwoPole",123,51,7,0.5,2,"PairwiseSupport","multi-point",3,3,"one-point",1,"calibrated",5.342303126236644,0.02828515427736298,3,4,,,,"",
123456,"TwoPole",124,51,7,0.5,2,"PairwiseSupport","multi-point",3,4,"one-point",1,"calibrated",1.45223752151463,0.022581257529560687,4,5,,,,"",
123456,"TwoPole",125,51,7,0.5,2,"PairwiseSupport","multi-point",3,3,"multi-point",3,"calibrated",1.0711735301118783,0.0024791708317830727,3,6,,,,"",
123456,"TwoPole",126,51,7,0.5,2,"PairwiseSupport","two-point",2,2,"one-point",1,"degenerate",,,,,2,4,1.1495799321681885,"SwitchDetected",4
123456,"TwoPole",127,51,7,0.5,2,"PairwiseSupport","two-point",2,2,"one-point",1,"degenerate",,,,,2,4,1.078859499852088,"SwitchDetected",4
123456,"TwoPole",128,51,7,0.5,2,"PairwiseSupport","two-point",2,2,"one-point",1,"degenerate",,,,,3,4,1.1916617859616436,"SwitchDetected",4
123456,"TwoPole",129,51,7,0.5,2,"PairwiseSupport","multi-point",3,3,"one-point",1,"calibrated",2.5510204081632653,0.014773340419460945,3,4,,,,"",
123456,"TwoPole",130,51,7,0.5,2,"PairwiseSupport","multi-point",3,4,"one-point",1,"calibrated",2.8852318871553755,0.03727708200303396,4,4,,,,"",
123456,"TwoPole",131,51,7,0.5,2,"PairwiseSupport","multi-point",3,3,"one-point",1,"degenerate",,,,,2,4,1.4071427697240146,"SwitchDetected",4
123456,"TwoPole",132,51,7,0.5,2,"PairwiseSupport","multi-point",3,3,"two-point",2,"calibrated",20,0.014340987135434162,3,4,,,,"",
123456,"TwoPole",133,51,7,0.5,2,"PairwiseSupport","multi-point",3,3,"one-point",1,"calibrated",4.692387904066736,0.05290698234772135,3,4,,,,"",
123456,"TwoPole",134,51,7,0.5,2,"PairwiseSupport","multi-point",3,3,"one-point",1,"degenerate",,,,,2,4,1.8467259191713634,"SwitchDetected",4
123456,"TwoPole",135,51,7,0.5,2,"PairwiseSupport","two-point",2,2,"one-point",1,"degenerate",,,,,3,4,1.691591240770405,"SwitchDetected",4
123456,"TwoPole",136,51,7,0.5,2,"PairwiseSupport","two-point",2,2,"one-point",1,"degenerate",,,,,2,4,1.000005950963148,"SwitchDetected",4
123456,"TwoPole",137,51,7,0.5,2,"PairwiseSupport","multi-point",3,3,"two-point",2,"calibrated",20,0.022730228283496866,3,4,,,,"",
123456,"TwoPole",138,51,7,0.5,2,"PairwiseSupport","multi-point",3,3,"multi-point",3,"calibrated",1.2753897024090692,0.011915386748021138,3,5,,,,"",
123456,"TwoPole",139,51,7,0.5,2,"PairwiseSupport","multi-point",3,3,"two-point",2,"calibrated",2.3872679045092835,0.02490119527311772,3,4,,,,"",
123456,"TwoPole",140,51,7,0.5,2,"PairwiseSupport","multi-point",3,4,"one-point",1,"calibrated",2.020655590480467,0.009813666751347486,4,4,,,,"",
123456,"TwoPole",141,51,7,0.5,2,"PairwiseSupport","multi-point",3,3,"one-point",1,"degenerate",,,,,3,4,3.4151191560586898,"SwitchDetected",4
123456,"TwoPole",142,51,7,0.5,2,"PairwiseSupport","multi-point",3,5,"two-point",2,"calibrated",5.369928400954653,0.030848466535496707,5,4,,,,"",
123456,"TwoPole",143,51,7,0.5,2,"PairwiseSupport","multi-point",3,3,"two-point",2,"calibrated",20,0.029386763882926714,3,4,,,,"",
123456,"TwoPole",144,51,7,0.5,2,"PairwiseSupport","two-point",2,2,"one-point",1,"degenerate",,,,,2,4,1.0226137192768054,"SwitchDetected",4
123456,"TwoPole",145,51,7,0.5,2,"PairwiseSupport","two-point",2,2,"two-point",2,"degenerate",,,,,4,4,,"NoSwitchDetected",
123456,"TwoPole",146,51,7,0.5,2,"PairwiseSupport","two-point",2,2,"one-point",1,"degenerate",,,,,3,4,1.913884540803215,"SwitchDetected",4
123456,"TwoPole",147,51,7,0.5,2,"PairwiseSupport","two-point",2,2,"two-point",2,"degenerate",,,,,4,4,,"NoSwitchDetected",
123456,"TwoPole",148,51,7,0.5,2,"PairwiseSupport","multi-point",3,4,"two-point",2,"calibrated",10.146561443066515,0.02936320216958444,4,4,,,,"",
123456,"TwoPole",149,51,7,0.5,2,"PairwiseSupport","multi-point",3,4,"one-point",1,"calibrated",2.3006134969325154,0.035054826079945776,3,5,,,,"",
123456,"TwoPole",150,51,7,0.5,2,"PairwiseSupport","two-point",2,2,"two-point",2,"degenerate",,,,,4,4,,"NoSwitchDetected",
123456,"TwoPole",151,51,7,0.5,2,"PairwiseSupport","two-point",2,2,"one-point",1,"degenerate",,,,,3,4,1.000005950963148,"SwitchDetected",4
123456,"TwoPole",152,51,7,0.5,2,"PairwiseSupport","one-point",1,1,"one-point",1,"degenerate",,,,,1,4,1.000005950963148,"SwitchDetected",4
123456,"TwoPole",153,51,7,0.5,2,"PairwiseSupport","two-point",2,2,"one-point",1,"degenerate",,,,,2,4,1.3285763316121335,"SwitchDetected",4
123456,"TwoPole",154,51,7,0.5,2,"PairwiseSupport","one-point",1,1,"one-point",1,"degenerate",,,,,4,4,,"NoSwitchDetected",
123456,"TwoPole",155,51,7,0.5,2,"PairwiseSupport","two-point",2,2,"one-point",1,"degenerate",,,,,2,4,1.1716215720960417,"SwitchDetected",4
123456,"TwoPole",156,51,7,0.5,2,"PairwiseSupport","multi-point",3,3,"two-point",2,"calibrated",1.6423357664233575,0.002844550505469167,3,4,,,,"",
123456,"TwoPole",157,51,7,0.5,2,"PairwiseSupport","two-point",2,2,"two-point",2,"degenerate",,,,,6,4,1.0343339660085182,"SwitchDetected",3
123456,"TwoPole",158,51,7,0.5,2,"PairwiseSupport","multi-point",3,4,"one-point",1,"calibrated",2.224785761371127,0.010532438992639115,4,4,,,,"",
123456,"TwoPole",159,51,7,0.5,2,"PairwiseSupport","two-point",2,2,"two-point",2,"degenerate",,,,,4,4,,"NoSwitchDetected",
123456,"TwoPole",160,51,7,0.5,2,"PairwiseSupport","two-point",2,2,"one-point",1,"degenerate",,,,,3,4,1.404707880519238,"SwitchDetected",4
123456,"TwoPole",161,51,7,0.5,2,"PairwiseSupport","multi-point",3,3,"one-point",1,"calibrated",5.478896103896104,0.031507218051463115,3,4,,,,"",
123456,"TwoPole",162,51,7,0.5,2,"PairwiseSupport","multi-point",3,3,"one-point",1,"calibrated",20,0.005789408772849384,3,4,,,,"",
123456,"TwoPole",163,51,7,0.5,2,"PairwiseSupport","multi-point",3,3,"two-point",2,"calibrated",2.4085637823371986,0.010287208947295734,3,4,,,,"",
123456,"TwoPole",164,51,7,0.5,2,"PairwiseSupport","two-point",2,2,"one-point",1,"degenerate",,,,,3,4,1.68187305471836,"SwitchDetected",4
123456,"TwoPole",165,51,7,0.5,2,"PairwiseSupport","multi-point",3,4,"one-point",1,"calibrated",3.7468776019983348,0.07434511631185536,3,4,,,,"",
123456,"TwoPole",166,51,7,0.5,2,"PairwiseSupport","two-point",2,2,"one-point",1,"degenerate",,,,,3,4,2.183626400501659,"SwitchDetected",4
123456,"TwoPole",167,51,7,0.5,2,"PairwiseSupport","multi-point",3,3,"one-point",1,"calibrated",3.240518482957273,0.05234914824076809,3,4,,,,"",
123456,"TwoPole",168,51,7,0.5,2,"PairwiseSupport","two-point",2,2,"one-point",1,"degenerate",,,,,2,4,1.12038535128977,"SwitchDetected",4
123456,"TwoPole",169,51,7,0.5,2,"PairwiseSupport","multi-point",3,3,"two-point",2,"calibrated",3.2798833819241984,0.026381908224969886,3,4,,,,"",
123456,"TwoPole",170,51,7,0.5,2,"PairwiseSupport","two-point",2,2,"two-point",2,"degenerate",,,,,5,4,1.173642751713741,"SwitchDetected",3
123456,"TwoPole",171,51,7,0.5,2,"PairwiseSupport","multi-point",3,3,"two-point",2,"calibrated",4.041916167664669,0.03947111841165594,3,4,,,,"",
123456,"TwoPole",172,51,7,0.5,2,"PairwiseSupport","two-point",2,2,"one-point",1,"degenerate",,,,,3,4,1.314597009500419,"SwitchDetected",4
123456,"TwoPole",173,51,7,0.5,2,"PairwiseSupport","two-point",2,2,"two-point",2,"degenerate",,,,,4,4,,"NoSwitchDetected",
123456,"TwoPole",174,51,7,0.5,2,"PairwiseSupport","multi-point",3,3,"two-point",2,"calibrated",3.9244186046511618,0.023253980631629208,3,4,,,,"",
123456,"TwoPole",175,51,7,0.5,2,"PairwiseSupport","multi-point",3,3,"two-point",2,"degenerate",,,,,6,4,1.1945164811049278,"SwitchDetected",4
123456,"TwoPole",176,51,7,0.5,2,"PairwiseSupport","multi-point",3,4,"one-point",1,"calibrated",3.9823008849557513,0.04833725112366351,4,4,,,,"",
123456,"TwoPole",177,51,7,0.5,2,"PairwiseSupport","multi-point",3,3,"one-point",1,"calibrated",4.387390315242119,0.03875004593768536,3,4,,,,"",
123456,"TwoPole",178,51,7,0.5,2,"PairwiseSupport","multi-point",3,3,"one-point",1,"calibrated",20,0.012609959555644031,3,4,,,,"",
123456,"TwoPole",179,51,7,0.5,2,"PairwiseSupport","two-point",2,2,"two-point",2,"degenerate",,,,,2,4,1.1006884005151416,"SwitchDetected",3
123456,"TwoPole",180,51,7,0.5,2,"PairwiseSupport","multi-point",3,3,"one-point",1,"calibrated",3.1645569620253164,0.03388623215107878,3,4,,,,"",
123456,"TwoPole",181,51,7,0.5,2,"PairwiseSupport","two-point",2,2,"one-point",1,"degenerate",,,,,2,4,1.0626157898713597,"SwitchDetected",4
123456,"TwoPole",182,51,7,0.5,2,"PairwiseSupport","multi-point",3,5,"one-point",1,"calibrated",2.020655590480467,0.02391483679619776,5,5,,,,"",
123456,"TwoPole",183,51,7,0.5,2,"PairwiseSupport","multi-point",3,3,"two-point",2,"calibrated",3.7996059667886293,0.08306008760901672,3,4,,,,"",
123456,"TwoPole",184,51,7,0.5,2,"PairwiseSupport","multi-point",3,3,"one-point",1,"degenerate",,,,,3,4,2.1019835352748415,"SwitchDetected",4
123456,"TwoPole",185,51,7,0.5,2,"PairwiseSupport","two-point",2,2,"one-point",1,"degenerate",,,,,3,4,1.4556060801582829,"SwitchDetected",4
123456,"TwoPole",186,51,7,0.5,2,"PairwiseSupport","one-point",1,1,"one-point",1,"degenerate",,,,,2,4,1.000005950963148,"SwitchDetected",4
123456,"TwoPole",187,51,7,0.5,2,"PairwiseSupport","two-point",2,2,"one-point",1,"degenerate",,,,,3,4,2.1752031619042063,"SwitchDetected",4
123456,"TwoPole",188,51,7,0.5,2,"PairwiseSupport","two-point",2,2,"one-point",1,"degenerate",,,,,2,4,1.3149673445228087,"SwitchDetected",4
123456,"TwoPole",189,51,7,0.5,2,"PairwiseSupport","two-point",2,2,"two-point",2,"degenerate",,,,,4,4,,"NoSwitchDetected",
123456,"TwoPole",190,51,7,0.5,2,"PairwiseSupport","multi-point",3,3,"two-point",2,"calibrated",3.0920751259734307,0.035988894260108206,3,4,,,,"",
123456,"TwoPole",191,51,7,0.5,2,"PairwiseSupport","two-point",2,2,"one-point",1,"degenerate",,,,,1,4,1.0432274978060483,"SwitchDetected",3
123456,"TwoPole",192,51,7,0.5,2,"PairwiseSupport","two-point",2,2,"one-point",1,"degenerate",,,,,3,4,2.407636133057753,"SwitchDetected",4
123456,"TwoPole",193,51,7,0.5,2,"PairwiseSupport","multi-point",3,4,"two-point",2,"calibrated",2.4141630901287554,0.03312406035777661,4,4,,,,"",
123456,"TwoPole",194,51,7,0.5,2,"PairwiseSupport","multi-point",3,3,"one-point",1,"calibrated",1.2345679012345678,0.004711364346953813,3,5,,,,"",
123456,"TwoPole",195,51,7,0.5,2,"PairwiseSupport","multi-point",3,3,"two-point",2,"calibrated",6.481036965914546,0.008522183965663201,3,4,,,,"",
123456,"TwoPole",196,51,7,0.5,2,"PairwiseSupport","two-point",2,2,"two-point",2,"degenerate",,,,,3,3,,"NoSwitchDetected",
123456,"TwoPole",197,51,7,0.5,2,"PairwiseSupport","multi-point",3,3,"one-point",1,"degenerate",,,,,1,4,1.086736626221368,"SwitchDetected",4
123456,"TwoPole",198,51,7,0.5,2,"PairwiseSupport","two-point",2,2,"one-point",1,"degenerate",,,,,3,4,1.5545388473413249,"SwitchDetected",4
123456,"TwoPole",199,51,7,0.5,2,"PairwiseSupport","multi-point",3,3,"one-point",1,"calibrated",1.976284584980237,0.005078647659011735,3,4,,,,"",
123456,"TwoPole",200,51,7,0.5,2,"PairwiseSupport","multi-point",3,3,"two-point",2,"calibrated",4.692387904066736,0.07104032337975566,3,4,,,,"",
123456,"TwoPole",1,51,7,0.5,3,"PairwiseSupport","two-point",2,2,"one-point",1,"degenerate",,,,,3,5,2.6959018885217256,"SwitchDetected",4
123456,"TwoPole",2,51,7,0.5,3,"PairwiseSupport","multi-point",3,3,"one-point",1,"calibrated",1.5458605290278253,0.004570655501150443,3,3,,,,"",
123456,"TwoPole",3,51,7,0.5,3,"PairwiseSupport","two-point",2,2,"one-point",1,"degenerate",,,,,1,4,1.0172835443489896,"SwitchDetected",3
123456,"TwoPole",4,51,7,0.5,3,"PairwiseSupport","two-point",2,2,"one-point",1,"degenerate",,,,,3,4,1.15955116933559,"SwitchDetected",4
123456,"TwoPole",5,51,7,0.5,3,"PairwiseSupport","two-point",2,2,"one-point",1,"degenerate",,,,,3,4,3.267562600528307,"SwitchDetected",4
123456,"TwoPole",6,51,7,0.5,3,"PairwiseSupport","two-point",2,2,"two-point",2,"degenerate",,,,,5,3,9.10494105878839,"SwitchDetected",3
123456,"TwoPole",7,51,7,0.5,3,"PairwiseSupport","multi-point",3,3,"two-point",2,"calibrated",11.042944785276074,0.027787238874627713,3,4,,,,"",
123456,"TwoPole",8,51,7,0.5,3,"PairwiseSupport","multi-point",3,3,"two-point",2,"calibrated",1.4760551060572926,0.007047007428607269,3,4,,,,"",
123456,"TwoPole",9,51,7,0.5,3,"PairwiseSupport","two-point",2,2,"two-point",2,"degenerate",,,,,4,4,,"NoSwitchDetected",
123456,"TwoPole",10,51,7,0.5,3,"PairwiseSupport","two-point",2,2,"one-point",1,"degenerate",,,,,2,4,1.1251941610636738,"SwitchDetected",4
123456,"TwoPole",11,51,7,0.5,3,"PairwiseSupport","multi-point",3,3,"two-point",2,"calibrated",1.7073479195649424,0.010211886273372169,3,4,,,,"",
123456,"TwoPole",12,51,7,0.5,3,"PairwiseSupport","multi-point",3,3,"one-point",1,"calibrated",1.0965802940459752,0.0006623728544357202,3,3,,,,"",
123456,"TwoPole",13,51,7,0.5,3,"PairwiseSupport","two-point",2,2,"two-point",2,"degenerate",,,,,2,4,1.0611864607401007,"SwitchDetected",3
123456,"TwoPole",14,51,7,0.5,3,"PairwiseSupport","multi-point",3,3,"two-point",2,"calibrated",4.612230953194397,0.020450551488005536,3,4,,,,"",
123456,"TwoPole",15,51,7,0.5,3,"PairwiseSupport","one-point",1,1,"one-point",1,"degenerate",,,,,1,4,1.045961264193319,"SwitchDetected",4
123456,"TwoPole",16,51,7,0.5,3,"PairwiseSupport","multi-point",3,4,"one-point",1,"calibrated",1.4049328754292851,0.003865648047006201,4,5,,,,"",
123456,"TwoPole",17,51,7,0.5,3,"PairwiseSupport","multi-point",3,3,"two-point",2,"calibrated",10.739856801909308,0.00627069059009613,3,5,,,,"",
123456,"TwoPole",18,51,7,0.5,3,"PairwiseSupport","multi-point",3,3,"two-point",2,"calibrated",2.6844303042354345,0.03178644923114824,3,4,,,,"",
123456,"TwoPole",19,51,7,0.5,3,"PairwiseSupport","multi-point",3,3,"two-point",2,"calibrated",5.369928400954653,0.023802276728887607,3,4,,,,"",
123456,"TwoPole",20,51,7,0.5,3,"PairwiseSupport","multi-point",3,3,"two-point",2,"calibrated",3.6456926816095057,0.0725463070650904,3,4,,,,"",
123456,"TwoPole",21,51,7,0.5,3,"PairwiseSupport","one-point",1,1,"one-point",1,"degenerate",,,,,4,4,,"NoSwitchDetected",
123456,"TwoPole",22,51,7,0.5,3,"PairwiseSupport","two-point",2,2,"one-point",1,"degenerate",,,,,2,4,1.2316199478230343,"SwitchDetected",5
123456,"TwoPole",23,51,7,0.5,3,"PairwiseSupport","two-point",2,2,"two-point",2,"degenerate",,,,,6,4,1.0261481770744443,"SwitchDetected",3
123456,"TwoPole",24,51,7,0.5,3,"PairwiseSupport","multi-point",3,3,"two-point",2,"degenerate",,,,,5,4,1.6561309520049026,"SwitchDetected",4
123456,"TwoPole",25,51,7,0.5,3,"PairwiseSupport","two-point",2,2,"two-point",2,"degenerate",,,,,4,4,,"NoSwitchDetected",
123456,"TwoPole",26,51,7,0.5,3,"PairwiseSupport","multi-point",3,3,"one-point",1,"calibrated",3.2020872865275143,0.00931366864708954,3,4,,,,"",
123456,"TwoPole",27,51,7,0.5,3,"PairwiseSupport","two-point",2,2,"one-point",1,"degenerate",,,,,2,4,1.2563436863726316,"SwitchDetected",3
123456,"TwoPole",28,51,7,0.5,3,"PairwiseSupport","one-point",1,1,"one-point",1,"degenerate",,,,,4,4,,"NoSwitchDetected",
123456,"TwoPole",29,51,7,0.5,3,"PairwiseSupport","multi-point",3,3,"one-point",1,"calibrated",2.4807056229327453,0.013122501016011076,3,3,,,,"",
123456,"TwoPole",30,51,7,0.5,3,"PairwiseSupport","two-point",2,2,"one-point",1,"degenerate",,,,,2,4,1.1253071860589383,"SwitchDetected",4
123456,"TwoPole",31,51,7,0.5,3,"PairwiseSupport","one-point",1,1,"one-point",1,"degenerate",,,,,1,4,1.0146790630011098,"SwitchDetected",4
123456,"TwoPole",32,51,7,0.5,3,"PairwiseSupport","multi-point",3,3,"one-point",1,"calibrated",3.760445682451253,0.016799280234602497,3,4,,,,"",
123456,"TwoPole",33,51,7,0.5,3,"PairwiseSupport","one-point",1,1,"one-point",1,"degenerate",,,,,3,3,,"NoSwitchDetected",
123456,"TwoPole",34,51,7,0.5,3,"PairwiseSupport","multi-point",3,3,"one-point",1,"calibrated",3.057065217391304,0.026377777338304098,3,4,,,,"",
123456,"TwoPole",35,51,7,0.5,3,"PairwiseSupport","multi-point",3,3,"one-point",1,"calibrated",1.1442617392778438,0.002839440655689353,3,4,,,,"",
123456,"TwoPole",36,51,7,0.5,3,"PairwiseSupport","two-point",2,2,"one-point",1,"degenerate",,,,,3,4,1.2623271730293135,"SwitchDetected",4
123456,"TwoPole",37,51,7,0.5,3,"PairwiseSupport","multi-point",3,4,"one-point",1,"calibrated",2.7669604427136707,0.02458495980477174,4,4,,,,"",
123456,"TwoPole",38,51,7,0.5,3,"PairwiseSupport","one-point",1,1,"one-point",1,"degenerate",,,,,3,3,,"NoSwitchDetected",
123456,"TwoPole",39,51,7,0.5,3,"PairwiseSupport","one-point",1,1,"one-point",1,"degenerate",,,,,1,4,1.0414817595282566,"SwitchDetected",4
123456,"TwoPole",40,51,7,0.5,3,"PairwiseSupport","two-point",2,2,"two-point",2,"degenerate",,,,,4,4,,"NoSwitchDetected",
123456,"TwoPole",41,51,7,0.5,3,"PairwiseSupport","two-point",2,2,"one-point",1,"degenerate",,,,,2,4,1.3627633887094586,"SwitchDetected",4
123456,"TwoPole",42,51,7,0.5,3,"PairwiseSupport","two-point",2,2,"one-point",1,"degenerate",,,,,1,4,1.0326495696059164,"SwitchDetected",5
123456,"TwoPole",43,51,7,0.5,3,"PairwiseSupport","two-point",2,2,"one-point",1,"degenerate",,,,,1,4,1.0253780119188303,"SwitchDetected",4
123456,"TwoPole",44,51,7,0.5,3,"PairwiseSupport","two-point",2,2,"one-point",1,"degenerate",,,,,2,4,1.0664529941998926,"SwitchDetected",4
123456,"TwoPole",45,51,7,0.5,3,"PairwiseSupport","two-point",2,2,"one-point",1,"degenerate",,,,,1,4,1.0629854911628465,"SwitchDetected",6
123456,"TwoPole",46,51,7,0.5,3,"PairwiseSupport","two-point",2,2,"one-point",1,"degenerate",,,,,3,4,1.4018017910105527,"SwitchDetected",4
123456,"TwoPole",47,51,7,0.5,3,"PairwiseSupport","multi-point",3,3,"one-point",1,"calibrated",20,0.00646777065196822,3,4,,,,"",
123456,"TwoPole",48,51,7,0.5,3,"PairwiseSupport","multi-point",3,3,"two-point",2,"calibrated",2.862595419847328,0.007173713246185252,3,4,,,,"",
123456,"TwoPole",49,51,7,0.5,3,"PairwiseSupport","multi-point",3,3,"two-point",2,"calibrated",7.079181961195594,0.05550884716984159,3,4,,,,"",
123456,"TwoPole",50,51,7,0.5,3,"PairwiseSupport","two-point",2,2,"one-point",1,"degenerate",,,,,2,4,1.4095742907552393,"SwitchDetected",5
123456,"TwoPole",51,51,7,0.5,3,"PairwiseSupport","two-point",2,2,"one-point",1,"degenerate",,,,,2,3,1.1716379099664487,"SwitchDetected",6
123456,"TwoPole",52,51,7,0.5,3,"PairwiseSupport","two-point",2,2,"two-point",2,"degenerate",,,,,4,4,,"NoSwitchDetected",
123456,"TwoPole",53,51,7,0.5,3,"PairwiseSupport","two-point",2,2,"one-point",1,"degenerate",,,,,2,4,1.0916502481598722,"SwitchDetected",5
123456,"TwoPole",54,51,7,0.5,3,"PairwiseSupport","multi-point",3,3,"one-point",1,"calibrated",2.4085637823371986,0.0006442259446655344,3,4,,,,"",
123456,"TwoPole",55,51,7,0.5,3,"PairwiseSupport","two-point",2,2,"one-point",1,"degenerate",,,,,1,4,1.0147771031625537,"SwitchDetected",4
123456,"TwoPole",56,51,7,0.5,3,"PairwiseSupport","multi-point",3,3,"two-point",2,"calibrated",1.1246251249583472,0.0042746550368228265,3,6,,,,"",
123456,"TwoPole",57,51,7,0.5,3,"PairwiseSupport","two-point",2,2,"two-point",2,"degenerate",,,,,4,4,,"NoSwitchDetected",
123456,"TwoPole",58,51,7,0.5,3,"PairwiseSupport","two-point",2,2,"one-point",1,"degenerate",,,,,5,4,5.697846180062584,"SwitchDetected",4
123456,"TwoPole",59,51,7,0.5,3,"PairwiseSupport","two-point",2,2,"one-point",1,"degenerate",,,,,2,4,1.1240125271415682,"SwitchDetected",4
123456,"TwoPole",60,51,7,0.5,3,"PairwiseSupport","two-point",2,2,"one-point",1,"degenerate",,,,,3,4,1.8127397967693422,"SwitchDetected",4
123456,"TwoPole",61,51,7,0.5,3,"PairwiseSupport","one-point",1,1,"one-point",1,"degenerate",,,,,4,4,,"NoSwitchDetected",
123456,"TwoPole",62,51,7,0.5,3,"PairwiseSupport","two-point",2,2,"one-point",1,"degenerate",,,,,1,4,1.0746576840746476,"SwitchDetected",4
123456,"TwoPole",63,51,7,0.5,3,"PairwiseSupport","one-point",1,1,"one-point",1,"degenerate",,,,,4,4,,"NoSwitchDetected",
123456,"TwoPole",64,51,7,0.5,3,"PairwiseSupport","multi-point",3,4,"one-point",1,"calibrated",1.930225907921075,0.002067927396033774,3,5,,,,"",
123456,"TwoPole",65,51,7,0.5,3,"PairwiseSupport","multi-point",3,3,"one-point",1,"calibrated",3.1645569620253164,0.03179996880539244,3,4,,,,"",
123456,"TwoPole",66,51,7,0.5,3,"PairwiseSupport","multi-point",3,3,"two-point",2,"calibrated",1.1540434262267054,0.0062053915040150755,3,4,,,,"",
123456,"TwoPole",67,51,7,0.5,3,"PairwiseSupport","multi-point",3,4,"two-point",2,"calibrated",4.692387904066736,0.0398296388618672,4,4,,,,"",
123456,"TwoPole",68,51,7,0.5,3,"PairwiseSupport","two-point",2,2,"one-point",1,"degenerate",,,,,3,4,1.783628373016089,"SwitchDetected",4
123456,"TwoPole",69,51,7,0.5,3,"PairwiseSupport","two-point",2,2,"one-point",1,"degenerate",,,,,2,4,1.9858774104929453,"SwitchDetected",5
123456,"TwoPole",70,51,7,0.5,3,"PairwiseSupport","one-point",1,1,"one-point",1,"degenerate",,,,,2,4,1.0514259531315202,"SwitchDetected",4
123456,"TwoPole",71,51,7,0.5,3,"PairwiseSupport","multi-point",3,4,"one-point",1,"calibrated",4.041916167664669,0.014552061852649095,3,4,,,,"",
123456,"TwoPole",72,51,7,0.5,3,"PairwiseSupport","two-point",2,2,"one-point",1,"degenerate",,,,,2,4,1.0246090019755494,"SwitchDetected",4
123456,"TwoPole",73,51,7,0.5,3,"PairwiseSupport","two-point",2,2,"one-point",1,"degenerate",,,,,3,4,5.734205037028744,"SwitchDetected",4
123456,"TwoPole",74,51,7,0.5,3,"PairwiseSupport","two-point",2,2,"one-point",1,"degenerate",,,,,3,4,2.00001159674693,"SwitchDetected",4
123456,"TwoPole",75,51,7,0.5,3,"PairwiseSupport","two-point",2,2,"one-point",1,"degenerate",,,,,2,4,1.3570626022155803,"SwitchDetected",5
123456,"TwoPole",76,51,7,0.5,3,"PairwiseSupport","multi-point",3,3,"two-point",2,"calibrated",2.5510204081632653,0.003186992210746209,3,5,,,,"",
123456,"TwoPole",77,51,7,0.5,3,"PairwiseSupport","two-point",2,2,"one-point",1,"degenerate",,,,,2,3,1.022763095880919,"SwitchDetected",4
123456,"TwoPole",78,51,7,0.5,3,"PairwiseSupport","multi-point",3,4,"two-point",2,"calibrated",4.249291784702549,0.04389249192451385,4,4,,,,"",
123456,"TwoPole",79,51,7,0.5,3,"PairwiseSupport","multi-point",3,3,"two-point",2,"calibrated",8.147254073627037,0.01632945958383554,3,5,,,,"",
123456,"TwoPole",80,51,7,0.5,3,"PairwiseSupport","two-point",2,2,"one-point",1,"degenerate",,,,,3,4,7.726370294218899,"SwitchDetected",4
123456,"TwoPole",81,51,7,0.5,3,"PairwiseSupport","multi-point",3,3,"one-point",1,"calibrated",3.372470647014739,0.06080769893255771,3,4,,,,"",
123456,"TwoPole",82,51,7,0.5,3,"PairwiseSupport","two-point",2,2,"one-point",1,"degenerate",,,,,5,4,4.45460094426447,"SwitchDetected",4
123456,"TwoPole",83,51,7,0.5,3,"PairwiseSupport","multi-point",3,3,"one-point",1,"calibrated",3.0920751259734307,0.018244488344807387,3,5,,,,"",
123456,"TwoPole",84,51,7,0.5,3,"PairwiseSupport","multi-point",3,6,"two-point",2,"calibrated",1.3555577869263984,0.012533610458734346,4,4,,,,"",
123456,"TwoPole",85,51,7,0.5,3,"PairwiseSupport","two-point",2,2,"one-point",1,"degenerate",,,,,2,4,1.111058932270603,"SwitchDetected",5
123456,"TwoPole",86,51,7,0.5,3,"PairwiseSupport","one-point",1,1,"one-point",1,"degenerate",,,,,4,4,,"NoSwitchDetected",
123456,"TwoPole",87,51,7,0.5,3,"PairwiseSupport","multi-point",3,3,"two-point",2,"calibrated",1.347036519656755,0.008539354173664145,3,5,,,,"",
123456,"TwoPole",88,51,7,0.5,3,"PairwiseSupport","multi-point",3,3,"one-point",1,"degenerate",,,,,2,4,1.4299291930203677,"SwitchDetected",4
123456,"TwoPole",89,51,7,0.5,3,"PairwiseSupport","multi-point",3,4,"two-point",2,"calibrated",4.387390315242119,0.06991953593929087,3,4,,,,"",
123456,"TwoPole",90,51,7,0.5,3,"PairwiseSupport","multi-point",3,3,"one-point",1,"calibrated",1.2875536480686693,0.003511175799196474,3,5,,,,"",
123456,"TwoPole",91,51,7,0.5,3,"PairwiseSupport","multi-point",3,3,"one-point",1,"degenerate",,,,,1,4,1.0426190585660267,"SwitchDetected",4
123456,"TwoPole",92,51,7,0.5,3,"PairwiseSupport","two-point",2,2,"two-point",2,"degenerate",,,,,6,4,1.0986518480991778,"SwitchDetected",4
123456,"TwoPole",93,51,7,0.5,3,"PairwiseSupport","two-point",2,2,"one-point",1,"degenerate",,,,,3,4,7.155545995805113,"SwitchDetected",4
123456,"TwoPole",94,51,7,0.5,3,"PairwiseSupport","multi-point",3,3,"two-point",2,"calibrated",20,0.007679583252169287,3,4,,,,"",
123456,"TwoPole",95,51,7,0.5,3,"PairwiseSupport","multi-point",3,3,"two-point",2,"calibrated",2.824858757062147,0.009017318841890068,3,4,,,,"",
123456,"TwoPole",96,51,7,0.5,3,"PairwiseSupport","multi-point",3,4,"one-point",1,"degenerate",,,,,1,4,1.0861325520568337,"SwitchDetected",3
123456,"TwoPole",97,51,7,0.5,3,"PairwiseSupport","two-point",2,2,"one-point",1,"degenerate",,,,,3,4,4.920814649515098,"SwitchDetected",4
123456,"TwoPole",98,51,7,0.5,3,"PairwiseSupport","multi-point",3,3,"one-point",1,"calibrated",1.6966193288927987,0.00616783814847398,3,4,,,,"",
123456,"TwoPole",99,51,7,0.5,3,"PairwiseSupport","two-point",2,2,"one-point",1,"degenerate",,,,,2,5,1.4684789917830514,"SwitchDetected",5
123456,"TwoPole",100,51,7,0.5,3,"PairwiseSupport","two-point",2,2,"two-point",2,"degenerate",,,,,5,5,,"NoSwitchDetected",
123456,"TwoPole",101,51,7,0.5,3,"PairwiseSupport","multi-point",3,3,"one-point",1,"calibrated",1.6523867809057524,0.005480295703914071,3,4,,,,"",
123456,"TwoPole",102,51,7,0.5,3,"PairwiseSupport","two-point",2,2,"one-point",1,"degenerate",,,,,3,4,2.218743398209188,"SwitchDetected",4
123456,"TwoPole",103,51,7,0.5,3,"PairwiseSupport","one-point",1,1,"one-point",1,"degenerate",,,,,4,4,,"NoSwitchDetected",
123456,"TwoPole",104,51,7,0.5,3,"PairwiseSupport","two-point",2,2,"one-point",1,"degenerate",,,,,1,4,1.0644196739630045,"SwitchDetected",3
123456,"TwoPole",105,51,7,0.5,3,"PairwiseSupport","multi-point",3,3,"multi-point",3,"calibrated",3.1278962001853565,0.005840027452687235,3,5,,,,"",
123456,"TwoPole",106,51,7,0.5,3,"PairwiseSupport","multi-point",3,3,"one-point",1,"calibrated",3.240518482957273,0.013105542856581942,3,4,,,,"",
123456,"TwoPole",107,51,7,0.5,3,"PairwiseSupport","two-point",2,2,"one-point",1,"degenerate",,,,,2,4,1.033462479348018,"SwitchDetected",4
123456,"TwoPole",108,51,7,0.5,3,"PairwiseSupport","two-point",2,2,"one-point",1,"degenerate",,,,,3,4,5.171284598983989,"SwitchDetected",4
123456,"TwoPole",109,51,7,0.5,3,"PairwiseSupport","multi-point",3,3,"one-point",1,"calibrated",2.1711161145062716,0.02110137741641932,3,4,,,,"",
123456,"TwoPole",110,51,7,0.5,3,"PairwiseSupport","multi-point",3,3,"two-point",2,"calibrated",2.9893711248892822,0.028368296819724033,3,4,,,,"",
123456,"TwoPole",111,51,7,0.5,3,"PairwiseSupport","two-point",2,2,"one-point",1,"degenerate",,,,,1,4,1.0746714295740605,"SwitchDetected",4
123456,"TwoPole",112,51,7,0.5,3,"PairwiseSupport","two-point",2,2,"one-point",1,"degenerate",,,,,3,4,1.3042306698789503,"SwitchDetected",4
123456,"TwoPole",113,51,7,0.5,3,"PairwiseSupport","two-point",2,2,"one-point",1,"degenerate",,,,,2,4,1.0424314918146478,"SwitchDetected",3
123456,"TwoPole",114,51,7,0.5,3,"PairwiseSupport","multi-point",3,4,"one-point",1,"calibrated",2.7669604427136707,0.02257617436455596,3,4,,,,"",
123456,"TwoPole",115,51,7,0.5,3,"PairwiseSupport","two-point",2,2,"one-point",1,"degenerate",,,,,3,4,4.87640454454474,"SwitchDetected",4
123456,"TwoPole",116,51,7,0.5,3,"PairwiseSupport","multi-point",3,3,"two-point",2,"degenerate",,,,,2,5,1.0731341162199532,"SwitchDetected",3
123456,"TwoPole",117,51,7,0.5,3,"PairwiseSupport","multi-point",3,3,"one-point",1,"calibrated",2.956636005256242,0.020536424638503442,3,4,,,,"",
123456,"TwoPole",118,51,7,0.5,3,"PairwiseSupport","two-point",2,2,"two-point",2,"degenerate",,,,,1,4,1.0181279470653009,"SwitchDetected",3
123456,"TwoPole",119,51,7,0.5,3,"PairwiseSupport","multi-point",3,3,"multi-point",3,"calibrated",1.0741138560687433,0.007897891783886059,3,6,,,,"",
123456,"TwoPole",120,51,7,0.5,3,"PairwiseSupport","multi-point",3,3,"one-point",1,"calibrated",8.982035928143713,0.02878797876350212,3,5,,,,"",
123456,"TwoPole",121,51,7,0.5,3,"PairwiseSupport","two-point",2,2,"one-point",1,"degenerate",,,,,3,4,1.1035798313780671,"SwitchDetected",4
123456,"TwoPole",122,51,7,0.5,3,"PairwiseSupport","two-point",2,2,"one-point",1,"degenerate",,,,,2,5,1.0975539498946256,"SwitchDetected",4
123456,"TwoPole",123,51,7,0.5,3,"PairwiseSupport","multi-point",3,3,"one-point",1,"calibrated",2.2481265611990007,0.00933433496908053,3,4,,,,"",
123456,"TwoPole",124,51,7,0.5,3,"PairwiseSupport","multi-point",3,3,"two-point",2,"calibrated",2.267002518891687,0.016572062018793524,3,4,,,,"",
123456,"TwoPole",125,51,7,0.5,3,"PairwiseSupport","multi-point",3,3,"two-point",2,"calibrated",3.5377358490566038,0.0169837725971748,3,5,,,,"",
123456,"TwoPole",126,51,7,0.5,3,"PairwiseSupport","two-point",2,2,"one-point",1,"degenerate",,,,,2,4,1.359247021617578,"SwitchDetected",4
123456,"TwoPole",127,51,7,0.5,3,"PairwiseSupport","two-point",2,2,"one-point",1,"degenerate",,,,,1,4,1.013076346006011,"SwitchDetected",4
123456,"TwoPole",128,51,7,0.5,3,"PairwiseSupport","two-point",2,2,"one-point",1,"degenerate",,,,,2,3,1.1318559702224609,"SwitchDetected",4
123456,"TwoPole",129,51,7,0.5,3,"PairwiseSupport","multi-point",3,3,"one-point",1,"calibrated",2.9807904614705234,0.026987848323545616,3,4,,,,"",
123456,"TwoPole",130,51,7,0.5,3,"PairwiseSupport","one-point",1,1,"one-point",1,"degenerate",,,,,4,4,,"NoSwitchDetected",
123456,"TwoPole",131,51,7,0.5,3,"PairwiseSupport","two-point",2,2,"two-point",2,"degenerate",,,,,1,4,1.014207509555396,"SwitchDetected",4
123456,"TwoPole",132,51,7,0.5,3,"PairwiseSupport","multi-point",3,3,"one-point",1,"calibrated",2.8932704672096015,0.021152678894495115,3,4,,,,"",
123456,"TwoPole",133,51,7,0.5,3,"PairwiseSupport","two-point",2,2,"one-point",1,"degenerate",,,,,4,5,9.839028828282407,"SwitchDetected",5
123456,"TwoPole",134,51,7,0.5,3,"PairwiseSupport","multi-point",3,3,"one-point",1,"calibrated",3.7996059667886293,0.03195864193724174,3,4,,,,"",
123456,"TwoPole",135,51,7,0.5,3,"PairwiseSupport","multi-point",3,3,"one-point",1,"calibrated",4.44078947368421,0.020224880065915204,3,5,,,,"",
123456,"TwoPole",136,51,7,0.5,3,"PairwiseSupport","multi-point",3,3,"one-point",1,"calibrated",3.5498290823034444,0.04653225522536301,3,4,,,,"",
123456,"TwoPole",137,51,7,0.5,3,"PairwiseSupport","two-point",2,2,"two-point",2,"degenerate",,,,,4,4,,"NoSwitchDetected",
123456,"TwoPole",138,51,7,0.5,3,"PairwiseSupport","two-point",2,2,"two-point",2,"degenerate",,,,,6,3,1.4162149873820813,"SwitchDetected",5
123456,"TwoPole",139,51,7,0.5,3,"PairwiseSupport","multi-point",3,3,"one-point",1,"degenerate",,,,,1,4,1.0895480626589886,"SwitchDetected",4
123456,"TwoPole",140,51,7,0.5,3,"PairwiseSupport","two-point",2,2,"one-point",1,"degenerate",,,,,3,4,3.253454834832659,"SwitchDetected",4
123456,"TwoPole",141,51,7,0.5,3,"PairwiseSupport","one-point",1,1,"one-point",1,"degenerate",,,,,4,4,,"NoSwitchDetected",
123456,"TwoPole",142,51,7,0.5,3,"PairwiseSupport","multi-point",3,3,"one-point",1,"calibrated",8.587786259541986,0.013496034362492394,3,5,,,,"",
123456,"TwoPole",143,51,7,0.5,3,"PairwiseSupport","two-point",2,2,"one-point",1,"degenerate",,,,,1,4,1.000005950963148,"SwitchDetected",4
123456,"TwoPole",144,51,7,0.5,3,"PairwiseSupport","one-point",1,1,"one-point",1,"degenerate",,,,,4,4,,"NoSwitchDetected",
123456,"TwoPole",145,51,7,0.5,3,"PairwiseSupport","multi-point",3,3,"two-point",2,"calibrated",2.3457862728062553,0.017952970790261525,3,4,,,,"",
123456,"TwoPole",146,51,7,0.5,3,"PairwiseSupport","multi-point",3,3,"one-point",1,"calibrated",3.3615537848605572,0.010039826156587411,3,4,,,,"",
123456,"TwoPole",147,51,7,0.5,3,"PairwiseSupport","multi-point",3,3,"one-point",1,"calibrated",2.8852318871553755,0.0034163464224812867,3,4,,,,"",
123456,"TwoPole",148,51,7,0.5,3,"PairwiseSupport","multi-point",3,4,"one-point",1,"calibrated",5.238649592549476,0.04486887902253645,3,4,,,,"",
123456,"TwoPole",149,51,7,0.5,3,"PairwiseSupport","two-point",2,2,"one-point",1,"degenerate",,,,,3,4,3.76596062566802,"SwitchDetected",4
123456,"TwoPole",150,51,7,0.5,3,"PairwiseSupport","two-point",2,2,"one-point",1,"degenerate",,,,,5,4,5.832524941484301,"SwitchDetected",4
123456,"TwoPole",151,51,7,0.5,3,"PairwiseSupport","two-point",2,2,"one-point",1,"degenerate",,,,,5,5,2.936700692770275,"SwitchDetected",4
123456,"TwoPole",152,51,7,0.5,3,"PairwiseSupport","two-point",2,2,"one-point",1,"degenerate",,,,,2,4,1.000005950963148,"SwitchDetected",4
123456,"TwoPole",153,51,7,0.5,3,"PairwiseSupport","two-point",2,2,"one-point",1,"degenerate",,,,,2,4,1.1691109665341628,"SwitchDetected",4
123456,"TwoPole",154,51,7,0.5,3,"PairwiseSupport","multi-point",3,3,"one-point",1,"calibrated",5.342303126236644,0.014441497852984025,3,4,,,,"",
123456,"TwoPole",155,51,7,0.5,3,"PairwiseSupport","two-point",2,2,"two-point",2,"degenerate",,,,,4,4,,"NoSwitchDetected",
123456,"TwoPole",156,51,7,0.5,3,"PairwiseSupport","two-point",2,2,"two-point",2,"degenerate",,,,,4,4,,"NoSwitchDetected",
123456,"TwoPole",157,51,7,0.5,3,"PairwiseSupport","one-point",1,1,"one-point",1,"degenerate",,,,,3,3,,"NoSwitchDetected",
123456,"TwoPole",158,51,7,0.5,3,"PairwiseSupport","two-point",2,2,"one-point",1,"degenerate",,,,,1,4,1.0672251186126855,"SwitchDetected",3
123456,"TwoPole",159,51,7,0.5,3,"PairwiseSupport","two-point",2,2,"two-point",2,"degenerate",,,,,4,4,,"NoSwitchDetected",
123456,"TwoPole",160,51,7,0.5,3,"PairwiseSupport","two-point",2,2,"one-point",1,"degenerate",,,,,3,4,1.6939785905672153,"SwitchDetected",4
123456,"TwoPole",161,51,7,0.5,3,"PairwiseSupport","two-point",2,2,"two-point",2,"degenerate",,,,,4,4,,"NoSwitchDetected",
123456,"TwoPole",162,51,7,0.5,3,"PairwiseSupport","multi-point",3,3,"one-point",1,"calibrated",2.5510204081632653,0.012572764724090225,3,4,,,,"",
123456,"TwoPole",163,51,7,0.5,3,"PairwiseSupport","multi-point",3,3,"one-point",1,"calibrated",3.372470647014739,0.02915250221635829,3,4,,,,"",
123456,"TwoPole",164,51,7,0.5,3,"PairwiseSupport","two-point",2,2,"one-point",1,"degenerate",,,,,3,4,1.799308072478598,"SwitchDetected",4
123456,"TwoPole",165,51,7,0.5,3,"PairwiseSupport","multi-point",3,3,"two-point",2,"calibrated",4.692387904066736,0.06677610835948203,3,4,,,,"",
123456,"TwoPole",166,51,7,0.5,3,"PairwiseSupport","multi-point",3,4,"multi-point",3,"calibrated",1.2634534394010293,0.01133326594117926,3,4,,,,"",
123456,"TwoPole",167,51,7,0.5,3,"PairwiseSupport","multi-point",3,3,"one-point",1,"degenerate",,,,,1,4,1.1416371455726722,"SwitchDetected",4
123456,"TwoPole",168,51,7,0.5,3,"PairwiseSupport","multi-point",3,3,"one-point",1,"calibrated",3.813559322033898,0.06854172002025793,3,4,,,,"",
123456,"TwoPole",169,51,7,0.5,3,"PairwiseSupport","multi-point",3,4,"two-point",2,"calibrated",1.8226002430133654,0.018883570357417813,4,5,,,,"",
123456,"TwoPole",170,51,7,0.5,3,"PairwiseSupport","two-point",2,2,"one-point",1,"degenerate",,,,,1,3,1.0555736935753453,"SwitchDetected",3
123456,"TwoPole",171,51,7,0.5,3,"PairwiseSupport","two-point",2,2,"one-point",1,"degenerate",,,,,3,4,2.6748743601684692,"SwitchDetected",4
123456,"TwoPole",172,51,7,0.5,3,"PairwiseSupport","two-point",2,2,"one-point",1,"degenerate",,,,,6,4,1.116922545709445,"SwitchDetected",3
123456,"TwoPole",173,51,7,0.5,3,"PairwiseSupport","two-point",2,2,"one-point",1,"degenerate",,,,,1,4,1.0736071946884491,"SwitchDetected",5
123456,"TwoPole",174,51,7,0.5,3,"PairwiseSupport","multi-point",3,3,"two-point",2,"degenerate",,,,,6,4,1.2293853410955289,"SwitchDetected",4
123456,"TwoPole",175,51,7,0.5,3,"PairwiseSupport","multi-point",3,3,"two-point",2,"calibrated",2.600154083204931,0.0333444144840548,3,5,,,,"",
123456,"TwoPole",176,51,7,0.5,3,"PairwiseSupport","multi-point",3,3,"two-point",2,"calibrated",2.9163966299416724,0.03653835053031293,3,4,,,,"",
123456,"TwoPole",177,51,7,0.5,3,"PairwiseSupport","multi-point",3,3,"two-point",2,"calibrated",9.414225941422595,0.06829503835366135,3,5,,,,"",
123456,"TwoPole",178,51,7,0.5,3,"PairwiseSupport","multi-point",3,3,"one-point",1,"calibrated",11.363636363636365,0.020547323909795932,3,5,,,,"",
123456,"TwoPole",179,51,7,0.5,3,"PairwiseSupport","two-point",2,2,"two-point",2,"degenerate",,,,,4,4,,"NoSwitchDetected",
123456,"TwoPole",180,51,7,0.5,3,"PairwiseSupport","multi-point",3,3,"two-point",2,"calibrated",2.956636005256242,0.043952350798689414,3,4,,,,"",
123456,"TwoPole",181,51,7,0.5,3,"PairwiseSupport","multi-point",3,3,"multi-point",3,"calibrated",2.9163966299416724,0.01507517272570418,3,4,,,,"",
123456,"TwoPole",182,51,7,0.5,3,"PairwiseSupport","two-point",2,2,"two-point",2,"degenerate",,,,,6,4,1.04128169676039,"SwitchDetected",3
123456,"TwoPole",183,51,7,0.5,3,"PairwiseSupport","two-point",2,2,"two-point",2,"degenerate",,,,,4,4,,"NoSwitchDetected",
123456,"TwoPole",184,51,7,0.5,3,"PairwiseSupport","two-point",2,2,"one-point",1,"degenerate",,,,,3,4,2.137545104334811,"SwitchDetected",4
123456,"TwoPole",185,51,7,0.5,3,"PairwiseSupport","two-point",2,2,"one-point",1,"degenerate",,,,,2,4,1.0378474800019257,"SwitchDetected",4
123456,"TwoPole",186,51,7,0.5,3,"PairwiseSupport","two-point",2,2,"two-point",2,"degenerate",,,,,2,4,1.1684606205271872,"SwitchDetected",4
123456,"TwoPole",187,51,7,0.5,3,"PairwiseSupport","two-point",2,2,"two-point",2,"degenerate",,,,,4,4,,"NoSwitchDetected",
123456,"TwoPole",188,51,7,0.5,3,"PairwiseSupport","two-point",2,2,"one-point",1,"degenerate",,,,,1,4,1.0918772304544713,"SwitchDetected",3
123456,"TwoPole",189,51,7,0.5,3,"PairwiseSupport","two-point",2,2,"two-point",2,"degenerate",,,,,5,4,1.9085155449837543,"SwitchDetected",4
123456,"TwoPole",190,51,7,0.5,3,"PairwiseSupport","multi-point",3,3,"one-point",1,"calibrated",5.0675675675675675,0.03169803415065218,3,4,,,,"",
123456,"TwoPole",191,51,7,0.5,3,"PairwiseSupport","two-point",2,2,"two-point",2,"degenerate",,,,,5,4,2.00001159674693,"SwitchDetected",4
123456,"TwoPole",192,51,7,0.5,3,"PairwiseSupport","multi-point",3,5,"one-point",1,"calibrated",3.0228392297357813,0.041573905705606165,5,4,,,,"",
123456,"TwoPole",193,51,7,0.5,3,"PairwiseSupport","two-point",2,2,"two-point",2,"degenerate",,,,,6,4,1.1236141917327875,"SwitchDetected",4
123456,"TwoPole",194,51,7,0.5,3,"PairwiseSupport","two-point",2,2,"one-point",1,"degenerate",,,,,3,4,2.2270650798737357,"SwitchDetected",4
123456,"TwoPole",195,51,7,0.5,3,"PairwiseSupport","two-point",2,2,"one-point",1,"degenerate",,,,,5,4,1.5145923027483652,"SwitchDetected",4
123456,"TwoPole",196,51,7,0.5,3,"PairwiseSupport","two-point",2,2,"two-point",2,"degenerate",,,,,4,4,,"NoSwitchDetected",
123456,"TwoPole",197,51,7,0.5,3,"PairwiseSupport","two-point",2,2,"one-point",1,"degenerate",,,,,2,4,1.0227568709844705,"SwitchDetected",4
123456,"TwoPole",198,51,7,0.5,3,"PairwiseSupport","multi-point",3,3,"two-point",2,"degenerate",,,,,6,4,1.1014675926237167,"SwitchDetected",4
123456,"TwoPole",199,51,7,0.5,3,"PairwiseSupport","multi-point",3,3,"one-point",1,"calibrated",3.6456926816095057,0.046813513156184136,3,4,,,,"",
123456,"TwoPole",200,51,7,0.5,3,"PairwiseSupport","multi-point",3,3,"one-point",1,"calibrated",2.055420219244823,0.0069145607637852,3,4,,,,"",
123456,"TwoPole",1,51,7,0.6,1,"PairwiseSupport","multi-point",3,4,"one-point",1,"calibrated",2.2066034651847004,0.013251083279839978,4,4,,,,"",
123456,"TwoPole",2,51,7,0.6,1,"PairwiseSupport","multi-point",3,4,"one-point",1,"calibrated",2.3872679045092835,0.01546762619687713,4,4,,,,"",
123456,"TwoPole",3,51,7,0.6,1,"PairwiseSupport","multi-point",3,4,"one-point",1,"calibrated",2.956636005256242,0.020027752091100554,4,4,,,,"",
123456,"TwoPole",4,51,7,0.6,1,"PairwiseSupport","multi-point",3,4,"one-point",1,"calibrated",2.153797064454371,0.012539090534428761,4,4,,,,"",
123456,"TwoPole",5,51,7,0.6,1,"PairwiseSupport","multi-point",3,3,"one-point",1,"calibrated",5.369928400954653,0.04879001201096174,3,4,,,,"",
123456,"TwoPole",6,51,7,0.6,1,"PairwiseSupport","multi-point",3,4,"one-point",1,"calibrated",1.6324062877871826,0.006238575507209794,4,3,,,,"",
123456,"TwoPole",7,51,7,0.6,1,"PairwiseSupport","multi-point",3,4,"one-point",1,"calibrated",2.305721605465414,0.019002453897841803,4,4,,,,"",
123456,"TwoPole",8,51,7,0.6,1,"PairwiseSupport","multi-point",3,4,"one-point",1,"calibrated",4.387390315242119,0.012969753392429636,4,4,,,,"",
123456,"TwoPole",9,51,7,0.6,1,"PairwiseSupport","multi-point",3,4,"one-point",1,"calibrated",3.658536585365854,0.01957381437819988,4,4,,,,"",
123456,"TwoPole",10,51,7,0.6,1,"PairwiseSupport","multi-point",3,4,"one-point",1,"calibrated",3.1645569620253164,0.03386442001761183,4,4,,,,"",
123456,"TwoPole",11,51,7,0.6,1,"PairwiseSupport","multi-point",3,4,"one-point",1,"calibrated",2.862595419847328,0.017771048139809106,4,4,,,,"",
123456,"TwoPole",12,51,7,0.6,1,"PairwiseSupport","two-point",2,2,"one-point",1,"degenerate",,,,,1,3,1.057081020188996,"SwitchDetected",3
123456,"TwoPole",13,51,7,0.6,1,"PairwiseSupport","multi-point",3,3,"one-point",1,"calibrated",4.44078947368421,0.041104951916596584,3,4,,,,"",
123456,"TwoPole",14,51,7,0.6,1,"PairwiseSupport","multi-point",3,4,"one-point",1,"calibrated",4.612230953194397,0.01932591687556774,4,4,,,,"",
123456,"TwoPole",15,51,7,0.6,1,"PairwiseSupport","multi-point",3,4,"one-point",1,"calibrated",2.1887159533073928,0.020759981971095992,4,4,,,,"",
123456,"TwoPole",16,51,7,0.6,1,"PairwiseSupport","multi-point",3,3,"one-point",1,"calibrated",1.4701078079059129,0.005171192639802462,3,4,,,,"",
123456,"TwoPole",17,51,7,0.6,1,"PairwiseSupport","multi-point",3,4,"one-point",1,"calibrated",1.7321016166281755,0.014525163867596001,3,4,,,,"",
123456,"TwoPole",18,51,7,0.6,1,"PairwiseSupport","multi-point",3,4,"one-point",1,"calibrated",2.6254375729288215,0.010811407365408967,4,4,,,,"",
123456,"TwoPole",19,51,7,0.6,1,"PairwiseSupport","multi-point",3,3,"one-point",1,"calibrated",20,0.05150164870551914,3,4,,,,"",
123456,"TwoPole",20,51,7,0.6,1,"PairwiseSupport","multi-point",3,4,"one-point",1,"calibrated",3.3724706470147385,0.03940743258229312,4,4,,,,"",
123456,"TwoPole",21,51,7,0.6,1,"PairwiseSupport","multi-point",3,3,"one-point",1,"calibrated",5.238649592549476,0.04725792377707746,3,4,,,,"",
123456,"TwoPole",22,51,7,0.6,1,"PairwiseSupport","multi-point",3,3,"one-point",1,"calibrated",1.976284584980237,0.010328568434613583,3,4,,,,"",
123456,"TwoPole",23,51,7,0.6,1,"PairwiseSupport","multi-point",3,3,"one-point",1,"calibrated",1.378113515720702,0.0016098982839166474,3,4,,,,"",
123456,"TwoPole",24,51,7,0.6,1,"PairwiseSupport","multi-point",3,4,"one-point",1,"calibrated",2.071187480822338,0.01330932226096596,4,4,,,,"",
123456,"TwoPole",25,51,7,0.6,1,"PairwiseSupport","multi-point",3,4,"one-point",1,"calibrated",3.0920751259734307,0.015344973083552597,4,4,,,,"",
123456,"TwoPole",26,51,7,0.6,1,"PairwiseSupport","multi-point",3,4,"one-point",1,"calibrated",2.435943702634428,0.011926338660210825,4,4,,,,"",
123456,"TwoPole",27,51,7,0.6,1,"PairwiseSupport","multi-point",3,4,"one-point",1,"calibrated",2.1367521367521367,0.024502846197007835,3,4,,,,"",
123456,"TwoPole",28,51,7,0.6,1,"PairwiseSupport","multi-point",3,4,"one-point",1,"calibrated",2.305721605465414,0.024074947749463685,4,4,,,,"",
123456,"TwoPole",29,51,7,0.6,1,"PairwiseSupport","multi-point",3,4,"one-point",1,"calibrated",2.4807056229327453,0.012128742674001068,4,4,,,,"",
123456,"TwoPole",30,51,7,0.6,1,"PairwiseSupport","multi-point",3,3,"one-point",1,"calibrated",5.238649592549476,0.04229270398746824,3,4,,,,"",
123456,"TwoPole",31,51,7,0.6,1,"PairwiseSupport","multi-point",3,4,"one-point",1,"calibrated",2.4807056229327453,0.018711797669957217,4,4,,,,"",
123456,"TwoPole",32,51,7,0.6,1,"PairwiseSupport","multi-point",3,4,"one-point",1,"calibrated",4.04191616766467,0.025590692039073153,4,4,,,,"",
123456,"TwoPole",33,51,7,0.6,1,"PairwiseSupport","multi-point",3,4,"one-point",1,"calibrated",4.04191616766467,0.03723271323868085,4,4,,,,"",
123456,"TwoPole",34,51,7,0.6,1,"PairwiseSupport","multi-point",3,3,"one-point",1,"calibrated",1.5028386953133697,0.00508192502690252,3,4,,,,"",
123456,"TwoPole",35,51,7,0.6,1,"PairwiseSupport","multi-point",3,4,"one-point",1,"calibrated",2.8852318871553755,0.014202700512259744,4,4,,,,"",
123456,"TwoPole",36,51,7,0.6,1,"PairwiseSupport","multi-point",3,4,"one-point",1,"calibrated",4.974207811348563,0.039681709538807494,4,4,,,,"",
123456,"TwoPole",37,51,7,0.6,1,"PairwiseSupport","multi-point",3,4,"one-point",1,"calibrated",3.5498290823034444,0.017667095420963383,4,4,,,,"",
123456,"TwoPole",38,51,7,0.6,1,"PairwiseSupport","multi-point",3,4,"one-point",1,"calibrated",3.658536585365854,0.017697437209800423,4,4,,,,"",
123456,"TwoPole",39,51,7,0.6,1,"PairwiseSupport","multi-point",3,4,"one-point",1,"calibrated",2.956636005256242,0.00823484870511508,4,4,,,,"",
123456,"TwoPole",40,51,7,0.6,1,"PairwiseSupport","multi-point",3,4,"one-point",1,"calibrated",3.458877786318216,0.030403093804805166,4,4,,,,"",
123456,"TwoPole",41,51,7,0.6,1,"PairwiseSupport","multi-point",3,4,"one-point",1,"calibrated",3.8681948424068757,0.01972004230978395,4,4,,,,"",
123456,"TwoPole",42,51,7,0.6,1,"PairwiseSupport","multi-point",3,4,"one-point",1,"calibrated",2.6580035440047256,0.006670815310545947,4,4,,,,"",
123456,"TwoPole",43,51,7,0.6,1,"PairwiseSupport","multi-point",3,3,"one-point",1,"degenerate",,,,,2,4,1.6134825850681465,"SwitchDetected",4
123456,"TwoPole",44,51,7,0.6,1,"PairwiseSupport","multi-point",3,4,"one-point",1,"calibrated",2.5037091988130564,0.021205583002244358,4,4,,,,"",
123456,"TwoPole",45,51,7,0.6,1,"PairwiseSupport","multi-point",3,4,"one-point",1,"calibrated",1.5637669408085253,0.007609362680534302,4,3,,,,"",
123456,"TwoPole",46,51,7,0.6,1,"PairwiseSupport","multi-point",3,4,"one-point",1,"calibrated",2.632092025736011,0.023140469694879977,4,4,,,,"",
123456,"TwoPole",47,51,7,0.6,1,"PairwiseSupport","multi-point",3,4,"one-point",1,"calibrated",2.9246100519930676,0.0203966161825751,4,4,,,,"",
123456,"TwoPole",48,51,7,0.6,1,"PairwiseSupport","multi-point",3,4,"one-point",1,"calibrated",3.1645569620253164,0.022526809251865516,4,4,,,,"",
123456,"TwoPole",49,51,7,0.6,1,"PairwiseSupport","multi-point",3,4,"one-point",1,"calibrated",1.9477708844322608,0.009318949064371359,4,4,,,,"",
123456,"TwoPole",50,51,7,0.6,1,"PairwiseSupport","multi-point",3,4,"one-point",1,"calibrated",1.5637669408085255,0.008709733962731232,3,4,,,,"",
123456,"TwoPole",51,51,7,0.6,1,"PairwiseSupport","multi-point",3,3,"one-point",1,"calibrated",1.3851836650933715,0.0027334467333155104,3,4,,,,"",
123456,"TwoPole",52,51,7,0.6,1,"PairwiseSupport","multi-point",3,4,"one-point",1,"calibrated",2.1034590215020255,0.006598507372721099,4,4,,,,"",
123456,"TwoPole",53,51,7,0.6,1,"PairwiseSupport","multi-point",3,4,"one-point",1,"calibrated",2.5271433919880195,0.014882180594675522,4,4,,,,"",
123456,"TwoPole",54,51,7,0.6,1,"PairwiseSupport","multi-point",3,4,"one-point",1,"calibrated",2.435943702634428,0.01604065634719718,4,4,,,,"",
123456,"TwoPole",55,51,7,0.6,1,"PairwiseSupport","multi-point",3,4,"one-point",1,"calibrated",4.612230953194397,0.028880831913825053,4,4,,,,"",
123456,"TwoPole",56,51,7,0.6,1,"PairwiseSupport","multi-point",3,4,"one-point",1,"calibrated",2.3510971786833856,0.01199207951144203,4,4,,,,"",
123456,"TwoPole",57,51,7,0.6,1,"PairwiseSupport","multi-point",3,4,"one-point",1,"calibrated",2.119974874371859,0.014350470711135366,4,4,,,,"",
123456,"TwoPole",58,51,7,0.6,1,"PairwiseSupport","multi-point",3,4,"one-point",1,"calibrated",2.5037091988130564,0.023506112786042782,4,4,,,,"",
123456,"TwoPole",59,51,7,0.6,1,"PairwiseSupport","multi-point",3,4,"one-point",1,"calibrated",2.4141630901287554,0.016252071791652195,4,4,,,,"",
123456,"TwoPole",60,51,7,0.6,1,"PairwiseSupport","multi-point",3,4,"one-point",1,"calibrated",3.2119914346895073,0.019172085995485817,4,4,,,,"",
123456,"TwoPole",61,51,7,0.6,1,"PairwiseSupport","multi-point",3,4,"one-point",1,"calibrated",3.240518482957273,0.029939173020781175,4,4,,,,"",
123456,"TwoPole",62,51,7,0.6,1,"PairwiseSupport","multi-point",3,4,"one-point",1,"calibrated",4.387390315242119,0.01120923943473565,4,4,,,,"",
123456,"TwoPole",63,51,7,0.6,1,"PairwiseSupport","multi-point",3,3,"one-point",1,"calibrated",5.9628975265017665,0.04541227600027447,3,4,,,,"",
123456,"TwoPole",64,51,7,0.6,1,"PairwiseSupport","multi-point",3,4,"one-point",1,"calibrated",2.1367521367521367,0.02140289658874335,4,4,,,,"",
123456,"TwoPole",65,51,7,0.6,1,"PairwiseSupport","multi-point",3,4,"one-point",1,"calibrated",2.4302430243024298,0.015504829479443828,4,4,,,,"",
123456,"TwoPole",66,51,7,0.6,1,"PairwiseSupport","multi-point",3,4,"one-point",1,"calibrated",2.2481265611990007,0.01788023811283491,4,4,,,,"",
123456,"TwoPole",67,51,7,0.6,1,"PairwiseSupport","multi-point",3,4,"one-point",1,"calibrated",3.658536585365854,0.019598155453731305,4,4,,,,"",
123456,"TwoPole",68,51,7,0.6,1,"PairwiseSupport","multi-point",3,3,"one-point",1,"calibrated",4.368932038834951,0.04499681445925131,3,4,,,,"",
123456,"TwoPole",69,51,7,0.6,1,"PairwiseSupport","multi-point",3,4,"one-point",1,"calibrated",2.862595419847328,0.0167528707423747,4,4,,,,"",
123456,"TwoPole",70,51,7,0.6,1,"PairwiseSupport","multi-point",3,3,"one-point",1,"calibrated",7.079181961195594,0.04388583920997021,3,4,,,,"",
123456,"TwoPole",71,51,7,0.6,1,"PairwiseSupport","multi-point",3,3,"one-point",1,"calibrated",5.9628975265017665,0.0342417763678837,3,4,,,,"",
123456,"TwoPole",72,51,7,0.6,1,"PairwiseSupport","multi-point",3,4,"one-point",1,"calibrated",2.2247857613711273,0.014143278095725145,4,4,,,,"",
123456,"TwoPole",73,51,7,0.6,1,"PairwiseSupport","multi-point",3,4,"one-point",1,"calibrated",4.9504950495049505,0.03296322202524932,4,4,,,,"",
123456,"TwoPole",74,51,7,0.6,1,"PairwiseSupport","multi-point",3,4,"one-point",1,"calibrated",2.4807056229327453,0.015025477920645947,4,4,,,,"",
123456,"TwoPole",75,51,7,0.6,1,"PairwiseSupport","multi-point",3,3,"one-point",1,"calibrated",1.4542712485187976,0.0015586148246058875,3,4,,,,"",
123456,"TwoPole",76,51,7,0.6,1,"PairwiseSupport","multi-point",3,4,"one-point",1,"calibrated",2.153797064454371,0.013906275183092374,4,4,,,,"",
123456,"TwoPole",77,51,7,0.6,1,"PairwiseSupport","multi-point",3,4,"one-point",1,"calibrated",2.5037091988130564,0.016698216898616246,4,4,,,,"",
123456,"TwoPole",78,51,7,0.6,1,"PairwiseSupport","multi-point",3,4,"one-point",1,"calibrated",2.1367521367521367,0.015900851999513667,4,4,,,,"",
123456,"TwoPole",79,51,7,0.6,1,"PairwiseSupport","multi-point",3,3,"one-point",1,"degenerate",,,,,1,4,1.3287759389690874,"SwitchDetected",4
123456,"TwoPole",80,51,7,0.6,1,"PairwiseSupport","multi-point",3,3,"one-point",1,"calibrated",1.4216512215669754,0.00502183636546787,3,4,,,,"",
123456,"TwoPole",81,51,7,0.6,1,"PairwiseSupport","multi-point",3,3,"one-point",1,"calibrated",4.692387904066736,0.040465106142518886,3,4,,,,"",
123456,"TwoPole",82,51,7,0.6,1,"PairwiseSupport","multi-point",3,4,"one-point",1,"calibrated",2.6580035440047256,0.017423679358480115,4,4,,,,"",
123456,"TwoPole",83,51,7,0.6,1,"PairwiseSupport","multi-point",3,4,"one-point",1,"calibrated",2.4302430243024298,0.01539637585737093,4,4,,,,"",
123456,"TwoPole",84,51,7,0.6,1,"PairwiseSupport","multi-point",3,4,"one-point",1,"calibrated",2.6066808264143657,0.01866746696738574,4,4,,,,"",
123456,"TwoPole",85,51,7,0.6,1,"PairwiseSupport","multi-point",3,4,"one-point",1,"calibrated",2.5510204081632653,0.018013955587575917,4,4,,,,"",
123456,"TwoPole",86,51,7,0.6,1,"PairwiseSupport","multi-point",3,4,"one-point",1,"calibrated",2.581755593803787,0.014721757281882172,4,4,,,,"",
123456,"TwoPole",87,51,7,0.6,1,"PairwiseSupport","multi-point",3,3,"one-point",1,"calibrated",4.861361181130716,0.04233601279765455,3,4,,,,"",
123456,"TwoPole",88,51,7,0.6,1,"PairwiseSupport","multi-point",3,4,"one-point",1,"calibrated",2.6844303042354345,0.020758551638757675,4,4,,,,"",
123456,"TwoPole",89,51,7,0.6,1,"PairwiseSupport","multi-point",3,3,"one-point",1,"degenerate",,,,,2,4,1.49468083286674,"SwitchDetected",4
123456,"TwoPole",90,51,7,0.6,1,"PairwiseSupport","multi-point",3,4,"one-point",1,"calibrated",3.3308660251665434,0.01775002211721261,4,4,,,,"",
123456,"TwoPole",91,51,7,0.6,1,"PairwiseSupport","multi-point",3,3,"one-point",1,"calibrated",1.342081717864599,0.002157333863043768,3,4,,,,"",
123456,"TwoPole",92,51,7,0.6,1,"PairwiseSupport","multi-point",3,3,"one-point",1,"degenerate",,,,,1,4,1.389078472251072,"SwitchDetected",4
123456,"TwoPole",93,51,7,0.6,1,"PairwiseSupport","multi-point",3,3,"one-point",1,"calibrated",5.042958535674262,0.040122701266356475,3,4,,,,"",
123456,"TwoPole",94,51,7,0.6,1,"PairwiseSupport","multi-point",3,4,"one-point",1,"calibrated",4.861361181130716,0.023449429885333516,4,4,,,,"",
123456,"TwoPole",95,51,7,0.6,1,"PairwiseSupport","multi-point",3,4,"one-point",1,"calibrated",2.4807056229327453,0.004901425953455638,4,4,,,,"",
123456,"TwoPole",96,51,7,0.6,1,"PairwiseSupport","multi-point",3,4,"one-point",1,"calibrated",3.9823008849557513,0.01384895980265981,4,4,,,,"",
123456,"TwoPole",97,51,7,0.6,1,"PairwiseSupport","multi-point",3,3,"one-point",1,"degenerate",,,,,1,4,1.3045749302485572,"SwitchDetected",4
123456,"TwoPole",98,51,7,0.6,1,"PairwiseSupport","multi-point",3,4,"one-point",1,"calibrated",3.0228392297357813,0.01741966831593479,4,4,,,,"",
123456,"TwoPole",99,51,7,0.6,1,"PairwiseSupport","multi-point",3,4,"one-point",1,"calibrated",6.097560975609756,0.01245134563458691,4,4,,,,"",
123456,"TwoPole",100,51,7,0.6,1,"PairwiseSupport","multi-point",3,4,"one-point",1,"calibrated",3.760445682451253,0.019837912349692368,4,4,,,,"",
123456,"TwoPole",101,51,7,0.6,1,"PairwiseSupport","multi-point",3,4,"one-point",1,"calibrated",4.612230953194397,0.016507701461787958,4,4,,,,"",
123456,"TwoPole",102,51,7,0.6,1,"PairwiseSupport","multi-point",3,4,"one-point",1,"calibrated",2.1034590215020255,0.010704176027329735,4,4,,,,"",
123456,"TwoPole",103,51,7,0.6,1,"PairwiseSupport","multi-point",3,4,"one-point",1,"calibrated",2.325581395348837,0.013051280938411756,4,4,,,,"",
123456,"TwoPole",104,51,7,0.6,1,"PairwiseSupport","multi-point",3,4,"one-point",1,"calibrated",2.7388922702373706,0.017714077438024063,4,4,,,,"",
123456,"TwoPole",105,51,7,0.6,1,"PairwiseSupport","multi-point",3,4,"one-point",1,"calibrated",4.9504950495049505,0.04184580585936804,4,4,,,,"",
123456,"TwoPole",106,51,7,0.6,1,"PairwiseSupport","multi-point",3,4,"one-point",1,"calibrated",1.976284584980237,0.012835692639659068,4,4,,,,"",
123456,"TwoPole",107,51,7,0.6,1,"PairwiseSupport","multi-point",3,4,"one-point",1,"calibrated",2.3872679045092835,0.01580105956643516,4,4,,,,"",
123456,"TwoPole",108,51,7,0.6,1,"PairwiseSupport","multi-point",3,4,"one-point",1,"calibrated",4.166666666666666,0.04455374102817655,4,4,,,,"",
123456,"TwoPole",109,51,7,0.6,1,"PairwiseSupport","multi-point",3,3,"one-point",1,"calibrated",4.368932038834951,0.03567890091945031,3,4,,,,"",
123456,"TwoPole",110,51,7,0.6,1,"PairwiseSupport","multi-point",3,4,"one-point",1,"calibrated",3.1645569620253164,0.018448366212558374,4,4,,,,"",
123456,"TwoPole",111,51,7,0.6,1,"PairwiseSupport","multi-point",3,4,"one-point",1,"calibrated",2.5271433919880195,0.01760725198105178,4,4,,,,"",
123456,"TwoPole",112,51,7,0.6,1,"PairwiseSupport","multi-point",3,4,"one-point",1,"calibrated",2.4141630901287554,0.019209675609547536,4,4,,,,"",
123456,"TwoPole",113,51,7,0.6,1,"PairwiseSupport","multi-point",3,4,"one-point",1,"calibrated",5.164498852333589,0.013867032275914775,4,4,,,,"",
123456,"TwoPole",114,51,7,0.6,1,"PairwiseSupport","multi-point",3,4,"one-point",1,"calibrated",2.7113878288813016,0.014998716540748264,4,4,,,,"",
123456,"TwoPole",115,51,7,0.6,1,"PairwiseSupport","multi-point",3,3,"one-point",1,"degenerate",,,,,1,3,1.1208412055541979,"SwitchDetected",2
123456,"TwoPole",116,51,7,0.6,1,"PairwiseSupport","multi-point",3,4,"one-point",1,"calibrated",3.9244186046511618,0.01668373954172183,4,4,,,,"",
123456,"TwoPole",117,51,7,0.6,1,"PairwiseSupport","multi-point",3,4,"one-point",1,"calibrated",2.4302430243024298,0.013100229481556768,4,4,,,,"",
123456,"TwoPole",118,51,7,0.6,1,"PairwiseSupport","multi-point",3,4,"one-point",1,"calibrated",3.8681948424068757,0.020956667912586872,4,4,,,,"",
123456,"TwoPole",119,51,7,0.6,1,"PairwiseSupport","multi-point",3,3,"one-point",1,"calibrated",5.238649592549476,0.04065517402127758,3,4,,,,"",
123456,"TwoPole",120,51,7,0.6,1,"PairwiseSupport","multi-point",3,4,"one-point",1,"calibrated",1.5914181303784039,0.0018838272678262827,3,4,,,,"",
123456,"TwoPole",121,51,7,0.6,1,"PairwiseSupport","multi-point",3,3,"one-point",1,"calibrated",1.6755616234330397,0.00872278092903031,3,4,,,,"",
123456,"TwoPole",122,51,7,0.6,1,"PairwiseSupport","multi-point",3,4,"one-point",1,"calibrated",2.6254375729288215,0.013360923842384667,4,4,,,,"",
123456,"TwoPole",123,51,7,0.6,1,"PairwiseSupport","multi-point",3,3,"one-point",1,"calibrated",2.366345311130587,0.0011551907359948013,3,4,,,,"",
123456,"TwoPole",124,51,7,0.6,1,"PairwiseSupport","multi-point",3,4,"one-point",1,"calibrated",3.1645569620253164,0.011663369747135492,4,4,,,,"",
123456,"TwoPole",125,51,7,0.6,1,"PairwiseSupport","multi-point",3,3,"one-point",1,"calibrated",6.097560975609756,0.043616865620421344,3,4,,,,"",
123456,"TwoPole",126,51,7,0.6,1,"PairwiseSupport","multi-point",3,3,"one-point",1,"calibrated",5.592377796188898,0.03725399316658854,3,4,,,,"",
123456,"TwoPole",127,51,7,0.6,1,"PairwiseSupport","multi-point",3,4,"one-point",1,"calibrated",3.760445682451253,0.02229689452019692,4,4,,,,"",
123456,"TwoPole",128,51,7,0.6,1,"PairwiseSupport","multi-point",3,3,"one-point",1,"calibrated",3.0920751259734307,0.007843482490304735,3,4,,,,"",
123456,"TwoPole",129,51,7,0.6,1,"PairwiseSupport","multi-point",3,3,"one-point",1,"calibrated",7.246376811594202,0.04460988178201849,3,4,,,,"",
123456,"TwoPole",130,51,7,0.6,1,"PairwiseSupport","multi-point",3,3,"one-point",1,"calibrated",1.5219842164599775,0.005928957414228329,3,4,,,,"",
123456,"TwoPole",131,51,7,0.6,1,"PairwiseSupport","multi-point",3,4,"one-point",1,"calibrated",2.4807056229327453,0.013952683680872312,4,4,,,,"",
123456,"TwoPole",132,51,7,0.6,1,"PairwiseSupport","multi-point",3,3,"one-point",1,"calibrated",5.265210608424336,0.014601234221867784,3,4,,,,"",
123456,"TwoPole",133,51,7,0.6,1,"PairwiseSupport","multi-point",3,4,"one-point",1,"calibrated",2.4085637823371986,0.01182492812667945,4,4,,,,"",
123456,"TwoPole",134,51,7,0.6,1,"PairwiseSupport","multi-point",3,4,"one-point",1,"calibrated",1.8867924528301885,0.020741423288305496,3,4,,,,"",
123456,"TwoPole",135,51,7,0.6,1,"PairwiseSupport","multi-point",3,4,"one-point",1,"calibrated",2.956636005256242,0.018697864479045867,4,4,,,,"",
123456,"TwoPole",136,51,7,0.6,1,"PairwiseSupport","multi-point",3,4,"one-point",1,"calibrated",3.0920751259734307,0.007518668653173555,4,4,,,,"",
123456,"TwoPole",137,51,7,0.6,1,"PairwiseSupport","multi-point",3,4,"one-point",1,"calibrated",3.5498290823034444,0.016221610263809333,4,4,,,,"",
123456,"TwoPole",138,51,7,0.6,1,"PairwiseSupport","multi-point",3,4,"one-point",1,"calibrated",2.035892022319409,0.02069587759892836,3,4,,,,"",
123456,"TwoPole",139,51,7,0.6,1,"PairwiseSupport","multi-point",3,4,"one-point",1,"calibrated",1.3995438523740409,0.004400981968275993,3,4,,,,"",
123456,"TwoPole",140,51,7,0.6,1,"PairwiseSupport","multi-point",3,3,"one-point",1,"calibrated",1.5393386545039909,0.005043995370418459,3,4,,,,"",
123456,"TwoPole",141,51,7,0.6,1,"PairwiseSupport","multi-point",3,4,"one-point",1,"calibrated",3.0228392297357813,0.016715343254576347,4,4,,,,"",
123456,"TwoPole",142,51,7,0.6,1,"PairwiseSupport","multi-point",3,4,"one-point",1,"calibrated",2.6580035440047256,0.018532717015877935,4,4,,,,"",
123456,"TwoPole",143,51,7,0.6,1,"PairwiseSupport","multi-point",3,4,"one-point",1,"calibrated",1.9477708844322608,0.003595157051744291,4,4,,,,"",
123456,"TwoPole",144,51,7,0.6,1,"PairwiseSupport","multi-point",3,4,"one-point",1,"calibrated",2.153797064454371,0.011481658022500703,4,4,,,,"",
123456,"TwoPole",145,51,7,0.6,1,"PairwiseSupport","multi-point",3,4,"one-point",1,"calibrated",3.5037633013236436,0.03780625838439135,4,4,,,,"",
123456,"TwoPole",146,51,7,0.6,1,"PairwiseSupport","multi-point",3,4,"one-point",1,"calibrated",2.17566478646253,0.011044744440900976,4,4,,,,"",
123456,"TwoPole",147,51,7,0.6,1,"PairwiseSupport","multi-point",3,4,"one-point",1,"calibrated",2.2481265611990007,0.0065105210827406945,4,4,,,,"",
123456,"TwoPole",148,51,7,0.6,1,"PairwiseSupport","multi-point",3,4,"one-point",1,"calibrated",3.0228392297357813,0.009467630952591267,3,4,,,,"",
123456,"TwoPole",149,51,7,0.6,1,"PairwiseSupport","multi-point",3,4,"one-point",1,"calibrated",2.458120903131828,0.012971769023011295,4,4,,,,"",
123456,"TwoPole",150,51,7,0.6,1,"PairwiseSupport","multi-point",3,4,"one-point",1,"calibrated",2.229562345169281,0.011631074763096948,4,4,,,,"",
123456,"TwoPole",151,51,7,0.6,1,"PairwiseSupport","multi-point",3,4,"one-point",1,"calibrated",2.0513599756875855,0.020474110303022694,3,4,,,,"",
123456,"TwoPole",152,51,7,0.6,1,"PairwiseSupport","multi-point",3,5,"one-point",1,"calibrated",3.3724706470147385,0.040336328632784704,4,4,,,,"",
123456,"TwoPole",153,51,7,0.6,1,"PairwiseSupport","multi-point",3,3,"one-point",1,"calibrated",2.5037091988130564,0.002222085100782079,3,4,,,,"",
123456,"TwoPole",154,51,7,0.6,1,"PairwiseSupport","multi-point",3,5,"one-point",1,"calibrated",3.1278962001853565,0.02223184869095887,4,4,,,,"",
123456,"TwoPole",155,51,7,0.6,1,"PairwiseSupport","multi-point",3,4,"one-point",1,"calibrated",2.267002518891687,0.02160824663021626,4,4,,,,"",
123456,"TwoPole",156,51,7,0.6,1,"PairwiseSupport","two-point",2,2,"one-point",1,"degenerate",,,,,2,4,1.6624717598467003,"SwitchDetected",4
123456,"TwoPole",157,51,7,0.6,1,"PairwiseSupport","multi-point",3,3,"one-point",1,"degenerate",,,,,2,4,1.5376540592767334,"SwitchDetected",4
123456,"TwoPole",158,51,7,0.6,1,"PairwiseSupport","multi-point",3,4,"one-point",1,"calibrated",2.1034590215020255,0.016666582299340454,4,4,,,,"",
123456,"TwoPole",159,51,7,0.6,1,"PairwiseSupport","multi-point",3,4,"one-point",1,"calibrated",2.956636005256242,0.021490764682336527,4,4,,,,"",
123456,"TwoPole",160,51,7,0.6,1,"PairwiseSupport","multi-point",3,3,"one-point",1,"calibrated",2.153797064454371,0.012870154780917017,3,4,,,,"",
123456,"TwoPole",161,51,7,0.6,1,"PairwiseSupport","multi-point",3,4,"one-point",1,"calibrated",3.0228392297357813,0.01789537743557457,4,4,,,,"",
123456,"TwoPole",162,51,7,0.6,1,"PairwiseSupport","multi-point",3,4,"one-point",1,"calibrated",2.862595419847328,0.01863626275406657,4,4,,,,"",
123456,"TwoPole",163,51,7,0.6,1,"PairwiseSupport","multi-point",3,4,"one-point",1,"calibrated",2.4085637823371986,0.01829869226156789,4,4,,,,"",
123456,"TwoPole",164,51,7,0.6,1,"PairwiseSupport","multi-point",3,4,"one-point",1,"calibrated",2.4085637823371986,0.008593557810416277,4,4,,,,"",
123456,"TwoPole",165,51,7,0.6,1,"PairwiseSupport","multi-point",3,5,"one-point",1,"calibrated",3.372470647014739,0.03460770444680765,4,4,,,,"",
123456,"TwoPole",166,51,7,0.6,1,"PairwiseSupport","multi-point",3,4,"one-point",1,"calibrated",3.2902754082378745,0.021611878576943515,4,4,,,,"",
123456,"TwoPole",167,51,7,0.6,1,"PairwiseSupport","multi-point",3,4,"one-point",1,"calibrated",3.3724706470147385,0.01690988794265507,4,4,,,,"",
123456,"TwoPole",168,51,7,0.6,1,"PairwiseSupport","multi-point",3,3,"one-point",1,"calibrated",1.6652275811027506,0.008035675926813248,3,4,,,,"",
123456,"TwoPole",169,51,7,0.6,1,"PairwiseSupport","multi-point",3,4,"one-point",1,"calibrated",2.5510204081632653,0.018504137398322087,4,4,,,,"",
123456,"TwoPole",170,51,7,0.6,1,"PairwiseSupport","multi-point",3,4,"one-point",1,"calibrated",3.2902754082378745,0.018593428930101737,4,4,,,,"",
123456,"TwoPole",171,51,7,0.6,1,"PairwiseSupport","multi-point",3,3,"one-point",1,"calibrated",4.44078947368421,0.037497136558576526,3,4,,,,"",
123456,"TwoPole",172,51,7,0.6,1,"PairwiseSupport","multi-point",3,4,"one-point",1,"calibrated",3.2506621719239104,0.007645879647353705,4,4,,,,"",
123456,"TwoPole",173,51,7,0.6,1,"PairwiseSupport","multi-point",3,4,"one-point",1,"calibrated",6.7669172932330826,0.04339673626951937,4,4,,,,"",
123456,"TwoPole",174,51,7,0.6,1,"PairwiseSupport","multi-point",3,4,"one-point",1,"calibrated",2.824858757062147,0.026770121805604653,4,4,,,,"",
123456,"TwoPole",175,51,7,0.6,1,"PairwiseSupport","multi-point",3,3,"two-point",2,"calibrated",2.5037091988130564,0.006435814580069123,3,4,,,,"",
123456,"TwoPole",176,51,7,0.6,1,"PairwiseSupport","multi-point",3,3,"one-point",1,"calibrated",1.45223752151463,0.002274963565574252,3,4,,,,"",
123456,"TwoPole",177,51,7,0.6,1,"PairwiseSupport","multi-point",3,3,"one-point",1,"calibrated",1.4367816091954022,0.002773847040029772,3,4,,,,"",
123456,"TwoPole",178,51,7,0.6,1,"PairwiseSupport","multi-point",3,3,"one-point",1,"calibrated",2.5510204081632653,0.005852375239694748,3,4,,,,"",
123456,"TwoPole",179,51,7,0.6,1,"PairwiseSupport","multi-point",3,4,"one-point",1,"calibrated",2.0513599756875855,0.022015607452991953,3,4,,,,"",
123456,"TwoPole",180,51,7,0.6,1,"PairwiseSupport","multi-point",3,3,"one-point",1,"calibrated",4.44078947368421,0.04441861985930569,3,4,,,,"",
123456,"TwoPole",181,51,7,0.6,1,"PairwiseSupport","multi-point",3,4,"one-point",1,"calibrated",2.2481265611990007,0.009324131056174731,4,4,,,,"",
123456,"TwoPole",182,51,7,0.6,1,"PairwiseSupport","multi-point",3,4,"one-point",1,"calibrated",2.305721605465414,0.012211325348364022,4,4,,,,"",
123456,"TwoPole",183,51,7,0.6,1,"PairwiseSupport","multi-point",3,5,"one-point",1,"calibrated",3.057065217391304,0.028277401915792262,4,4,,,,"",
123456,"TwoPole",184,51,7,0.6,1,"PairwiseSupport","multi-point",3,4,"one-point",1,"calibrated",2.458120903131828,0.018298410112114742,4,4,,,,"",
123456,"TwoPole",185,51,7,0.6,1,"PairwiseSupport","multi-point",3,4,"one-point",1,"calibrated",2.4085637823371986,0.015660741217754376,4,4,,,,"",
123456,"TwoPole",186,51,7,0.6,1,"PairwiseSupport","multi-point",3,3,"one-point",1,"calibrated",5.592377796188898,0.047059387705445765,3,4,,,,"",
123456,"TwoPole",187,51,7,0.6,1,"PairwiseSupport","multi-point",3,4,"one-point",1,"calibrated",3.813559322033898,0.020654971927537513,4,4,,,,"",
123456,"TwoPole",188,51,7,0.6,1,"PairwiseSupport","multi-point",3,4,"one-point",1,"calibrated",2.862595419847328,0.021294950359891623,4,4,,,,"",
123456,"TwoPole",189,51,7,0.6,1,"PairwiseSupport","multi-point",3,3,"one-point",1,"calibrated",3.1278962001853565,0.008531936934929853,3,4,,,,"",
123456,"TwoPole",190,51,7,0.6,1,"PairwiseSupport","multi-point",3,4,"one-point",1,"calibrated",3.2119914346895073,0.014125185739024245,4,4,,,,"",
123456,"TwoPole",191,51,7,0.6,1,"PairwiseSupport","multi-point",3,3,"one-point",1,"calibrated",2.6844303042354345,0.004557608893531331,3,4,,,,"",
123456,"TwoPole",192,51,7,0.6,1,"PairwiseSupport","multi-point",3,4,"one-point",1,"calibrated",2.7669604427136707,0.022171083051264494,4,4,,,,"",
123456,"TwoPole",193,51,7,0.6,1,"PairwiseSupport","multi-point",3,4,"one-point",1,"calibrated",2.4302430243024298,0.01426791623486506,4,4,,,,"",
123456,"TwoPole",194,51,7,0.6,1,"PairwiseSupport","multi-point",3,3,"one-point",1,"calibrated",4.103343465045592,0.04621489026917807,3,4,,,,"",
123456,"TwoPole",195,51,7,0.6,1,"PairwiseSupport","multi-point",3,4,"one-point",1,"calibrated",2.7113878288813016,0.020451479209425964,4,4,,,,"",
123456,"TwoPole",196,51,7,0.6,1,"PairwiseSupport","multi-point",3,4,"one-point",1,"calibrated",2.4302430243024298,0.019606475150250706,4,4,,,,"",
123456,"TwoPole",197,51,7,0.6,1,"PairwiseSupport","multi-point",3,4,"one-point",1,"calibrated",2.325581395348837,0.015341682120167704,4,4,,,,"",
123456,"TwoPole",198,51,7,0.6,1,"PairwiseSupport","multi-point",3,4,"one-point",1,"calibrated",4.3172369683402625,0.017642871319926437,4,4,,,,"",
123456,"TwoPole",199,51,7,0.6,1,"PairwiseSupport","multi-point",3,3,"one-point",1,"calibrated",2.7113878288813016,0.001003705615199856,3,4,,,,"",
123456,"TwoPole",200,51,7,0.6,1,"PairwiseSupport","multi-point",3,4,"one-point",1,"calibrated",5.9628975265017665,0.03367766596385238,4,4,,,,"",
123456,"TwoPole",1,51,7,0.6,2,"PairwiseSupport","multi-point",3,4,"one-point",1,"calibrated",3.0920751259734307,0.013185228019092558,4,4,,,,"",
123456,"TwoPole",2,51,7,0.6,2,"PairwiseSupport","multi-point",3,4,"one-point",1,"calibrated",2.5037091988130564,0.006387174061060571,4,4,,,,"",
123456,"TwoPole",3,51,7,0.6,2,"PairwiseSupport","multi-point",3,3,"one-point",1,"calibrated",20,0.024634879268323185,3,4,,,,"",
123456,"TwoPole",4,51,7,0.6,2,"PairwiseSupport","multi-point",3,3,"one-point",1,"calibrated",5.342303126236644,0.03765957948091486,3,4,,,,"",
123456,"TwoPole",5,51,7,0.6,2,"PairwiseSupport","multi-point",3,3,"two-point",2,"calibrated",4.974207811348563,0.011486894817575977,3,4,,,,"",
123456,"TwoPole",6,51,7,0.6,2,"PairwiseSupport","multi-point",3,3,"one-point",1,"calibrated",1.4291763709506669,0.003773753101968654,3,4,,,,"",
123456,"TwoPole",7,51,7,0.6,2,"PairwiseSupport","multi-point",3,4,"two-point",2,"calibrated",6.919528446950282,0.011740025759399078,4,4,,,,"",
123456,"TwoPole",8,51,7,0.6,2,"PairwiseSupport","multi-point",3,4,"one-point",1,"calibrated",2.5753529187333077,0.010302468455153133,4,4,,,,"",
123456,"TwoPole",9,51,7,0.6,2,"PairwiseSupport","multi-point",3,3,"two-point",2,"calibrated",1.530612244897959,0.006940398477966029,3,4,,,,"",
123456,"TwoPole",10,51,7,0.6,2,"PairwiseSupport","multi-point",3,3,"two-point",2,"calibrated",2.024595080983803,0.004472824166949302,3,4,,,,"",
123456,"TwoPole",11,51,7,0.6,2,"PairwiseSupport","multi-point",3,3,"two-point",2,"calibrated",1.8669616927119346,0.007941492189417556,3,4,,,,"",
123456,"TwoPole",12,51,7,0.6,2,"PairwiseSupport","multi-point",3,3,"two-point",2,"calibrated",1.1442617392778438,0.0020575026586771854,3,3,,,,"",
123456,"TwoPole",13,51,7,0.6,2,"PairwiseSupport","multi-point",3,4,"one-point",1,"calibrated",1.5570934256055362,0.004261473171765717,3,4,,,,"",
123456,"TwoPole",14,51,7,0.6,2,"PairwiseSupport","multi-point",3,3,"one-point",1,"calibrated",7.246376811594202,0.05134233159439521,3,4,,,,"",
123456,"TwoPole",15,51,7,0.6,2,"PairwiseSupport","multi-point",3,3,"one-point",1,"calibrated",5.138941758660068,0.035075064733795215,3,4,,,,"",
123456,"TwoPole",16,51,7,0.6,2,"PairwiseSupport","multi-point",3,3,"one-point",1,"calibrated",4.775380261761585,0.03113839905238002,3,4,,,,"",
123456,"TwoPole",17,51,7,0.6,2,"PairwiseSupport","multi-point",3,3,"one-point",1,"degenerate",,,,,1,4,1.3808145659755293,"SwitchDetected",4
123456,"TwoPole",18,51,7,0.6,2,"PairwiseSupport","multi-point",3,3,"one-point",1,"calibrated",6.703078450844091,0.02998381103855166,3,4,,,,"",
123456,"TwoPole",19,51,7,0.6,2,"PairwiseSupport","multi-point",3,4,"one-point",1,"calibrated",2.862595419847328,0.011628126750212213,4,4,,,,"",
123456,"TwoPole",20,51,7,0.6,2,"PairwiseSupport","multi-point",3,4,"one-point",1,"calibrated",2.4302430243024298,0.012307153647758761,4,4,,,,"",
123456,"TwoPole",21,51,7,0.6,2,"PairwiseSupport","multi-point",3,3,"one-point",1,"calibrated",1.2953367875647668,0.0005551720636094156,3,4,,,,"",
123456,"TwoPole",22,51,7,0.6,2,"PairwiseSupport","multi-point",3,3,"one-point",1,"calibrated",1.3976602132725957,0.0016991410481820269,3,4,,,,"",
123456,"TwoPole",23,51,7,0.6,2,"PairwiseSupport","multi-point",3,3,"one-point",1,"calibrated",4.534766543500169,0.04166988604226614,3,4,,,,"",
123456,"TwoPole",24,51,7,0.6,2,"PairwiseSupport","multi-point",3,4,"one-point",1,"calibrated",4.9504950495049505,0.04018023282652962,4,4,,,,"",
123456,"TwoPole",25,51,7,0.6,2,"PairwiseSupport","multi-point",3,4,"two-point",2,"calibrated",1.9477708844322608,0.01756343894032257,3,4,,,,"",
123456,"TwoPole",26,51,7,0.6,2,"PairwiseSupport","multi-point",3,4,"one-point",1,"calibrated",2.071187480822338,0.007043011633544665,4,4,,,,"",
123456,"TwoPole",27,51,7,0.6,2,"PairwiseSupport","multi-point",3,3,"one-point",1,"calibrated",1.4862930749752286,0.003145280492431133,3,4,,,,"",
123456,"TwoPole",28,51,7,0.6,2,"PairwiseSupport","multi-point",3,3,"one-point",1,"calibrated",3.4151277510751323,0.006363839567987358,3,4,,,,"",
123456,"TwoPole",29,51,7,0.6,2,"PairwiseSupport","multi-point",3,3,"one-point",1,"calibrated",7.421660252886201,0.032162414454610856,3,4,,,,"",
123456,"TwoPole",30,51,7,0.6,2,"PairwiseSupport","multi-point",3,4,"one-point",1,"calibrated",2.458120903131828,0.01488665740866286,4,4,,,,"",
123456,"TwoPole",31,51,7,0.6,2,"PairwiseSupport","multi-point",3,3,"one-point",1,"calibrated",5.9628975265017665,0.03790785361871136,3,4,,,,"",
123456,"TwoPole",32,51,7,0.6,2,"PairwiseSupport","multi-point",3,3,"one-point",1,"calibrated",1.9619241389332946,0.0033339247976990442,3,4,,,,"",
123456,"TwoPole",33,51,7,0.6,2,"PairwiseSupport","multi-point",3,4,"one-point",1,"calibrated",2.4302430243024298,0.01073054951127492,4,4,,,,"",
123456,"TwoPole",34,51,7,0.6,2,"PairwiseSupport","multi-point",3,4,"one-point",1,"calibrated",2.2481265611990007,0.011496469429831638,4,4,,,,"",
123456,"TwoPole",35,51,7,0.6,2,"PairwiseSupport","multi-point",3,3,"one-point",1,"calibrated",6.540697674418604,0.043279593097783266,3,4,,,,"",
123456,"TwoPole",36,51,7,0.6,2,"PairwiseSupport","multi-point",3,3,"one-point",1,"calibrated",20,0.004773076196289423,3,4,,,,"",
123456,"TwoPole",37,51,7,0.6,2,"PairwiseSupport","multi-point",3,3,"one-point",1,"calibrated",2.17566478646253,0.004504642776535994,3,4,,,,"",
123456,"TwoPole",38,51,7,0.6,2,"PairwiseSupport","multi-point",3,3,"one-point",1,"calibrated",20,0.012615036316528373,3,4,,,,"",
123456,"TwoPole",39,51,7,0.6,2,"PairwiseSupport","two-point",2,2,"one-point",1,"degenerate",,,,,1,4,1.307579716552727,"SwitchDetected",4
123456,"TwoPole",40,51,7,0.6,2,"PairwiseSupport","multi-point",3,3,"one-point",1,"calibrated",2.795609857113274,0.009327546059344854,3,4,,,,"",
123456,"TwoPole",41,51,7,0.6,2,"PairwiseSupport","multi-point",3,4,"one-point",1,"calibrated",3.4151277510751323,0.0072628871346424265,4,4,,,,"",
123456,"TwoPole",42,51,7,0.6,2,"PairwiseSupport","two-point",2,2,"one-point",1,"degenerate",,,,,1,3,1.2996913391723195,"SwitchDetected",3
123456,"TwoPole",43,51,7,0.6,2,"PairwiseSupport","two-point",2,2,"one-point",1,"degenerate",,,,,2,4,1.5973173959066305,"SwitchDetected",4
123456,"TwoPole",44,51,7,0.6,2,"PairwiseSupport","multi-point",3,4,"one-point",1,"calibrated",3.2119914346895073,0.01229707278108695,4,4,,,,"",
123456,"TwoPole",45,51,7,0.6,2,"PairwiseSupport","multi-point",3,4,"one-point",1,"calibrated",4.387390315242119,0.030662693790344617,4,4,,,,"",
123456,"TwoPole",46,51,7,0.6,2,"PairwiseSupport","multi-point",3,4,"one-point",1,"calibrated",4.103343465045592,0.006767072449565041,4,4,,,,"",
123456,"TwoPole",47,51,7,0.6,2,"PairwiseSupport","multi-point",3,4,"one-point",1,"calibrated",2.305721605465414,0.007804640038156902,4,4,,,,"",
123456,"TwoPole",48,51,7,0.6,2,"PairwiseSupport","multi-point",3,3,"one-point",1,"calibrated",5.9628975265017665,0.028453628106231303,3,4,,,,"",
123456,"TwoPole",49,51,7,0.6,2,"PairwiseSupport","multi-point",3,3,"one-point",1,"degenerate",,,,,1,3,1.1526394222169771,"SwitchDetected",3
123456,"TwoPole",50,51,7,0.6,2,"PairwiseSupport","multi-point",3,3,"two-point",2,"calibrated",4.387390315242119,0.010308452866266887,3,4,,,,"",
123456,"TwoPole",51,51,7,0.6,2,"PairwiseSupport","multi-point",3,4,"one-point",1,"calibrated",2.956636005256242,0.00569037274248014,4,4,,,,"",
123456,"TwoPole",52,51,7,0.6,2,"PairwiseSupport","multi-point",3,4,"one-point",1,"calibrated",2.2295623451692816,0.01419899781441572,4,4,,,,"",
123456,"TwoPole",53,51,7,0.6,2,"PairwiseSupport","multi-point",3,3,"one-point",1,"calibrated",2.366345311130587,0.0012899798788174883,3,4,,,,"",
123456,"TwoPole",54,51,7,0.6,2,"PairwiseSupport","multi-point",3,4,"one-point",1,"calibrated",2.862595419847328,0.009568197145988751,4,4,,,,"",
123456,"TwoPole",55,51,7,0.6,2,"PairwiseSupport","multi-point",3,3,"one-point",1,"calibrated",4.041916167664669,0.03172211152464914,3,4,,,,"",
123456,"TwoPole",56,51,7,0.6,2,"PairwiseSupport","multi-point",3,4,"one-point",1,"calibrated",3.760445682451253,0.018731757129124234,4,4,,,,"",
123456,"TwoPole",57,51,7,0.6,2,"PairwiseSupport","multi-point",3,4,"one-point",1,"calibrated",2.6066808264143657,0.013994096946532666,4,4,,,,"",
123456,"TwoPole",58,51,7,0.6,2,"PairwiseSupport","multi-point",3,3,"one-point",1,"calibrated",1.2769580022701477,0.00011601531271308396,3,4,,,,"",
123456,"TwoPole",59,51,7,0.6,2,"PairwiseSupport","multi-point",3,3,"one-point",1,"degenerate",,,,,2,4,2.6706232663218907,"SwitchDetected",4
123456,"TwoPole",60,51,7,0.6,2,"PairwiseSupport","multi-point",3,4,"one-point",1,"calibrated",2.6512175962293796,0.013317737125214266,4,4,,,,"",
123456,"TwoPole",61,51,7,0.6,2,"PairwiseSupport","multi-point",3,4,"one-point",1,"calibrated",2.4302430243024298,0.0019411533912177567,4,4,,,,"",
123456,"TwoPole",62,51,7,0.6,2,"PairwiseSupport","multi-point",3,4,"one-point",1,"calibrated",3.8681948424068757,0.017226602105590124,4,4,,,,"",
123456,"TwoPole",63,51,7,0.6,2,"PairwiseSupport","multi-point",3,3,"one-point",1,"calibrated",2.6844303042354345,0.0030506387807323707,3,4,,,,"",
123456,"TwoPole",64,51,7,0.6,2,"PairwiseSupport","multi-point",3,3,"two-point",2,"calibrated",2.1367521367521367,0.013818630617630053,3,4,,,,"",
123456,"TwoPole",65,51,7,0.6,2,"PairwiseSupport","multi-point",3,4,"one-point",1,"calibrated",2.087198515769944,0.009384738405321906,4,4,,,,"",
123456,"TwoPole",66,51,7,0.6,2,"PairwiseSupport","multi-point",3,4,"one-point",1,"calibrated",3.1645569620253164,0.009809645091970735,4,4,,,,"",
123456,"TwoPole",67,51,7,0.6,2,"PairwiseSupport","multi-point",3,4,"one-point",1,"calibrated",4.387390315242119,0.03510910835780989,4,4,,,,"",
123456,"TwoPole",68,51,7,0.6,2,"PairwiseSupport","multi-point",3,4,"one-point",1,"calibrated",2.4807056229327453,0.014859653649623196,4,4,,,,"",
123456,"TwoPole",69,51,7,0.6,2,"PairwiseSupport","multi-point",3,3,"one-point",1,"calibrated",1.838235294117647,0.001861621915864194,3,4,,,,"",
123456,"TwoPole",70,51,7,0.6,2,"PairwiseSupport","multi-point",3,4,"one-point",1,"calibrated",2.6512175962293796,0.022959539351213656,4,4,,,,"",
123456,"TwoPole",71,51,7,0.6,2,"PairwiseSupport","two-point",2,2,"one-point",1,"degenerate",,,,,1,4,1.0742317479279537,"SwitchDetected",2
123456,"TwoPole",72,51,7,0.6,2,"PairwiseSupport","multi-point",3,3,"one-point",1,"calibrated",7.246376811594202,0.059589961347221776,3,4,,,,"",
123456,"TwoPole",73,51,7,0.6,2,"PairwiseSupport","two-point",2,2,"one-point",1,"degenerate",,,,,1,3,1.1935492683282187,"SwitchDetected",3
123456,"TwoPole",74,51,7,0.6,2,"PairwiseSupport","multi-point",3,4,"one-point",1,"calibrated",3.0228392297357813,0.015607483460118334,4,4,,,,"",
123456,"TwoPole",75,51,7,0.6,2,"PairwiseSupport","multi-point",3,4,"one-point",1,"calibrated",3.2902754082378745,0.01543344739816908,4,4,,,,"",
123456,"TwoPole",76,51,7,0.6,2,"PairwiseSupport","multi-point",3,4,"one-point",1,"calibrated",4.183452122714595,0.010079140640482882,4,4,,,,"",
123456,"TwoPole",77,51,7,0.6,2,"PairwiseSupport","multi-point",3,4,"one-point",1,"calibrated",2.286198137171888,0.01627559212799774,4,4,,,,"",
123456,"TwoPole",78,51,7,0.6,2,"PairwiseSupport","multi-point",3,3,"one-point",1,"calibrated",7.246376811594202,0.046913115359709136,3,4,,,,"",
123456,"TwoPole",79,51,7,0.6,2,"PairwiseSupport","multi-point",3,3,"one-point",1,"calibrated",2.824858757062147,0.002545947724206853,3,4,,,,"",
123456,"TwoPole",80,51,7,0.6,2,"PairwiseSupport","multi-point",3,3,"one-point",1,"calibrated",2.211302211302211,0.005446738209458733,3,4,,,,"",
123456,"TwoPole",81,51,7,0.6,2,"PairwiseSupport","multi-point",3,3,"one-point",1,"calibrated",1.4142049025769956,0.003683756448345295,3,4,,,,"",
123456,"TwoPole",82,51,7,0.6,2,"PairwiseSupport","multi-point",3,4,"one-point",1,"calibrated",2.7388922702373706,0.01958283308172308,4,4,,,,"",
123456,"TwoPole",83,51,7,0.6,2,"PairwiseSupport","multi-point",3,4,"one-point",1,"calibrated",1.6755616234330397,0.013749912162464392,3,4,,,,"",
123456,"TwoPole",84,51,7,0.6,2,"PairwiseSupport","multi-point",3,4,"one-point",1,"calibrated",4.103343465045592,0.011874116317841212,4,4,,,,"",
123456,"TwoPole",85,51,7,0.6,2,"PairwiseSupport","multi-point",3,4,"one-point",1,"calibrated",3.057065217391304,0.009971140016445276,4,4,,,,"",
123456,"TwoPole",86,51,7,0.6,2,"PairwiseSupport","multi-point",3,4,"two-point",2,"calibrated",2.2247857613711273,0.01667301748849233,4,4,,,,"",
123456,"TwoPole",87,51,7,0.6,2,"PairwiseSupport","multi-point",3,4,"one-point",1,"calibrated",3.0920751259734307,0.013285508762191976,4,4,,,,"",
123456,"TwoPole",88,51,7,0.6,2,"PairwiseSupport","multi-point",3,4,"one-point",1,"calibrated",3.2902754082378745,0.0268426484497068,4,4,,,,"",
123456,"TwoPole",89,51,7,0.6,2,"PairwiseSupport","multi-point",3,3,"one-point",1,"calibrated",1.4781561370852951,0.004808652311073784,3,4,,,,"",
123456,"TwoPole",90,51,7,0.6,2,"PairwiseSupport","multi-point",3,4,"one-point",1,"calibrated",2.286198137171888,0.01658921486758411,4,4,,,,"",
123456,"TwoPole",91,51,7,0.6,2,"PairwiseSupport","multi-point",3,4,"one-point",1,"calibrated",1.9619241389332946,0.008858679686268406,4,4,,,,"",
123456,"TwoPole",92,51,7,0.6,2,"PairwiseSupport","multi-point",3,4,"one-point",1,"calibrated",5.710659898477157,0.040437886701978454,4,4,,,,"",
123456,"TwoPole",93,51,7,0.6,2,"PairwiseSupport","multi-point",3,3,"one-point",1,"calibrated",4.775380261761585,0.04538726728317308,3,4,,,,"",
123456,"TwoPole",94,51,7,0.6,2,"PairwiseSupport","multi-point",3,3,"one-point",1,"calibrated",1.6129032258064517,0.007760262968706251,3,4,,,,"",
123456,"TwoPole",95,51,7,0.6,2,"PairwiseSupport","multi-point",3,4,"one-point",1,"calibrated",2.9893711248892822,0.014162174518807982,4,4,,,,"",
123456,"TwoPole",96,51,7,0.6,2,"PairwiseSupport","multi-point",3,3,"one-point",1,"calibrated",5.042958535674262,0.03674356727218581,3,4,,,,"",
123456,"TwoPole",97,51,7,0.6,2,"PairwiseSupport","multi-point",3,4,"one-point",1,"calibrated",3.2902754082378745,0.00488269199408763,4,4,,,,"",
123456,"TwoPole",98,51,7,0.6,2,"PairwiseSupport","multi-point",3,4,"one-point",1,"calibrated",11.703511053315996,0.011483730842228455,4,4,,,,"",
123456,"TwoPole",99,51,7,0.6,2,"PairwiseSupport","multi-point",3,4,"one-point",1,"calibrated",7.736389684813753,0.036501005276763046,4,4,,,,"",
123456,"TwoPole",100,51,7,0.6,2,"PairwiseSupport","multi-point",3,3,"two-point",2,"calibrated",2.325581395348837,0.0008410571181047267,3,4,,,,"",
123456,"TwoPole",101,51,7,0.6,2,"PairwiseSupport","multi-point",3,4,"one-point",1,"calibrated",2.956636005256242,0.016322998790206416,4,4,,,,"",
123456,"TwoPole",102,51,7,0.6,2,"PairwiseSupport","multi-point",3,4,"one-point",1,"calibrated",2.305721605465414,0.009781182296141382,4,4,,,,"",
123456,"TwoPole",103,51,7,0.6,2,"PairwiseSupport","two-point",2,2,"one-point",1,"degenerate",,,,,2,4,1.5942713657322152,"SwitchDetected",4
123456,"TwoPole",104,51,7,0.6,2,"PairwiseSupport","multi-point",3,4,"one-point",1,"calibrated",2.1711161145062716,0.01032512702793956,4,4,,,,"",
123456,"TwoPole",105,51,7,0.6,2,"PairwiseSupport","multi-point",3,5,"one-point",1,"calibrated",3.0920751259734307,0.026303922904156785,4,4,,,,"",
123456,"TwoPole",106,51,7,0.6,2,"PairwiseSupport","multi-point",3,3,"two-point",2,"calibrated",3.813559322033898,0.021017161779378717,3,4,,,,"",
123456,"TwoPole",107,51,7,0.6,2,"PairwiseSupport","multi-point",3,3,"one-point",1,"degenerate",,,,,1,3,1.207763700265396,"SwitchDetected",3
123456,"TwoPole",108,51,7,0.6,2,"PairwiseSupport","two-point",2,2,"two-point",2,"degenerate",,,,,1,4,1.0463520415168783,"SwitchDetected",2
123456,"TwoPole",109,51,7,0.6,2,"PairwiseSupport","multi-point",3,4,"one-point",1,"calibrated",2.824858757062147,0.012766778530433016,4,4,,,,"",
123456,"TwoPole",110,51,7,0.6,2,"PairwiseSupport","multi-point",3,4,"one-point",1,"calibrated",4.249291784702549,0.021439083825889275,4,4,,,,"",
123456,"TwoPole",111,51,7,0.6,2,"PairwiseSupport","two-point",2,2,"one-point",1,"degenerate",,,,,1,4,1.0816999009013946,"SwitchDetected",2
123456,"TwoPole",112,51,7,0.6,2,"PairwiseSupport","multi-point",3,4,"one-point",1,"calibrated",5.164498852333589,0.012671976487765265,4,4,,,,"",
123456,"TwoPole",113,51,7,0.6,2,"PairwiseSupport","multi-point",3,3,"two-point",2,"calibrated",1.9200682690940125,0.008658797691231037,3,4,,,,"",
123456,"TwoPole",114,51,7,0.6,2,"PairwiseSupport","multi-point",3,4,"one-point",1,"calibrated",2.9163966299416724,0.015111768500627381,4,4,,,,"",
123456,"TwoPole",115,51,7,0.6,2,"PairwiseSupport","multi-point",3,3,"one-point",1,"calibrated",1.4142049025769956,0.0005315565709369896,3,4,,,,"",
123456,"TwoPole",116,51,7,0.6,2,"PairwiseSupport","multi-point",3,3,"one-point",1,"calibrated",6.385998107852411,0.048589344506446266,3,4,,,,"",
123456,"TwoPole",117,51,7,0.6,2,"PairwiseSupport","multi-point",3,4,"one-point",1,"calibrated",2.305721605465414,0.009801293135872075,4,4,,,,"",
123456,"TwoPole",118,51,7,0.6,2,"PairwiseSupport","multi-point",3,3,"one-point",1,"calibrated",4.44078947368421,0.02915374245058336,3,4,,,,"",
123456,"TwoPole",119,51,7,0.6,2,"PairwiseSupport","multi-point",3,4,"one-point",1,"calibrated",3.760445682451253,0.012220523418747369,4,4,,,,"",
123456,"TwoPole",120,51,7,0.6,2,"PairwiseSupport","multi-point",3,4,"one-point",1,"calibrated",4.9504950495049505,0.015751301446776136,4,4,,,,"",
123456,"TwoPole",121,51,7,0.6,2,"PairwiseSupport","multi-point",3,3,"one-point",1,"degenerate",,,,,2,4,1.4835829288357394,"SwitchDetected",4
123456,"TwoPole",122,51,7,0.6,2,"PairwiseSupport","multi-point",3,4,"one-point",1,"calibrated",2.6844303042354345,0.019313533519149058,4,4,,,,"",
123456,"TwoPole",123,51,7,0.6,2,"PairwiseSupport","multi-point",3,3,"one-point",1,"calibrated",20,0.01695564160125658,3,4,,,,"",
123456,"TwoPole",124,51,7,0.6,2,"PairwiseSupport","multi-point",3,4,"one-point",1,"calibrated",2.7388922702373706,0.019110228289556067,4,4,,,,"",
123456,"TwoPole",125,51,7,0.6,2,"PairwiseSupport","multi-point",3,4,"one-point",1,"calibrated",2.5271433919880195,0.012703161860355989,4,4,,,,"",
123456,"TwoPole",126,51,7,0.6,2,"PairwiseSupport","multi-point",3,4,"one-point",1,"degenerate",,,,,1,4,1.1993761545660881,"SwitchDetected",4
123456,"TwoPole",127,51,7,0.6,2,"PairwiseSupport","multi-point",3,4,"one-point",1,"degenerate",,,,,1,4,1.3970004224937191,"SwitchDetected",4
123456,"TwoPole",128,51,7,0.6,2,"PairwiseSupport","multi-point",3,4,"one-point",1,"calibrated",2.8932704672096015,0.025192229374333342,4,4,,,,"",
123456,"TwoPole",129,51,7,0.6,2,"PairwiseSupport","multi-point",3,3,"one-point",1,"calibrated",1.6251354279523291,0.00535320132004511,3,4,,,,"",
123456,"TwoPole",130,51,7,0.6,2,"PairwiseSupport","multi-point",3,3,"one-point",1,"calibrated",1.6449372486901424,0.007764565929659435,3,4,,,,"",
123456,"TwoPole",131,51,7,0.6,2,"PairwiseSupport","multi-point",3,4,"two-point",2,"calibrated",1.8226002430133654,0.015056159289677937,4,3,,,,"",
123456,"TwoPole",132,51,7,0.6,2,"PairwiseSupport","multi-point",3,4,"one-point",1,"calibrated",4.387390315242119,0.009706184762312959,4,4,,,,"",
123456,"TwoPole",133,51,7,0.6,2,"PairwiseSupport","multi-point",3,4,"one-point",1,"calibrated",2.5510204081632653,0.011514410580540936,4,4,,,,"",
123456,"TwoPole",134,51,7,0.6,2,"PairwiseSupport","multi-point",3,4,"one-point",1,"calibrated",3.5037633013236436,0.023944976584353607,4,4,,,,"",
123456,"TwoPole",135,51,7,0.6,2,"PairwiseSupport","multi-point",3,3,"one-point",1,"calibrated",1.7516543402101983,0.00026943842461721714,3,4,,,,"",
123456,"TwoPole",136,51,7,0.6,2,"PairwiseSupport","multi-point",3,4,"one-point",1,"calibrated",2.1887159533073928,0.005383846635505693,3,4,,,,"",
123456,"TwoPole",137,51,7,0.6,2,"PairwiseSupport","multi-point",3,4,"one-point",1,"calibrated",2.4085637823371986,0.004964549485771987,4,4,,,,"",
123456,"TwoPole",138,51,7,0.6,2,"PairwiseSupport","multi-point",3,3,"one-point",1,"calibrated",2.632092025736011,0.011473109868520686,3,4,,,,"",
123456,"TwoPole",139,51,7,0.6,2,"PairwiseSupport","multi-point",3,4,"one-point",1,"calibrated",4.3172369683402625,0.03526425202340271,4,4,,,,"",
123456,"TwoPole",140,51,7,0.6,2,"PairwiseSupport","multi-point",3,4,"one-point",1,"calibrated",2.1367521367521367,0.01006746730228071,4,4,,,,"",
123456,"TwoPole",141,51,7,0.6,2,"PairwiseSupport","multi-point",3,4,"one-point",1,"calibrated",2.211302211302211,0.010975207707891208,4,4,,,,"",
123456,"TwoPole",142,51,7,0.6,2,"PairwiseSupport","multi-point",3,4,"one-point",1,"calibrated",2.8325639949643304,0.018350955583390952,4,4,,,,"",
123456,"TwoPole",143,51,7,0.6,2,"PairwiseSupport","two-point",2,2,"two-point",2,"degenerate",,,,,1,4,1.049915019619422,"SwitchDetected",2
123456,"TwoPole",144,51,7,0.6,2,"PairwiseSupport","multi-point",3,4,"one-point",1,"calibrated",1.9477708844322608,0.007448577544716577,4,4,,,,"",
123456,"TwoPole",145,51,7,0.6,2,"PairwiseSupport","multi-point",3,4,"one-point",1,"calibrated",3.2902754082378745,0.006657239078446352,4,4,,,,"",
123456,"TwoPole",146,51,7,0.6,2,"PairwiseSupport","multi-point",3,4,"one-point",1,"calibrated",1.9338203695745597,0.012507215476248702,3,4,,,,"",
123456,"TwoPole",147,51,7,0.6,2,"PairwiseSupport","multi-point",3,4,"one-point",1,"calibrated",4.368932038834951,0.05783356587237819,3,4,,,,"",
123456,"TwoPole",148,51,7,0.6,2,"PairwiseSupport","multi-point",3,3,"two-point",2,"calibrated",2.956636005256242,0.009040410508237853,3,4,,,,"",
123456,"TwoPole",149,51,7,0.6,2,"PairwiseSupport","multi-point",3,3,"one-point",1,"degenerate",,,,,2,4,1.6451541804879934,"SwitchDetected",4
123456,"TwoPole",150,51,7,0.6,2,"PairwiseSupport","multi-point",3,4,"one-point",1,"degenerate",,,,,1,4,1.3017149960006666,"SwitchDetected",3
123456,"TwoPole",151,51,7,0.6,2,"PairwiseSupport","multi-point",3,4,"one-point",1,"calibrated",4.2993630573248405,0.03848656048983093,4,4,,,,"",
123456,"TwoPole",152,51,7,0.6,2,"PairwiseSupport","multi-point",3,3,"two-point",2,"calibrated",2.435943702634428,0.02770414287828521,3,4,,,,"",
123456,"TwoPole",153,51,7,0.6,2,"PairwiseSupport","multi-point",3,4,"one-point",1,"calibrated",2.0830118808825797,0.011106021854706086,3,4,,,,"",
123456,"TwoPole",154,51,7,0.6,2,"PairwiseSupport","multi-point",3,4,"one-point",1,"calibrated",2.862595419847328,0.007051315154079144,4,4,,,,"",
123456,"TwoPole",155,51,7,0.6,2,"PairwiseSupport","multi-point",3,4,"one-point",1,"calibrated",2.17566478646253,0.013947862651322043,4,4,,,,"",
123456,"TwoPole",156,51,7,0.6,2,"PairwiseSupport","multi-point",3,4,"one-point",1,"calibrated",2.2481265611990007,0.011879302349573396,4,4,,,,"",
123456,"TwoPole",157,51,7,0.6,2,"PairwiseSupport","multi-point",3,3,"one-point",1,"calibrated",3.760445682451253,0.012262845089618894,3,4,,,,"",
123456,"TwoPole",158,51,7,0.6,2,"PairwiseSupport","multi-point",3,3,"one-point",1,"calibrated",1.5028386953133697,0.002395576694831665,3,4,,,,"",
123456,"TwoPole",159,51,7,0.6,2,"PairwiseSupport","multi-point",3,4,"one-point",1,"calibrated",4.534766543500169,0.016457265656915646,4,4,,,,"",
123456,"TwoPole",160,51,7,0.6,2,"PairwiseSupport","multi-point",3,4,"one-point",1,"calibrated",3.3724706470147385,0.019273710415239866,4,4,,,,"",
123456,"TwoPole",161,51,7,0.6,2,"PairwiseSupport","multi-point",3,4,"one-point",1,"calibrated",3.2119914346895073,0.023515178981570916,4,4,,,,"",
123456,"TwoPole",162,51,7,0.6,2,"PairwiseSupport","multi-point",3,4,"one-point",1,"calibrated",2.9163966299416724,0.013871425010777856,4,4,,,,"",
123456,"TwoPole",163,51,7,0.6,2,"PairwiseSupport","multi-point",3,3,"one-point",1,"calibrated",4.974207811348563,0.042425931172505274,3,4,,,,"",
123456,"TwoPole",164,51,7,0.6,2,"PairwiseSupport","multi-point",3,4,"one-point",1,"calibrated",2.4085637823371986,0.006604411898791069,4,4,,,,"",
123456,"TwoPole",165,51,7,0.6,2,"PairwiseSupport","multi-point",3,3,"one-point",1,"calibrated",1.8508363038113516,0.00021507410420681,3,4,,,,"",
123456,"TwoPole",166,51,7,0.6,2,"PairwiseSupport","multi-point",3,4,"one-point",1,"calibrated",2.458120903131828,0.015112997685827734,4,4,,,,"",
123456,"TwoPole",167,51,7,0.6,2,"PairwiseSupport","multi-point",3,3,"one-point",1,"degenerate",,,,,1,3,1.2269706634264976,"SwitchDetected",3
123456,"TwoPole",168,51,7,0.6,2,"PairwiseSupport","multi-point",3,3,"one-point",1,"calibrated",1.2830260406766774,0.0007025388245264862,3,4,,,,"",
123456,"TwoPole",169,51,7,0.6,2,"PairwiseSupport","multi-point",3,4,"one-point",1,"calibrated",3.1278962001853565,0.014631912641734558,4,4,,,,"",
123456,"TwoPole",170,51,7,0.6,2,"PairwiseSupport","multi-point",3,4,"one-point",1,"calibrated",2.7669604427136707,0.015140491184130588,4,4,,,,"",
123456,"TwoPole",171,51,7,0.6,2,"PairwiseSupport","multi-point",3,4,"one-point",1,"calibrated",1.7403635426066777,0.001201524701450255,3,4,,,,"",
123456,"TwoPole",172,51,7,0.6,2,"PairwiseSupport","multi-point",3,3,"one-point",1,"calibrated",3.7468776019983348,0.02542909465172798,3,4,,,,"",
123456,"TwoPole",173,51,7,0.6,2,"PairwiseSupport","multi-point",3,4,"one-point",1,"calibrated",2.435943702634428,0.010132220053138033,4,4,,,,"",
123456,"TwoPole",174,51,7,0.6,2,"PairwiseSupport","multi-point",3,4,"one-point",1,"calibrated",2.4085637823371986,0.016304423911902635,4,4,,,,"",
123456,"TwoPole",175,51,7,0.6,2,"PairwiseSupport","multi-point",3,4,"one-point",1,"calibrated",2.141157811260904,0.006977510492966109,4,4,,,,"",
123456,"TwoPole",176,51,7,0.6,2,"PairwiseSupport","multi-point",3,4,"one-point",1,"calibrated",3.5037633013236436,0.012881945463080401,4,4,,,,"",
123456,"TwoPole",177,51,7,0.6,2,"PairwiseSupport","multi-point",3,4,"one-point",1,"calibrated",2.824858757062147,0.019962849011258745,4,4,,,,"",
123456,"TwoPole",178,51,7,0.6,2,"PairwiseSupport","multi-point",3,3,"one-point",1,"calibrated",1.4862930749752286,0.006250966168599695,3,4,,,,"",
123456,"TwoPole",179,51,7,0.6,2,"PairwiseSupport","multi-point",3,3,"one-point",1,"calibrated",8.681672025723472,0.04785853015778502,3,4,,,,"",
123456,"TwoPole",180,51,7,0.6,2,"PairwiseSupport","multi-point",3,3,"one-point",1,"calibrated",1.4142049025769956,0.0014486269789282615,3,4,,,,"",
123456,"TwoPole",181,51,7,0.6,2,"PairwiseSupport","multi-point",3,3,"two-point",2,"calibrated",2.435943702634428,0.004290184068625467,3,4,,,,"",
123456,"TwoPole",182,51,7,0.6,2,"PairwiseSupport","multi-point",3,3,"one-point",1,"degenerate",,,,,1,4,1.3433499707905014,"SwitchDetected",4
123456,"TwoPole",183,51,7,0.6,2,"PairwiseSupport","multi-point",3,4,"one-point",1,"calibrated",2.7669604427136707,0.02106084900719832,4,4,,,,"",
123456,"TwoPole",184,51,7,0.6,2,"PairwiseSupport","one-point",1,1,"one-point",1,"degenerate",,,,,1,3,1.0826965315746562,"SwitchDetected",2
123456,"TwoPole",185,51,7,0.6,2,"PairwiseSupport","multi-point",3,4,"one-point",1,"calibrated",1.9908568057808584,0.004707379438051322,4,4,,,,"",
123456,"TwoPole",186,51,7,0.6,2,"PairwiseSupport","multi-point",3,4,"one-point",1,"calibrated",2.6580035440047256,0.0013159716711769252,4,4,,,,"",
123456,"TwoPole",187,51,7,0.6,2,"PairwiseSupport","multi-point",3,3,"one-point",1,"calibrated",6.346967559943582,0.010717547320365471,3,4,,,,"",
123456,"TwoPole",188,51,7,0.6,2,"PairwiseSupport","multi-point",3,3,"one-point",1,"calibrated",5.042958535674262,0.04476636289786033,3,4,,,,"",
123456,"TwoPole",189,51,7,0.6,2,"PairwiseSupport","one-point",1,1,"one-point",1,"degenerate",,,,,1,3,1.1305081783993518,"SwitchDetected",3
123456,"TwoPole",190,51,7,0.6,2,"PairwiseSupport","multi-point",3,4,"one-point",1,"calibrated",2.632092025736011,0.0165548109586415,4,4,,,,"",
123456,"TwoPole",191,51,7,0.6,2,"PairwiseSupport","multi-point",3,4,"one-point",1,"calibrated",2.039891205802357,0.0157060829182337,3,4,,,,"",
123456,"TwoPole",192,51,7,0.6,2,"PairwiseSupport","multi-point",3,4,"one-point",1,"calibrated",2.3872679045092835,0.012240159395928417,4,4,,,,"",
123456,"TwoPole",193,51,7,0.6,2,"PairwiseSupport","multi-point",3,3,"one-point",1,"calibrated",1.4945200929923614,0.004002852361916339,3,4,,,,"",
123456,"TwoPole",194,51,7,0.6,2,"PairwiseSupport","multi-point",3,4,"one-point",1,"calibrated",3.1645569620253164,0.021441999653179215,4,4,,,,"",
123456,"TwoPole",195,51,7,0.6,2,"PairwiseSupport","multi-point",3,5,"one-point",1,"calibrated",2.7388922702373706,0.021855519864866977,4,4,,,,"",
123456,"TwoPole",196,51,7,0.6,2,"PairwiseSupport","multi-point",3,4,"one-point",1,"calibrated",4.775380261761585,0.06361766981579853,3,4,,,,"",
123456,"TwoPole",197,51,7,0.6,2,"PairwiseSupport","multi-point",3,3,"one-point",1,"calibrated",1.519756838905775,0.007073270237741495,3,4,,,,"",
123456,"TwoPole",198,51,7,0.6,2,"PairwiseSupport","multi-point",3,4,"one-point",1,"calibrated",2.6844303042354345,0.016590173769734366,4,4,,,,"",
123456,"TwoPole",199,51,7,0.6,2,"PairwiseSupport","multi-point",3,3,"two-point",2,"calibrated",3.1742299553256523,0.0057846685639439295,3,4,,,,"",
123456,"TwoPole",200,51,7,0.6,2,"PairwiseSupport","multi-point",3,3,"one-point",1,"calibrated",1.4701078079059129,0.00398229517249507,3,4,,,,"",
123456,"TwoPole",1,51,7,0.6,3,"PairwiseSupport","multi-point",3,4,"one-point",1,"calibrated",5.369928400954653,0.007464921808023934,4,4,,,,"",
123456,"TwoPole",2,51,7,0.6,3,"PairwiseSupport","multi-point",3,3,"one-point",1,"calibrated",1.5845070422535212,0.002123638137079913,3,4,,,,"",
123456,"TwoPole",3,51,7,0.6,3,"PairwiseSupport","one-point",1,1,"one-point",1,"degenerate",,,,,1,3,1.1181041910140157,"SwitchDetected",2
123456,"TwoPole",4,51,7,0.6,3,"PairwiseSupport","two-point",2,2,"one-point",1,"degenerate",,,,,3,4,4.0564119545807635,"SwitchDetected",4
123456,"TwoPole",5,51,7,0.6,3,"PairwiseSupport","multi-point",3,4,"one-point",1,"calibrated",8.587786259541986,0.008813628769375428,4,3,,,,"",
123456,"TwoPole",6,51,7,0.6,3,"PairwiseSupport","multi-point",3,3,"one-point",1,"calibrated",6.540697674418604,0.03186180065619802,3,4,,,,"",
123456,"TwoPole",7,51,7,0.6,3,"PairwiseSupport","multi-point",3,3,"one-point",1,"calibrated",2.286198137171888,0.0029057151479685564,3,4,,,,"",
123456,"TwoPole",8,51,7,0.6,3,"PairwiseSupport","multi-point",3,4,"one-point",1,"degenerate",,,,,2,4,2.6351512188217736,"SwitchDetected",3
123456,"TwoPole",9,51,7,0.6,3,"PairwiseSupport","multi-point",3,3,"two-point",2,"calibrated",3.1278962001853565,0.003797948095395438,3,4,,,,"",
123456,"TwoPole",10,51,7,0.6,3,"PairwiseSupport","multi-point",3,3,"one-point",1,"calibrated",1.5283595607381408,0.0023607929552316993,3,3,,,,"",
123456,"TwoPole",11,51,7,0.6,3,"PairwiseSupport","multi-point",3,3,"one-point",1,"calibrated",20,0.019618670002030807,3,4,,,,"",
123456,"TwoPole",12,51,7,0.6,3,"PairwiseSupport","multi-point",3,3,"one-point",1,"calibrated",1.3641875505254648,0.0031138683223119004,3,4,,,,"",
123456,"TwoPole",13,51,7,0.6,3,"PairwiseSupport","multi-point",3,4,"two-point",2,"calibrated",2.4141630901287554,0.025564163764196585,3,4,,,,"",
123456,"TwoPole",14,51,7,0.6,3,"PairwiseSupport","multi-point",3,3,"one-point",1,"calibrated",1.9338203695745597,0.005256923950631666,3,4,,,,"",
123456,"TwoPole",15,51,7,0.6,3,"PairwiseSupport","multi-point",3,4,"one-point",1,"calibrated",3.7468776019983348,0.012250770692758964,4,4,,,,"",
123456,"TwoPole",16,51,7,0.6,3,"PairwiseSupport","multi-point",3,4,"one-point",1,"calibrated",2.087198515769944,0.008687186154516833,4,4,,,,"",
123456,"TwoPole",17,51,7,0.6,3,"PairwiseSupport","multi-point",3,4,"one-point",1,"calibrated",6.346967559943582,0.007298858346883416,3,4,,,,"",
123456,"TwoPole",18,51,7,0.6,3,"PairwiseSupport","two-point",2,2,"one-point",1,"degenerate",,,,,2,4,1.2470204496055206,"SwitchDetected",4
123456,"TwoPole",19,51,7,0.6,3,"PairwiseSupport","multi-point",3,4,"one-point",1,"calibrated",2.581755593803787,0.00956595209205457,4,4,,,,"",
123456,"TwoPole",20,51,7,0.6,3,"PairwiseSupport","multi-point",3,4,"one-point",1,"calibrated",2.3457862728062553,0.002104887084136038,4,4,,,,"",
123456,"TwoPole",21,51,7,0.6,3,"PairwiseSupport","multi-point",3,4,"one-point",1,"calibrated",3.9244186046511618,0.00256556556209836,4,4,,,,"",
123456,"TwoPole",22,51,7,0.6,3,"PairwiseSupport","multi-point",3,4,"one-point",1,"calibrated",1.9200682690940125,0.011578477936928906,3,4,,,,"",
123456,"TwoPole",23,51,7,0.6,3,"PairwiseSupport","one-point",1,1,"one-point",1,"degenerate",,,,,3,3,,"NoSwitchDetected",
123456,"TwoPole",24,51,7,0.6,3,"PairwiseSupport","multi-point",3,4,"one-point",1,"calibrated",2.458120903131828,0.014680312020600595,4,4,,,,"",
123456,"TwoPole",25,51,7,0.6,3,"PairwiseSupport","multi-point",3,4,"one-point",1,"calibrated",3.760445682451253,0.03639591906721039,4,4,,,,"",
123456,"TwoPole",26,51,7,0.6,3,"PairwiseSupport","multi-point",3,4,"one-point",1,"calibrated",2.267002518891687,0.013454659545895527,4,4,,,,"",
123456,"TwoPole",27,51,7,0.6,3,"PairwiseSupport","multi-point",3,4,"one-point",1,"calibrated",2.3927685218007797,0.003144827591668194,3,4,,,,"",
123456,"TwoPole",28,51,7,0.6,3,"PairwiseSupport","multi-point",3,3,"one-point",1,"calibrated",3.240518482957273,0.03407939893931786,3,4,,,,"",
123456,"TwoPole",29,51,7,0.6,3,"PairwiseSupport","multi-point",3,3,"one-point",1,"calibrated",1.777719252041085,0.003782852220000345,3,4,,,,"",
123456,"TwoPole",30,51,7,0.6,3,"PairwiseSupport","multi-point",3,4,"one-point",1,"calibrated",2.9246100519930676,0.0125029773893543,4,4,,,,"",
123456,"TwoPole",31,51,7,0.6,3,"PairwiseSupport","multi-point",3,4,"one-point",1,"calibrated",2.158273381294964,0.0053178366338861235,4,4,,,,"",
123456,"TwoPole",32,51,7,0.6,3,"PairwiseSupport","multi-point",3,3,"two-point",2,"calibrated",1.0395010395010396,0.00004086104113667127,3,2,,,,"",
123456,"TwoPole",33,51,7,0.6,3,"PairwiseSupport","multi-point",3,3,"one-point",1,"calibrated",2.305721605465414,0.0007834477793950319,3,4,,,,"",
123456,"TwoPole",34,51,7,0.6,3,"PairwiseSupport","multi-point",3,3,"one-point",1,"calibrated",1.5938606847697756,0.005317857369827586,3,4,,,,"",
123456,"TwoPole",35,51,7,0.6,3,"PairwiseSupport","multi-point",3,4,"one-point",1,"calibrated",2.8932704672096015,0.0176536125745161,4,4,,,,"",
123456,"TwoPole",36,51,7,0.6,3,"PairwiseSupport","two-point",2,2,"one-point",1,"degenerate",,,,,1,4,1.0265932708452743,"SwitchDetected",4
123456,"TwoPole",37,51,7,0.6,3,"PairwiseSupport","multi-point",3,3,"one-point",1,"degenerate",,,,,1,4,1.4786483147253837,"SwitchDetected",2
123456,"TwoPole",38,51,7,0.6,3,"PairwiseSupport","multi-point",3,4,"one-point",1,"calibrated",1.801441152922338,0.0019787166013112293,4,4,,,,"",
123456,"TwoPole",39,51,7,0.6,3,"PairwiseSupport","multi-point",3,3,"one-point",1,"calibrated",4.387390315242119,0.03378003793058854,3,4,,,,"",
123456,"TwoPole",40,51,7,0.6,3,"PairwiseSupport","multi-point",3,3,"one-point",1,"calibrated",6.620892594409023,0.06364381759835666,3,4,,,,"",
123456,"TwoPole",41,51,7,0.6,3,"PairwiseSupport","two-point",2,2,"two-point",2,"degenerate",,,,,1,3,1.0298333623518718,"SwitchDetected",2
123456,"TwoPole",42,51,7,0.6,3,"PairwiseSupport","multi-point",3,3,"one-point",1,"calibrated",1.7210606833248343,0.0034658606288097125,3,4,,,,"",
123456,"TwoPole",43,51,7,0.6,3,"PairwiseSupport","multi-point",3,5,"one-point",1,"calibrated",3.3615537848605572,0.02386731788686543,4,4,,,,"",
123456,"TwoPole",44,51,7,0.6,3,"PairwiseSupport","multi-point",3,3,"two-point",2,"calibrated",2.4302430243024298,0.003191476344250783,3,4,,,,"",
123456,"TwoPole",45,51,7,0.6,3,"PairwiseSupport","multi-point",3,3,"one-point",1,"calibrated",1.4142049025769956,0.00045988219010482484,3,4,,,,"",
123456,"TwoPole",46,51,7,0.6,3,"PairwiseSupport","multi-point",3,4,"one-point",1,"calibrated",4.9504950495049505,0.02217435901184844,4,4,,,,"",
123456,"TwoPole",47,51,7,0.6,3,"PairwiseSupport","multi-point",3,4,"one-point",1,"calibrated",2.8932704672096015,0.020373552968655624,4,4,,,,"",
123456,"TwoPole",48,51,7,0.6,3,"PairwiseSupport","multi-point",3,4,"one-point",1,"calibrated",1.7660910518053372,0.013084983386495632,3,4,,,,"",
123456,"TwoPole",49,51,7,0.6,3,"PairwiseSupport","multi-point",3,3,"one-point",1,"calibrated",4.368932038834951,0.015553354045464797,3,4,,,,"",
123456,"TwoPole",50,51,7,0.6,3,"PairwiseSupport","multi-point",3,3,"one-point",1,"calibrated",7.936507936507937,0.04894709718613329,3,4,,,,"",
123456,"TwoPole",51,51,7,0.6,3,"PairwiseSupport","multi-point",3,3,"two-point",2,"calibrated",5.0675675675675675,0.009672483699360123,3,4,,,,"",
123456,"TwoPole",52,51,7,0.6,3,"PairwiseSupport","multi-point",3,4,"one-point",1,"calibrated",2.1933387489845653,0.010694537637400105,3,4,,,,"",
123456,"TwoPole",53,51,7,0.6,3,"PairwiseSupport","multi-point",3,3,"one-point",1,"degenerate",,,,,1,3,1.1100534226760121,"SwitchDetected",3
123456,"TwoPole",54,51,7,0.6,3,"PairwiseSupport","two-point",2,2,"one-point",1,"degenerate",,,,,1,4,1.1362950705294965,"SwitchDetected",2
123456,"TwoPole",55,51,7,0.6,3,"PairwiseSupport","multi-point",3,3,"one-point",1,"calibrated",1.6349763836744577,0.0016549521776239575,3,4,,,,"",
123456,"TwoPole",56,51,7,0.6,3,"PairwiseSupport","multi-point",3,4,"one-point",1,"calibrated",3.813559322033898,0.014987611895943762,4,4,,,,"",
123456,"TwoPole",57,51,7,0.6,3,"PairwiseSupport","multi-point",3,3,"one-point",1,"calibrated",5.834053586862576,0.037642334849096876,3,4,,,,"",
123456,"TwoPole",58,51,7,0.6,3,"PairwiseSupport","multi-point",3,3,"one-point",1,"calibrated",2.9482419742301818,0.020285739667872036,3,4,,,,"",
123456,"TwoPole",59,51,7,0.6,3,"PairwiseSupport","multi-point",3,3,"one-point",1,"calibrated",1.5938606847697756,0.002039066210491611,3,4,,,,"",
123456,"TwoPole",60,51,7,0.6,3,"PairwiseSupport","multi-point",3,4,"one-point",1,"calibrated",11.363636363636365,0.012729650166565321,4,5,,,,"",
123456,"TwoPole",61,51,7,0.6,3,"PairwiseSupport","multi-point",3,4,"one-point",1,"calibrated",2.9893711248892822,0.007041669405626928,4,4,,,,"",
123456,"TwoPole",62,51,7,0.6,3,"PairwiseSupport","multi-point",3,3,"one-point",1,"degenerate",,,,,1,4,1.2800295006798985,"SwitchDetected",4
123456,"TwoPole",63,51,7,0.6,3,"PairwiseSupport","multi-point",3,3,"one-point",1,"calibrated",1.9338203695745597,0.00662865127904716,3,4,,,,"",
123456,"TwoPole",64,51,7,0.6,3,"PairwiseSupport","one-point",1,1,"one-point",1,"degenerate",,,,,2,3,1.2320895250206143,"SwitchDetected",3
123456,"TwoPole",65,51,7,0.6,3,"PairwiseSupport","multi-point",3,4,"one-point",1,"calibrated",2.824858757062147,0.013964166960930037,4,4,,,,"",
123456,"TwoPole",66,51,7,0.6,3,"PairwiseSupport","multi-point",3,4,"one-point",1,"calibrated",3.3308660251665434,0.02103157356538634,4,4,,,,"",
123456,"TwoPole",67,51,7,0.6,3,"PairwiseSupport","multi-point",3,4,"one-point",1,"calibrated",2.7388922702373706,0.01972728451688289,4,4,,,,"",
123456,"TwoPole",68,51,7,0.6,3,"PairwiseSupport","multi-point",3,5,"one-point",1,"calibrated",3.1645569620253164,0.010273005340693475,4,4,,,,"",
123456,"TwoPole",69,51,7,0.6,3,"PairwiseSupport","multi-point",3,3,"one-point",1,"calibrated",5.9628975265017665,0.038505244980062935,3,4,,,,"",
123456,"TwoPole",70,51,7,0.6,3,"PairwiseSupport","multi-point",3,3,"one-point",1,"degenerate",,,,,1,4,1.2637701795669791,"SwitchDetected",4
123456,"TwoPole",71,51,7,0.6,3,"PairwiseSupport","two-point",2,2,"one-point",1,"degenerate",,,,,1,4,1.3410450517553436,"SwitchDetected",4
123456,"TwoPole",72,51,7,0.6,3,"PairwiseSupport","multi-point",3,3,"one-point",1,"calibrated",1.289152024446142,0.0008470332188500554,3,4,,,,"",
123456,"TwoPole",73,51,7,0.6,3,"PairwiseSupport","multi-point",3,4,"one-point",1,"calibrated",2.5271433919880195,0.010839327199060887,4,4,,,,"",
123456,"TwoPole",74,51,7,0.6,3,"PairwiseSupport","multi-point",3,3,"two-point",2,"calibrated",2.158273381294964,0.011317260898022064,3,4,,,,"",
123456,"TwoPole",75,51,7,0.6,3,"PairwiseSupport","multi-point",3,4,"one-point",1,"calibrated",3.4151277510751323,0.033858876880646975,4,4,,,,"",
123456,"TwoPole",76,51,7,0.6,3,"PairwiseSupport","multi-point",3,4,"one-point",1,"calibrated",2.1887159533073928,0.007343694157516594,4,4,,,,"",
123456,"TwoPole",77,51,7,0.6,3,"PairwiseSupport","multi-point",3,3,"one-point",1,"calibrated",1.4621466478934257,0.00477968935389832,3,4,,,,"",
123456,"TwoPole",78,51,7,0.6,3,"PairwiseSupport","multi-point",3,3,"one-point",1,"calibrated",5.042958535674262,0.02239202111047381,3,4,,,,"",
123456,"TwoPole",79,51,7,0.6,3,"PairwiseSupport","multi-point",3,3,"one-point",1,"degenerate",,,,,1,4,1.2588094669632621,"SwitchDetected",4
123456,"TwoPole",80,51,7,0.6,3,"PairwiseSupport","multi-point",3,3,"one-point",1,"calibrated",1.31591773077298,0.0003106374695510762,3,4,,,,"",
123456,"TwoPole",81,51,7,0.6,3,"PairwiseSupport","multi-point",3,3,"two-point",2,"calibrated",1.6449372486901424,0.0007395999624350278,3,4,,,,"",
123456,"TwoPole",82,51,7,0.6,3,"PairwiseSupport","multi-point",3,3,"one-point",1,"calibrated",3.5498290823034444,0.010702567642060082,3,4,,,,"",
123456,"TwoPole",83,51,7,0.6,3,"PairwiseSupport","multi-point",3,4,"one-point",1,"calibrated",4.861361181130716,0.010500824543150883,4,4,,,,"",
123456,"TwoPole",84,51,7,0.6,3,"PairwiseSupport","multi-point",3,3,"one-point",1,"calibrated",3.240518482957273,0.02641197921280417,3,4,,,,"",
123456,"TwoPole",85,51,7,0.6,3,"PairwiseSupport","two-point",2,2,"one-point",1,"degenerate",,,,,2,4,1.6680992561818762,"SwitchDetected",4
123456,"TwoPole",86,51,7,0.6,3,"PairwiseSupport","multi-point",3,4,"one-point",1,"calibrated",3.5037633013236436,0.010874863133314022,4,4,,,,"",
123456,"TwoPole",87,51,7,0.6,3,"PairwiseSupport","multi-point",3,4,"one-point",1,"calibrated",2.3872679045092835,0.0062608762944775615,3,4,,,,"",
123456,"TwoPole",88,51,7,0.6,3,"PairwiseSupport","multi-point",3,4,"one-point",1,"calibrated",8.604206500956023,0.0073025009561121365,4,4,,,,"",
123456,"TwoPole",89,51,7,0.6,3,"PairwiseSupport","multi-point",3,3,"two-point",2,"calibrated",2.2481265611990007,0.003362435769099336,3,4,,,,"",
123456,"TwoPole",90,51,7,0.6,3,"PairwiseSupport","two-point",2,2,"one-point",1,"degenerate",,,,,1,3,1.1522442442731071,"SwitchDetected",3
123456,"TwoPole",91,51,7,0.6,3,"PairwiseSupport","two-point",2,2,"one-point",1,"degenerate",,,,,1,4,1.2948242199462519,"SwitchDetected",4
123456,"TwoPole",92,51,7,0.6,3,"PairwiseSupport","multi-point",3,4,"one-point",1,"calibrated",2.581755593803787,0.0045603437510720185,4,4,,,,"",
123456,"TwoPole",93,51,7,0.6,3,"PairwiseSupport","multi-point",3,4,"one-point",1,"calibrated",5.0675675675675675,0.01998536789555823,4,4,,,,"",
123456,"TwoPole",94,51,7,0.6,3,"PairwiseSupport","two-point",2,2,"one-point",1,"degenerate",,,,,1,3,1.0875595277705543,"SwitchDetected",3
123456,"TwoPole",95,51,7,0.6,3,"PairwiseSupport","multi-point",3,4,"one-point",1,"degenerate",,,,,1,4,1.4571712476384,"SwitchDetected",3
123456,"TwoPole",96,51,7,0.6,3,"PairwiseSupport","multi-point",3,3,"one-point",1,"calibrated",1.8896976483762593,0.0005006658422459589,3,4,,,,"",
123456,"TwoPole",97,51,7,0.6,3,"PairwiseSupport","multi-point",3,4,"one-point",1,"calibrated",2.5510204081632653,0.00446119751737827,4,4,,,,"",
123456,"TwoPole",98,51,7,0.6,3,"PairwiseSupport","multi-point",3,4,"one-point",1,"calibrated",2.8325639949643304,0.006100561125569828,4,4,,,,"",
123456,"TwoPole",99,51,7,0.6,3,"PairwiseSupport","two-point",2,2,"one-point",1,"degenerate",,,,,2,4,1.5665235897618544,"SwitchDetected",4
123456,"TwoPole",100,51,7,0.6,3,"PairwiseSupport","multi-point",3,3,"one-point",1,"degenerate",,,,,2,4,1.828599490226552,"SwitchDetected",4
123456,"TwoPole",101,51,7,0.6,3,"PairwiseSupport","multi-point",3,3,"one-point",1,"degenerate",,,,,2,4,1.9495669727838238,"SwitchDetected",4
123456,"TwoPole",102,51,7,0.6,3,"PairwiseSupport","multi-point",3,3,"one-point",1,"calibrated",7.442116868798235,0.011399149655846362,3,4,,,,"",
123456,"TwoPole",103,51,7,0.6,3,"PairwiseSupport","multi-point",3,3,"one-point",1,"calibrated",3.458877786318216,0.012663812609505012,3,4,,,,"",
123456,"TwoPole",104,51,7,0.6,3,"PairwiseSupport","multi-point",3,3,"two-point",2,"degenerate",,,,,1,4,1.4929677700661967,"SwitchDetected",2
123456,"TwoPole",105,51,7,0.6,3,"PairwiseSupport","two-point",2,2,"one-point",1,"degenerate",,,,,2,4,1.6102820598125827,"SwitchDetected",4
123456,"TwoPole",106,51,7,0.6,3,"PairwiseSupport","multi-point",3,3,"one-point",1,"degenerate",,,,,2,4,1.707664138193221,"SwitchDetected",4
123456,"TwoPole",107,51,7,0.6,3,"PairwiseSupport","multi-point",3,4,"one-point",1,"calibrated",2.458120903131828,0.022398389187258262,4,4,,,,"",
123456,"TwoPole",108,51,7,0.6,3,"PairwiseSupport","multi-point",3,3,"one-point",1,"calibrated",7.653061224489797,0.01980387070682826,3,4,,,,"",
123456,"TwoPole",109,51,7,0.6,3,"PairwiseSupport","multi-point",3,5,"one-point",1,"calibrated",3.5498290823034444,0.018252238509289115,5,4,,,,"",
123456,"TwoPole",110,51,7,0.6,3,"PairwiseSupport","multi-point",3,4,"one-point",1,"calibrated",1.7073479195649424,0.011136800667049555,3,4,,,,"",
123456,"TwoPole",111,51,7,0.6,3,"PairwiseSupport","multi-point",3,4,"one-point",1,"calibrated",1.3206808843670512,0.0014355417907066128,4,3,,,,"",
123456,"TwoPole",112,51,7,0.6,3,"PairwiseSupport","multi-point",3,4,"one-point",1,"calibrated",8.982035928143713,0.005569084500595893,4,4,,,,"",
123456,"TwoPole",113,51,7,0.6,3,"PairwiseSupport","multi-point",3,3,"one-point",1,"calibrated",1.4621466478934257,0.0020956764875098566,3,4,,,,"",
123456,"TwoPole",114,51,7,0.6,3,"PairwiseSupport","multi-point",3,4,"one-point",1,"calibrated",2.366345311130587,0.006052258225798666,4,4,,,,"",
123456,"TwoPole",115,51,7,0.6,3,"PairwiseSupport","multi-point",3,4,"one-point",1,"degenerate",,,,,1,4,1.4940828065119907,"SwitchDetected",4
123456,"TwoPole",116,51,7,0.6,3,"PairwiseSupport","multi-point",3,5,"two-point",2,"calibrated",6.919528446950282,0.02418582562610195,5,4,,,,"",
123456,"TwoPole",117,51,7,0.6,3,"PairwiseSupport","multi-point",3,3,"one-point",1,"calibrated",2.7881040892193307,0.026535514454801578,3,3,,,,"",
123456,"TwoPole",118,51,7,0.6,3,"PairwiseSupport","multi-point",3,4,"one-point",1,"calibrated",5.592377796188898,0.040355267223967185,3,4,,,,"",
123456,"TwoPole",119,51,7,0.6,3,"PairwiseSupport","multi-point",3,3,"two-point",2,"degenerate",,,,,1,4,1.1972995720772113,"SwitchDetected",2
123456,"TwoPole",120,51,7,0.6,3,"PairwiseSupport","multi-point",3,4,"two-point",2,"calibrated",3.0920751259734307,0.005808186125946191,3,4,,,,"",
123456,"TwoPole",121,51,7,0.6,3,"PairwiseSupport","multi-point",3,4,"one-point",1,"calibrated",3.5037633013236436,0.018401317291804248,4,4,,,,"",
123456,"TwoPole",122,51,7,0.6,3,"PairwiseSupport","multi-point",3,3,"one-point",1,"calibrated",4.103343465045592,0.029509866822552196,3,4,,,,"",
123456,"TwoPole",123,51,7,0.6,3,"PairwiseSupport","multi-point",3,4,"one-point",1,"calibrated",3.9244186046511618,0.017440586837070286,4,4,,,,"",
123456,"TwoPole",124,51,7,0.6,3,"PairwiseSupport","multi-point",3,4,"one-point",1,"calibrated",2.956636005256242,0.023525118576854756,4,4,,,,"",
123456,"TwoPole",125,51,7,0.6,3,"PairwiseSupport","two-point",2,2,"one-point",1,"degenerate",,,,,2,3,1.2672105782383034,"SwitchDetected",3
123456,"TwoPole",126,51,7,0.6,3,"PairwiseSupport","multi-point",3,4,"one-point",1,"calibrated",4.4598612487611495,0.009615757029433791,4,4,,,,"",
123456,"TwoPole",127,51,7,0.6,3,"PairwiseSupport","multi-point",3,3,"one-point",1,"calibrated",2.7113878288813016,0.00426734752179906,3,4,,,,"",
123456,"TwoPole",128,51,7,0.6,3,"PairwiseSupport","multi-point",3,4,"one-point",1,"calibrated",8.982035928143713,0.024919625286268097,4,5,,,,"",
123456,"TwoPole",129,51,7,0.6,3,"PairwiseSupport","multi-point",3,3,"one-point",1,"calibrated",20,0.0123155967090034,3,4,,,,"",
123456,"TwoPole",130,51,7,0.6,3,"PairwiseSupport","two-point",2,2,"one-point",1,"degenerate",,,,,2,4,1.7365525552516565,"SwitchDetected",4
123456,"TwoPole",131,51,7,0.6,3,"PairwiseSupport","two-point",2,2,"one-point",1,"degenerate",,,,,1,4,1.5733143454982552,"SwitchDetected",4
123456,"TwoPole",132,51,7,0.6,3,"PairwiseSupport","multi-point",3,4,"one-point",1,"calibrated",2.9893711248892822,0.01449174146826726,4,4,,,,"",
123456,"TwoPole",133,51,7,0.6,3,"PairwiseSupport","multi-point",3,3,"one-point",1,"calibrated",4.612230953194397,0.02787394211785172,3,4,,,,"",
123456,"TwoPole",134,51,7,0.6,3,"PairwiseSupport","multi-point",3,3,"one-point",1,"calibrated",4.2993630573248405,0.007917571336890248,3,4,,,,"",
123456,"TwoPole",135,51,7,0.6,3,"PairwiseSupport","multi-point",3,4,"one-point",1,"calibrated",7.079181961195594,0.010748992519630601,4,4,,,,"",
123456,"TwoPole",136,51,7,0.6,3,"PairwiseSupport","two-point",2,2,"one-point",1,"degenerate",,,,,2,3,1.319624562623672,"SwitchDetected",3
123456,"TwoPole",137,51,7,0.6,3,"PairwiseSupport","multi-point",3,4,"one-point",1,"calibrated",2.366345311130587,0.0029724125686039177,4,4,,,,"",
123456,"TwoPole",138,51,7,0.6,3,"PairwiseSupport","multi-point",3,4,"one-point",1,"calibrated",1.530612244897959,0.0018525911633111936,3,4,,,,"",
123456,"TwoPole",139,51,7,0.6,3,"PairwiseSupport","multi-point",3,4,"one-point",1,"degenerate",,,,,1,4,1.6673378997536492,"SwitchDetected",3
123456,"TwoPole",140,51,7,0.6,3,"PairwiseSupport","two-point",2,2,"one-point",1,"degenerate",,,,,1,4,1.0885246816527052,"SwitchDetected",4
123456,"TwoPole",141,51,7,0.6,3,"PairwiseSupport","multi-point",3,4,"one-point",1,"calibrated",3.658536585365854,0.017595279683004124,4,4,,,,"",
123456,"TwoPole",142,51,7,0.6,3,"PairwiseSupport","two-point",2,2,"two-point",2,"degenerate",,,,,3,3,,"NoSwitchDetected",
123456,"TwoPole",143,51,7,0.6,3,"PairwiseSupport","multi-point",3,3,"one-point",1,"calibrated",2.7113878288813016,0.005202246313359441,3,4,,,,"",
123456,"TwoPole",144,51,7,0.6,3,"PairwiseSupport","multi-point",3,3,"one-point",1,"calibrated",5.238649592549476,0.025061284967349613,3,4,,,,"",
123456,"TwoPole",145,51,7,0.6,3,"PairwiseSupport","multi-point",3,3,"one-point",1,"calibrated",2.7669604427136707,0.005432446156662651,3,4,,,,"",
123456,"TwoPole",146,51,7,0.6,3,"PairwiseSupport","multi-point",3,3,"one-point",1,"calibrated",20,0.001122278722390045,3,4,,,,"",
123456,"TwoPole",147,51,7,0.6,3,"PairwiseSupport","multi-point",3,4,"one-point",1,"calibrated",2.4302430243024298,0.010773466693514271,4,4,,,,"",
123456,"TwoPole",148,51,7,0.6,3,"PairwiseSupport","two-point",2,2,"one-point",1,"degenerate",,,,,1,4,1.3176275305662404,"SwitchDetected",3
123456,"TwoPole",149,51,7,0.6,3,"PairwiseSupport","multi-point",3,3,"one-point",1,"calibrated",6.385998107852411,0.051686452610151756,3,4,,,,"",
123456,"TwoPole",150,51,7,0.6,3,"PairwiseSupport","multi-point",3,3,"one-point",1,"calibrated",5.710659898477157,0.05816827410556574,3,4,,,,"",
123456,"TwoPole",151,51,7,0.6,3,"PairwiseSupport","two-point",2,2,"one-point",1,"degenerate",,,,,2,4,1.616835855979833,"SwitchDetected",4
123456,"TwoPole",152,51,7,0.6,3,"PairwiseSupport","multi-point",3,4,"one-point",1,"calibrated",1.7546139849233169,0.008383177263506241,3,4,,,,"",
123456,"TwoPole",153,51,7,0.6,3,"PairwiseSupport","multi-point",3,3,"one-point",1,"calibrated",8.403361344537814,0.023250901657591742,3,5,,,,"",
123456,"TwoPole",154,51,7,0.6,3,"PairwiseSupport","two-point",2,2,"one-point",1,"degenerate",,,,,1,4,1.4003882607223106,"SwitchDetected",3
123456,"TwoPole",155,51,7,0.6,3,"PairwiseSupport","multi-point",3,3,"one-point",1,"calibrated",1.5570934256055362,0.0025789943247437326,3,4,,,,"",
123456,"TwoPole",156,51,7,0.6,3,"PairwiseSupport","multi-point",3,3,"one-point",1,"calibrated",3.4151277510751323,0.0021512321146202407,3,4,,,,"",
123456,"TwoPole",157,51,7,0.6,3,"PairwiseSupport","multi-point",3,3,"one-point",1,"degenerate",,,,,2,4,2.8028314002994605,"SwitchDetected",3
123456,"TwoPole",158,51,7,0.6,3,"PairwiseSupport","multi-point",3,4,"one-point",1,"calibrated",2.325581395348837,0.00466319211629079,4,4,,,,"",
123456,"TwoPole",159,51,7,0.6,3,"PairwiseSupport","two-point",2,2,"two-point",2,"degenerate",,,,,1,4,1.2185802246236657,"SwitchDetected",2
123456,"TwoPole",160,51,7,0.6,3,"PairwiseSupport","multi-point",3,3,"one-point",1,"calibrated",4.103343465045592,0.013403545239344297,3,4,,,,"",
123456,"TwoPole",161,51,7,0.6,3,"PairwiseSupport","multi-point",3,4,"one-point",1,"degenerate",,,,,2,4,1.9665185336330004,"SwitchDetected",4
123456,"TwoPole",162,51,7,0.6,3,"PairwiseSupport","multi-point",3,3,"one-point",1,"calibrated",5.592377796188898,0.03416988989489094,3,4,,,,"",
123456,"TwoPole",163,51,7,0.6,3,"PairwiseSupport","multi-point",3,3,"one-point",1,"calibrated",3.0228392297357813,0.00338005504866709,3,4,,,,"",
123456,"TwoPole",164,51,7,0.6,3,"PairwiseSupport","multi-point",3,3,"one-point",1,"calibrated",20,0.00858642914609295,3,4,,,,"",
123456,"TwoPole",165,51,7,0.6,3,"PairwiseSupport","two-point",2,2,"one-point",1,"degenerate",,,,,3,4,4.7904926965015,"SwitchDetected",4
123456,"TwoPole",166,51,7,0.6,3,"PairwiseSupport","multi-point",3,3,"one-point",1,"degenerate",,,,,2,4,2.0670009058268133,"SwitchDetected",4
123456,"TwoPole",167,51,7,0.6,3,"PairwiseSupport","multi-point",3,3,"one-point",1,"calibrated",6.703078450844091,0.042221573500820835,3,4,,,,"",
123456,"TwoPole",168,51,7,0.6,3,"PairwiseSupport","two-point",2,2,"one-point",1,"degenerate",,,,,1,3,1.1891067256671852,"SwitchDetected",3
123456,"TwoPole",169,51,7,0.6,3,"PairwiseSupport","multi-point",3,4,"one-point",1,"calibrated",3.8681948424068757,0.01314174227331702,4,4,,,,"",
123456,"TwoPole",170,51,7,0.6,3,"PairwiseSupport","multi-point",3,3,"one-point",1,"degenerate",,,,,2,4,2.7207822913341078,"SwitchDetected",4
123456,"TwoPole",171,51,7,0.6,3,"PairwiseSupport","two-point",2,2,"two-point",2,"degenerate",,,,,1,4,1.0216686797813241,"SwitchDetected",3
123456,"TwoPole",172,51,7,0.6,3,"PairwiseSupport","multi-point",3,3,"one-point",1,"calibrated",1.378113515720702,0.0006373457240788175,3,4,,,,"",
123456,"TwoPole",173,51,7,0.6,3,"PairwiseSupport","multi-point",3,4,"one-point",1,"calibrated",3.2506621719239104,0.010730090334818525,4,4,,,,"",
123456,"TwoPole",174,51,7,0.6,3,"PairwiseSupport","multi-point",3,3,"one-point",1,"calibrated",2.521008403361344,0.0032824505084934432,3,3,,,,"",
123456,"TwoPole",175,51,7,0.6,3,"PairwiseSupport","multi-point",3,4,"one-point",1,"calibrated",3.0920751259734307,0.015649552066445343,4,4,,,,"",
123456,"TwoPole",176,51,7,0.6,3,"PairwiseSupport","multi-point",3,3,"one-point",1,"degenerate",,,,,1,4,1.360204229883149,"SwitchDetected",4
123456,"TwoPole",177,51,7,0.6,3,"PairwiseSupport","multi-point",3,3,"one-point",1,"calibrated",1.4291763709506669,0.0018207680079385849,3,4,,,,"",
123456,"TwoPole",178,51,7,0.6,3,"PairwiseSupport","multi-point",3,5,"one-point",1,"calibrated",2.1367521367521367,0.013969416160092108,3,4,,,,"",
123456,"TwoPole",179,51,7,0.6,3,"PairwiseSupport","multi-point",3,3,"one-point",1,"degenerate",,,,,1,3,1.2879072980299946,"SwitchDetected",3
123456,"TwoPole",180,51,7,0.6,3,"PairwiseSupport","multi-point",3,3,"one-point",1,"calibrated",3.9823008849557513,0.011335801781579,3,4,,,,"",
123456,"TwoPole",181,51,7,0.6,3,"PairwiseSupport","multi-point",3,3,"one-point",1,"calibrated",3.2506621719239104,0.013191528476467566,3,4,,,,"",
123456,"TwoPole",182,51,7,0.6,3,"PairwiseSupport","multi-point",3,3,"one-point",1,"degenerate",,,,,1,4,1.33720331158596,"SwitchDetected",4
123456,"TwoPole",183,51,7,0.6,3,"PairwiseSupport","multi-point",3,3,"one-point",1,"calibrated",6.540697674418604,0.027168982252164534,3,4,,,,"",
123456,"TwoPole",184,51,7,0.6,3,"PairwiseSupport","multi-point",3,3,"one-point",1,"degenerate",,,,,1,4,1.0616356472160902,"SwitchDetected",4
123456,"TwoPole",185,51,7,0.6,3,"PairwiseSupport","multi-point",3,3,"one-point",1,"calibrated",12.064343163538874,0.016765867334836322,3,4,,,,"",
123456,"TwoPole",186,51,7,0.6,3,"PairwiseSupport","multi-point",3,4,"one-point",1,"calibrated",2.5753529187333077,0.004386467885570852,4,4,,,,"",
123456,"TwoPole",187,51,7,0.6,3,"PairwiseSupport","two-point",2,2,"one-point",1,"degenerate",,,,,2,4,1.5156031781969235,"SwitchDetected",4
123456,"TwoPole",188,51,7,0.6,3,"PairwiseSupport","multi-point",3,4,"one-point",1,"degenerate",,,,,1,4,1.5450623944836446,"SwitchDetected",4
123456,"TwoPole",189,51,7,0.6,3,"PairwiseSupport","multi-point",3,3,"one-point",1,"calibrated",2.4807056229327453,0.002306216618268073,3,4,,,,"",
123456,"TwoPole",190,51,7,0.6,3,"PairwiseSupport","multi-point",3,3,"one-point",1,"degenerate",,,,,1,4,1.4946276555833817,"SwitchDetected",4
123456,"TwoPole",191,51,7,0.6,3,"PairwiseSupport","multi-point",3,3,"two-point",2,"degenerate",,,,,1,4,1.0665342178372055,"SwitchDetected",2
123456,"TwoPole",192,51,7,0.6,3,"PairwiseSupport","two-point",2,2,"one-point",1,"degenerate",,,,,2,4,1.6089561033094373,"SwitchDetected",4
123456,"TwoPole",193,51,7,0.6,3,"PairwiseSupport","multi-point",3,4,"one-point",1,"calibrated",8.982035928143713,0.010675016354919594,4,4,,,,"",
123456,"TwoPole",194,51,7,0.6,3,"PairwiseSupport","multi-point",3,3,"two-point",2,"calibrated",4.44078947368421,0.03944265466936021,3,4,,,,"",
123456,"TwoPole",195,51,7,0.6,3,"PairwiseSupport","multi-point",3,3,"one-point",1,"calibrated",1.342081717864599,0.0029443497273175063,3,4,,,,"",
123456,"TwoPole",196,51,7,0.6,3,"PairwiseSupport","multi-point",3,3,"one-point",1,"calibrated",8.22669104204753,0.050868619361168155,3,4,,,,"",
123456,"TwoPole",197,51,7,0.6,3,"PairwiseSupport","multi-point",3,4,"one-point",1,"calibrated",2.9246100519930676,0.011397043123437596,4,4,,,,"",
123456,"TwoPole",198,51,7,0.6,3,"PairwiseSupport","multi-point",3,3,"one-point",1,"calibrated",20,0.009183747303183073,3,4,,,,"",
123456,"TwoPole",199,51,7,0.6,3,"PairwiseSupport","multi-point",3,5,"two-point",2,"calibrated",4.183452122714595,0.031137373180773045,4,4,,,,"",
123456,"TwoPole",200,51,7,0.6,3,"PairwiseSupport","two-point",2,2,"one-point",1,"degenerate",,,,,2,4,1.8679314118934702,"SwitchDetected",3
123456,"TwoPole",1,51,7,0.7,1,"PairwiseSupport","multi-point",3,4,"one-point",1,"calibrated",3.597122302158273,0.02192734941225824,4,4,,,,"",
123456,"TwoPole",2,51,7,0.7,1,"PairwiseSupport","multi-point",3,4,"one-point",1,"calibrated",4.103343465045592,0.020737143457901834,4,4,,,,"",
123456,"TwoPole",3,51,7,0.7,1,"PairwiseSupport","multi-point",3,4,"one-point",1,"calibrated",7.546115148127446,0.011065742126955111,4,4,,,,"",
123456,"TwoPole",4,51,7,0.7,1,"PairwiseSupport","multi-point",3,4,"one-point",1,"calibrated",5.834053586862576,0.022282061589512816,4,4,,,,"",
123456,"TwoPole",5,51,7,0.7,1,"PairwiseSupport","multi-point",3,4,"one-point",1,"calibrated",7.364975450081833,0.014376229368886653,4,4,,,,"",
123456,"TwoPole",6,51,7,0.7,1,"PairwiseSupport","multi-point",3,4,"one-point",1,"calibrated",6.481036965914546,0.021739161684935407,4,4,,,,"",
123456,"TwoPole",7,51,7,0.7,1,"PairwiseSupport","multi-point",3,4,"one-point",1,"calibrated",3.0228392297357813,0.013404600143455452,4,4,,,,"",
123456,"TwoPole",8,51,7,0.7,1,"PairwiseSupport","multi-point",3,4,"one-point",1,"calibrated",3.658536585365854,0.020076936655579757,4,4,,,,"",
123456,"TwoPole",9,51,7,0.7,1,"PairwiseSupport","multi-point",3,4,"one-point",1,"calibrated",3.658536585365854,0.01887533073842326,4,4,,,,"",
123456,"TwoPole",10,51,7,0.7,1,"PairwiseSupport","multi-point",3,4,"one-point",1,"calibrated",4.3172369683402625,0.024899869267592228,4,4,,,,"",
123456,"TwoPole",11,51,7,0.7,1,"PairwiseSupport","multi-point",3,4,"one-point",1,"calibrated",2.862595419847328,0.02292557652237321,3,4,,,,"",
123456,"TwoPole",12,51,7,0.7,1,"PairwiseSupport","multi-point",3,4,"one-point",1,"calibrated",3.458877786318216,0.017899505893034028,4,4,,,,"",
123456,"TwoPole",13,51,7,0.7,1,"PairwiseSupport","multi-point",3,4,"one-point",1,"calibrated",2.632092025736011,0.015831584340984042,4,4,,,,"",
123456,"TwoPole",14,51,7,0.7,1,"PairwiseSupport","multi-point",3,4,"one-point",1,"calibrated",3.760445682451253,0.014736317946900605,4,4,,,,"",
123456,"TwoPole",15,51,7,0.7,1,"PairwiseSupport","multi-point",3,4,"one-point",1,"calibrated",2.458120903131828,0.009439455002523463,4,4,,,,"",
123456,"TwoPole",16,51,7,0.7,1,"PairwiseSupport","multi-point",3,4,"one-point",1,"calibrated",3.057065217391304,0.021866217913690582,4,4,,,,"",
123456,"TwoPole",17,51,7,0.7,1,"PairwiseSupport","multi-point",3,4,"one-point",1,"calibrated",4.04191616766467,0.020310108824937705,4,4,,,,"",
123456,"TwoPole",18,51,7,0.7,1,"PairwiseSupport","multi-point",3,4,"one-point",1,"calibrated",3.0228392297357813,0.005214070494876922,4,4,,,,"",
123456,"TwoPole",19,51,7,0.7,1,"PairwiseSupport","multi-point",3,4,"one-point",1,"calibrated",3.5037633013236436,0.01642180951842445,4,4,,,,"",
123456,"TwoPole",20,51,7,0.7,1,"PairwiseSupport","multi-point",3,4,"one-point",1,"calibrated",5.9628975265017665,0.021520234861978422,4,4,,,,"",
123456,"TwoPole",21,51,7,0.7,1,"PairwiseSupport","multi-point",3,4,"one-point",1,"calibrated",3.1645569620253164,0.014220642668618062,4,4,,,,"",
123456,"TwoPole",22,51,7,0.7,1,"PairwiseSupport","multi-point",3,4,"one-point",1,"calibrated",4.692387904066736,0.018634971510420557,4,4,,,,"",
123456,"TwoPole",23,51,7,0.7,1,"PairwiseSupport","multi-point",3,4,"one-point",1,"calibrated",2.862595419847328,0.02310568715962794,4,4,,,,"",
123456,"TwoPole",24,51,7,0.7,1,"PairwiseSupport","multi-point",3,4,"one-point",1,"calibrated",5.834053586862576,0.01795399414902418,4,4,,,,"",
123456,"TwoPole",25,51,7,0.7,1,"PairwiseSupport","multi-point",3,4,"one-point",1,"calibrated",2.7388922702373706,0.012232181160164717,4,4,,,,"",
123456,"TwoPole",26,51,7,0.7,1,"PairwiseSupport","multi-point",3,4,"one-point",1,"calibrated",6.097560975609756,0.026606235372623296,4,4,,,,"",
123456,"TwoPole",27,51,7,0.7,1,"PairwiseSupport","multi-point",3,4,"one-point",1,"calibrated",2.4807056229327453,0.015229485395448824,4,4,,,,"",
123456,"TwoPole",28,51,7,0.7,1,"PairwiseSupport","multi-point",3,4,"one-point",1,"calibrated",3.3308660251665434,0.014580224432378563,4,4,,,,"",
123456,"TwoPole",29,51,7,0.7,1,"PairwiseSupport","multi-point",3,4,"one-point",1,"calibrated",8.587786259541986,0.010526810784543627,4,4,,,,"",
123456,"TwoPole",30,51,7,0.7,1,"PairwiseSupport","multi-point",3,4,"one-point",1,"calibrated",4.612230953194397,0.00819060368388069,4,4,,,,"",
123456,"TwoPole",31,51,7,0.7,1,"PairwiseSupport","multi-point",3,4,"one-point",1,"calibrated",4.04191616766467,0.024872397722664336,4,4,,,,"",
123456,"TwoPole",32,51,7,0.7,1,"PairwiseSupport","multi-point",3,4,"one-point",1,"calibrated",8.22669104204753,0.004635398175527298,4,4,,,,"",
123456,"TwoPole",33,51,7,0.7,1,"PairwiseSupport","multi-point",3,4,"one-point",1,"calibrated",2.7113878288813016,0.01122394698307055,4,4,,,,"",
123456,"TwoPole",34,51,7,0.7,1,"PairwiseSupport","multi-point",3,4,"one-point",1,"calibrated",7.079181961195594,0.014711545681934368,4,4,,,,"",
123456,"TwoPole",35,51,7,0.7,1,"PairwiseSupport","multi-point",3,4,"one-point",1,"calibrated",4.3172369683402625,0.024328647303028073,4,4,,,,"",
123456,"TwoPole",36,51,7,0.7,1,"PairwiseSupport","multi-point",3,4,"one-point",1,"calibrated",2.824858757062147,0.01684201609070784,4,4,,,,"",
123456,"TwoPole",37,51,7,0.7,1,"PairwiseSupport","multi-point",3,4,"one-point",1,"calibrated",5.0675675675675675,0.016200191310666634,4,4,,,,"",
123456,"TwoPole",38,51,7,0.7,1,"PairwiseSupport","multi-point",3,4,"one-point",1,"calibrated",3.7087912087912085,0.01893865184798353,4,4,,,,"",
123456,"TwoPole",39,51,7,0.7,1,"PairwiseSupport","multi-point",3,4,"one-point",1,"calibrated",4.387390315242119,0.012163446898198559,4,4,,,,"",
123456,"TwoPole",40,51,7,0.7,1,"PairwiseSupport","multi-point",3,4,"one-point",1,"calibrated",4.249291784702549,0.012995669743251049,4,4,,,,"",
123456,"TwoPole",41,51,7,0.7,1,"PairwiseSupport","multi-point",3,4,"one-point",1,"calibrated",2.7669604427136707,0.019160492695688598,4,4,,,,"",
123456,"TwoPole",42,51,7,0.7,1,"PairwiseSupport","multi-point",3,4,"one-point",1,"calibrated",3.3724706470147385,0.01123209705863424,4,4,,,,"",
123456,"TwoPole",43,51,7,0.7,1,"PairwiseSupport","multi-point",3,4,"one-point",1,"calibrated",3.4151277510751323,0.015277230438536784,4,4,,,,"",
123456,"TwoPole",44,51,7,0.7,1,"PairwiseSupport","multi-point",3,4,"one-point",1,"calibrated",6.7669172932330826,0.01413559666972352,4,4,,,,"",
123456,"TwoPole",45,51,7,0.7,1,"PairwiseSupport","multi-point",3,4,"one-point",1,"calibrated",4.3172369683402625,0.015203936902171094,4,4,,,,"",
123456,"TwoPole",46,51,7,0.7,1,"PairwiseSupport","multi-point",3,3,"one-point",1,"degenerate",,,,,1,3,1.5208980762041042,"SwitchDetected",3
123456,"TwoPole",47,51,7,0.7,1,"PairwiseSupport","multi-point",3,4,"one-point",1,"calibrated",3.458877786318216,0.018819958032422014,4,4,,,,"",
123456,"TwoPole",48,51,7,0.7,1,"PairwiseSupport","multi-point",3,4,"one-point",1,"calibrated",4.534766543500169,0.0184440107415283,4,4,,,,"",
123456,"TwoPole",49,51,7,0.7,1,"PairwiseSupport","multi-point",3,4,"one-point",1,"calibrated",4.692387904066736,0.010569287656641918,4,4,,,,"",
123456,"TwoPole",50,51,7,0.7,1,"PairwiseSupport","multi-point",3,4,"one-point",1,"calibrated",4.04191616766467,0.010928089413582084,4,4,,,,"",
123456,"TwoPole",51,51,7,0.7,1,"PairwiseSupport","multi-point",3,4,"one-point",1,"calibrated",2.6580035440047256,0.015788011335336263,4,4,,,,"",
123456,"TwoPole",52,51,7,0.7,1,"PairwiseSupport","multi-point",3,4,"one-point",1,"calibrated",3.1278962001853565,0.016838789359225104,4,4,,,,"",
123456,"TwoPole",53,51,7,0.7,1,"PairwiseSupport","multi-point",3,3,"two-point",2,"calibrated",3.2902754082378745,0.00695202229869305,3,4,,,,"",
123456,"TwoPole",54,51,7,0.7,1,"PairwiseSupport","multi-point",3,4,"one-point",1,"calibrated",4.692387904066736,0.01197246832357356,4,4,,,,"",
123456,"TwoPole",55,51,7,0.7,1,"PairwiseSupport","multi-point",3,4,"two-point",2,"calibrated",4.04191616766467,0.02051276108996484,4,4,,,,"",
123456,"TwoPole",56,51,7,0.7,1,"PairwiseSupport","multi-point",3,4,"one-point",1,"calibrated",5.164498852333589,0.002012555711303817,4,4,,,,"",
123456,"TwoPole",57,51,7,0.7,1,"PairwiseSupport","multi-point",3,4,"one-point",1,"calibrated",2.4807056229327453,0.017310149900592615,3,4,,,,"",
123456,"TwoPole",58,51,7,0.7,1,"PairwiseSupport","multi-point",3,4,"one-point",1,"calibrated",5.478896103896105,0.017215987447629633,4,4,,,,"",
123456,"TwoPole",59,51,7,0.7,1,"PairwiseSupport","multi-point",3,4,"one-point",1,"calibrated",3.2506621719239104,0.01699385638049033,4,4,,,,"",
123456,"TwoPole",60,51,7,0.7,1,"PairwiseSupport","multi-point",3,4,"one-point",1,"calibrated",3.3724706470147385,0.017379392551393584,4,4,,,,"",
123456,"TwoPole",61,51,7,0.7,1,"PairwiseSupport","multi-point",3,4,"one-point",1,"calibrated",4.9504950495049505,0.021013238485523375,4,4,,,,"",
123456,"TwoPole",62,51,7,0.7,1,"PairwiseSupport","multi-point",3,4,"one-point",1,"calibrated",3.760445682451253,0.015687275299456065,4,4,,,,"",
123456,"TwoPole",63,51,7,0.7,1,"PairwiseSupport","multi-point",3,4,"one-point",1,"calibrated",5.592377796188898,0.01868289477494807,4,4,,,,"",
123456,"TwoPole",64,51,7,0.7,1,"PairwiseSupport","multi-point",3,3,"one-point",1,"calibrated",1.519756838905775,0.0010939562548361959,3,3,,,,"",
123456,"TwoPole",65,51,7,0.7,1,"PairwiseSupport","multi-point",3,4,"one-point",1,"calibrated",3.658536585365854,0.015623385198643994,4,4,,,,"",
123456,"TwoPole",66,51,7,0.7,1,"PairwiseSupport","multi-point",3,4,"one-point",1,"calibrated",4.249291784702549,0.02159074362966269,4,4,,,,"",
123456,"TwoPole",67,51,7,0.7,1,"PairwiseSupport","multi-point",3,3,"two-point",2,"calibrated",2.824858757062147,0.005766665015863582,3,4,,,,"",
123456,"TwoPole",68,51,7,0.7,1,"PairwiseSupport","multi-point",3,4,"one-point",1,"calibrated",3.7087912087912085,0.012605873028537785,4,4,,,,"",
123456,"TwoPole",69,51,7,0.7,1,"PairwiseSupport","multi-point",3,4,"one-point",1,"calibrated",6.2183325656379544,0.018114980040481274,4,4,,,,"",
123456,"TwoPole",70,51,7,0.7,1,"PairwiseSupport","multi-point",3,4,"one-point",1,"calibrated",3.4151277510751323,0.016229516281640554,4,4,,,,"",
123456,"TwoPole",71,51,7,0.7,1,"PairwiseSupport","multi-point",3,4,"one-point",1,"calibrated",4.4598612487611495,0.016394329699561273,4,4,,,,"",
123456,"TwoPole",72,51,7,0.7,1,"PairwiseSupport","multi-point",3,4,"one-point",1,"calibrated",6.481036965914546,0.0147180479137204,4,4,,,,"",
123456,"TwoPole",73,51,7,0.7,1,"PairwiseSupport","multi-point",3,4,"one-point",1,"calibrated",4.612230953194397,0.014567902911448502,4,4,,,,"",
123456,"TwoPole",74,51,7,0.7,1,"PairwiseSupport","multi-point",3,4,"one-point",1,"calibrated",3.8681948424068757,0.010786568102011163,4,4,,,,"",
123456,"TwoPole",75,51,7,0.7,1,"PairwiseSupport","multi-point",3,4,"one-point",1,"calibrated",4.3172369683402625,0.020379715307789065,4,4,,,,"",
123456,"TwoPole",76,51,7,0.7,1,"PairwiseSupport","multi-point",3,4,"one-point",1,"calibrated",3.2119914346895073,0.016786766638032607,4,4,,,,"",
123456,"TwoPole",77,51,7,0.7,1,"PairwiseSupport","multi-point",3,4,"one-point",1,"calibrated",4.04191616766467,0.01222170750171126,4,4,,,,"",
123456,"TwoPole",78,51,7,0.7,1,"PairwiseSupport","multi-point",3,4,"one-point",1,"calibrated",4.612230953194397,0.019923220262181983,4,4,,,,"",
123456,"TwoPole",79,51,7,0.7,1,"PairwiseSupport","multi-point",3,4,"one-point",1,"calibrated",5.164498852333589,0.01189335985088786,4,4,,,,"",
123456,"TwoPole",80,51,7,0.7,1,"PairwiseSupport","multi-point",3,3,"one-point",1,"calibrated",1.7073479195649424,0.00047706804956490457,3,4,,,,"",
123456,"TwoPole",81,51,7,0.7,1,"PairwiseSupport","multi-point",3,4,"one-point",1,"calibrated",6.097560975609756,0.015185728750706957,4,4,,,,"",
123456,"TwoPole",82,51,7,0.7,1,"PairwiseSupport","multi-point",3,4,"one-point",1,"calibrated",5.834053586862576,0.021487503157047654,4,4,,,,"",
123456,"TwoPole",83,51,7,0.7,1,"PairwiseSupport","multi-point",3,4,"one-point",1,"calibrated",7.736389684813753,0.011164763807213032,4,4,,,,"",
123456,"TwoPole",84,51,7,0.7,1,"PairwiseSupport","multi-point",3,4,"one-point",1,"calibrated",3.3724706470147385,0.007518657606887666,4,4,,,,"",
123456,"TwoPole",85,51,7,0.7,1,"PairwiseSupport","multi-point",3,4,"one-point",1,"calibrated",3.8681948424068757,0.021011017947805185,4,4,,,,"",
123456,"TwoPole",86,51,7,0.7,1,"PairwiseSupport","multi-point",3,3,"one-point",1,"calibrated",1.5752625437572931,0.002473516902872794,3,3,,,,"",
123456,"TwoPole",87,51,7,0.7,1,"PairwiseSupport","multi-point",3,4,"one-point",1,"calibrated",3.458877786318216,0.02257896353816445,4,4,,,,"",
123456,"TwoPole",88,51,7,0.7,1,"PairwiseSupport","multi-point",3,4,"one-point",1,"calibrated",3.813559322033898,0.014787290583957884,4,4,,,,"",
123456,"TwoPole",89,51,7,0.7,1,"PairwiseSupport","multi-point",3,4,"one-point",1,"calibrated",3.1278962001853565,0.017549882390855198,4,4,,,,"",
123456,"TwoPole",90,51,7,0.7,1,"PairwiseSupport","multi-point",3,4,"one-point",1,"calibrated",3.3724706470147385,0.014417949774183992,4,4,,,,"",
123456,"TwoPole",91,51,7,0.7,1,"PairwiseSupport","multi-point",3,4,"one-point",1,"calibrated",2.854726157750053,0.010572176820043107,4,4,,,,"",
123456,"TwoPole",92,51,7,0.7,1,"PairwiseSupport","multi-point",3,4,"one-point",1,"calibrated",3.5498290823034444,0.015594722245565452,4,4,,,,"",
123456,"TwoPole",93,51,7,0.7,1,"PairwiseSupport","multi-point",3,4,"one-point",1,"calibrated",5.369928400954653,0.0230888030076769,4,4,,,,"",
123456,"TwoPole",94,51,7,0.7,1,"PairwiseSupport","multi-point",3,4,"one-point",1,"calibrated",5.834053586862576,0.011555493077057038,4,4,,,,"",
123456,"TwoPole",95,51,7,0.7,1,"PairwiseSupport","multi-point",3,4,"one-point",1,"calibrated",4.534766543500169,0.026332199697503972,4,4,,,,"",
123456,"TwoPole",96,51,7,0.7,1,"PairwiseSupport","multi-point",3,4,"one-point",1,"calibrated",4.387390315242119,0.020985224177644632,4,4,,,,"",
123456,"TwoPole",97,51,7,0.7,1,"PairwiseSupport","multi-point",3,4,"one-point",1,"calibrated",3.9244186046511618,0.02214776884825053,4,4,,,,"",
123456,"TwoPole",98,51,7,0.7,1,"PairwiseSupport","multi-point",3,4,"one-point",1,"calibrated",4.249291784702549,0.011774863170239468,4,4,,,,"",
123456,"TwoPole",99,51,7,0.7,1,"PairwiseSupport","multi-point",3,4,"one-point",1,"calibrated",3.458877786318216,0.008535553181567313,4,4,,,,"",
123456,"TwoPole",100,51,7,0.7,1,"PairwiseSupport","multi-point",3,4,"one-point",1,"calibrated",5.265210608424336,0.017021624894201528,4,4,,,,"",
123456,"TwoPole",101,51,7,0.7,1,"PairwiseSupport","multi-point",3,4,"one-point",1,"calibrated",6.919528446950282,0.018101207271376867,4,4,,,,"",
123456,"TwoPole",102,51,7,0.7,1,"PairwiseSupport","multi-point",3,4,"one-point",1,"calibrated",2.7669604427136707,0.012824804137376427,4,4,,,,"",
123456,"TwoPole",103,51,7,0.7,1,"PairwiseSupport","multi-point",3,3,"two-point",2,"calibrated",5.369928400954653,0.010235649865836818,3,4,,,,"",
123456,"TwoPole",104,51,7,0.7,1,"PairwiseSupport","multi-point",3,4,"one-point",1,"calibrated",4.612230953194397,0.019851735180622384,4,4,,,,"",
123456,"TwoPole",105,51,7,0.7,1,"PairwiseSupport","multi-point",3,4,"one-point",1,"calibrated",5.478896103896105,0.016104314298066403,4,4,,,,"",
123456,"TwoPole",106,51,7,0.7,1,"PairwiseSupport","multi-point",3,3,"two-point",2,"calibrated",4.775380261761585,0.008731313857119161,3,4,,,,"",
123456,"TwoPole",107,51,7,0.7,1,"PairwiseSupport","multi-point",3,4,"one-point",1,"calibrated",5.265210608424336,0.009016235729661069,4,4,,,,"",
123456,"TwoPole",108,51,7,0.7,1,"PairwiseSupport","multi-point",3,4,"one-point",1,"calibrated",4.4598612487611495,0.01413746456919386,4,4,,,,"",
123456,"TwoPole",109,51,7,0.7,1,"PairwiseSupport","multi-point",3,4,"one-point",1,"calibrated",5.834053586862576,0.03891046649506273,4,4,,,,"",
123456,"TwoPole",110,51,7,0.7,1,"PairwiseSupport","multi-point",3,4,"one-point",1,"calibrated",3.9823008849557513,0.014836069515753194,4,4,,,,"",
123456,"TwoPole",111,51,7,0.7,1,"PairwiseSupport","multi-point",3,4,"one-point",1,"calibrated",3.9823008849557513,0.022520769961024117,4,4,,,,"",
123456,"TwoPole",112,51,7,0.7,1,"PairwiseSupport","multi-point",3,4,"one-point",1,"calibrated",3.609625668449198,0.014543635900490163,4,4,,,,"",
123456,"TwoPole",113,51,7,0.7,1,"PairwiseSupport","multi-point",3,4,"one-point",1,"calibrated",4.387390315242119,0.012912530908205886,4,4,,,,"",
123456,"TwoPole",114,51,7,0.7,1,"PairwiseSupport","multi-point",3,4,"one-point",1,"calibrated",2.5037091988130564,0.01693046708263542,4,4,,,,"",
123456,"TwoPole",115,51,7,0.7,1,"PairwiseSupport","multi-point",3,4,"one-point",1,"calibrated",11.739130434782608,0.009756561351471921,4,4,,,,"",
123456,"TwoPole",116,51,7,0.7,1,"PairwiseSupport","multi-point",3,4,"one-point",1,"calibrated",4.9504950495049505,0.018115887775852386,4,4,,,,"",
123456,"TwoPole",117,51,7,0.7,1,"PairwiseSupport","multi-point",3,4,"one-point",1,"calibrated",5.369928400954653,0.00915519931900399,4,4,,,,"",
123456,"TwoPole",118,51,7,0.7,1,"PairwiseSupport","multi-point",3,4,"one-point",1,"calibrated",3.5037633013236436,0.024502080220294147,4,4,,,,"",
123456,"TwoPole",119,51,7,0.7,1,"PairwiseSupport","multi-point",3,4,"one-point",1,"calibrated",5.369928400954653,0.02245152015544855,4,4,,,,"",
123456,"TwoPole",120,51,7,0.7,1,"PairwiseSupport","multi-point",3,4,"one-point",1,"calibrated",2.795609857113274,0.01909589578016122,4,4,,,,"",
123456,"TwoPole",121,51,7,0.7,1,"PairwiseSupport","multi-point",3,4,"one-point",1,"calibrated",2.9807904614705234,0.012056375006373028,4,4,,,,"",
123456,"TwoPole",122,51,7,0.7,1,"PairwiseSupport","multi-point",3,4,"one-point",1,"calibrated",3.240518482957273,0.018861358764289245,4,4,,,,"",
123456,"TwoPole",123,51,7,0.7,1,"PairwiseSupport","multi-point",3,4,"one-point",1,"calibrated",4.103343465045592,0.011918229655660863,4,4,,,,"",
123456,"TwoPole",124,51,7,0.7,1,"PairwiseSupport","multi-point",3,4,"one-point",1,"calibrated",3.4151277510751323,0.02492605777641104,4,4,,,,"",
123456,"TwoPole",125,51,7,0.7,1,"PairwiseSupport","multi-point",3,4,"one-point",1,"calibrated",2.5753529187333077,0.018009261518294822,4,4,,,,"",
123456,"TwoPole",126,51,7,0.7,1,"PairwiseSupport","multi-point",3,4,"one-point",1,"calibrated",5.9628975265017665,0.014675149057619678,4,4,,,,"",
123456,"TwoPole",127,51,7,0.7,1,"PairwiseSupport","multi-point",3,4,"one-point",1,"calibrated",2.684430304235435,0.014308178354235195,4,4,,,,"",
123456,"TwoPole",128,51,7,0.7,1,"PairwiseSupport","multi-point",3,4,"one-point",1,"calibrated",3.8681948424068757,0.02194647519245517,4,4,,,,"",
123456,"TwoPole",129,51,7,0.7,1,"PairwiseSupport","multi-point",3,4,"one-point",1,"calibrated",5.164498852333589,0.01375132542228075,4,4,,,,"",
123456,"TwoPole",130,51,7,0.7,1,"PairwiseSupport","multi-point",3,4,"one-point",1,"calibrated",4.3172369683402625,0.018161792028926267,4,4,,,,"",
123456,"TwoPole",131,51,7,0.7,1,"PairwiseSupport","multi-point",3,4,"one-point",1,"calibrated",4.3172369683402625,0.02078720550193496,4,4,,,,"",
123456,"TwoPole",132,51,7,0.7,1,"PairwiseSupport","multi-point",3,4,"one-point",1,"calibrated",4.387390315242119,0.016458627536956885,4,4,,,,"",
123456,"TwoPole",133,51,7,0.7,1,"PairwiseSupport","multi-point",3,4,"one-point",1,"calibrated",2.862595419847328,0.011421271926807636,4,4,,,,"",
123456,"TwoPole",134,51,7,0.7,1,"PairwiseSupport","multi-point",3,4,"one-point",1,"calibrated",3.760445682451253,0.012762069333113238,4,4,,,,"",
123456,"TwoPole",135,51,7,0.7,1,"PairwiseSupport","multi-point",3,4,"one-point",1,"calibrated",2.267002518891687,0.017439989634146783,3,4,,,,"",
123456,"TwoPole",136,51,7,0.7,1,"PairwiseSupport","multi-point",3,4,"one-point",1,"calibrated",4.692387904066736,0.018675097002653462,4,4,,,,"",
123456,"TwoPole",137,51,7,0.7,1,"PairwiseSupport","multi-point",3,4,"one-point",1,"calibrated",3.2506621719239104,0.0169122520041907,4,4,,,,"",
123456,"TwoPole",138,51,7,0.7,1,"PairwiseSupport","multi-point",3,4,"one-point",1,"calibrated",2.600154083204931,0.008014610737516041,4,4,,,,"",
123456,"TwoPole",139,51,7,0.7,1,"PairwiseSupport","multi-point",3,4,"one-point",1,"calibrated",2.8932704672096015,0.023796017940996866,3,4,,,,"",
123456,"TwoPole",140,51,7,0.7,1,"PairwiseSupport","multi-point",3,4,"one-point",1,"calibrated",5.0675675675675675,0.022415554204907404,4,4,,,,"",
123456,"TwoPole",141,51,7,0.7,1,"PairwiseSupport","multi-point",3,4,"one-point",1,"calibrated",3.5498290823034444,0.021527591792997635,4,4,,,,"",
123456,"TwoPole",142,51,7,0.7,1,"PairwiseSupport","multi-point",3,4,"one-point",1,"calibrated",4.9504950495049505,0.020967268365425774,4,4,,,,"",
123456,"TwoPole",143,51,7,0.7,1,"PairwiseSupport","multi-point",3,4,"one-point",1,"calibrated",3.2119914346895073,0.016986075950495845,4,4,,,,"",
123456,"TwoPole",144,51,7,0.7,1,"PairwiseSupport","multi-point",3,3,"one-point",1,"degenerate",,,,,1,3,1.5550423439150212,"SwitchDetected",3
123456,"TwoPole",145,51,7,0.7,1,"PairwiseSupport","multi-point",3,4,"one-point",1,"calibrated",3.3724706470147385,0.01656507628638257,4,4,,,,"",
123456,"TwoPole",146,51,7,0.7,1,"PairwiseSupport","multi-point",3,4,"one-point",1,"calibrated",4.249291784702549,0.015197713824752056,4,4,,,,"",
123456,"TwoPole",147,51,7,0.7,1,"PairwiseSupport","multi-point",3,4,"one-point",1,"calibrated",4.103343465045592,0.011909264429992449,4,4,,,,"",
123456,"TwoPole",148,51,7,0.7,1,"PairwiseSupport","multi-point",3,4,"one-point",1,"calibrated",3.3724706470147385,0.014202842674073313,4,4,,,,"",
123456,"TwoPole",149,51,7,0.7,1,"PairwiseSupport","multi-point",3,4,"one-point",1,"calibrated",7.079181961195594,0.018731724108300978,4,4,,,,"",
123456,"TwoPole",150,51,7,0.7,1,"PairwiseSupport","multi-point",3,4,"one-point",1,"calibrated",2.9807904614705234,0.023218198857830934,4,4,,,,"",
123456,"TwoPole",151,51,7,0.7,1,"PairwiseSupport","multi-point",3,4,"one-point",1,"calibrated",4.04191616766467,0.008719290006268,4,4,,,,"",
123456,"TwoPole",152,51,7,0.7,1,"PairwiseSupport","multi-point",3,4,"one-point",1,"calibrated",3.597122302158273,0.02402868698505735,4,4,,,,"",
123456,"TwoPole",153,51,7,0.7,1,"PairwiseSupport","multi-point",3,4,"one-point",1,"calibrated",3.2506621719239104,0.01550877000339038,4,4,,,,"",
123456,"TwoPole",154,51,7,0.7,1,"PairwiseSupport","multi-point",3,4,"one-point",1,"calibrated",3.1645569620253164,0.012497024957010435,4,4,,,,"",
123456,"TwoPole",155,51,7,0.7,1,"PairwiseSupport","multi-point",3,4,"one-point",1,"calibrated",2.862595419847328,0.01810172859850835,4,4,,,,"",
123456,"TwoPole",156,51,7,0.7,1,"PairwiseSupport","multi-point",3,4,"one-point",1,"calibrated",4.387390315242119,0.019344772446702158,4,4,,,,"",
123456,"TwoPole",157,51,7,0.7,1,"PairwiseSupport","multi-point",3,4,"one-point",1,"calibrated",3.4151277510751323,0.018647258777564284,4,4,,,,"",
123456,"TwoPole",158,51,7,0.7,1,"PairwiseSupport","multi-point",3,4,"one-point",1,"calibrated",2.795609857113274,0.02103617167805786,4,4,,,,"",
123456,"TwoPole",159,51,7,0.7,1,"PairwiseSupport","multi-point",3,4,"one-point",1,"calibrated",3.5498290823034444,0.024240208500470477,4,4,,,,"",
123456,"TwoPole",160,51,7,0.7,1,"PairwiseSupport","multi-point",3,4,"one-point",1,"calibrated",2.9163966299416724,0.010278548312554661,4,4,,,,"",
123456,"TwoPole",161,51,7,0.7,1,"PairwiseSupport","multi-point",3,4,"one-point",1,"calibrated",5.592377796188898,0.005713803342199977,4,4,,,,"",
123456,"TwoPole",162,51,7,0.7,1,"PairwiseSupport","multi-point",3,4,"one-point",1,"calibrated",4.103343465045592,0.0196341200940846,4,4,,,,"",
123456,"TwoPole",163,51,7,0.7,1,"PairwiseSupport","multi-point",3,4,"one-point",1,"calibrated",6.346967559943582,0.014477703674159063,4,4,,,,"",
123456,"TwoPole",164,51,7,0.7,1,"PairwiseSupport","multi-point",3,4,"one-point",1,"calibrated",4.4598612487611495,0.015393682502269215,4,4,,,,"",
123456,"TwoPole",165,51,7,0.7,1,"PairwiseSupport","multi-point",3,4,"one-point",1,"calibrated",4.9504950495049505,0.012074554338528309,4,4,,,,"",
123456,"TwoPole",166,51,7,0.7,1,"PairwiseSupport","multi-point",3,4,"one-point",1,"calibrated",3.658536585365854,0.01887468777539496,4,4,,,,"",
123456,"TwoPole",167,51,7,0.7,1,"PairwiseSupport","multi-point",3,4,"one-point",1,"calibrated",3.2119914346895073,0.023236990812988755,4,4,,,,"",
123456,"TwoPole",168,51,7,0.7,1,"PairwiseSupport","multi-point",3,4,"one-point",1,"calibrated",3.8681948424068757,0.01616938019900281,4,4,,,,"",
123456,"TwoPole",169,51,7,0.7,1,"PairwiseSupport","multi-point",3,4,"one-point",1,"calibrated",3.0228392297357813,0.012809079765390214,4,4,,,,"",
123456,"TwoPole",170,51,7,0.7,1,"PairwiseSupport","multi-point",3,4,"one-point",1,"calibrated",3.3308660251665434,0.011245085258134422,4,4,,,,"",
123456,"TwoPole",171,51,7,0.7,1,"PairwiseSupport","multi-point",3,4,"one-point",1,"calibrated",3.2506621719239104,0.0196940060094771,4,4,,,,"",
123456,"TwoPole",172,51,7,0.7,1,"PairwiseSupport","multi-point",3,4,"one-point",1,"calibrated",2.7669604427136707,0.020326340145252857,4,4,,,,"",
123456,"TwoPole",173,51,7,0.7,1,"PairwiseSupport","multi-point",3,4,"one-point",1,"calibrated",5.0675675675675675,0.023371731052806786,4,4,,,,"",
123456,"TwoPole",174,51,7,0.7,1,"PairwiseSupport","multi-point",3,4,"one-point",1,"calibrated",3.4151277510751323,0.01479014718465862,4,4,,,,"",
123456,"TwoPole",175,51,7,0.7,1,"PairwiseSupport","multi-point",3,4,"one-point",1,"calibrated",4.387390315242119,0.019439184030736894,4,4,,,,"",
123456,"TwoPole",176,51,7,0.7,1,"PairwiseSupport","multi-point",3,4,"one-point",1,"calibrated",5.710659898477157,0.014715674229278218,4,4,,,,"",
123456,"TwoPole",177,51,7,0.7,1,"PairwiseSupport","multi-point",3,4,"one-point",1,"calibrated",4.692387904066736,0.017787484693728456,4,4,,,,"",
123456,"TwoPole",178,51,7,0.7,1,"PairwiseSupport","multi-point",3,4,"one-point",1,"calibrated",3.597122302158273,0.02415360095351566,4,4,,,,"",
123456,"TwoPole",179,51,7,0.7,1,"PairwiseSupport","multi-point",3,4,"one-point",1,"calibrated",5.369928400954653,0.017687859970342366,4,4,,,,"",
123456,"TwoPole",180,51,7,0.7,1,"PairwiseSupport","multi-point",3,4,"one-point",1,"calibrated",3.9244186046511618,0.013993447166780379,4,4,,,,"",
123456,"TwoPole",181,51,7,0.7,1,"PairwiseSupport","multi-point",3,4,"one-point",1,"calibrated",3.609625668449198,0.019477530863149704,4,4,,,,"",
123456,"TwoPole",182,51,7,0.7,1,"PairwiseSupport","multi-point",3,4,"one-point",1,"calibrated",3.658536585365854,0.010705712492482302,4,4,,,,"",
123456,"TwoPole",183,51,7,0.7,1,"PairwiseSupport","multi-point",3,4,"one-point",1,"calibrated",3.057065217391304,0.01561399788969661,4,4,,,,"",
123456,"TwoPole",184,51,7,0.7,1,"PairwiseSupport","multi-point",3,4,"one-point",1,"calibrated",3.2902754082378745,0.006070212171287805,4,4,,,,"",
123456,"TwoPole",185,51,7,0.7,1,"PairwiseSupport","multi-point",3,4,"one-point",1,"calibrated",3.1742299553256523,0.00997366008896817,4,4,,,,"",
123456,"TwoPole",186,51,7,0.7,1,"PairwiseSupport","multi-point",3,4,"one-point",1,"calibrated",3.2119914346895073,0.023547099861787987,4,4,,,,"",
123456,"TwoPole",187,51,7,0.7,1,"PairwiseSupport","multi-point",3,4,"one-point",1,"calibrated",3.3308660251665434,0.015616952266682742,4,4,,,,"",
123456,"TwoPole",188,51,7,0.7,1,"PairwiseSupport","multi-point",3,4,"one-point",1,"calibrated",5.478896103896105,0.008058050739771451,4,4,,,,"",
123456,"TwoPole",189,51,7,0.7,1,"PairwiseSupport","multi-point",3,4,"one-point",1,"calibrated",4.3172369683402625,0.015324980009146935,4,4,,,,"",
123456,"TwoPole",190,51,7,0.7,1,"PairwiseSupport","multi-point",3,4,"one-point",1,"calibrated",2.6580035440047256,0.014925014695785551,4,4,,,,"",
123456,"TwoPole",191,51,7,0.7,1,"PairwiseSupport","multi-point",3,4,"one-point",1,"calibrated",2.600154083204931,0.01502733070018147,4,4,,,,"",
123456,"TwoPole",192,51,7,0.7,1,"PairwiseSupport","multi-point",3,4,"one-point",1,"calibrated",4.9504950495049505,0.011286786434646515,4,4,,,,"",
123456,"TwoPole",193,51,7,0.7,1,"PairwiseSupport","multi-point",3,4,"one-point",1,"calibrated",3.3308660251665434,0.007223333709022807,4,4,,,,"",
123456,"TwoPole",194,51,7,0.7,1,"PairwiseSupport","multi-point",3,4,"one-point",1,"calibrated",3.5498290823034444,0.018374102946678655,4,4,,,,"",
123456,"TwoPole",195,51,7,0.7,1,"PairwiseSupport","multi-point",3,4,"one-point",1,"calibrated",5.369928400954653,0.010633369485781695,4,4,,,,"",
123456,"TwoPole",196,51,7,0.7,1,"PairwiseSupport","multi-point",3,4,"one-point",1,"calibrated",4.9504950495049505,0.023499595950332033,4,4,,,,"",
123456,"TwoPole",197,51,7,0.7,1,"PairwiseSupport","multi-point",3,4,"one-point",1,"calibrated",4.534766543500169,0.015210359364378956,4,4,,,,"",
123456,"TwoPole",198,51,7,0.7,1,"PairwiseSupport","multi-point",3,4,"one-point",1,"calibrated",3.0920751259734307,0.016815045403496626,4,4,,,,"",
123456,"TwoPole",199,51,7,0.7,1,"PairwiseSupport","multi-point",3,4,"one-point",1,"calibrated",7.079181961195594,0.014482042867595463,4,4,,,,"",
123456,"TwoPole",200,51,7,0.7,1,"PairwiseSupport","multi-point",3,4,"one-point",1,"calibrated",3.3724706470147385,0.015212727896769801,4,4,,,,"",
123456,"TwoPole",1,51,7,0.7,2,"PairwiseSupport","multi-point",3,4,"one-point",1,"calibrated",3.2506621719239104,0.001021932656474725,4,4,,,,"",
123456,"TwoPole",2,51,7,0.7,2,"PairwiseSupport","multi-point",3,4,"one-point",1,"calibrated",4.612230953194397,0.006243539809575898,4,4,,,,"",
123456,"TwoPole",3,51,7,0.7,2,"PairwiseSupport","multi-point",3,4,"one-point",1,"calibrated",3.2506621719239104,0.009642833850170502,4,4,,,,"",
123456,"TwoPole",4,51,7,0.7,2,"PairwiseSupport","multi-point",3,4,"one-point",1,"calibrated",3.4151277510751323,0.006799051261315572,4,4,,,,"",
123456,"TwoPole",5,51,7,0.7,2,"PairwiseSupport","multi-point",3,4,"one-point",1,"calibrated",2.325581395348837,0.014299497645993833,3,4,,,,"",
123456,"TwoPole",6,51,7,0.7,2,"PairwiseSupport","multi-point",3,4,"one-point",1,"calibrated",2.824858757062147,0.021368807389661345,3,4,,,,"",
123456,"TwoPole",7,51,7,0.7,2,"PairwiseSupport","multi-point",3,3,"one-point",1,"calibrated",5.834053586862576,0.01432142506454671,3,4,,,,"",
123456,"TwoPole",8,51,7,0.7,2,"PairwiseSupport","multi-point",3,4,"one-point",1,"calibrated",8.403361344537814,0.012092262257073196,4,4,,,,"",
123456,"TwoPole",9,51,7,0.7,2,"PairwiseSupport","multi-point",3,4,"one-point",1,"calibrated",3.0920751259734307,0.014658170943771982,4,4,,,,"",
123456,"TwoPole",10,51,7,0.7,2,"PairwiseSupport","multi-point",3,4,"one-point",1,"calibrated",5.265210608424336,0.01379185702645956,4,4,,,,"",
123456,"TwoPole",11,51,7,0.7,2,"PairwiseSupport","multi-point",3,4,"one-point",1,"calibrated",1.9800528014080374,0.004232230910010884,3,4,,,,"",
123456,"TwoPole",12,51,7,0.7,2,"PairwiseSupport","multi-point",3,4,"one-point",1,"calibrated",5.478896103896105,0.023032009702429017,4,4,,,,"",
123456,"TwoPole",13,51,7,0.7,2,"PairwiseSupport","multi-point",3,3,"one-point",1,"calibrated",1.4216512215669754,0.0003432578030612513,3,3,,,,"",
123456,"TwoPole",14,51,7,0.7,2,"PairwiseSupport","multi-point",3,4,"one-point",1,"calibrated",4.387390315242119,0.007874886255901041,4,4,,,,"",
123456,"TwoPole",15,51,7,0.7,2,"PairwiseSupport","multi-point",3,3,"one-point",1,"calibrated",1.9065103798898462,0.003944847586246266,3,4,,,,"",
123456,"TwoPole",16,51,7,0.7,2,"PairwiseSupport","multi-point",3,4,"one-point",1,"calibrated",2.5753529187333077,0.011902429392835883,4,4,,,,"",
123456,"TwoPole",17,51,7,0.7,2,"PairwiseSupport","multi-point",3,4,"one-point",1,"calibrated",2.8932704672096015,0.0024683757066052774,4,4,,,,"",
123456,"TwoPole",18,51,7,0.7,2,"PairwiseSupport","multi-point",3,4,"one-point",1,"calibrated",7.736389684813753,0.023605052694676734,4,4,,,,"",
123456,"TwoPole",19,51,7,0.7,2,"PairwiseSupport","multi-point",3,4,"one-point",1,"calibrated",2.795609857113274,0.016418941510223658,4,4,,,,"",
123456,"TwoPole",20,51,7,0.7,2,"PairwiseSupport","multi-point",3,4,"one-point",1,"calibrated",2.1156558533145273,0.0025785549520989355,3,4,,,,"",
123456,"TwoPole",21,51,7,0.7,2,"PairwiseSupport","multi-point",3,4,"one-point",1,"calibrated",7.936507936507937,0.020208542458799633,4,4,,,,"",
123456,"TwoPole",22,51,7,0.7,2,"PairwiseSupport","multi-point",3,3,"one-point",1,"calibrated",1.838235294117647,0.006185035556814739,3,3,,,,"",
123456,"TwoPole",23,51,7,0.7,2,"PairwiseSupport","multi-point",3,4,"one-point",1,"calibrated",6.097560975609756,0.006526850507364154,4,4,,,,"",
123456,"TwoPole",24,51,7,0.7,2,"PairwiseSupport","multi-point",3,4,"one-point",1,"calibrated",3.5498290823034444,0.02309585212152824,4,4,,,,"",
123456,"TwoPole",25,51,7,0.7,2,"PairwiseSupport","multi-point",3,4,"one-point",1,"calibrated",4.534766543500169,0.014564890258464103,4,4,,,,"",
123456,"TwoPole",26,51,7,0.7,2,"PairwiseSupport","multi-point",3,3,"one-point",1,"degenerate",,,,,2,4,5.681087256909352,"SwitchDetected",4
123456,"TwoPole",27,51,7,0.7,2,"PairwiseSupport","multi-point",3,4,"one-point",1,"calibrated",2.632092025736011,0.005305463735223647,4,4,,,,"",
123456,"TwoPole",28,51,7,0.7,2,"PairwiseSupport","multi-point",3,4,"one-point",1,"calibrated",6.7669172932330826,0.013409704633983754,4,4,,,,"",
123456,"TwoPole",29,51,7,0.7,2,"PairwiseSupport","multi-point",3,4,"one-point",1,"calibrated",2.795609857113274,0.015307832708388864,4,4,,,,"",
123456,"TwoPole",30,51,7,0.7,2,"PairwiseSupport","multi-point",3,3,"one-point",1,"calibrated",2.9893711248892822,0.0030132288140477153,3,4,,,,"",
123456,"TwoPole",31,51,7,0.7,2,"PairwiseSupport","multi-point",3,4,"one-point",1,"calibrated",2.581755593803787,0.01582868521311121,3,4,,,,"",
123456,"TwoPole",32,51,7,0.7,2,"PairwiseSupport","multi-point",3,4,"one-point",1,"calibrated",2.458120903131828,0.0029106328650242777,4,4,,,,"",
123456,"TwoPole",33,51,7,0.7,2,"PairwiseSupport","multi-point",3,3,"one-point",1,"calibrated",1.8508363038113516,0.0038920560523181616,3,3,,,,"",
123456,"TwoPole",34,51,7,0.7,2,"PairwiseSupport","multi-point",3,4,"one-point",1,"calibrated",2.458120903131828,0.0050315399178137415,4,4,,,,"",
123456,"TwoPole",35,51,7,0.7,2,"PairwiseSupport","multi-point",3,4,"one-point",1,"calibrated",2.684430304235435,0.019537749614863723,4,4,,,,"",
123456,"TwoPole",36,51,7,0.7,2,"PairwiseSupport","multi-point",3,4,"one-point",1,"calibrated",2.17566478646253,0.007146612522434398,3,4,,,,"",
123456,"TwoPole",37,51,7,0.7,2,"PairwiseSupport","multi-point",3,3,"one-point",1,"calibrated",1.8669616927119346,0.005410045832042823,3,4,,,,"",
123456,"TwoPole",38,51,7,0.7,2,"PairwiseSupport","multi-point",3,4,"one-point",1,"calibrated",5.834053586862576,0.005143614034172358,4,4,,,,"",
123456,"TwoPole",39,51,7,0.7,2,"PairwiseSupport","multi-point",3,4,"one-point",1,"calibrated",3.057065217391304,0.008785293309051319,4,4,,,,"",
123456,"TwoPole",40,51,7,0.7,2,"PairwiseSupport","multi-point",3,4,"one-point",1,"calibrated",6.481036965914546,0.009460386863985315,4,4,,,,"",
123456,"TwoPole",41,51,7,0.7,2,"PairwiseSupport","multi-point",3,4,"one-point",1,"calibrated",6.346967559943582,0.01153770245812677,4,4,,,,"",
123456,"TwoPole",42,51,7,0.7,2,"PairwiseSupport","multi-point",3,4,"one-point",1,"calibrated",2.9893711248892822,0.015581577536821229,4,4,,,,"",
123456,"TwoPole",43,51,7,0.7,2,"PairwiseSupport","multi-point",3,4,"one-point",1,"calibrated",5.9628975265017665,0.00414869730704725,4,4,,,,"",
123456,"TwoPole",44,51,7,0.7,2,"PairwiseSupport","multi-point",3,4,"one-point",1,"calibrated",3.2902754082378745,0.014225926264150805,4,4,,,,"",
123456,"TwoPole",45,51,7,0.7,2,"PairwiseSupport","multi-point",3,4,"one-point",1,"calibrated",2.5510204081632653,0.003286137825452077,4,4,,,,"",
123456,"TwoPole",46,51,7,0.7,2,"PairwiseSupport","multi-point",3,4,"one-point",1,"calibrated",8.403361344537814,0.007692808863980711,4,4,,,,"",
123456,"TwoPole",47,51,7,0.7,2,"PairwiseSupport","multi-point",3,4,"one-point",1,"calibrated",2.67750892502975,0.01907964707451809,3,4,,,,"",
123456,"TwoPole",48,51,7,0.7,2,"PairwiseSupport","multi-point",3,3,"one-point",1,"calibrated",5.0675675675675675,0.02566509512223155,3,4,,,,"",
123456,"TwoPole",49,51,7,0.7,2,"PairwiseSupport","multi-point",3,3,"one-point",1,"degenerate",,,,,1,3,1.485983760203724,"SwitchDetected",3
123456,"TwoPole",50,51,7,0.7,2,"PairwiseSupport","multi-point",3,4,"one-point",1,"calibrated",2.862595419847328,0.007991056281722538,4,4,,,,"",
123456,"TwoPole",51,51,7,0.7,2,"PairwiseSupport","multi-point",3,4,"one-point",1,"calibrated",9.193054136874363,0.019063376564091218,4,4,,,,"",
123456,"TwoPole",52,51,7,0.7,2,"PairwiseSupport","multi-point",3,4,"one-point",1,"calibrated",3.0920751259734307,0.015602760644100981,4,4,,,,"",
123456,"TwoPole",53,51,7,0.7,2,"PairwiseSupport","multi-point",3,4,"one-point",1,"calibrated",4.249291784702549,0.018376152213761477,4,4,,,,"",
123456,"TwoPole",54,51,7,0.7,2,"PairwiseSupport","multi-point",3,4,"one-point",1,"calibrated",7.546115148127446,0.012490314318798892,4,4,,,,"",
123456,"TwoPole",55,51,7,0.7,2,"PairwiseSupport","multi-point",3,3,"one-point",1,"degenerate",,,,,1,3,1.4702520512210184,"SwitchDetected",3
123456,"TwoPole",56,51,7,0.7,2,"PairwiseSupport","multi-point",3,4,"one-point",1,"degenerate",,,,,1,4,1.6031232723910351,"SwitchDetected",3
123456,"TwoPole",57,51,7,0.7,2,"PairwiseSupport","multi-point",3,4,"one-point",1,"calibrated",6.7669172932330826,0.019008998892979904,4,4,,,,"",
123456,"TwoPole",58,51,7,0.7,2,"PairwiseSupport","multi-point",3,4,"one-point",1,"calibrated",4.3172369683402625,0.012660123487156366,4,4,,,,"",
123456,"TwoPole",59,51,7,0.7,2,"PairwiseSupport","multi-point",3,3,"one-point",1,"calibrated",4.612230953194397,0.004576052700411161,3,4,,,,"",
123456,"TwoPole",60,51,7,0.7,2,"PairwiseSupport","multi-point",3,4,"one-point",1,"calibrated",5.164498852333589,0.011206606103956159,4,5,,,,"",
123456,"TwoPole",61,51,7,0.7,2,"PairwiseSupport","multi-point",3,4,"one-point",1,"calibrated",3.5498290823034444,0.01786841474596123,4,4,,,,"",
123456,"TwoPole",62,51,7,0.7,2,"PairwiseSupport","multi-point",3,4,"one-point",1,"calibrated",8.587786259541986,0.012982469440781585,4,4,,,,"",
123456,"TwoPole",63,51,7,0.7,2,"PairwiseSupport","multi-point",3,3,"one-point",1,"degenerate",,,,,1,3,1.6123988590979021,"SwitchDetected",3
123456,"TwoPole",64,51,7,0.7,2,"PairwiseSupport","multi-point",3,4,"one-point",1,"calibrated",2.795609857113274,0.018496016158675667,4,4,,,,"",
123456,"TwoPole",65,51,7,0.7,2,"PairwiseSupport","multi-point",3,3,"one-point",1,"calibrated",5.265210608424336,0.014202877410469567,3,4,,,,"",
123456,"TwoPole",66,51,7,0.7,2,"PairwiseSupport","multi-point",3,3,"one-point",1,"calibrated",1.446480231436837,0.00021981238032855072,3,3,,,,"",
123456,"TwoPole",67,51,7,0.7,2,"PairwiseSupport","multi-point",3,4,"one-point",1,"calibrated",6.346967559943582,0.00787484033183771,4,4,,,,"",
123456,"TwoPole",68,51,7,0.7,2,"PairwiseSupport","multi-point",3,4,"one-point",1,"calibrated",2.632092025736011,0.010677038746612976,4,4,,,,"",
123456,"TwoPole",69,51,7,0.7,2,"PairwiseSupport","multi-point",3,3,"one-point",1,"calibrated",3.760445682451253,0.005930054489770012,3,4,,,,"",
123456,"TwoPole",70,51,7,0.7,2,"PairwiseSupport","multi-point",3,4,"one-point",1,"calibrated",4.04191616766467,0.014466844924463252,4,4,,,,"",
123456,"TwoPole",71,51,7,0.7,2,"PairwiseSupport","multi-point",3,4,"one-point",1,"calibrated",5.265210608424336,0.026404069559204164,4,4,,,,"",
123456,"TwoPole",72,51,7,0.7,2,"PairwiseSupport","multi-point",3,4,"one-point",1,"calibrated",5.164498852333589,0.003079089447908026,4,4,,,,"",
123456,"TwoPole",73,51,7,0.7,2,"PairwiseSupport","multi-point",3,4,"one-point",1,"calibrated",6.346967559943582,0.009185277923699761,4,4,,,,"",
123456,"TwoPole",74,51,7,0.7,2,"PairwiseSupport","multi-point",3,4,"one-point",1,"calibrated",5.710659898477157,0.007027104558285029,4,4,,,,"",
123456,"TwoPole",75,51,7,0.7,2,"PairwiseSupport","multi-point",3,4,"one-point",1,"calibrated",3.5037633013236436,0.021789513593345813,4,4,,,,"",
123456,"TwoPole",76,51,7,0.7,2,"PairwiseSupport","multi-point",3,4,"one-point",1,"calibrated",3.2506621719239104,0.014880243790489724,4,4,,,,"",
123456,"TwoPole",77,51,7,0.7,2,"PairwiseSupport","multi-point",3,4,"one-point",1,"calibrated",4.612230953194397,0.017820523064846133,4,4,,,,"",
123456,"TwoPole",78,51,7,0.7,2,"PairwiseSupport","multi-point",3,4,"one-point",1,"calibrated",3.658536585365854,0.010267588743246268,4,4,,,,"",
123456,"TwoPole",79,51,7,0.7,2,"PairwiseSupport","multi-point",3,3,"one-point",1,"calibrated",6.385998107852411,0.013660393458508262,3,4,,,,"",
123456,"TwoPole",80,51,7,0.7,2,"PairwiseSupport","multi-point",3,3,"one-point",1,"calibrated",4.3172369683402625,0.004396445027434423,3,4,,,,"",
123456,"TwoPole",81,51,7,0.7,2,"PairwiseSupport","multi-point",3,4,"one-point",1,"calibrated",2.6254375729288215,0.0024265981257285936,4,4,,,,"",
123456,"TwoPole",82,51,7,0.7,2,"PairwiseSupport","multi-point",3,4,"one-point",1,"calibrated",3.8681948424068757,0.007155741254095506,4,4,,,,"",
123456,"TwoPole",83,51,7,0.7,2,"PairwiseSupport","multi-point",3,4,"one-point",1,"calibrated",3.8681948424068757,0.0176379515996472,4,4,,,,"",
123456,"TwoPole",84,51,7,0.7,2,"PairwiseSupport","multi-point",3,4,"one-point",1,"calibrated",1.879961008216126,0.003343837446713247,3,4,,,,"",
123456,"TwoPole",85,51,7,0.7,2,"PairwiseSupport","multi-point",3,4,"one-point",1,"calibrated",2.6844303042354345,0.01688703588898101,3,4,,,,"",
123456,"TwoPole",86,51,7,0.7,2,"PairwiseSupport","multi-point",3,4,"one-point",1,"calibrated",6.2183325656379544,0.00601004888064572,4,4,,,,"",
123456,"TwoPole",87,51,7,0.7,2,"PairwiseSupport","multi-point",3,4,"one-point",1,"calibrated",5.164498852333589,0.029942279870332034,4,4,,,,"",
123456,"TwoPole",88,51,7,0.7,2,"PairwiseSupport","multi-point",3,4,"one-point",1,"calibrated",7.246376811594202,0.013303136199996334,4,4,,,,"",
123456,"TwoPole",89,51,7,0.7,2,"PairwiseSupport","multi-point",3,3,"one-point",1,"calibrated",8.22669104204753,0.011089413911447361,3,4,,,,"",
123456,"TwoPole",90,51,7,0.7,2,"PairwiseSupport","multi-point",3,4,"one-point",1,"calibrated",3.057065217391304,0.02120125599315179,4,4,,,,"",
123456,"TwoPole",91,51,7,0.7,2,"PairwiseSupport","multi-point",3,4,"one-point",1,"calibrated",4.534766543500169,0.011386147582041747,4,4,,,,"",
123456,"TwoPole",92,51,7,0.7,2,"PairwiseSupport","multi-point",3,4,"one-point",1,"calibrated",2.7113878288813016,0.01985263830306087,3,4,,,,"",
123456,"TwoPole",93,51,7,0.7,2,"PairwiseSupport","multi-point",3,4,"one-point",1,"calibrated",5.592377796188898,0.018468315966131285,4,4,,,,"",
123456,"TwoPole",94,51,7,0.7,2,"PairwiseSupport","multi-point",3,4,"one-point",1,"calibrated",6.919528446950282,0.008180071381263074,4,4,,,,"",
123456,"TwoPole",95,51,7,0.7,2,"PairwiseSupport","multi-point",3,4,"one-point",1,"calibrated",6.097560975609756,0.008742854237205831,4,4,,,,"",
123456,"TwoPole",96,51,7,0.7,2,"PairwiseSupport","multi-point",3,4,"one-point",1,"calibrated",2.158273381294964,0.002542869002859215,3,4,,,,"",
123456,"TwoPole",97,51,7,0.7,2,"PairwiseSupport","multi-point",3,4,"one-point",1,"calibrated",2.6580035440047256,0.010536302356736154,4,4,,,,"",
123456,"TwoPole",98,51,7,0.7,2,"PairwiseSupport","multi-point",3,4,"one-point",1,"calibrated",6.481036965914546,0.007994798925657822,4,4,,,,"",
123456,"TwoPole",99,51,7,0.7,2,"PairwiseSupport","multi-point",3,4,"one-point",1,"calibrated",4.166666666666666,0.026980218045021757,4,4,,,,"",
123456,"TwoPole",100,51,7,0.7,2,"PairwiseSupport","multi-point",3,4,"one-point",1,"calibrated",2.5271433919880195,0.004601782610087493,4,4,,,,"",
123456,"TwoPole",101,51,7,0.7,2,"PairwiseSupport","multi-point",3,3,"one-point",1,"calibrated",2.020655590480467,0.005286170682464517,3,3,,,,"",
123456,"TwoPole",102,51,7,0.7,2,"PairwiseSupport","multi-point",3,3,"one-point",1,"calibrated",1.9065103798898462,0.0008106185872999621,3,4,,,,"",
123456,"TwoPole",103,51,7,0.7,2,"PairwiseSupport","multi-point",3,4,"one-point",1,"calibrated",3.057065217391304,0.013632096623900336,4,4,,,,"",
123456,"TwoPole",104,51,7,0.7,2,"PairwiseSupport","multi-point",3,4,"one-point",1,"calibrated",3.8681948424068757,0.02395323942543644,4,4,,,,"",
123456,"TwoPole",105,51,7,0.7,2,"PairwiseSupport","multi-point",3,4,"one-point",1,"calibrated",5.710659898477157,0.01827466648820883,4,4,,,,"",
123456,"TwoPole",106,51,7,0.7,2,"PairwiseSupport","multi-point",3,4,"one-point",1,"calibrated",4.04191616766467,0.007308308901587982,4,4,,,,"",
123456,"TwoPole",107,51,7,0.7,2,"PairwiseSupport","multi-point",3,3,"one-point",1,"calibrated",1.8931426167437946,0.0028758483271421054,3,4,,,,"",
123456,"TwoPole",108,51,7,0.7,2,"PairwiseSupport","multi-point",3,4,"one-point",1,"calibrated",8.057296329453894,0.011963003704955875,4,4,,,,"",
123456,"TwoPole",109,51,7,0.7,2,"PairwiseSupport","multi-point",3,4,"one-point",1,"calibrated",7.364975450081833,0.020805775541789185,4,4,,,,"",
123456,"TwoPole",110,51,7,0.7,2,"PairwiseSupport","multi-point",3,3,"one-point",1,"calibrated",1.5570934256055362,0.000563841901995682,3,3,,,,"",
123456,"TwoPole",111,51,7,0.7,2,"PairwiseSupport","multi-point",3,3,"one-point",1,"calibrated",2.17566478646253,0.007895876226326414,3,3,,,,"",
123456,"TwoPole",112,51,7,0.7,2,"PairwiseSupport","multi-point",3,4,"one-point",1,"calibrated",2.5510204081632653,0.00532572940538047,4,4,,,,"",
123456,"TwoPole",113,51,7,0.7,2,"PairwiseSupport","multi-point",3,4,"one-point",1,"calibrated",5.834053586862576,0.012343861862498482,4,4,,,,"",
123456,"TwoPole",114,51,7,0.7,2,"PairwiseSupport","multi-point",3,4,"one-point",1,"calibrated",2.7669604427136707,0.009001701598488027,4,4,,,,"",
123456,"TwoPole",115,51,7,0.7,2,"PairwiseSupport","two-point",2,2,"two-point",2,"degenerate",,,,,1,3,1.0429490811175548,"SwitchDetected",2
123456,"TwoPole",116,51,7,0.7,2,"PairwiseSupport","multi-point",3,4,"one-point",1,"calibrated",3.2119914346895073,0.00849995491113632,4,4,,,,"",
123456,"TwoPole",117,51,7,0.7,2,"PairwiseSupport","multi-point",3,3,"one-point",1,"degenerate",,,,,1,3,1.4837925280577071,"SwitchDetected",3
123456,"TwoPole",118,51,7,0.7,2,"PairwiseSupport","multi-point",3,4,"one-point",1,"calibrated",4.775380261761585,0.017280033931460263,4,4,,,,"",
123456,"TwoPole",119,51,7,0.7,2,"PairwiseSupport","multi-point",3,3,"one-point",1,"calibrated",2.9807904614705234,0.0018352292302263311,3,4,,,,"",
123456,"TwoPole",120,51,7,0.7,2,"PairwiseSupport","multi-point",3,4,"one-point",1,"calibrated",4.974207811348563,0.025287377627547486,4,4,,,,"",
123456,"TwoPole",121,51,7,0.7,2,"PairwiseSupport","multi-point",3,4,"one-point",1,"calibrated",2.7113878288813016,0.008198992181386677,4,4,,,,"",
123456,"TwoPole",122,51,7,0.7,2,"PairwiseSupport","multi-point",3,4,"one-point",1,"calibrated",2.7669604427136707,0.012417489064787415,4,4,,,,"",
123456,"TwoPole",123,51,7,0.7,2,"PairwiseSupport","multi-point",3,3,"one-point",1,"degenerate",,,,,1,3,1.4058831025018697,"SwitchDetected",3
123456,"TwoPole",124,51,7,0.7,2,"PairwiseSupport","multi-point",3,3,"one-point",1,"calibrated",1.5393386545039909,0.0017541507896120243,3,3,,,,"",
123456,"TwoPole",125,51,7,0.7,2,"PairwiseSupport","multi-point",3,4,"one-point",1,"calibrated",3.4151277510751323,0.006371867909299273,4,4,,,,"",
123456,"TwoPole",126,51,7,0.7,2,"PairwiseSupport","multi-point",3,4,"one-point",1,"calibrated",5.164498852333589,0.010914734331269365,4,4,,,,"",
123456,"TwoPole",127,51,7,0.7,2,"PairwiseSupport","multi-point",3,4,"one-point",1,"calibrated",4.387390315242119,0.006301367061675748,4,4,,,,"",
123456,"TwoPole",128,51,7,0.7,2,"PairwiseSupport","multi-point",3,4,"one-point",1,"calibrated",3.4151277510751323,0.0022849860061150695,4,4,,,,"",
123456,"TwoPole",129,51,7,0.7,2,"PairwiseSupport","multi-point",3,4,"one-point",1,"calibrated",5.164498852333589,0.009527480854363366,4,4,,,,"",
123456,"TwoPole",130,51,7,0.7,2,"PairwiseSupport","multi-point",3,3,"one-point",1,"degenerate",,,,,1,3,1.3477350027567123,"SwitchDetected",3
123456,"TwoPole",131,51,7,0.7,2,"PairwiseSupport","multi-point",3,4,"one-point",1,"calibrated",3.1278962001853565,0.014621469998652098,4,4,,,,"",
123456,"TwoPole",132,51,7,0.7,2,"PairwiseSupport","multi-point",3,4,"one-point",1,"calibrated",8.403361344537814,0.012098035931869337,4,4,,,,"",
123456,"TwoPole",133,51,7,0.7,2,"PairwiseSupport","multi-point",3,3,"one-point",1,"degenerate",,,,,1,3,1.5427502555321355,"SwitchDetected",3
123456,"TwoPole",134,51,7,0.7,2,"PairwiseSupport","multi-point",3,4,"one-point",1,"calibrated",1.9477708844322608,0.001132990939485175,3,4,,,,"",
123456,"TwoPole",135,51,7,0.7,2,"PairwiseSupport","multi-point",3,4,"one-point",1,"calibrated",3.5498290823034444,0.020293727752229686,4,4,,,,"",
123456,"TwoPole",136,51,7,0.7,2,"PairwiseSupport","multi-point",3,4,"one-point",1,"calibrated",6.919528446950282,0.015286136641838293,4,4,,,,"",
123456,"TwoPole",137,51,7,0.7,2,"PairwiseSupport","multi-point",3,4,"one-point",1,"calibrated",7.546115148127446,0.019281089546009298,4,4,,,,"",
123456,"TwoPole",138,51,7,0.7,2,"PairwiseSupport","multi-point",3,3,"one-point",1,"calibrated",5.478896103896105,0.005420607488153592,3,4,,,,"",
123456,"TwoPole",139,51,7,0.7,2,"PairwiseSupport","multi-point",3,4,"one-point",1,"calibrated",5.164498852333589,0.025390966568786904,4,4,,,,"",
123456,"TwoPole",140,51,7,0.7,2,"PairwiseSupport","multi-point",3,3,"one-point",1,"calibrated",20,0.010015758215557285,3,4,,,,"",
123456,"TwoPole",141,51,7,0.7,2,"PairwiseSupport","multi-point",3,4,"one-point",1,"calibrated",3.2902754082378745,0.019927925866611084,4,4,,,,"",
123456,"TwoPole",142,51,7,0.7,2,"PairwiseSupport","multi-point",3,3,"one-point",1,"calibrated",7.364975450081833,0.017896982203957308,3,4,,,,"",
123456,"TwoPole",143,51,7,0.7,2,"PairwiseSupport","multi-point",3,4,"one-point",1,"calibrated",3.4151277510751323,0.011853319033938483,4,4,,,,"",
123456,"TwoPole",144,51,7,0.7,2,"PairwiseSupport","multi-point",3,4,"one-point",1,"calibrated",2.9482419742301818,0.020927709615163322,3,4,,,,"",
123456,"TwoPole",145,51,7,0.7,2,"PairwiseSupport","multi-point",3,4,"one-point",1,"calibrated",2.4807056229327453,0.01665504517239393,3,4,,,,"",
123456,"TwoPole",146,51,7,0.7,2,"PairwiseSupport","multi-point",3,4,"one-point",1,"calibrated",7.246376811594202,0.023485151663727076,4,4,,,,"",
123456,"TwoPole",147,51,7,0.7,2,"PairwiseSupport","multi-point",3,4,"one-point",1,"calibrated",6.346967559943582,0.009222994662497135,4,4,,,,"",
123456,"TwoPole",148,51,7,0.7,2,"PairwiseSupport","multi-point",3,4,"one-point",1,"calibrated",6.097560975609756,0.009621220559023345,4,4,,,,"",
123456,"TwoPole",149,51,7,0.7,2,"PairwiseSupport","multi-point",3,4,"one-point",1,"calibrated",2.684430304235435,0.011739144247754331,4,4,,,,"",
123456,"TwoPole",150,51,7,0.7,2,"PairwiseSupport","multi-point",3,4,"one-point",1,"calibrated",2.330801104972376,0.007642418183944971,4,4,,,,"",
123456,"TwoPole",151,51,7,0.7,2,"PairwiseSupport","multi-point",3,4,"one-point",1,"degenerate",,,,,1,4,1.658746600488239,"SwitchDetected",3
123456,"TwoPole",152,51,7,0.7,2,"PairwiseSupport","multi-point",3,3,"one-point",1,"calibrated",2.854726157750053,0.015030253541751751,3,4,,,,"",
123456,"TwoPole",153,51,7,0.7,2,"PairwiseSupport","multi-point",3,4,"one-point",1,"calibrated",5.369928400954653,0.008304443675137944,4,4,,,,"",
123456,"TwoPole",154,51,7,0.7,2,"PairwiseSupport","multi-point",3,4,"one-point",1,"calibrated",6.2183325656379544,0.0125369708182457,4,4,,,,"",
123456,"TwoPole",155,51,7,0.7,2,"PairwiseSupport","multi-point",3,4,"one-point",1,"calibrated",2.7388922702373706,0.012115873275571818,4,4,,,,"",
123456,"TwoPole",156,51,7,0.7,2,"PairwiseSupport","multi-point",3,4,"one-point",1,"calibrated",5.265210608424336,0.028426298575781245,4,4,,,,"",
123456,"TwoPole",157,51,7,0.7,2,"PairwiseSupport","multi-point",3,3,"one-point",1,"calibrated",2.2295623451692816,0.005242067091764863,3,3,,,,"",
123456,"TwoPole",158,51,7,0.7,2,"PairwiseSupport","multi-point",3,4,"one-point",1,"calibrated",2.9893711248892822,0.008681482702416695,4,4,,,,"",
123456,"TwoPole",159,51,7,0.7,2,"PairwiseSupport","multi-point",3,4,"one-point",1,"calibrated",3.2119914346895073,0.00498912018078737,4,4,,,,"",
123456,"TwoPole",160,51,7,0.7,2,"PairwiseSupport","multi-point",3,4,"one-point",1,"calibrated",4.249291784702549,0.005923893997904956,4,4,,,,"",
123456,"TwoPole",161,51,7,0.7,2,"PairwiseSupport","multi-point",3,4,"two-point",2,"calibrated",2.862595419847328,0.0234283467510761,3,4,,,,"",
123456,"TwoPole",162,51,7,0.7,2,"PairwiseSupport","multi-point",3,4,"one-point",1,"calibrated",2.7388922702373706,0.01046442101644699,4,4,,,,"",
123456,"TwoPole",163,51,7,0.7,2,"PairwiseSupport","multi-point",3,3,"one-point",1,"calibrated",1.8669616927119346,0.005837847336150409,3,3,,,,"",
123456,"TwoPole",164,51,7,0.7,2,"PairwiseSupport","multi-point",3,4,"one-point",1,"calibrated",3.2119914346895073,0.009023220281043678,4,4,,,,"",
123456,"TwoPole",165,51,7,0.7,2,"PairwiseSupport","multi-point",3,4,"one-point",1,"calibrated",3.813559322033898,0.01608519387869711,4,4,,,,"",
123456,"TwoPole",166,51,7,0.7,2,"PairwiseSupport","multi-point",3,4,"one-point",1,"calibrated",2.458120903131828,0.011581431604423558,4,4,,,,"",
123456,"TwoPole",167,51,7,0.7,2,"PairwiseSupport","multi-point",3,4,"one-point",1,"calibrated",3.609625668449198,0.016913806646322704,4,4,,,,"",
123456,"TwoPole",168,51,7,0.7,2,"PairwiseSupport","multi-point",3,4,"one-point",1,"calibrated",3.5498290823034444,0.013824285465632464,4,4,,,,"",
123456,"TwoPole",169,51,7,0.7,2,"PairwiseSupport","multi-point",3,4,"one-point",1,"calibrated",3.8681948424068757,0.006560819938020656,4,4,,,,"",
123456,"TwoPole",170,51,7,0.7,2,"PairwiseSupport","multi-point",3,4,"one-point",1,"calibrated",3.9244186046511618,0.011025762763913547,4,4,,,,"",
123456,"TwoPole",171,51,7,0.7,2,"PairwiseSupport","multi-point",3,3,"one-point",1,"degenerate",,,,,1,3,1.736660236162049,"SwitchDetected",3
123456,"TwoPole",172,51,7,0.7,2,"PairwiseSupport","multi-point",3,4,"one-point",1,"calibrated",4.103343465045592,0.00798406717770429,4,4,,,,"",
123456,"TwoPole",173,51,7,0.7,2,"PairwiseSupport","multi-point",3,4,"one-point",1,"calibrated",3.2902754082378745,0.013577940937540256,4,4,,,,"",
123456,"TwoPole",174,51,7,0.7,2,"PairwiseSupport","multi-point",3,3,"one-point",1,"degenerate",,,,,1,3,1.516300648435089,"SwitchDetected",3
123456,"TwoPole",175,51,7,0.7,2,"PairwiseSupport","multi-point",3,4,"one-point",1,"calibrated",4.534766543500169,0.015327578333607001,4,4,,,,"",
123456,"TwoPole",176,51,7,0.7,2,"PairwiseSupport","multi-point",3,4,"one-point",1,"calibrated",6.481036965914546,0.009190032234756201,4,4,,,,"",
123456,"TwoPole",177,51,7,0.7,2,"PairwiseSupport","multi-point",3,3,"two-point",2,"calibrated",6.2183325656379544,0.008332043548562085,3,4,,,,"",
123456,"TwoPole",178,51,7,0.7,2,"PairwiseSupport","multi-point",3,3,"one-point",1,"calibrated",2.5510204081632653,0.009206573328649641,3,4,,,,"",
123456,"TwoPole",179,51,7,0.7,2,"PairwiseSupport","multi-point",3,4,"one-point",1,"calibrated",4.249291784702549,0.015249903187672248,4,4,,,,"",
123456,"TwoPole",180,51,7,0.7,2,"PairwiseSupport","multi-point",3,4,"one-point",1,"calibrated",2.5510204081632653,0.012897657379216936,4,4,,,,"",
123456,"TwoPole",181,51,7,0.7,2,"PairwiseSupport","multi-point",3,4,"one-point",1,"calibrated",6.346967559943582,0.013251111251283317,4,4,,,,"",
123456,"TwoPole",182,51,7,0.7,2,"PairwiseSupport","multi-point",3,3,"one-point",1,"calibrated",5.592377796188898,0.00788952610139341,3,4,,,,"",
123456,"TwoPole",183,51,7,0.7,2,"PairwiseSupport","multi-point",3,4,"one-point",1,"calibrated",3.8681948424068766,0.013841274619056222,4,4,,,,"",
123456,"TwoPole",184,51,7,0.7,2,"PairwiseSupport","multi-point",3,4,"one-point",1,"calibrated",4.9504950495049505,0.007868172134087864,4,4,,,,"",
123456,"TwoPole",185,51,7,0.7,2,"PairwiseSupport","multi-point",3,4,"one-point",1,"calibrated",2.7388922702373706,0.011080943559019892,4,4,,,,"",
123456,"TwoPole",186,51,7,0.7,2,"PairwiseSupport","multi-point",3,4,"one-point",1,"calibrated",3.5037633013236436,0.013360945358082564,4,4,,,,"",
123456,"TwoPole",187,51,7,0.7,2,"PairwiseSupport","multi-point",3,4,"one-point",1,"calibrated",4.166666666666666,0.013967682731256748,4,4,,,,"",
123456,"TwoPole",188,51,7,0.7,2,"PairwiseSupport","multi-point",3,4,"one-point",1,"calibrated",4.04191616766467,0.008677783241826933,4,4,,,,"",
123456,"TwoPole",189,51,7,0.7,2,"PairwiseSupport","multi-point",3,4,"one-point",1,"calibrated",4.387390315242119,0.01305790789049295,4,4,,,,"",
123456,"TwoPole",190,51,7,0.7,2,"PairwiseSupport","multi-point",3,4,"one-point",1,"calibrated",3.5498290823034444,0.013836924729903367,4,4,,,,"",
123456,"TwoPole",191,51,7,0.7,2,"PairwiseSupport","multi-point",3,4,"one-point",1,"calibrated",4.775380261761585,0.00999251166243192,4,4,,,,"",
123456,"TwoPole",192,51,7,0.7,2,"PairwiseSupport","multi-point",3,4,"one-point",1,"calibrated",3.057065217391304,0.006744756288646519,4,4,,,,"",
123456,"TwoPole",193,51,7,0.7,2,"PairwiseSupport","multi-point",3,4,"one-point",1,"calibrated",3.057065217391304,0.020905660655934324,3,4,,,,"",
123456,"TwoPole",194,51,7,0.7,2,"PairwiseSupport","multi-point",3,4,"one-point",1,"calibrated",3.813559322033898,0.010625045529973613,4,4,,,,"",
123456,"TwoPole",195,51,7,0.7,2,"PairwiseSupport","multi-point",3,4,"one-point",1,"calibrated",3.2506621719239104,0.0068269266289047136,4,4,,,,"",
123456,"TwoPole",196,51,7,0.7,2,"PairwiseSupport","multi-point",3,4,"one-point",1,"calibrated",3.813559322033898,0.007460633011294601,4,4,,,,"",
123456,"TwoPole",197,51,7,0.7,2,"PairwiseSupport","multi-point",3,4,"one-point",1,"calibrated",4.974207811348563,0.025446901449610308,4,4,,,,"",
123456,"TwoPole",198,51,7,0.7,2,"PairwiseSupport","multi-point",3,3,"one-point",1,"calibrated",8.057296329453894,0.04522802531261184,3,4,,,,"",
123456,"TwoPole",199,51,7,0.7,2,"PairwiseSupport","multi-point",3,3,"one-point",1,"degenerate",,,,,1,3,1.4296007366143444,"SwitchDetected",3
123456,"TwoPole",200,51,7,0.7,2,"PairwiseSupport","multi-point",3,4,"one-point",1,"calibrated",3.0920751259734307,0.009341767103208071,4,4,,,,"",
123456,"TwoPole",1,51,7,0.7,3,"PairwiseSupport","multi-point",3,3,"one-point",1,"degenerate",,,,,2,4,2.2420708502051996,"SwitchDetected",4
123456,"TwoPole",2,51,7,0.7,3,"PairwiseSupport","multi-point",3,4,"one-point",1,"degenerate",,,,,1,4,1.9385466283824218,"SwitchDetected",4
123456,"TwoPole",3,51,7,0.7,3,"PairwiseSupport","multi-point",3,3,"two-point",2,"calibrated",3.1278962001853565,0.010843303819674289,3,4,,,,"",
123456,"TwoPole",4,51,7,0.7,3,"PairwiseSupport","multi-point",3,4,"one-point",1,"calibrated",1.9800528014080374,0.00275848606461701,3,4,,,,"",
123456,"TwoPole",5,51,7,0.7,3,"PairwiseSupport","multi-point",3,4,"one-point",1,"calibrated",4.04191616766467,0.003716513392220803,4,4,,,,"",
123456,"TwoPole",6,51,7,0.7,3,"PairwiseSupport","multi-point",3,3,"one-point",1,"calibrated",1.976284584980237,0.00480349889043204,3,4,,,,"",
123456,"TwoPole",7,51,7,0.7,3,"PairwiseSupport","multi-point",3,4,"one-point",1,"calibrated",2.3927685218007797,0.0057080309660025265,4,4,,,,"",
123456,"TwoPole",8,51,7,0.7,3,"PairwiseSupport","multi-point",3,3,"one-point",1,"degenerate",,,,,1,3,1.738241091832686,"SwitchDetected",3
123456,"TwoPole",9,51,7,0.7,3,"PairwiseSupport","multi-point",3,3,"one-point",1,"calibrated",2.684430304235435,0.010454609531146216,3,3,,,,"",
123456,"TwoPole",10,51,7,0.7,3,"PairwiseSupport","multi-point",3,4,"one-point",1,"calibrated",3.2902754082378745,0.017240583671951228,4,4,,,,"",
123456,"TwoPole",11,51,7,0.7,3,"PairwiseSupport","multi-point",3,3,"two-point",2,"calibrated",5.834053586862576,0.009891724608630937,3,4,,,,"",
123456,"TwoPole",12,51,7,0.7,3,"PairwiseSupport","multi-point",3,4,"one-point",1,"calibrated",6.7669172932330826,0.01957478766626264,3,4,,,,"",
123456,"TwoPole",13,51,7,0.7,3,"PairwiseSupport","multi-point",3,5,"one-point",1,"calibrated",2.6844303042354345,0.004601105500329994,3,4,,,,"",
123456,"TwoPole",14,51,7,0.7,3,"PairwiseSupport","two-point",2,2,"one-point",1,"degenerate",,,,,2,3,2.302246425661954,"SwitchDetected",3
123456,"TwoPole",15,51,7,0.7,3,"PairwiseSupport","multi-point",3,3,"one-point",1,"degenerate",,,,,1,3,1.4178281242529396,"SwitchDetected",3
123456,"TwoPole",16,51,7,0.7,3,"PairwiseSupport","multi-point",3,4,"one-point",1,"calibrated",9.414225941422595,0.011261481805491535,4,4,,,,"",
123456,"TwoPole",17,51,7,0.7,3,"PairwiseSupport","multi-point",3,4,"one-point",1,"calibrated",3.1278962001853565,0.01300875881600593,4,4,,,,"",
123456,"TwoPole",18,51,7,0.7,3,"PairwiseSupport","multi-point",3,3,"one-point",1,"calibrated",7.546115148127446,0.017219429101874247,3,4,,,,"",
123456,"TwoPole",19,51,7,0.7,3,"PairwiseSupport","multi-point",3,3,"one-point",1,"degenerate",,,,,2,4,2.8758377584473567,"SwitchDetected",4
123456,"TwoPole",20,51,7,0.7,3,"PairwiseSupport","multi-point",3,3,"one-point",1,"calibrated",4.2993630573248405,0.006281570117654085,3,3,,,,"",
123456,"TwoPole",21,51,7,0.7,3,"PairwiseSupport","two-point",2,2,"one-point",1,"degenerate",,,,,1,3,1.523766653700452,"SwitchDetected",3
123456,"TwoPole",22,51,7,0.7,3,"PairwiseSupport","multi-point",3,4,"one-point",1,"calibrated",4.9504950495049505,0.01095783434493644,4,4,,,,"",
123456,"TwoPole",23,51,7,0.7,3,"PairwiseSupport","multi-point",3,3,"one-point",1,"calibrated",3.658536585365854,0.006658840438537752,3,4,,,,"",
123456,"TwoPole",24,51,7,0.7,3,"PairwiseSupport","multi-point",3,4,"one-point",1,"calibrated",7.546115148127446,0.002536238851075692,4,4,,,,"",
123456,"TwoPole",25,51,7,0.7,3,"PairwiseSupport","multi-point",3,4,"one-point",1,"calibrated",8.587786259541986,0.017831121517713346,4,4,,,,"",
123456,"TwoPole",26,51,7,0.7,3,"PairwiseSupport","multi-point",3,3,"one-point",1,"calibrated",4.775380261761585,0.02963482767447274,3,4,,,,"",
123456,"TwoPole",27,51,7,0.7,3,"PairwiseSupport","multi-point",3,4,"one-point",1,"calibrated",12.064343163538874,0.018637784345902998,3,4,,,,"",
123456,"TwoPole",28,51,7,0.7,3,"PairwiseSupport","two-point",2,2,"one-point",1,"degenerate",,,,,1,3,1.2692301360816278,"SwitchDetected",3
123456,"TwoPole",29,51,7,0.7,3,"PairwiseSupport","multi-point",3,4,"one-point",1,"calibrated",2.158273381294964,0.0006505670586804569,4,4,,,,"",
123456,"TwoPole",30,51,7,0.7,3,"PairwiseSupport","multi-point",3,3,"one-point",1,"degenerate",,,,,1,3,1.552054916825951,"SwitchDetected",3
123456,"TwoPole",31,51,7,0.7,3,"PairwiseSupport","two-point",2,2,"one-point",1,"degenerate",,,,,2,3,1.7982298126505536,"SwitchDetected",3
123456,"TwoPole",32,51,7,0.7,3,"PairwiseSupport","multi-point",3,3,"one-point",1,"calibrated",1.6755616234330397,0.005148551894701692,3,3,,,,"",
123456,"TwoPole",33,51,7,0.7,3,"PairwiseSupport","multi-point",3,3,"one-point",1,"calibrated",2.158273381294964,0.00729251863510776,3,3,,,,"",
123456,"TwoPole",34,51,7,0.7,3,"PairwiseSupport","multi-point",3,4,"one-point",1,"calibrated",6.097560975609756,0.010985318886228312,4,3,,,,"",
123456,"TwoPole",35,51,7,0.7,3,"PairwiseSupport","multi-point",3,3,"two-point",2,"calibrated",2.286198137171888,0.008020557015958326,3,4,,,,"",
123456,"TwoPole",36,51,7,0.7,3,"PairwiseSupport","multi-point",3,3,"one-point",1,"calibrated",1.7182130584192439,0.0014924750939854696,3,3,,,,"",
123456,"TwoPole",37,51,7,0.7,3,"PairwiseSupport","multi-point",3,4,"one-point",1,"calibrated",3.9823008849557513,0.023871909216350275,4,4,,,,"",
123456,"TwoPole",38,51,7,0.7,3,"PairwiseSupport","multi-point",3,3,"one-point",1,"calibrated",4.534766543500169,0.023172194028562618,3,4,,,,"",
123456,"TwoPole",39,51,7,0.7,3,"PairwiseSupport","multi-point",3,4,"one-point",1,"calibrated",1.9800528014080374,0.0011768747626561358,3,3,,,,"",
123456,"TwoPole",40,51,7,0.7,3,"PairwiseSupport","multi-point",3,3,"one-point",1,"calibrated",1.158997252747253,0.00019801760903739857,3,3,,,,"",
123456,"TwoPole",41,51,7,0.7,3,"PairwiseSupport","multi-point",3,3,"one-point",1,"calibrated",2.1933387489845653,0.00311464667438672,3,4,,,,"",
123456,"TwoPole",42,51,7,0.7,3,"PairwiseSupport","multi-point",3,3,"one-point",1,"calibrated",2.330801104972376,0.006918072068634872,3,3,,,,"",
123456,"TwoPole",43,51,7,0.7,3,"PairwiseSupport","multi-point",3,3,"one-point",1,"calibrated",3.458877786318216,0.01654655795895416,3,4,,,,"",
123456,"TwoPole",44,51,7,0.7,3,"PairwiseSupport","multi-point",3,4,"one-point",1,"calibrated",2.267002518891687,0.005968916730985522,4,4,,,,"",
123456,"TwoPole",45,51,7,0.7,3,"PairwiseSupport","multi-point",3,4,"one-point",1,"calibrated",4.612230953194397,0.003918326060457659,4,4,,,,"",
123456,"TwoPole",46,51,7,0.7,3,"PairwiseSupport","multi-point",3,4,"one-point",1,"calibrated",5.478896103896105,0.01735175111057083,4,4,,,,"",
123456,"TwoPole",47,51,7,0.7,3,"PairwiseSupport","two-point",2,2,"one-point",1,"degenerate",,,,,2,4,2.4960409019202485,"SwitchDetected",4
123456,"TwoPole",48,51,7,0.7,3,"PairwiseSupport","multi-point",3,4,"one-point",1,"calibrated",3.7468776019983348,0.00795494116944955,4,4,,,,"",
123456,"TwoPole",49,51,7,0.7,3,"PairwiseSupport","multi-point",3,4,"one-point",1,"calibrated",8.587786259541986,0.00987480486075444,4,4,,,,"",
123456,"TwoPole",50,51,7,0.7,3,"PairwiseSupport","two-point",2,2,"one-point",1,"degenerate",,,,,1,3,1.4531263858093126,"SwitchDetected",3
123456,"TwoPole",51,51,7,0.7,3,"PairwiseSupport","two-point",2,2,"one-point",1,"degenerate",,,,,2,3,1.8630646355729479,"SwitchDetected",3
123456,"TwoPole",52,51,7,0.7,3,"PairwiseSupport","multi-point",3,4,"one-point",1,"calibrated",4.775380261761585,0.008107702076406114,4,4,,,,"",
123456,"TwoPole",53,51,7,0.7,3,"PairwiseSupport","multi-point",3,4,"one-point",1,"calibrated",6.097560975609756,0.007676018865240575,4,4,,,,"",
123456,"TwoPole",54,51,7,0.7,3,"PairwiseSupport","multi-point",3,4,"one-point",1,"calibrated",3.2119914346895073,0.0160050476103013,3,4,,,,"",
123456,"TwoPole",55,51,7,0.7,3,"PairwiseSupport","multi-point",3,3,"one-point",1,"calibrated",20,0.008395190267004542,3,4,,,,"",
123456,"TwoPole",56,51,7,0.7,3,"PairwiseSupport","multi-point",3,4,"one-point",1,"calibrated",6.346967559943582,0.0037815357216690127,4,4,,,,"",
123456,"TwoPole",57,51,7,0.7,3,"PairwiseSupport","multi-point",3,4,"one-point",1,"calibrated",2.9246100519930676,0.010597108525986214,4,4,,,,"",
123456,"TwoPole",58,51,7,0.7,3,"PairwiseSupport","multi-point",3,4,"one-point",1,"calibrated",3.8681948424068757,0.008918753602745789,4,4,,,,"",
123456,"TwoPole",59,51,7,0.7,3,"PairwiseSupport","multi-point",3,4,"one-point",1,"calibrated",7.736389684813753,0.017415125842045392,4,4,,,,"",
123456,"TwoPole",60,51,7,0.7,3,"PairwiseSupport","multi-point",3,3,"one-point",1,"calibrated",12.802275960170698,0.028929623088209774,3,4,,,,"",
123456,"TwoPole",61,51,7,0.7,3,"PairwiseSupport","multi-point",3,4,"one-point",1,"calibrated",3.4151277510751323,0.0033413361167752625,4,4,,,,"",
123456,"TwoPole",62,51,7,0.7,3,"PairwiseSupport","multi-point",3,4,"one-point",1,"calibrated",2.67750892502975,0.017120740430232085,3,4,,,,"",
123456,"TwoPole",63,51,7,0.7,3,"PairwiseSupport","multi-point",3,3,"one-point",1,"calibrated",7.736389684813753,0.007283621674515986,3,4,,,,"",
123456,"TwoPole",64,51,7,0.7,3,"PairwiseSupport","two-point",2,2,"one-point",1,"degenerate",,,,,1,3,1.4122753049000587,"SwitchDetected",3
123456,"TwoPole",65,51,7,0.7,3,"PairwiseSupport","multi-point",3,4,"one-point",1,"calibrated",3.3308660251665434,0.01119269033297289,4,4,,,,"",
123456,"TwoPole",66,51,7,0.7,3,"PairwiseSupport","multi-point",3,4,"one-point",1,"degenerate",,,,,1,4,2.00001159674693,"SwitchDetected",3
123456,"TwoPole",67,51,7,0.7,3,"PairwiseSupport","multi-point",3,3,"one-point",1,"calibrated",3.4151277510751323,0.00894897392372641,3,3,,,,"",
123456,"TwoPole",68,51,7,0.7,3,"PairwiseSupport","multi-point",3,3,"one-point",1,"calibrated",5.164498852333589,0.02209128484829726,3,4,,,,"",
123456,"TwoPole",69,51,7,0.7,3,"PairwiseSupport","multi-point",3,3,"one-point",1,"calibrated",1.2417218543046358,0.0009705477414152133,3,3,,,,"",
123456,"TwoPole",70,51,7,0.7,3,"PairwiseSupport","multi-point",3,4,"one-point",1,"calibrated",1.976284584980237,0.004769069402511343,3,4,,,,"",
123456,"TwoPole",71,51,7,0.7,3,"PairwiseSupport","multi-point",3,3,"one-point",1,"degenerate",,,,,1,3,1.6990827400612891,"SwitchDetected",3
123456,"TwoPole",72,51,7,0.7,3,"PairwiseSupport","multi-point",3,4,"one-point",1,"calibrated",4.4598612487611495,0.011785251401944835,4,4,,,,"",
123456,"TwoPole",73,51,7,0.7,3,"PairwiseSupport","multi-point",3,4,"one-point",1,"calibrated",3.2020872865275143,0.017688634499256978,3,4,,,,"",
123456,"TwoPole",74,51,7,0.7,3,"PairwiseSupport","multi-point",3,4,"one-point",1,"calibrated",3.3724706470147385,0.016456107000196347,3,4,,,,"",
123456,"TwoPole",75,51,7,0.7,3,"PairwiseSupport","multi-point",3,3,"one-point",1,"degenerate",,,,,1,3,1.353597362203578,"SwitchDetected",3
123456,"TwoPole",76,51,7,0.7,3,"PairwiseSupport","multi-point",3,4,"one-point",1,"calibrated",2.055420219244823,0.007186007422952721,3,4,,,,"",
123456,"TwoPole",77,51,7,0.7,3,"PairwiseSupport","multi-point",3,4,"one-point",1,"calibrated",4.249291784702549,0.010918819301442074,4,4,,,,"",
123456,"TwoPole",78,51,7,0.7,3,"PairwiseSupport","multi-point",3,3,"one-point",1,"calibrated",1.8135411069317569,0.0025148516722152863,3,3,,,,"",
123456,"TwoPole",79,51,7,0.7,3,"PairwiseSupport","multi-point",3,3,"one-point",1,"calibrated",3.9244186046511618,0.025112183861447705,3,4,,,,"",
123456,"TwoPole",80,51,7,0.7,3,"PairwiseSupport","two-point",2,2,"one-point",1,"degenerate",,,,,1,4,1.2779074265889605,"SwitchDetected",2
123456,"TwoPole",81,51,7,0.7,3,"PairwiseSupport","multi-point",3,4,"one-point",1,"calibrated",3.8681948424068757,0.008765523774660236,4,4,,,,"",
123456,"TwoPole",82,51,7,0.7,3,"PairwiseSupport","multi-point",3,3,"one-point",1,"calibrated",2.4807056229327453,0.002148179112053104,3,3,,,,"",
123456,"TwoPole",83,51,7,0.7,3,"PairwiseSupport","two-point",2,2,"one-point",1,"degenerate",,,,,2,3,2.681533158072403,"SwitchDetected",3
123456,"TwoPole",84,51,7,0.7,3,"PairwiseSupport","multi-point",3,3,"one-point",1,"calibrated",2.632092025736011,0.005761369424376698,3,3,,,,"",
123456,"TwoPole",85,51,7,0.7,3,"PairwiseSupport","multi-point",3,4,"one-point",1,"calibrated",2.824858757062147,0.01336950500257792,3,4,,,,"",
123456,"TwoPole",86,51,7,0.7,3,"PairwiseSupport","two-point",2,2,"one-point",1,"degenerate",,,,,2,3,1.869718806114246,"SwitchDetected",3
123456,"TwoPole",87,51,7,0.7,3,"PairwiseSupport","multi-point",3,3,"one-point",1,"calibrated",7.546115148127446,0.005914999814605136,3,4,,,,"",
123456,"TwoPole",88,51,7,0.7,3,"PairwiseSupport","multi-point",3,4,"one-point",1,"calibrated",3.8681948424068757,0.01627579218748011,4,4,,,,"",
123456,"TwoPole",89,51,7,0.7,3,"PairwiseSupport","multi-point",3,4,"one-point",1,"calibrated",5.9628975265017665,0.010796894474799855,4,4,,,,"",
123456,"TwoPole",90,51,7,0.7,3,"PairwiseSupport","multi-point",3,4,"one-point",1,"calibrated",9.414225941422595,0.010453844294146043,4,4,,,,"",
123456,"TwoPole",91,51,7,0.7,3,"PairwiseSupport","multi-point",3,4,"one-point",1,"calibrated",3.1742299553256523,0.008002398997813291,4,4,,,,"",
123456,"TwoPole",92,51,7,0.7,3,"PairwiseSupport","multi-point",3,3,"two-point",2,"calibrated",3.597122302158273,0.004997545501584745,3,4,,,,"",
123456,"TwoPole",93,51,7,0.7,3,"PairwiseSupport","multi-point",3,3,"one-point",1,"degenerate",,,,,1,3,1.473320017040658,"SwitchDetected",3
123456,"TwoPole",94,51,7,0.7,3,"PairwiseSupport","multi-point",3,3,"one-point",1,"calibrated",1.6860247283626826,0.0015284730683996959,3,3,,,,"",
123456,"TwoPole",95,51,7,0.7,3,"PairwiseSupport","multi-point",3,4,"one-point",1,"calibrated",2.7113878288813016,0.013106978390542154,3,4,,,,"",
123456,"TwoPole",96,51,7,0.7,3,"PairwiseSupport","multi-point",3,3,"one-point",1,"degenerate",,,,,1,3,1.4950797831386045,"SwitchDetected",3
123456,"TwoPole",97,51,7,0.7,3,"PairwiseSupport","multi-point",3,4,"one-point",1,"calibrated",5.265210608424336,0.011590748946950795,4,4,,,,"",
123456,"TwoPole",98,51,7,0.7,3,"PairwiseSupport","multi-point",3,3,"one-point",1,"calibrated",20,0.0048557114322325115,3,4,,,,"",
123456,"TwoPole",99,51,7,0.7,3,"PairwiseSupport","multi-point",3,4,"one-point",1,"calibrated",3.597122302158273,0.00913362061976139,4,4,,,,"",
123456,"TwoPole",100,51,7,0.7,3,"PairwiseSupport","multi-point",3,4,"one-point",1,"calibrated",3.3724706470147385,0.015167087588277055,4,4,,,,"",
123456,"TwoPole",101,51,7,0.7,3,"PairwiseSupport","multi-point",3,4,"one-point",1,"calibrated",2.286198137171888,0.010547583437292715,3,4,,,,"",
123456,"TwoPole",102,51,7,0.7,3,"PairwiseSupport","multi-point",3,3,"one-point",1,"calibrated",3.5498290823034444,0.0030411196530871674,3,4,,,,"",
123456,"TwoPole",103,51,7,0.7,3,"PairwiseSupport","multi-point",3,3,"two-point",2,"degenerate",,,,,1,4,1.0487159406551212,"SwitchDetected",2
123456,"TwoPole",104,51,7,0.7,3,"PairwiseSupport","multi-point",3,4,"one-point",1,"calibrated",2.7669604427136707,0.005773270070863217,4,4,,,,"",
123456,"TwoPole",105,51,7,0.7,3,"PairwiseSupport","multi-point",3,3,"one-point",1,"degenerate",,,,,1,4,1.6782113692059895,"SwitchDetected",4
123456,"TwoPole",106,51,7,0.7,3,"PairwiseSupport","multi-point",3,4,"one-point",1,"calibrated",4.183452122714595,0.015143646179352783,4,4,,,,"",
123456,"TwoPole",107,51,7,0.7,3,"PairwiseSupport","two-point",2,2,"one-point",1,"degenerate",,,,,2,4,5.196873121628846,"SwitchDetected",4
123456,"TwoPole",108,51,7,0.7,3,"PairwiseSupport","multi-point",3,4,"one-point",1,"calibrated",7.079181961195594,0.005434906543141595,4,4,,,,"",
123456,"TwoPole",109,51,7,0.7,3,"PairwiseSupport","multi-point",3,4,"one-point",1,"calibrated",4.4598612487611495,0.014168912158789862,4,4,,,,"",
123456,"TwoPole",110,51,7,0.7,3,"PairwiseSupport","multi-point",3,3,"one-point",1,"degenerate",,,,,1,3,1.5828732037314033,"SwitchDetected",3
123456,"TwoPole",111,51,7,0.7,3,"PairwiseSupport","multi-point",3,4,"one-point",1,"calibrated",2.458120903131828,0.009238864348434902,3,4,,,,"",
123456,"TwoPole",112,51,7,0.7,3,"PairwiseSupport","multi-point",3,4,"one-point",1,"calibrated",3.2020872865275143,0.01664030420402675,3,4,,,,"",
123456,"TwoPole",113,51,7,0.7,3,"PairwiseSupport","multi-point",3,4,"one-point",1,"calibrated",2.281176072997634,0.004956194783490925,3,4,,,,"",
123456,"TwoPole",114,51,7,0.7,3,"PairwiseSupport","multi-point",3,4,"one-point",1,"calibrated",4.692387904066736,0.010898589492783438,4,4,,,,"",
123456,"TwoPole",115,51,7,0.7,3,"PairwiseSupport","multi-point",3,4,"one-point",1,"calibrated",4.861361181130716,0.012231873868257987,4,4,,,,"",
123456,"TwoPole",116,51,7,0.7,3,"PairwiseSupport","two-point",2,2,"one-point",1,"degenerate",,,,,2,4,2.7130510522718536,"SwitchDetected",4
123456,"TwoPole",117,51,7,0.7,3,"PairwiseSupport","multi-point",3,4,"one-point",1,"calibrated",2.6066808264143657,0.008072236417106587,3,4,,,,"",
123456,"TwoPole",118,51,7,0.7,3,"PairwiseSupport","multi-point",3,4,"one-point",1,"calibrated",2.9893711248892822,0.014864087318397248,3,4,,,,"",
123456,"TwoPole",119,51,7,0.7,3,"PairwiseSupport","multi-point",3,4,"one-point",1,"calibrated",4.368932038834951,0.018885099623815585,4,4,,,,"",
123456,"TwoPole",120,51,7,0.7,3,"PairwiseSupport","two-point",2,2,"one-point",1,"degenerate",,,,,1,3,1.4365792858664765,"SwitchDetected",3
123456,"TwoPole",121,51,7,0.7,3,"PairwiseSupport","multi-point",3,4,"one-point",1,"calibrated",3.2506621719239104,0.0055021122923171895,4,4,,,,"",
123456,"TwoPole",122,51,7,0.7,3,"PairwiseSupport","multi-point",3,3,"one-point",1,"degenerate",,,,,1,3,1.586205127187337,"SwitchDetected",3
123456,"TwoPole",123,51,7,0.7,3,"PairwiseSupport","multi-point",3,3,"one-point",1,"calibrated",4.04191616766467,0.024402944324862914,3,4,,,,"",
123456,"TwoPole",124,51,7,0.7,3,"PairwiseSupport","multi-point",3,4,"one-point",1,"calibrated",1.879961008216126,0.0009023634898306561,3,4,,,,"",
123456,"TwoPole",125,51,7,0.7,3,"PairwiseSupport","two-point",2,2,"one-point",1,"degenerate",,,,,2,4,3.044385520587323,"SwitchDetected",4
123456,"TwoPole",126,51,7,0.7,3,"PairwiseSupport","multi-point",3,5,"one-point",1,"calibrated",4.692387904066736,0.012915264586470094,4,4,,,,"",
123456,"TwoPole",127,51,7,0.7,3,"PairwiseSupport","multi-point",3,3,"two-point",2,"calibrated",1.9200682690940125,0.004160123677697339,3,3,,,,"",
123456,"TwoPole",128,51,7,0.7,3,"PairwiseSupport","multi-point",3,4,"one-point",1,"calibrated",3.2119914346895073,0.024842303220823935,3,4,,,,"",
123456,"TwoPole",129,51,7,0.7,3,"PairwiseSupport","multi-point",3,3,"two-point",2,"calibrated",4.9504950495049505,0.007770040530769469,3,4,,,,"",
123456,"TwoPole",130,51,7,0.7,3,"PairwiseSupport","multi-point",3,4,"one-point",1,"calibrated",3.1278962001853565,0.014551955764373431,4,4,,,,"",
123456,"TwoPole",131,51,7,0.7,3,"PairwiseSupport","multi-point",3,4,"one-point",1,"calibrated",2.9893711248892822,0.025404350681265644,3,4,,,,"",
123456,"TwoPole",132,51,7,0.7,3,"PairwiseSupport","multi-point",3,3,"one-point",1,"degenerate",,,,,1,3,1.8326078701246553,"SwitchDetected",3
123456,"TwoPole",133,51,7,0.7,3,"PairwiseSupport","multi-point",3,3,"one-point",1,"calibrated",3.760445682451253,0.008423608903753068,3,4,,,,"",
123456,"TwoPole",134,51,7,0.7,3,"PairwiseSupport","multi-point",3,4,"one-point",1,"calibrated",2.9566360052562413,0.013440652590452016,4,4,,,,"",
123456,"TwoPole",135,51,7,0.7,3,"PairwiseSupport","multi-point",3,3,"one-point",1,"calibrated",6.097560975609756,0.028535871616845013,3,4,,,,"",
123456,"TwoPole",136,51,7,0.7,3,"PairwiseSupport","multi-point",3,4,"one-point",1,"calibrated",3.3724706470147385,0.023791150339806784,3,4,,,,"",
123456,"TwoPole",137,51,7,0.7,3,"PairwiseSupport","multi-point",3,4,"one-point",1,"degenerate",,,,,1,4,1.9554200277188902,"SwitchDetected",4
123456,"TwoPole",138,51,7,0.7,3,"PairwiseSupport","multi-point",3,4,"one-point",1,"calibrated",2.7113878288813016,0.01698466333459793,3,4,,,,"",
123456,"TwoPole",139,51,7,0.7,3,"PairwiseSupport","multi-point",3,4,"one-point",1,"calibrated",5.710659898477157,0.011760101788492761,4,4,,,,"",
123456,"TwoPole",140,51,7,0.7,3,"PairwiseSupport","multi-point",3,3,"one-point",1,"calibrated",2.055420219244823,0.005887153492276806,3,3,,,,"",
123456,"TwoPole",141,51,7,0.7,3,"PairwiseSupport","multi-point",3,3,"one-point",1,"calibrated",2.039891205802357,0.006317112713929454,3,3,,,,"",
123456,"TwoPole",142,51,7,0.7,3,"PairwiseSupport","multi-point",3,4,"one-point",1,"calibrated",3.2119914346895073,0.02177817768410413,3,4,,,,"",
123456,"TwoPole",143,51,7,0.7,3,"PairwiseSupport","multi-point",3,3,"one-point",1,"degenerate",,,,,2,4,3.288086356418407,"SwitchDetected",3
123456,"TwoPole",144,51,7,0.7,3,"PairwiseSupport","multi-point",3,3,"one-point",1,"calibrated",4.9504950495049505,0.003408774007660615,3,4,,,,"",
123456,"TwoPole",145,51,7,0.7,3,"PairwiseSupport","multi-point",3,4,"one-point",1,"calibrated",2.795609857113274,0.004717692009182366,4,4,,,,"",
123456,"TwoPole",146,51,7,0.7,3,"PairwiseSupport","multi-point",3,4,"one-point",1,"calibrated",2.2432701894317044,0.0016248740586977302,3,4,,,,"",
123456,"TwoPole",147,51,7,0.7,3,"PairwiseSupport","multi-point",3,4,"one-point",1,"calibrated",2.9246100519930676,0.011954266640262001,4,4,,,,"",
123456,"TwoPole",148,51,7,0.7,3,"PairwiseSupport","multi-point",3,4,"one-point",1,"calibrated",5.9628975265017665,0.016374023604557655,4,4,,,,"",
123456,"TwoPole",149,51,7,0.7,3,"PairwiseSupport","multi-point",3,3,"two-point",2,"degenerate",,,,,1,4,1.1490611190897282,"SwitchDetected",2
123456,"TwoPole",150,51,7,0.7,3,"PairwiseSupport","multi-point",3,3,"one-point",1,"calibrated",4.9504950495049505,0.00709008905061322,3,4,,,,"",
123456,"TwoPole",151,51,7,0.7,3,"PairwiseSupport","multi-point",3,4,"one-point",1,"calibrated",8.057296329453894,0.017118669955772395,4,4,,,,"",
123456,"TwoPole",152,51,7,0.7,3,"PairwiseSupport","multi-point",3,4,"one-point",1,"calibrated",6.2183325656379544,0.01222911212839933,4,4,,,,"",
123456,"TwoPole",153,51,7,0.7,3,"PairwiseSupport","multi-point",3,4,"one-point",1,"calibrated",7.246376811594202,0.00897862171897596,4,4,,,,"",
123456,"TwoPole",154,51,7,0.7,3,"PairwiseSupport","multi-point",3,4,"one-point",1,"calibrated",5.369928400954653,0.02610216920489042,4,4,,,,"",
123456,"TwoPole",155,51,7,0.7,3,"PairwiseSupport","multi-point",3,3,"one-point",1,"calibrated",11.042944785276074,0.010999984434280968,3,4,,,,"",
123456,"TwoPole",156,51,7,0.7,3,"PairwiseSupport","multi-point",3,3,"one-point",1,"calibrated",1.8931426167437946,0.0033783739083401154,3,3,,,,"",
123456,"TwoPole",157,51,7,0.7,3,"PairwiseSupport","multi-point",3,3,"one-point",1,"calibrated",2.009526644834772,0.0015114796264227104,3,3,,,,"",
123456,"TwoPole",158,51,7,0.7,3,"PairwiseSupport","multi-point",3,4,"one-point",1,"calibrated",3.760445682451253,0.01952189133391407,4,4,,,,"",
123456,"TwoPole",159,51,7,0.7,3,"PairwiseSupport","multi-point",3,3,"one-point",1,"degenerate",,,,,1,3,1.6480746099792305,"SwitchDetected",3
123456,"TwoPole",160,51,7,0.7,3,"PairwiseSupport","multi-point",3,3,"one-point",1,"calibrated",3.658536585365854,0.021825337682141708,3,4,,,,"",
123456,"TwoPole",161,51,7,0.7,3,"PairwiseSupport","multi-point",3,4,"one-point",1,"calibrated",3.2506621719239104,0.00912508279986619,4,4,,,,"",
123456,"TwoPole",162,51,7,0.7,3,"PairwiseSupport","multi-point",3,3,"one-point",1,"calibrated",2.458120903131828,0.008397326871977053,3,3,,,,"",
123456,"TwoPole",163,51,7,0.7,3,"PairwiseSupport","multi-point",3,3,"one-point",1,"calibrated",4.775380261761585,0.00978760705840751,3,4,,,,"",
123456,"TwoPole",164,51,7,0.7,3,"PairwiseSupport","multi-point",3,3,"one-point",1,"calibrated",1.5570934256055362,0.001178548997160929,3,3,,,,"",
123456,"TwoPole",165,51,7,0.7,3,"PairwiseSupport","multi-point",3,3,"two-point",2,"calibrated",3.2119914346895073,0.0019808772605636174,3,4,,,,"",
123456,"TwoPole",166,51,7,0.7,3,"PairwiseSupport","multi-point",3,4,"one-point",1,"calibrated",2.6066808264143657,0.014014432233385696,3,4,,,,"",
123456,"TwoPole",167,51,7,0.7,3,"PairwiseSupport","multi-point",3,4,"one-point",1,"calibrated",3.597122302158273,0.019532300384502,4,4,,,,"",
123456,"TwoPole",168,51,7,0.7,3,"PairwiseSupport","two-point",2,2,"one-point",1,"degenerate",,,,,1,4,1.6481392669633026,"SwitchDetected",4
123456,"TwoPole",169,51,7,0.7,3,"PairwiseSupport","multi-point",3,3,"one-point",1,"calibrated",6.620892594409023,0.036518973655184334,3,4,,,,"",
123456,"TwoPole",170,51,7,0.7,3,"PairwiseSupport","multi-point",3,4,"one-point",1,"calibrated",3.1645569620253164,0.0012602455706486107,4,4,,,,"",
123456,"TwoPole",171,51,7,0.7,3,"PairwiseSupport","multi-point",3,4,"one-point",1,"calibrated",5.592377796188898,0.017514142770923682,4,4,,,,"",
123456,"TwoPole",172,51,7,0.7,3,"PairwiseSupport","multi-point",3,4,"one-point",1,"calibrated",4.249291784702549,0.004795349421472618,4,4,,,,"",
123456,"TwoPole",173,51,7,0.7,3,"PairwiseSupport","multi-point",3,3,"one-point",1,"calibrated",1.3032145960034753,0.0010770856870808048,3,3,,,,"",
123456,"TwoPole",174,51,7,0.7,3,"PairwiseSupport","multi-point",3,3,"one-point",1,"degenerate",,,,,1,3,1.6033068203169034,"SwitchDetected",3
123456,"TwoPole",175,51,7,0.7,3,"PairwiseSupport","multi-point",3,4,"one-point",1,"calibrated",1.838235294117647,0.004254775850526756,3,3,,,,"",
123456,"TwoPole",176,51,7,0.7,3,"PairwiseSupport","multi-point",3,4,"one-point",1,"calibrated",5.478896103896105,0.02675371069196772,4,4,,,,"",
123456,"TwoPole",177,51,7,0.7,3,"PairwiseSupport","multi-point",3,4,"one-point",1,"calibrated",2.9163966299416724,0.0019244790706667572,4,4,,,,"",
123456,"TwoPole",178,51,7,0.7,3,"PairwiseSupport","multi-point",3,3,"one-point",1,"calibrated",4.775380261761585,0.022844633494884577,3,4,,,,"",
123456,"TwoPole",179,51,7,0.7,3,"PairwiseSupport","multi-point",3,3,"one-point",1,"calibrated",1.3711151736745886,0.0024211222921575646,3,3,,,,"",
123456,"TwoPole",180,51,7,0.7,3,"PairwiseSupport","multi-point",3,4,"one-point",1,"calibrated",2.824858757062147,0.0006415287410998477,4,4,,,,"",
123456,"TwoPole",181,51,7,0.7,3,"PairwiseSupport","multi-point",3,4,"one-point",1,"calibrated",2.6066808264143657,0.007927633419240127,4,4,,,,"",
123456,"TwoPole",182,51,7,0.7,3,"PairwiseSupport","two-point",2,2,"one-point",1,"degenerate",,,,,1,4,1.8909266336854784,"SwitchDetected",4
123456,"TwoPole",183,51,7,0.7,3,"PairwiseSupport","multi-point",3,4,"one-point",1,"calibrated",2.5753529187333077,0.003389643555962197,3,4,,,,"",
123456,"TwoPole",184,51,7,0.7,3,"PairwiseSupport","multi-point",3,4,"one-point",1,"calibrated",3.2119914346895073,0.01115216768842815,4,4,,,,"",
123456,"TwoPole",185,51,7,0.7,3,"PairwiseSupport","multi-point",3,4,"one-point",1,"degenerate",,,,,1,4,2.1990861524616068,"SwitchDetected",4
123456,"TwoPole",186,51,7,0.7,3,"PairwiseSupport","multi-point",3,3,"one-point",1,"calibrated",1.8931426167437946,0.0006980644714077073,3,3,,,,"",
123456,"TwoPole",187,51,7,0.7,3,"PairwiseSupport","multi-point",3,3,"one-point",1,"degenerate",,,,,2,4,3.20187766361035,"SwitchDetected",4
123456,"TwoPole",188,51,7,0.7,3,"PairwiseSupport","multi-point",3,3,"two-point",2,"calibrated",3.1645569620253164,0.011546573910178852,3,3,,,,"",
123456,"TwoPole",189,51,7,0.7,3,"PairwiseSupport","multi-point",3,4,"one-point",1,"calibrated",3.7087912087912085,0.0090739367650476,4,4,,,,"",
123456,"TwoPole",190,51,7,0.7,3,"PairwiseSupport","multi-point",3,4,"one-point",1,"calibrated",4.692387904066736,0.011950695084836026,4,4,,,,"",
123456,"TwoPole",191,51,7,0.7,3,"PairwiseSupport","multi-point",3,4,"one-point",1,"calibrated",4.04191616766467,0.011752367802158988,4,4,,,,"",
123456,"TwoPole",192,51,7,0.7,3,"PairwiseSupport","multi-point",3,4,"one-point",1,"calibrated",10.146561443066515,0.022664045467001147,4,5,,,,"",
123456,"TwoPole",193,51,7,0.7,3,"PairwiseSupport","multi-point",3,3,"one-point",1,"calibrated",7.936507936507937,0.0077390980458070975,3,4,,,,"",
123456,"TwoPole",194,51,7,0.7,3,"PairwiseSupport","multi-point",3,4,"one-point",1,"calibrated",4.103343465045592,0.004307833940516728,4,4,,,,"",
123456,"TwoPole",195,51,7,0.7,3,"PairwiseSupport","two-point",2,2,"one-point",1,"degenerate",,,,,2,3,1.605942300171239,"SwitchDetected",3
123456,"TwoPole",196,51,7,0.7,3,"PairwiseSupport","two-point",2,2,"one-point",1,"degenerate",,,,,2,3,1.7709775966037526,"SwitchDetected",3
123456,"TwoPole",197,51,7,0.7,3,"PairwiseSupport","multi-point",3,4,"one-point",1,"calibrated",4.775380261761585,0.010077308653040847,4,4,,,,"",
123456,"TwoPole",198,51,7,0.7,3,"PairwiseSupport","multi-point",3,4,"one-point",1,"calibrated",2.8932704672096015,0.014741684731294353,3,4,,,,"",
123456,"TwoPole",199,51,7,0.7,3,"PairwiseSupport","multi-point",3,3,"one-point",1,"degenerate",,,,,1,3,1.4107339859326988,"SwitchDetected",3
123456,"TwoPole",200,51,7,0.7,3,"PairwiseSupport","multi-point",3,4,"one-point",1,"degenerate",,,,,1,4,1.7571810457393666,"SwitchDetected",4
123456,"TwoPole",1,51,7,0.8,1,"PairwiseSupport","multi-point",3,4,"one-point",1,"calibrated",7.546115148127446,0.02476195074603406,4,4,,,,"",
123456,"TwoPole",2,51,7,0.8,1,"PairwiseSupport","multi-point",3,4,"one-point",1,"calibrated",5.369928400954653,0.01017187772744926,4,4,,,,"",
123456,"TwoPole",3,51,7,0.8,1,"PairwiseSupport","multi-point",3,4,"one-point",1,"calibrated",3.5037633013236436,0.012529754835363317,4,4,,,,"",
123456,"TwoPole",4,51,7,0.8,1,"PairwiseSupport","multi-point",3,4,"one-point",1,"calibrated",3.8681948424068757,0.009724447857793814,4,4,,,,"",
123456,"TwoPole",5,51,7,0.8,1,"PairwiseSupport","multi-point",3,4,"one-point",1,"degenerate",,,,,1,4,2.1612708547005735,"SwitchDetected",3
123456,"TwoPole",6,51,7,0.8,1,"PairwiseSupport","two-point",2,2,"one-point",1,"degenerate",,,,,1,3,1.7180172126785562,"SwitchDetected",3
123456,"TwoPole",7,51,7,0.8,1,"PairwiseSupport","multi-point",3,4,"one-point",1,"calibrated",7.079181961195594,0.018795719933608474,4,4,,,,"",
123456,"TwoPole",8,51,7,0.8,1,"PairwiseSupport","multi-point",3,4,"one-point",1,"calibrated",5.265210608424336,0.014628635378555334,4,4,,,,"",
123456,"TwoPole",9,51,7,0.8,1,"PairwiseSupport","multi-point",3,4,"one-point",1,"calibrated",5.164498852333589,0.014466749736629973,4,4,,,,"",
123456,"TwoPole",10,51,7,0.8,1,"PairwiseSupport","multi-point",3,4,"one-point",1,"calibrated",7.936507936507937,0.013858273346916104,4,4,,,,"",
123456,"TwoPole",11,51,7,0.8,1,"PairwiseSupport","multi-point",3,4,"one-point",1,"calibrated",5.710659898477157,0.005799993334846038,4,4,,,,"",
123456,"TwoPole",12,51,7,0.8,1,"PairwiseSupport","multi-point",3,4,"one-point",1,"calibrated",7.079181961195594,0.00897761292863938,4,4,,,,"",
123456,"TwoPole",13,51,7,0.8,1,"PairwiseSupport","multi-point",3,4,"one-point",1,"calibrated",7.546115148127446,0.018793839540696994,4,4,,,,"",
123456,"TwoPole",14,51,7,0.8,1,"PairwiseSupport","multi-point",3,4,"one-point",1,"calibrated",5.592377796188898,0.025902723109151655,4,4,,,,"",
123456,"TwoPole",15,51,7,0.8,1,"PairwiseSupport","multi-point",3,4,"one-point",1,"calibrated",2.795609857113274,0.010977446708654384,3,4,,,,"",
123456,"TwoPole",16,51,7,0.8,1,"PairwiseSupport","multi-point",3,3,"one-point",1,"calibrated",1.976284584980237,0.001786181563680313,3,3,,,,"",
123456,"TwoPole",17,51,7,0.8,1,"PairwiseSupport","multi-point",3,4,"one-point",1,"calibrated",5.592377796188898,0.020989150974105523,4,4,,,,"",
123456,"TwoPole",18,51,7,0.8,1,"PairwiseSupport","multi-point",3,3,"one-point",1,"degenerate",,,,,1,3,1.9564217328315305,"SwitchDetected",3
123456,"TwoPole",19,51,7,0.8,1,"PairwiseSupport","multi-point",3,4,"one-point",1,"calibrated",3.760445682451253,0.010397125151617326,4,4,,,,"",
123456,"TwoPole",20,51,7,0.8,1,"PairwiseSupport","multi-point",3,4,"one-point",1,"calibrated",4.775380261761585,0.01571870521869944,4,4,,,,"",
123456,"TwoPole",21,51,7,0.8,1,"PairwiseSupport","multi-point",3,3,"one-point",1,"degenerate",,,,,1,3,1.7933935929196856,"SwitchDetected",3
123456,"TwoPole",22,51,7,0.8,1,"PairwiseSupport","multi-point",3,4,"one-point",1,"calibrated",5.369928400954653,0.024302788938190763,4,4,,,,"",
123456,"TwoPole",23,51,7,0.8,1,"PairwiseSupport","multi-point",3,4,"one-point",1,"calibrated",4.387390315242119,0.016850413469474464,4,4,,,,"",
123456,"TwoPole",24,51,7,0.8,1,"PairwiseSupport","multi-point",3,4,"one-point",1,"calibrated",5.710659898477157,0.010368133103060385,4,4,,,,"",
123456,"TwoPole",25,51,7,0.8,1,"PairwiseSupport","multi-point",3,4,"one-point",1,"calibrated",4.534766543500169,0.023295863114134126,4,4,,,,"",
123456,"TwoPole",26,51,7,0.8,1,"PairwiseSupport","multi-point",3,4,"one-point",1,"calibrated",4.861361181130716,0.023726160629544944,4,4,,,,"",
123456,"TwoPole",27,51,7,0.8,1,"PairwiseSupport","multi-point",3,4,"one-point",1,"calibrated",8.403361344537814,0.008949781878140889,4,4,,,,"",
123456,"TwoPole",28,51,7,0.8,1,"PairwiseSupport","multi-point",3,4,"one-point",1,"calibrated",4.775380261761585,0.02401796233831054,4,4,,,,"",
123456,"TwoPole",29,51,7,0.8,1,"PairwiseSupport","multi-point",3,4,"one-point",1,"calibrated",3.8681948424068757,0.013802905042242424,4,4,,,,"",
123456,"TwoPole",30,51,7,0.8,1,"PairwiseSupport","multi-point",3,4,"one-point",1,"calibrated",6.620892594409023,0.013666822081605882,4,4,,,,"",
123456,"TwoPole",31,51,7,0.8,1,"PairwiseSupport","multi-point",3,4,"one-point",1,"calibrated",5.369928400954653,0.015954350716717327,4,4,,,,"",
123456,"TwoPole",32,51,7,0.8,1,"PairwiseSupport","multi-point",3,4,"one-point",1,"calibrated",4.534766543500169,0.015522947137325247,4,4,,,,"",
123456,"TwoPole",33,51,7,0.8,1,"PairwiseSupport","multi-point",3,4,"one-point",1,"calibrated",5.834053586862576,0.01982514703929922,4,4,,,,"",
123456,"TwoPole",34,51,7,0.8,1,"PairwiseSupport","multi-point",3,4,"one-point",1,"calibrated",8.403361344537814,0.008841094071031735,4,4,,,,"",
123456,"TwoPole",35,51,7,0.8,1,"PairwiseSupport","multi-point",3,4,"one-point",1,"calibrated",6.097560975609756,0.01505451274757573,4,4,,,,"",
123456,"TwoPole",36,51,7,0.8,1,"PairwiseSupport","multi-point",3,3,"one-point",1,"calibrated",2.3510971786833856,0.004833655624062848,3,3,,,,"",
123456,"TwoPole",37,51,7,0.8,1,"PairwiseSupport","multi-point",3,4,"one-point",1,"calibrated",5.369928400954653,0.02443121606780034,4,4,,,,"",
123456,"TwoPole",38,51,7,0.8,1,"PairwiseSupport","multi-point",3,4,"one-point",1,"calibrated",3.3308660251665434,0.00585269921073779,4,4,,,,"",
123456,"TwoPole",39,51,7,0.8,1,"PairwiseSupport","multi-point",3,4,"one-point",1,"calibrated",4.4598612487611495,0.014539280223654702,4,4,,,,"",
123456,"TwoPole",40,51,7,0.8,1,"PairwiseSupport","multi-point",3,4,"one-point",1,"calibrated",7.546115148127446,0.01342206715104781,4,4,,,,"",
123456,"TwoPole",41,51,7,0.8,1,"PairwiseSupport","multi-point",3,4,"one-point",1,"calibrated",3.372470647014739,0.019659157149636595,4,4,,,,"",
123456,"TwoPole",42,51,7,0.8,1,"PairwiseSupport","multi-point",3,4,"one-point",1,"calibrated",8.22669104204753,0.0136756107417593,4,4,,,,"",
123456,"TwoPole",43,51,7,0.8,1,"PairwiseSupport","multi-point",3,4,"one-point",1,"calibrated",7.246376811594202,0.02449122027005992,4,4,,,,"",
123456,"TwoPole",44,51,7,0.8,1,"PairwiseSupport","multi-point",3,4,"one-point",1,"calibrated",5.834053586862576,0.006554673509957578,4,4,,,,"",
123456,"TwoPole",45,51,7,0.8,1,"PairwiseSupport","multi-point",3,3,"one-point",1,"degenerate",,,,,1,3,1.8576685092363285,"SwitchDetected",3
123456,"TwoPole",46,51,7,0.8,1,"PairwiseSupport","multi-point",3,4,"one-point",1,"calibrated",8.403361344537814,0.012849387404940075,4,4,,,,"",
123456,"TwoPole",47,51,7,0.8,1,"PairwiseSupport","multi-point",3,4,"one-point",1,"calibrated",3.0920751259734307,0.014153257389867814,3,4,,,,"",
123456,"TwoPole",48,51,7,0.8,1,"PairwiseSupport","multi-point",3,4,"one-point",1,"calibrated",8.78048780487805,0.017823977316965174,4,4,,,,"",
123456,"TwoPole",49,51,7,0.8,1,"PairwiseSupport","multi-point",3,4,"one-point",1,"calibrated",5.592377796188898,0.014836791129699788,4,4,,,,"",
123456,"TwoPole",50,51,7,0.8,1,"PairwiseSupport","multi-point",3,4,"one-point",1,"calibrated",8.057296329453894,0.009052651047871936,4,4,,,,"",
123456,"TwoPole",51,51,7,0.8,1,"PairwiseSupport","multi-point",3,4,"one-point",1,"calibrated",5.710659898477157,0.02610187500890233,4,4,,,,"",
123456,"TwoPole",52,51,7,0.8,1,"PairwiseSupport","multi-point",3,4,"one-point",1,"degenerate",,,,,1,4,2.162689449001931,"SwitchDetected",3
123456,"TwoPole",53,51,7,0.8,1,"PairwiseSupport","multi-point",3,4,"one-point",1,"calibrated",6.346967559943582,0.019838554793202214,4,4,,,,"",
123456,"TwoPole",54,51,7,0.8,1,"PairwiseSupport","multi-point",3,4,"one-point",1,"calibrated",6.2183325656379544,0.014829015980895734,4,4,,,,"",
123456,"TwoPole",55,51,7,0.8,1,"PairwiseSupport","multi-point",3,4,"one-point",1,"calibrated",5.710659898477157,0.005626190931855124,4,4,,,,"",
123456,"TwoPole",56,51,7,0.8,1,"PairwiseSupport","multi-point",3,4,"one-point",1,"calibrated",6.346967559943582,0.019783424830224782,4,4,,,,"",
123456,"TwoPole",57,51,7,0.8,1,"PairwiseSupport","multi-point",3,3,"one-point",1,"calibrated",2.055420219244823,0.0012046060319473165,3,3,,,,"",
123456,"TwoPole",58,51,7,0.8,1,"PairwiseSupport","multi-point",3,4,"one-point",1,"calibrated",4.612230953194397,0.011300157330029507,4,4,,,,"",
123456,"TwoPole",59,51,7,0.8,1,"PairwiseSupport","multi-point",3,4,"one-point",1,"calibrated",6.2183325656379544,0.023656195571022255,4,4,,,,"",
123456,"TwoPole",60,51,7,0.8,1,"PairwiseSupport","multi-point",3,4,"one-point",1,"calibrated",4.861361181130716,0.027345247012426667,4,4,,,,"",
123456,"TwoPole",61,51,7,0.8,1,"PairwiseSupport","multi-point",3,4,"one-point",1,"calibrated",5.369928400954653,0.019386410294937956,4,4,,,,"",
123456,"TwoPole",62,51,7,0.8,1,"PairwiseSupport","multi-point",3,4,"one-point",1,"calibrated",5.9628975265017665,0.013775164894865214,4,4,,,,"",
123456,"TwoPole",63,51,7,0.8,1,"PairwiseSupport","multi-point",3,4,"one-point",1,"calibrated",3.760445682451253,0.02501180729359387,3,4,,,,"",
123456,"TwoPole",64,51,7,0.8,1,"PairwiseSupport","multi-point",3,4,"one-point",1,"calibrated",6.481036965914546,0.009943724720253167,4,4,,,,"",
123456,"TwoPole",65,51,7,0.8,1,"PairwiseSupport","multi-point",3,4,"one-point",1,"calibrated",5.164498852333589,0.022716863648659217,4,4,,,,"",
123456,"TwoPole",66,51,7,0.8,1,"PairwiseSupport","multi-point",3,4,"one-point",1,"calibrated",4.861361181130716,0.014534964771240767,4,4,,,,"",
123456,"TwoPole",67,51,7,0.8,1,"PairwiseSupport","multi-point",3,3,"one-point",1,"calibrated",2.039891205802357,0.0022624984596323755,3,3,,,,"",
123456,"TwoPole",68,51,7,0.8,1,"PairwiseSupport","multi-point",3,4,"one-point",1,"calibrated",8.22669104204753,0.01349367975246705,4,4,,,,"",
123456,"TwoPole",69,51,7,0.8,1,"PairwiseSupport","multi-point",3,4,"one-point",1,"calibrated",6.7669172932330826,0.01473128669246773,4,4,,,,"",
123456,"TwoPole",70,51,7,0.8,1,"PairwiseSupport","multi-point",3,4,"one-point",1,"calibrated",3.7087912087912085,0.013623063716890404,4,4,,,,"",
123456,"TwoPole",71,51,7,0.8,1,"PairwiseSupport","multi-point",3,3,"one-point",1,"calibrated",2.17566478646253,0.002473312208145991,3,3,,,,"",
123456,"TwoPole",72,51,7,0.8,1,"PairwiseSupport","multi-point",3,4,"one-point",1,"calibrated",6.097560975609756,0.009183750635973143,4,4,,,,"",
123456,"TwoPole",73,51,7,0.8,1,"PairwiseSupport","multi-point",3,4,"one-point",1,"calibrated",10.739856801909308,0.013091224605382768,4,4,,,,"",
123456,"TwoPole",74,51,7,0.8,1,"PairwiseSupport","multi-point",3,4,"one-point",1,"calibrated",8.982035928143713,0.01893203356807889,4,4,,,,"",
123456,"TwoPole",75,51,7,0.8,1,"PairwiseSupport","multi-point",3,4,"one-point",1,"calibrated",3.9823008849557513,0.011277874041760689,4,4,,,,"",
123456,"TwoPole",76,51,7,0.8,1,"PairwiseSupport","multi-point",3,4,"one-point",1,"calibrated",5.0675675675675675,0.009179612276616667,4,4,,,,"",
123456,"TwoPole",77,51,7,0.8,1,"PairwiseSupport","multi-point",3,4,"one-point",1,"calibrated",5.478896103896105,0.004833127265564757,4,4,,,,"",
123456,"TwoPole",78,51,7,0.8,1,"PairwiseSupport","multi-point",3,4,"one-point",1,"calibrated",5.478896103896105,0.009005781365374266,4,4,,,,"",
123456,"TwoPole",79,51,7,0.8,1,"PairwiseSupport","multi-point",3,4,"one-point",1,"calibrated",4.775380261761585,0.025272240258021817,4,4,,,,"",
123456,"TwoPole",80,51,7,0.8,1,"PairwiseSupport","multi-point",3,4,"one-point",1,"calibrated",7.736389684813753,0.018858708592847426,4,4,,,,"",
123456,"TwoPole",81,51,7,0.8,1,"PairwiseSupport","multi-point",3,3,"one-point",1,"calibrated",2.1367521367521367,0.003365823635201266,3,3,,,,"",
123456,"TwoPole",82,51,7,0.8,1,"PairwiseSupport","multi-point",3,4,"one-point",1,"calibrated",7.246376811594202,0.018651684031833985,4,4,,,,"",
123456,"TwoPole",83,51,7,0.8,1,"PairwiseSupport","multi-point",3,3,"one-point",1,"calibrated",1.9200682690940125,0.002787451837887469,3,3,,,,"",
123456,"TwoPole",84,51,7,0.8,1,"PairwiseSupport","multi-point",3,4,"one-point",1,"calibrated",6.7669172932330826,0.018389638435454183,4,4,,,,"",
123456,"TwoPole",85,51,7,0.8,1,"PairwiseSupport","multi-point",3,4,"one-point",1,"calibrated",4.4598612487611495,0.01858023236875083,4,4,,,,"",
123456,"TwoPole",86,51,7,0.8,1,"PairwiseSupport","multi-point",3,4,"one-point",1,"calibrated",3.813559322033898,0.01202995817086695,4,4,,,,"",
123456,"TwoPole",87,51,7,0.8,1,"PairwiseSupport","multi-point",3,4,"one-point",1,"calibrated",6.919528446950282,0.017615530844746125,4,4,,,,"",
123456,"TwoPole",88,51,7,0.8,1,"PairwiseSupport","multi-point",3,4,"one-point",1,"calibrated",4.775380261761585,0.02053733381574873,4,4,,,,"",
123456,"TwoPole",89,51,7,0.8,1,"PairwiseSupport","multi-point",3,4,"one-point",1,"calibrated",5.369928400954653,0.018112543653218266,4,4,,,,"",
123456,"TwoPole",90,51,7,0.8,1,"PairwiseSupport","multi-point",3,4,"one-point",1,"calibrated",6.919528446950282,0.018564159421774414,4,4,,,,"",
123456,"TwoPole",91,51,7,0.8,1,"PairwiseSupport","multi-point",3,4,"one-point",1,"calibrated",10.146561443066515,0.012764590627347378,4,4,,,,"",
123456,"TwoPole",92,51,7,0.8,1,"PairwiseSupport","multi-point",3,4,"one-point",1,"calibrated",4.249291784702549,0.01863472863666689,4,4,,,,"",
123456,"TwoPole",93,51,7,0.8,1,"PairwiseSupport","multi-point",3,4,"one-point",1,"calibrated",7.246376811594202,0.019989553858966592,4,4,,,,"",
123456,"TwoPole",94,51,7,0.8,1,"PairwiseSupport","multi-point",3,4,"one-point",1,"calibrated",4.692387904066736,0.010345137019545913,4,4,,,,"",
123456,"TwoPole",95,51,7,0.8,1,"PairwiseSupport","multi-point",3,4,"one-point",1,"calibrated",6.481036965914546,0.013774871090960502,4,4,,,,"",
123456,"TwoPole",96,51,7,0.8,1,"PairwiseSupport","multi-point",3,4,"one-point",1,"calibrated",3.7087912087912085,0.017410664151647298,4,4,,,,"",
123456,"TwoPole",97,51,7,0.8,1,"PairwiseSupport","multi-point",3,4,"one-point",1,"calibrated",3.8681948424068757,0.01215017098815882,4,4,,,,"",
123456,"TwoPole",98,51,7,0.8,1,"PairwiseSupport","multi-point",3,4,"one-point",1,"calibrated",5.834053586862576,0.02500895826725849,4,4,,,,"",
123456,"TwoPole",99,51,7,0.8,1,"PairwiseSupport","multi-point",3,4,"one-point",1,"calibrated",4.9504950495049505,0.019358678802685613,4,4,,,,"",
123456,"TwoPole",100,51,7,0.8,1,"PairwiseSupport","multi-point",3,4,"one-point",1,"calibrated",5.265210608424336,0.01006570090645221,4,4,,,,"",
123456,"TwoPole",101,51,7,0.8,1,"PairwiseSupport","multi-point",3,4,"one-point",1,"calibrated",3.9823008849557513,0.019546129150422618,4,4,,,,"",
123456,"TwoPole",102,51,7,0.8,1,"PairwiseSupport","multi-point",3,3,"one-point",1,"calibrated",2.1034590215020255,0.003939621064239117,3,3,,,,"",
123456,"TwoPole",103,51,7,0.8,1,"PairwiseSupport","multi-point",3,4,"one-point",1,"calibrated",6.2183325656379544,0.015053988395803904,4,4,,,,"",
123456,"TwoPole",104,51,7,0.8,1,"PairwiseSupport","multi-point",3,4,"one-point",1,"calibrated",8.587786259541986,0.013521301253871198,4,4,,,,"",
123456,"TwoPole",105,51,7,0.8,1,"PairwiseSupport","multi-point",3,4,"one-point",1,"calibrated",4.9504950495049505,0.025338347894646198,4,4,,,,"",
123456,"TwoPole",106,51,7,0.8,1,"PairwiseSupport","multi-point",3,4,"one-point",1,"calibrated",6.097560975609756,0.0004743662736528818,4,4,,,,"",
123456,"TwoPole",107,51,7,0.8,1,"PairwiseSupport","multi-point",3,4,"one-point",1,"calibrated",7.546115148127446,0.013689133411447271,4,4,,,,"",
123456,"TwoPole",108,51,7,0.8,1,"PairwiseSupport","multi-point",3,4,"one-point",1,"calibrated",8.057296329453894,0.018891261706767304,4,4,,,,"",
123456,"TwoPole",109,51,7,0.8,1,"PairwiseSupport","multi-point",3,4,"one-point",1,"calibrated",8.587786259541986,0.01914075146046604,4,4,,,,"",
123456,"TwoPole",110,51,7,0.8,1,"PairwiseSupport","multi-point",3,4,"one-point",1,"calibrated",6.097560975609756,0.01841669152479815,4,4,,,,"",
123456,"TwoPole",111,51,7,0.8,1,"PairwiseSupport","multi-point",3,3,"one-point",1,"calibrated",2.1367521367521367,0.0038847802074485896,3,3,,,,"",
123456,"TwoPole",112,51,7,0.8,1,"PairwiseSupport","multi-point",3,3,"one-point",1,"calibrated",1.9477708844322608,0.002483431101908249,3,3,,,,"",
123456,"TwoPole",113,51,7,0.8,1,"PairwiseSupport","multi-point",3,4,"one-point",1,"calibrated",5.592377796188898,0.004941333584187764,4,4,,,,"",
123456,"TwoPole",114,51,7,0.8,1,"PairwiseSupport","multi-point",3,4,"one-point",1,"calibrated",6.620892594409023,0.012736744023966278,4,4,,,,"",
123456,"TwoPole",115,51,7,0.8,1,"PairwiseSupport","multi-point",3,4,"one-point",1,"calibrated",8.587786259541986,0.025215017184794675,4,4,,,,"",
123456,"TwoPole",116,51,7,0.8,1,"PairwiseSupport","multi-point",3,4,"one-point",1,"calibrated",4.9504950495049505,0.013251510844926312,4,4,,,,"",
123456,"TwoPole",117,51,7,0.8,1,"PairwiseSupport","multi-point",3,4,"one-point",1,"calibrated",5.710659898477157,0.014808839180291218,4,4,,,,"",
123456,"TwoPole",118,51,7,0.8,1,"PairwiseSupport","multi-point",3,4,"one-point",1,"calibrated",11.363636363636365,0.012424648118915079,4,4,,,,"",
123456,"TwoPole",119,51,7,0.8,1,"PairwiseSupport","multi-point",3,4,"one-point",1,"calibrated",4.9504950495049505,0.02744534075623511,4,4,,,,"",
123456,"TwoPole",120,51,7,0.8,1,"PairwiseSupport","multi-point",3,4,"one-point",1,"calibrated",6.919528446950282,0.009168017906198058,4,4,,,,"",
123456,"TwoPole",121,51,7,0.8,1,"PairwiseSupport","multi-point",3,4,"one-point",1,"calibrated",5.9628975265017665,0.01980894529710743,4,4,,,,"",
123456,"TwoPole",122,51,7,0.8,1,"PairwiseSupport","multi-point",3,4,"one-point",1,"calibrated",5.265210608424336,0.02504184144033464,4,4,,,,"",
123456,"TwoPole",123,51,7,0.8,1,"PairwiseSupport","multi-point",3,3,"one-point",1,"calibrated",2.1367521367521367,0.0033798971287222197,3,3,,,,"",
123456,"TwoPole",124,51,7,0.8,1,"PairwiseSupport","multi-point",3,4,"one-point",1,"calibrated",7.936507936507937,0.013546359323416553,4,4,,,,"",
123456,"TwoPole",125,51,7,0.8,1,"PairwiseSupport","multi-point",3,4,"one-point",1,"calibrated",7.246376811594202,0.014662894921990893,4,4,,,,"",
123456,"TwoPole",126,51,7,0.8,1,"PairwiseSupport","multi-point",3,4,"one-point",1,"calibrated",4.861361181130716,0.02425680049260393,4,4,,,,"",
123456,"TwoPole",127,51,7,0.8,1,"PairwiseSupport","multi-point",3,4,"one-point",1,"calibrated",4.249291784702549,0.019621208240769912,4,4,,,,"",
123456,"TwoPole",128,51,7,0.8,1,"PairwiseSupport","multi-point",3,4,"one-point",1,"calibrated",3.5498290823034444,0.012582169044990443,4,4,,,,"",
123456,"TwoPole",129,51,7,0.8,1,"PairwiseSupport","multi-point",3,4,"one-point",1,"calibrated",9.64630225080386,0.018594537986565615,4,4,,,,"",
123456,"TwoPole",130,51,7,0.8,1,"PairwiseSupport","multi-point",3,4,"one-point",1,"calibrated",5.9628975265017665,0.015016871766185082,4,4,,,,"",
123456,"TwoPole",131,51,7,0.8,1,"PairwiseSupport","multi-point",3,4,"one-point",1,"calibrated",5.478896103896105,0.015000817323844184,4,4,,,,"",
123456,"TwoPole",132,51,7,0.8,1,"PairwiseSupport","multi-point",3,4,"one-point",1,"calibrated",4.534766543500169,0.001677076415417049,4,4,,,,"",
123456,"TwoPole",133,51,7,0.8,1,"PairwiseSupport","multi-point",3,4,"one-point",1,"calibrated",5.834053586862576,0.005647375211299958,4,4,,,,"",
123456,"TwoPole",134,51,7,0.8,1,"PairwiseSupport","multi-point",3,4,"one-point",1,"calibrated",6.620892594409023,0.024079642385669044,4,4,,,,"",
123456,"TwoPole",135,51,7,0.8,1,"PairwiseSupport","multi-point",3,4,"one-point",1,"calibrated",6.346967559943582,0.018390672751359728,4,4,,,,"",
123456,"TwoPole",136,51,7,0.8,1,"PairwiseSupport","multi-point",3,4,"one-point",1,"calibrated",5.9628975265017665,0.010115600506926807,4,4,,,,"",
123456,"TwoPole",137,51,7,0.8,1,"PairwiseSupport","multi-point",3,4,"one-point",1,"calibrated",5.834053586862576,0.009097516657152966,4,4,,,,"",
123456,"TwoPole",138,51,7,0.8,1,"PairwiseSupport","multi-point",3,4,"one-point",1,"calibrated",7.546115148127446,0.009160855192957893,4,4,,,,"",
123456,"TwoPole",139,51,7,0.8,1,"PairwiseSupport","multi-point",3,4,"one-point",1,"calibrated",4.974207811348563,0.013540485341656507,4,4,,,,"",
123456,"TwoPole",140,51,7,0.8,1,"PairwiseSupport","multi-point",3,4,"one-point",1,"calibrated",4.249291784702549,0.018585136456630437,4,4,,,,"",
123456,"TwoPole",141,51,7,0.8,1,"PairwiseSupport","multi-point",3,4,"one-point",1,"calibrated",4.692387904066736,0.020346384160252782,4,4,,,,"",
123456,"TwoPole",142,51,7,0.8,1,"PairwiseSupport","multi-point",3,4,"one-point",1,"calibrated",6.919528446950282,0.012984038830881341,4,4,,,,"",
123456,"TwoPole",143,51,7,0.8,1,"PairwiseSupport","two-point",2,2,"one-point",1,"degenerate",,,,,1,3,2.260559724466689,"SwitchDetected",3
123456,"TwoPole",144,51,7,0.8,1,"PairwiseSupport","multi-point",3,4,"one-point",1,"calibrated",6.481036965914546,0.01855829487695093,4,4,,,,"",
123456,"TwoPole",145,51,7,0.8,1,"PairwiseSupport","multi-point",3,4,"one-point",1,"calibrated",7.079181961195594,0.013779269453621209,4,4,,,,"",
123456,"TwoPole",146,51,7,0.8,1,"PairwiseSupport","multi-point",3,3,"one-point",1,"calibrated",2.071187480822338,0.002786289123760938,3,3,,,,"",
123456,"TwoPole",147,51,7,0.8,1,"PairwiseSupport","multi-point",3,4,"one-point",1,"calibrated",7.079181961195594,0.013509739411421313,4,4,,,,"",
123456,"TwoPole",148,51,7,0.8,1,"PairwiseSupport","multi-point",3,4,"one-point",1,"calibrated",11.48936170212766,0.017740101025801484,4,4,,,,"",
123456,"TwoPole",149,51,7,0.8,1,"PairwiseSupport","multi-point",3,4,"one-point",1,"calibrated",6.919528446950282,0.014671669699151313,4,4,,,,"",
123456,"TwoPole",150,51,7,0.8,1,"PairwiseSupport","multi-point",3,3,"one-point",1,"calibrated",2.229562345169281,0.004999779772052057,3,3,,,,"",
123456,"TwoPole",151,51,7,0.8,1,"PairwiseSupport","multi-point",3,4,"one-point",1,"calibrated",4.861361181130716,0.005899804430511839,4,4,,,,"",
123456,"TwoPole",152,51,7,0.8,1,"PairwiseSupport","multi-point",3,4,"one-point",1,"calibrated",4.534766543500169,0.020488744374617354,4,4,,,,"",
123456,"TwoPole",153,51,7,0.8,1,"PairwiseSupport","multi-point",3,4,"one-point",1,"calibrated",4.9504950495049505,0.019445022374866158,4,4,,,,"",
123456,"TwoPole",154,51,7,0.8,1,"PairwiseSupport","multi-point",3,4,"one-point",1,"calibrated",7.079181961195594,0.009113121881030447,4,4,,,,"",
123456,"TwoPole",155,51,7,0.8,1,"PairwiseSupport","multi-point",3,4,"one-point",1,"calibrated",4.3172369683402625,0.019599703874713277,4,4,,,,"",
123456,"TwoPole",156,51,7,0.8,1,"PairwiseSupport","multi-point",3,4,"one-point",1,"calibrated",6.481036965914546,0.004813599198945727,4,4,,,,"",
123456,"TwoPole",157,51,7,0.8,1,"PairwiseSupport","multi-point",3,4,"one-point",1,"calibrated",4.387390315242119,0.01864064861680674,4,4,,,,"",
123456,"TwoPole",158,51,7,0.8,1,"PairwiseSupport","multi-point",3,4,"one-point",1,"calibrated",6.2183325656379544,0.010141729445496912,4,4,,,,"",
123456,"TwoPole",159,51,7,0.8,1,"PairwiseSupport","multi-point",3,3,"one-point",1,"calibrated",2.3510971786833856,0.003128578451699179,3,3,,,,"",
123456,"TwoPole",160,51,7,0.8,1,"PairwiseSupport","multi-point",3,4,"one-point",1,"calibrated",4.04191616766467,0.021399254298970417,4,4,,,,"",
123456,"TwoPole",161,51,7,0.8,1,"PairwiseSupport","multi-point",3,4,"one-point",1,"calibrated",5.834053586862576,0.005561289699890009,4,4,,,,"",
123456,"TwoPole",162,51,7,0.8,1,"PairwiseSupport","multi-point",3,4,"one-point",1,"calibrated",6.2183325656379544,0.004810242119163632,4,4,,,,"",
123456,"TwoPole",163,51,7,0.8,1,"PairwiseSupport","multi-point",3,4,"one-point",1,"calibrated",7.546115148127446,0.02583568282658726,4,4,,,,"",
123456,"TwoPole",164,51,7,0.8,1,"PairwiseSupport","multi-point",3,4,"one-point",1,"calibrated",9.64630225080386,0.008089962486348364,4,4,,,,"",
123456,"TwoPole",165,51,7,0.8,1,"PairwiseSupport","multi-point",3,4,"one-point",1,"calibrated",5.592377796188898,0.024880708619083952,4,4,,,,"",
123456,"TwoPole",166,51,7,0.8,1,"PairwiseSupport","multi-point",3,4,"one-point",1,"calibrated",7.936507936507937,0.013807378591876793,4,4,,,,"",
123456,"TwoPole",167,51,7,0.8,1,"PairwiseSupport","multi-point",3,4,"one-point",1,"calibrated",8.057296329453894,0.013747033807573535,4,4,,,,"",
123456,"TwoPole",168,51,7,0.8,1,"PairwiseSupport","multi-point",3,3,"one-point",1,"calibrated",20,0.022821214315787607,3,4,,,,"",
123456,"TwoPole",169,51,7,0.8,1,"PairwiseSupport","multi-point",3,4,"one-point",1,"calibrated",5.478896103896105,0.01346067315101563,4,4,,,,"",
123456,"TwoPole",170,51,7,0.8,1,"PairwiseSupport","multi-point",3,4,"one-point",1,"calibrated",6.919528446950282,0.004099405637855581,4,4,,,,"",
123456,"TwoPole",171,51,7,0.8,1,"PairwiseSupport","multi-point",3,4,"one-point",1,"calibrated",6.620892594409023,0.026913915992059674,4,4,,,,"",
123456,"TwoPole",172,51,7,0.8,1,"PairwiseSupport","multi-point",3,4,"one-point",1,"calibrated",7.546115148127446,0.008968843284298518,4,4,,,,"",
123456,"TwoPole",173,51,7,0.8,1,"PairwiseSupport","multi-point",3,4,"one-point",1,"calibrated",5.710659898477157,0.025122992725948458,4,4,,,,"",
123456,"TwoPole",174,51,7,0.8,1,"PairwiseSupport","multi-point",3,4,"one-point",1,"calibrated",7.936507936507937,0.01777019273645829,4,4,,,,"",
123456,"TwoPole",175,51,7,0.8,1,"PairwiseSupport","multi-point",3,4,"one-point",1,"calibrated",4.387390315242119,0.02036455184675135,4,4,,,,"",
123456,"TwoPole",176,51,7,0.8,1,"PairwiseSupport","multi-point",3,4,"one-point",1,"calibrated",5.592377796188898,0.024569721195728006,4,4,,,,"",
123456,"TwoPole",177,51,7,0.8,1,"PairwiseSupport","multi-point",3,4,"one-point",1,"calibrated",5.592377796188898,0.014635646141713532,4,4,,,,"",
123456,"TwoPole",178,51,7,0.8,1,"PairwiseSupport","multi-point",3,4,"one-point",1,"calibrated",9.193054136874363,0.013487739850876947,4,4,,,,"",
123456,"TwoPole",179,51,7,0.8,1,"PairwiseSupport","multi-point",3,3,"one-point",1,"calibrated",2.286198137171888,0.004047063681758503,3,3,,,,"",
123456,"TwoPole",180,51,7,0.8,1,"PairwiseSupport","multi-point",3,3,"one-point",1,"degenerate",,,,,1,3,1.802106013417902,"SwitchDetected",3
123456,"TwoPole",181,51,7,0.8,1,"PairwiseSupport","multi-point",3,4,"one-point",1,"calibrated",7.364975450081833,0.013867487389686356,4,4,,,,"",
123456,"TwoPole",182,51,7,0.8,1,"PairwiseSupport","multi-point",3,4,"one-point",1,"calibrated",7.736389684813753,0.018702086725619467,4,4,,,,"",
123456,"TwoPole",183,51,7,0.8,1,"PairwiseSupport","multi-point",3,4,"one-point",1,"calibrated",7.736389684813753,0.01851691671460924,4,4,,,,"",
123456,"TwoPole",184,51,7,0.8,1,"PairwiseSupport","multi-point",3,4,"one-point",1,"calibrated",4.612230953194397,0.025030129606550683,4,4,,,,"",
123456,"TwoPole",185,51,7,0.8,1,"PairwiseSupport","multi-point",3,4,"one-point",1,"calibrated",4.861361181130716,0.01593984318376369,4,4,,,,"",
123456,"TwoPole",186,51,7,0.8,1,"PairwiseSupport","multi-point",3,4,"one-point",1,"calibrated",3.0920751259734307,0.01769317677925711,3,4,,,,"",
123456,"TwoPole",187,51,7,0.8,1,"PairwiseSupport","multi-point",3,4,"one-point",1,"calibrated",7.936507936507937,0.01369328259728642,4,4,,,,"",
123456,"TwoPole",188,51,7,0.8,1,"PairwiseSupport","multi-point",3,4,"one-point",1,"calibrated",4.166666666666666,0.010941595966913164,4,4,,,,"",
123456,"TwoPole",189,51,7,0.8,1,"PairwiseSupport","multi-point",3,4,"one-point",1,"calibrated",8.057296329453894,0.019787944656574442,4,4,,,,"",
123456,"TwoPole",190,51,7,0.8,1,"PairwiseSupport","multi-point",3,4,"one-point",1,"calibrated",4.692387904066736,0.014522842299601461,4,4,,,,"",
123456,"TwoPole",191,51,7,0.8,1,"PairwiseSupport","multi-point",3,4,"one-point",1,"calibrated",8.78048780487805,0.025033016558605646,4,4,,,,"",
123456,"TwoPole",192,51,7,0.8,1,"PairwiseSupport","multi-point",3,4,"one-point",1,"calibrated",6.620892594409023,0.018664319706087083,4,4,,,,"",
123456,"TwoPole",193,51,7,0.8,1,"PairwiseSupport","multi-point",3,4,"one-point",1,"calibrated",4.387390315242119,0.012736002452612265,4,4,,,,"",
123456,"TwoPole",194,51,7,0.8,1,"PairwiseSupport","multi-point",3,4,"one-point",1,"calibrated",5.710659898477157,0.01942985760688153,4,4,,,,"",
123456,"TwoPole",195,51,7,0.8,1,"PairwiseSupport","multi-point",3,4,"one-point",1,"calibrated",11.363636363636365,0.017798899589822694,4,4,,,,"",
123456,"TwoPole",196,51,7,0.8,1,"PairwiseSupport","multi-point",3,4,"one-point",1,"calibrated",5.478896103896105,0.019475679876345547,4,4,,,,"",
123456,"TwoPole",197,51,7,0.8,1,"PairwiseSupport","multi-point",3,4,"one-point",1,"calibrated",5.710659898477157,0.01998404582607529,4,4,,,,"",
123456,"TwoPole",198,51,7,0.8,1,"PairwiseSupport","multi-point",3,3,"one-point",1,"calibrated",2.039891205802357,0.0030826593482830705,3,3,,,,"",
123456,"TwoPole",199,51,7,0.8,1,"PairwiseSupport","multi-point",3,4,"one-point",1,"calibrated",7.936507936507937,0.008371368761575236,4,4,,,,"",
123456,"TwoPole",200,51,7,0.8,1,"PairwiseSupport","multi-point",3,4,"one-point",1,"calibrated",3.9823008849557513,0.0162793539072689,4,4,,,,"",
123456,"TwoPole",1,51,7,0.8,2,"PairwiseSupport","multi-point",3,4,"one-point",1,"calibrated",4.103343465045592,0.01579024512750126,4,4,,,,"",
123456,"TwoPole",2,51,7,0.8,2,"PairwiseSupport","multi-point",3,3,"one-point",1,"calibrated",2.055420219244823,0.004997874767568426,3,3,,,,"",
123456,"TwoPole",3,51,7,0.8,2,"PairwiseSupport","multi-point",3,4,"one-point",1,"calibrated",11.042944785276074,0.0144948503971393,4,4,,,,"",
123456,"TwoPole",4,51,7,0.8,2,"PairwiseSupport","multi-point",3,4,"one-point",1,"calibrated",8.057296329453894,0.02396206154910434,4,4,,,,"",
123456,"TwoPole",5,51,7,0.8,2,"PairwiseSupport","multi-point",3,4,"one-point",1,"calibrated",7.546115148127446,0.007036466957565923,4,4,,,,"",
123456,"TwoPole",6,51,7,0.8,2,"PairwiseSupport","multi-point",3,3,"one-point",1,"calibrated",2.286198137171888,0.005194202872087185,3,3,,,,"",
123456,"TwoPole",7,51,7,0.8,2,"PairwiseSupport","multi-point",3,4,"one-point",1,"calibrated",5.478896103896105,0.013232316392604575,4,4,,,,"",
123456,"TwoPole",8,51,7,0.8,2,"PairwiseSupport","multi-point",3,4,"one-point",1,"calibrated",9.64630225080386,0.009756655776633068,4,4,,,,"",
123456,"TwoPole",9,51,7,0.8,2,"PairwiseSupport","multi-point",3,4,"one-point",1,"calibrated",5.9628975265017665,0.021041811235178266,4,4,,,,"",
123456,"TwoPole",10,51,7,0.8,2,"PairwiseSupport","multi-point",3,3,"one-point",1,"calibrated",2.1034590215020255,0.004834814535468361,3,3,,,,"",
123456,"TwoPole",11,51,7,0.8,2,"PairwiseSupport","multi-point",3,3,"one-point",1,"calibrated",2.5037091988130564,0.002194883577611002,3,3,,,,"",
123456,"TwoPole",12,51,7,0.8,2,"PairwiseSupport","multi-point",3,3,"one-point",1,"calibrated",2.286198137171888,0.002825371670055782,3,3,,,,"",
123456,"TwoPole",13,51,7,0.8,2,"PairwiseSupport","multi-point",3,4,"one-point",1,"calibrated",7.546115148127446,0.021546390665521782,4,4,,,,"",
123456,"TwoPole",14,51,7,0.8,2,"PairwiseSupport","multi-point",3,3,"one-point",1,"calibrated",2.119974874371859,0.0014848395112778128,3,3,,,,"",
123456,"TwoPole",15,51,7,0.8,2,"PairwiseSupport","multi-point",3,4,"one-point",1,"calibrated",6.620892594409023,0.01022095946028034,4,4,,,,"",
123456,"TwoPole",16,51,7,0.8,2,"PairwiseSupport","multi-point",3,4,"one-point",1,"calibrated",5.164498852333589,0.01401418349246483,4,4,,,,"",
123456,"TwoPole",17,51,7,0.8,2,"PairwiseSupport","multi-point",3,4,"one-point",1,"calibrated",4.3172369683402625,0.011630923752240079,4,4,,,,"",
123456,"TwoPole",18,51,7,0.8,2,"PairwiseSupport","multi-point",3,3,"one-point",1,"calibrated",6.620892594409023,0.02794886244293943,3,4,,,,"",
123456,"TwoPole",19,51,7,0.8,2,"PairwiseSupport","multi-point",3,4,"one-point",1,"calibrated",5.478896103896105,0.019891016720940853,4,4,,,,"",
123456,"TwoPole",20,51,7,0.8,2,"PairwiseSupport","multi-point",3,4,"one-point",1,"calibrated",10.146561443066515,0.021651857808251317,4,4,,,,"",
123456,"TwoPole",21,51,7,0.8,2,"PairwiseSupport","multi-point",3,3,"one-point",1,"calibrated",2.305721605465414,0.002881258195643766,3,3,,,,"",
123456,"TwoPole",22,51,7,0.8,2,"PairwiseSupport","multi-point",3,4,"one-point",1,"calibrated",3.7087912087912085,0.014593498752912399,4,4,,,,"",
123456,"TwoPole",23,51,7,0.8,2,"PairwiseSupport","multi-point",3,4,"one-point",1,"calibrated",8.982035928143713,0.010947126727806112,4,4,,,,"",
123456,"TwoPole",24,51,7,0.8,2,"PairwiseSupport","multi-point",3,4,"one-point",1,"calibrated",7.936507936507937,0.010660633015118012,4,4,,,,"",
123456,"TwoPole",25,51,7,0.8,2,"PairwiseSupport","multi-point",3,4,"one-point",1,"calibrated",2.684430304235435,0.006994248703355224,3,4,,,,"",
123456,"TwoPole",26,51,7,0.8,2,"PairwiseSupport","multi-point",3,4,"one-point",1,"calibrated",4.861361181130716,0.020852092823836783,4,4,,,,"",
123456,"TwoPole",27,51,7,0.8,2,"PairwiseSupport","multi-point",3,4,"one-point",1,"calibrated",4.612230953194397,0.01786500510586639,4,4,,,,"",
123456,"TwoPole",28,51,7,0.8,2,"PairwiseSupport","multi-point",3,3,"one-point",1,"degenerate",,,,,1,3,2.14567866877297,"SwitchDetected",3
123456,"TwoPole",29,51,7,0.8,2,"PairwiseSupport","multi-point",3,3,"one-point",1,"calibrated",2.6512175962293796,0.0048606977691848805,3,3,,,,"",
123456,"TwoPole",30,51,7,0.8,2,"PairwiseSupport","multi-point",3,3,"one-point",1,"calibrated",2.5510204081632653,0.002533299164956305,3,3,,,,"",
123456,"TwoPole",31,51,7,0.8,2,"PairwiseSupport","multi-point",3,4,"one-point",1,"calibrated",2.8932704672096015,0.002665928493447563,4,4,,,,"",
123456,"TwoPole",32,51,7,0.8,2,"PairwiseSupport","multi-point",3,3,"one-point",1,"degenerate",,,,,1,3,2.09389022156845,"SwitchDetected",3
123456,"TwoPole",33,51,7,0.8,2,"PairwiseSupport","multi-point",3,4,"one-point",1,"calibrated",4.103343465045592,0.01730848080771695,3,4,,,,"",
123456,"TwoPole",34,51,7,0.8,2,"PairwiseSupport","multi-point",3,4,"one-point",1,"calibrated",4.9504950495049505,0.013331452610063872,4,4,,,,"",
123456,"TwoPole",35,51,7,0.8,2,"PairwiseSupport","multi-point",3,4,"one-point",1,"calibrated",3.2902754082378745,0.011320047195153836,3,4,,,,"",
123456,"TwoPole",36,51,7,0.8,2,"PairwiseSupport","multi-point",3,4,"one-point",1,"calibrated",8.057296329453894,0.017695472823429,4,4,,,,"",
123456,"TwoPole",37,51,7,0.8,2,"PairwiseSupport","multi-point",3,4,"one-point",1,"calibrated",5.478896103896105,0.014261799697754051,4,4,,,,"",
123456,"TwoPole",38,51,7,0.8,2,"PairwiseSupport","multi-point",3,3,"one-point",1,"calibrated",2.1367521367521367,0.0028354966294757223,3,3,,,,"",
123456,"TwoPole",39,51,7,0.8,2,"PairwiseSupport","multi-point",3,4,"one-point",1,"calibrated",6.620892594409023,0.011439762837918342,4,4,,,,"",
123456,"TwoPole",40,51,7,0.8,2,"PairwiseSupport","two-point",2,2,"one-point",1,"degenerate",,,,,1,3,2.167012316417658,"SwitchDetected",3
123456,"TwoPole",41,51,7,0.8,2,"PairwiseSupport","multi-point",3,3,"one-point",1,"calibrated",2.305721605465414,0.0026302312124366067,3,3,,,,"",
123456,"TwoPole",42,51,7,0.8,2,"PairwiseSupport","multi-point",3,4,"one-point",1,"calibrated",5.369928400954653,0.01480802681894519,4,4,,,,"",
123456,"TwoPole",43,51,7,0.8,2,"PairwiseSupport","multi-point",3,4,"one-point",1,"calibrated",3.0920751259734307,0.015687683919277065,4,4,,,,"",
123456,"TwoPole",44,51,7,0.8,2,"PairwiseSupport","multi-point",3,3,"one-point",1,"calibrated",2.2481265611990007,0.0012482181406224624,3,3,,,,"",
123456,"TwoPole",45,51,7,0.8,2,"PairwiseSupport","multi-point",3,3,"one-point",1,"calibrated",2.305721605465414,0.003716102988205016,3,3,,,,"",
123456,"TwoPole",46,51,7,0.8,2,"PairwiseSupport","multi-point",3,3,"one-point",1,"calibrated",2.039891205802357,0.0007542635842434457,3,3,,,,"",
123456,"TwoPole",47,51,7,0.8,2,"PairwiseSupport","multi-point",3,4,"one-point",1,"calibrated",7.736389684813753,0.004897553597537898,4,4,,,,"",
123456,"TwoPole",48,51,7,0.8,2,"PairwiseSupport","multi-point",3,4,"one-point",1,"calibrated",8.22669104204753,0.012799105199662337,4,4,,,,"",
123456,"TwoPole",49,51,7,0.8,2,"PairwiseSupport","multi-point",3,4,"one-point",1,"calibrated",9.89010989010989,0.013957343521929151,4,4,,,,"",
123456,"TwoPole",50,51,7,0.8,2,"PairwiseSupport","multi-point",3,4,"one-point",1,"calibrated",4.9504950495049505,0.008960077294233622,4,4,,,,"",
123456,"TwoPole",51,51,7,0.8,2,"PairwiseSupport","multi-point",3,3,"one-point",1,"calibrated",2.956636005256242,0.004190394961656065,3,3,,,,"",
123456,"TwoPole",52,51,7,0.8,2,"PairwiseSupport","multi-point",3,4,"one-point",1,"calibrated",4.9504950495049505,0.01438622301206132,4,4,,,,"",
123456,"TwoPole",53,51,7,0.8,2,"PairwiseSupport","multi-point",3,4,"one-point",1,"calibrated",4.4598612487611495,0.01594332968709851,4,4,,,,"",
123456,"TwoPole",54,51,7,0.8,2,"PairwiseSupport","two-point",2,2,"one-point",1,"degenerate",,,,,1,3,1.7465517222999818,"SwitchDetected",3
123456,"TwoPole",55,51,7,0.8,2,"PairwiseSupport","multi-point",3,4,"one-point",1,"calibrated",3.2798833819241984,0.00975641796376819,4,4,,,,"",
123456,"TwoPole",56,51,7,0.8,2,"PairwiseSupport","multi-point",3,4,"one-point",1,"calibrated",6.481036965914546,0.005030033528406264,4,4,,,,"",
123456,"TwoPole",57,51,7,0.8,2,"PairwiseSupport","two-point",2,2,"one-point",1,"degenerate",,,,,1,3,2.110378162016993,"SwitchDetected",3
123456,"TwoPole",58,51,7,0.8,2,"PairwiseSupport","multi-point",3,4,"one-point",1,"calibrated",5.9628975265017665,0.029319960617207846,4,4,,,,"",
123456,"TwoPole",59,51,7,0.8,2,"PairwiseSupport","multi-point",3,4,"one-point",1,"calibrated",7.364975450081833,0.014717244358083494,4,4,,,,"",
123456,"TwoPole",60,51,7,0.8,2,"PairwiseSupport","multi-point",3,4,"one-point",1,"calibrated",6.919528446950282,0.008265599500518502,4,4,,,,"",
123456,"TwoPole",61,51,7,0.8,2,"PairwiseSupport","multi-point",3,4,"one-point",1,"degenerate",,,,,1,4,2.057409433455821,"SwitchDetected",3
123456,"TwoPole",62,51,7,0.8,2,"PairwiseSupport","multi-point",3,4,"one-point",1,"calibrated",4.692387904066736,0.017011939267967104,4,4,,,,"",
123456,"TwoPole",63,51,7,0.8,2,"PairwiseSupport","multi-point",3,4,"one-point",1,"calibrated",4.387390315242119,0.008474252757698418,4,4,,,,"",
123456,"TwoPole",64,51,7,0.8,2,"PairwiseSupport","multi-point",3,4,"one-point",1,"calibrated",5.369928400954653,0.01738427519465945,4,4,,,,"",
123456,"TwoPole",65,51,7,0.8,2,"PairwiseSupport","multi-point",3,4,"one-point",1,"calibrated",7.079181961195594,0.005704604396859337,4,4,,,,"",
123456,"TwoPole",66,51,7,0.8,2,"PairwiseSupport","multi-point",3,4,"one-point",1,"calibrated",5.0675675675675675,0.01863754936570647,4,4,,,,"",
123456,"TwoPole",67,51,7,0.8,2,"PairwiseSupport","multi-point",3,4,"one-point",1,"calibrated",4.183452122714595,0.015883336252149338,4,4,,,,"",
123456,"TwoPole",68,51,7,0.8,2,"PairwiseSupport","multi-point",3,3,"one-point",1,"degenerate",,,,,1,3,1.8993475629831258,"SwitchDetected",3
123456,"TwoPole",69,51,7,0.8,2,"PairwiseSupport","multi-point",3,4,"one-point",1,"calibrated",5.9628975265017665,0.005993793163533263,4,4,,,,"",
123456,"TwoPole",70,51,7,0.8,2,"PairwiseSupport","multi-point",3,4,"one-point",1,"calibrated",5.592377796188898,0.007068321893606003,4,4,,,,"",
123456,"TwoPole",71,51,7,0.8,2,"PairwiseSupport","multi-point",3,3,"one-point",1,"calibrated",4.103343465045592,0.0057388897225306035,3,4,,,,"",
123456,"TwoPole",72,51,7,0.8,2,"PairwiseSupport","multi-point",3,4,"one-point",1,"calibrated",4.692387904066736,0.015560086054086666,4,4,,,,"",
123456,"TwoPole",73,51,7,0.8,2,"PairwiseSupport","multi-point",3,4,"one-point",1,"calibrated",4.04191616766467,0.02051059810217278,4,4,,,,"",
123456,"TwoPole",74,51,7,0.8,2,"PairwiseSupport","multi-point",3,4,"one-point",1,"calibrated",3.3724706470147385,0.013609332438073371,3,4,,,,"",
123456,"TwoPole",75,51,7,0.8,2,"PairwiseSupport","multi-point",3,4,"one-point",1,"calibrated",7.364975450081833,0.012111046366851258,4,4,,,,"",
123456,"TwoPole",76,51,7,0.8,2,"PairwiseSupport","multi-point",3,4,"one-point",1,"calibrated",2.824858757062147,0.005884843338648082,4,4,,,,"",
123456,"TwoPole",77,51,7,0.8,2,"PairwiseSupport","multi-point",3,4,"one-point",1,"calibrated",5.265210608424336,0.021016280806332957,4,4,,,,"",
123456,"TwoPole",78,51,7,0.8,2,"PairwiseSupport","multi-point",3,4,"one-point",1,"calibrated",6.7669172932330826,0.011378009872146497,4,4,,,,"",
123456,"TwoPole",79,51,7,0.8,2,"PairwiseSupport","multi-point",3,4,"one-point",1,"calibrated",6.097560975609756,0.01503452094588215,4,4,,,,"",
123456,"TwoPole",80,51,7,0.8,2,"PairwiseSupport","multi-point",3,3,"one-point",1,"calibrated",2.9246100519930676,0.005667791044471524,3,3,,,,"",
123456,"TwoPole",81,51,7,0.8,2,"PairwiseSupport","multi-point",3,4,"one-point",1,"calibrated",4.04191616766467,0.012010203553241167,4,4,,,,"",
123456,"TwoPole",82,51,7,0.8,2,"PairwiseSupport","multi-point",3,3,"one-point",1,"degenerate",,,,,1,3,1.9240084762531628,"SwitchDetected",3
123456,"TwoPole",83,51,7,0.8,2,"PairwiseSupport","multi-point",3,3,"one-point",1,"calibrated",4.692387904066736,0.008824186648678688,3,4,,,,"",
123456,"TwoPole",84,51,7,0.8,2,"PairwiseSupport","multi-point",3,3,"one-point",1,"degenerate",,,,,1,3,2.010973577434726,"SwitchDetected",3
123456,"TwoPole",85,51,7,0.8,2,"PairwiseSupport","multi-point",3,4,"one-point",1,"calibrated",8.78048780487805,0.013903801552691872,4,4,,,,"",
123456,"TwoPole",86,51,7,0.8,2,"PairwiseSupport","multi-point",3,4,"one-point",1,"calibrated",5.265210608424336,0.008075509290777296,4,4,,,,"",
123456,"TwoPole",87,51,7,0.8,2,"PairwiseSupport","multi-point",3,3,"one-point",1,"degenerate",,,,,1,3,1.7339364293863282,"SwitchDetected",3
123456,"TwoPole",88,51,7,0.8,2,"PairwiseSupport","multi-point",3,4,"one-point",1,"calibrated",9.89010989010989,0.028309126874308928,4,4,,,,"",
123456,"TwoPole",89,51,7,0.8,2,"PairwiseSupport","multi-point",3,3,"one-point",1,"calibrated",1.9477708844322608,0.001928686761036685,3,3,,,,"",
123456,"TwoPole",90,51,7,0.8,2,"PairwiseSupport","multi-point",3,3,"one-point",1,"calibrated",6.7669172932330826,0.029607208758058206,3,4,,,,"",
123456,"TwoPole",91,51,7,0.8,2,"PairwiseSupport","multi-point",3,4,"one-point",1,"calibrated",6.919528446950282,0.018046978648735695,4,4,,,,"",
123456,"TwoPole",92,51,7,0.8,2,"PairwiseSupport","multi-point",3,3,"one-point",1,"degenerate",,,,,1,3,2.2433878662073274,"SwitchDetected",3
123456,"TwoPole",93,51,7,0.8,2,"PairwiseSupport","multi-point",3,4,"one-point",1,"calibrated",4.974207811348563,0.029649903448368937,3,4,,,,"",
123456,"TwoPole",94,51,7,0.8,2,"PairwiseSupport","multi-point",3,4,"one-point",1,"calibrated",6.919528446950282,0.004819594203485253,4,4,,,,"",
123456,"TwoPole",95,51,7,0.8,2,"PairwiseSupport","multi-point",3,3,"one-point",1,"degenerate",,,,,1,3,2.0053579433575734,"SwitchDetected",3
123456,"TwoPole",96,51,7,0.8,2,"PairwiseSupport","multi-point",3,3,"one-point",1,"calibrated",20,0.007578448106353481,3,3,,,,"",
123456,"TwoPole",97,51,7,0.8,2,"PairwiseSupport","multi-point",3,4,"one-point",1,"calibrated",9.193054136874363,0.015341156926795144,4,4,,,,"",
123456,"TwoPole",98,51,7,0.8,2,"PairwiseSupport","multi-point",3,4,"one-point",1,"calibrated",3.0228392297357813,0.00704045866983339,3,4,,,,"",
123456,"TwoPole",99,51,7,0.8,2,"PairwiseSupport","multi-point",3,3,"one-point",1,"degenerate",,,,,1,3,2.152880959834855,"SwitchDetected",3
123456,"TwoPole",100,51,7,0.8,2,"PairwiseSupport","multi-point",3,4,"one-point",1,"calibrated",4.103343465045592,0.013618717277733668,4,4,,,,"",
123456,"TwoPole",101,51,7,0.8,2,"PairwiseSupport","multi-point",3,4,"one-point",1,"calibrated",3.813559322033898,0.013774177023357441,4,4,,,,"",
123456,"TwoPole",102,51,7,0.8,2,"PairwiseSupport","multi-point",3,4,"one-point",1,"calibrated",5.478896103896105,0.008106313169836203,4,4,,,,"",
123456,"TwoPole",103,51,7,0.8,2,"PairwiseSupport","multi-point",3,3,"one-point",1,"calibrated",2.211302211302211,0.0023879594883051045,3,3,,,,"",
123456,"TwoPole",104,51,7,0.8,2,"PairwiseSupport","multi-point",3,4,"one-point",1,"degenerate",,,,,1,4,2.259131356823207,"SwitchDetected",3
123456,"TwoPole",105,51,7,0.8,2,"PairwiseSupport","multi-point",3,4,"one-point",1,"calibrated",9.89010989010989,0.009071646345792678,4,4,,,,"",
123456,"TwoPole",106,51,7,0.8,2,"PairwiseSupport","multi-point",3,4,"one-point",1,"calibrated",4.166666666666666,0.013046943077862909,4,4,,,,"",
123456,"TwoPole",107,51,7,0.8,2,"PairwiseSupport","multi-point",3,4,"one-point",1,"calibrated",5.834053586862576,0.025861095084477863,4,4,,,,"",
123456,"TwoPole",108,51,7,0.8,2,"PairwiseSupport","multi-point",3,4,"one-point",1,"calibrated",7.246376811594202,0.02111566338859416,4,4,,,,"",
123456,"TwoPole",109,51,7,0.8,2,"PairwiseSupport","multi-point",3,4,"one-point",1,"calibrated",6.919528446950282,0.008495667335180899,4,4,,,,"",
123456,"TwoPole",110,51,7,0.8,2,"PairwiseSupport","multi-point",3,3,"one-point",1,"calibrated",3.1278962001853565,0.006003499720976764,3,3,,,,"",
123456,"TwoPole",111,51,7,0.8,2,"PairwiseSupport","multi-point",3,3,"one-point",1,"calibrated",3.813559322033898,0.010378385798226345,3,3,,,,"",
123456,"TwoPole",112,51,7,0.8,2,"PairwiseSupport","multi-point",3,4,"one-point",1,"calibrated",4.103343465045592,0.014773019829007653,4,4,,,,"",
123456,"TwoPole",113,51,7,0.8,2,"PairwiseSupport","multi-point",3,4,"one-point",1,"calibrated",4.4598612487611495,0.023668730928111368,4,4,,,,"",
123456,"TwoPole",114,51,7,0.8,2,"PairwiseSupport","multi-point",3,4,"one-point",1,"calibrated",7.736389684813753,0.009920096081915806,4,4,,,,"",
123456,"TwoPole",115,51,7,0.8,2,"PairwiseSupport","multi-point",3,4,"one-point",1,"calibrated",7.079181961195594,0.019666511300553143,4,4,,,,"",
123456,"TwoPole",116,51,7,0.8,2,"PairwiseSupport","multi-point",3,4,"one-point",1,"degenerate",,,,,1,4,2.063574181266175,"SwitchDetected",3
123456,"TwoPole",117,51,7,0.8,2,"PairwiseSupport","multi-point",3,3,"one-point",1,"calibrated",10.739856801909308,0.015116117263533005,3,4,,,,"",
123456,"TwoPole",118,51,7,0.8,2,"PairwiseSupport","multi-point",3,4,"one-point",1,"calibrated",7.246376811594202,0.005577960087519429,4,4,,,,"",
123456,"TwoPole",119,51,7,0.8,2,"PairwiseSupport","multi-point",3,4,"one-point",1,"calibrated",6.097560975609756,0.021387223182144338,4,4,,,,"",
123456,"TwoPole",120,51,7,0.8,2,"PairwiseSupport","multi-point",3,3,"one-point",1,"calibrated",1.9800528014080374,0.003430859138191484,3,3,,,,"",
123456,"TwoPole",121,51,7,0.8,2,"PairwiseSupport","multi-point",3,4,"one-point",1,"calibrated",5.592377796188898,0.019928327398442514,4,4,,,,"",
123456,"TwoPole",122,51,7,0.8,2,"PairwiseSupport","multi-point",3,3,"one-point",1,"degenerate",,,,,1,3,1.9001207291063846,"SwitchDetected",3
123456,"TwoPole",123,51,7,0.8,2,"PairwiseSupport","multi-point",3,4,"one-point",1,"calibrated",6.097560975609756,0.015999335420142827,4,4,,,,"",
123456,"TwoPole",124,51,7,0.8,2,"PairwiseSupport","multi-point",3,4,"one-point",1,"calibrated",5.265210608424336,0.006983038533137479,4,4,,,,"",
123456,"TwoPole",125,51,7,0.8,2,"PairwiseSupport","multi-point",3,3,"one-point",1,"calibrated",2.9246100519930676,0.008804432762598388,3,3,,,,"",
123456,"TwoPole",126,51,7,0.8,2,"PairwiseSupport","multi-point",3,3,"one-point",1,"degenerate",,,,,1,3,1.8774269602247096,"SwitchDetected",3
123456,"TwoPole",127,51,7,0.8,2,"PairwiseSupport","multi-point",3,3,"one-point",1,"calibrated",2.158273381294964,0.0014205845199014478,3,3,,,,"",
123456,"TwoPole",128,51,7,0.8,2,"PairwiseSupport","multi-point",3,3,"one-point",1,"calibrated",2.4085637823371986,0.0038623571840140872,3,3,,,,"",
123456,"TwoPole",129,51,7,0.8,2,"PairwiseSupport","multi-point",3,4,"one-point",1,"calibrated",5.478896103896105,0.023169778106432407,4,4,,,,"",
123456,"TwoPole",130,51,7,0.8,2,"PairwiseSupport","multi-point",3,4,"one-point",1,"calibrated",5.834053586862576,0.012813251663839207,4,4,,,,"",
123456,"TwoPole",131,51,7,0.8,2,"PairwiseSupport","two-point",2,2,"one-point",1,"degenerate",,,,,1,3,2.4391941458744997,"SwitchDetected",3
123456,"TwoPole",132,51,7,0.8,2,"PairwiseSupport","multi-point",3,4,"one-point",1,"calibrated",3.7087912087912085,0.01325396983101018,3,4,,,,"",
123456,"TwoPole",133,51,7,0.8,2,"PairwiseSupport","multi-point",3,3,"one-point",1,"calibrated",2.286198137171888,0.0008475008085569815,3,3,,,,"",
123456,"TwoPole",134,51,7,0.8,2,"PairwiseSupport","multi-point",3,3,"one-point",1,"calibrated",2.632092025736011,0.0065187252064614586,3,3,,,,"",
123456,"TwoPole",135,51,7,0.8,2,"PairwiseSupport","multi-point",3,3,"one-point",1,"calibrated",2.4141630901287554,0.006475428341671796,3,3,,,,"",
123456,"TwoPole",136,51,7,0.8,2,"PairwiseSupport","multi-point",3,3,"one-point",1,"calibrated",2.824858757062147,0.005082259476688082,3,3,,,,"",
123456,"TwoPole",137,51,7,0.8,2,"PairwiseSupport","multi-point",3,3,"one-point",1,"calibrated",2.4807056229327453,0.0029336662224778705,3,3,,,,"",
123456,"TwoPole",138,51,7,0.8,2,"PairwiseSupport","multi-point",3,3,"one-point",1,"calibrated",4.9504950495049505,0.011729986992113393,3,4,,,,"",
123456,"TwoPole",139,51,7,0.8,2,"PairwiseSupport","multi-point",3,4,"one-point",1,"calibrated",8.982035928143713,0.010134360647813522,4,4,,,,"",
123456,"TwoPole",140,51,7,0.8,2,"PairwiseSupport","multi-point",3,3,"one-point",1,"calibrated",2.267002518891687,0.0018210017433826586,3,3,,,,"",
123456,"TwoPole",141,51,7,0.8,2,"PairwiseSupport","multi-point",3,4,"one-point",1,"calibrated",8.982035928143713,0.009336722388403381,4,4,,,,"",
123456,"TwoPole",142,51,7,0.8,2,"PairwiseSupport","multi-point",3,4,"one-point",1,"calibrated",20,0.025298736807673937,3,4,,,,"",
123456,"TwoPole",143,51,7,0.8,2,"PairwiseSupport","multi-point",3,3,"one-point",1,"calibrated",2.9482419742301818,0.007439557465970996,3,3,,,,"",
123456,"TwoPole",144,51,7,0.8,2,"PairwiseSupport","multi-point",3,4,"one-point",1,"calibrated",6.2183325656379544,0.01418964389528712,4,4,,,,"",
123456,"TwoPole",145,51,7,0.8,2,"PairwiseSupport","multi-point",3,4,"one-point",1,"calibrated",6.481036965914546,0.014627417320419465,4,4,,,,"",
123456,"TwoPole",146,51,7,0.8,2,"PairwiseSupport","multi-point",3,4,"one-point",1,"calibrated",6.481036965914546,0.020521216867591428,4,4,,,,"",
123456,"TwoPole",147,51,7,0.8,2,"PairwiseSupport","multi-point",3,4,"one-point",1,"calibrated",11.042944785276074,0.005580339447392271,4,4,,,,"",
123456,"TwoPole",148,51,7,0.8,2,"PairwiseSupport","multi-point",3,4,"one-point",1,"calibrated",8.78048780487805,0.022164677129809397,4,4,,,,"",
123456,"TwoPole",149,51,7,0.8,2,"PairwiseSupport","multi-point",3,4,"one-point",1,"calibrated",7.246376811594202,0.014322159999833207,4,4,,,,"",
123456,"TwoPole",150,51,7,0.8,2,"PairwiseSupport","multi-point",3,3,"one-point",1,"degenerate",,,,,1,3,2.019990309372661,"SwitchDetected",3
123456,"TwoPole",151,51,7,0.8,2,"PairwiseSupport","multi-point",3,4,"one-point",1,"calibrated",6.7669172932330826,0.018062769338097737,4,4,,,,"",
123456,"TwoPole",152,51,7,0.8,2,"PairwiseSupport","multi-point",3,3,"one-point",1,"calibrated",2.325581395348837,0.0007694551327478977,3,3,,,,"",
123456,"TwoPole",153,51,7,0.8,2,"PairwiseSupport","multi-point",3,4,"one-point",1,"calibrated",4.249291784702549,0.015843343910758867,4,4,,,,"",
123456,"TwoPole",154,51,7,0.8,2,"PairwiseSupport","multi-point",3,3,"one-point",1,"degenerate",,,,,1,3,1.9254414404144684,"SwitchDetected",3
123456,"TwoPole",155,51,7,0.8,2,"PairwiseSupport","multi-point",3,4,"one-point",1,"calibrated",7.736389684813753,0.009435512483684317,4,4,,,,"",
123456,"TwoPole",156,51,7,0.8,2,"PairwiseSupport","two-point",2,2,"two-point",2,"degenerate",,,,,1,3,1.060081874243388,"SwitchDetected",2
123456,"TwoPole",157,51,7,0.8,2,"PairwiseSupport","multi-point",3,4,"one-point",1,"calibrated",4.103343465045592,0.010004049821678178,4,4,,,,"",
123456,"TwoPole",158,51,7,0.8,2,"PairwiseSupport","multi-point",3,3,"one-point",1,"degenerate",,,,,1,3,2.0630674844308228,"SwitchDetected",3
123456,"TwoPole",159,51,7,0.8,2,"PairwiseSupport","multi-point",3,3,"one-point",1,"degenerate",,,,,1,3,1.8897783109183608,"SwitchDetected",3
123456,"TwoPole",160,51,7,0.8,2,"PairwiseSupport","multi-point",3,3,"one-point",1,"calibrated",2.3457862728062553,0.002117111076438573,3,3,,,,"",
123456,"TwoPole",161,51,7,0.8,2,"PairwiseSupport","multi-point",3,4,"one-point",1,"calibrated",9.193054136874363,0.014304616260486895,4,4,,,,"",
123456,"TwoPole",162,51,7,0.8,2,"PairwiseSupport","multi-point",3,3,"one-point",1,"calibrated",4.166666666666666,0.022249643451041343,3,4,,,,"",
123456,"TwoPole",163,51,7,0.8,2,"PairwiseSupport","multi-point",3,3,"one-point",1,"degenerate",,,,,1,3,2.079534846233858,"SwitchDetected",3
123456,"TwoPole",164,51,7,0.8,2,"PairwiseSupport","multi-point",3,4,"one-point",1,"calibrated",4.387390315242119,0.027078407863408357,3,4,,,,"",
123456,"TwoPole",165,51,7,0.8,2,"PairwiseSupport","multi-point",3,4,"one-point",1,"calibrated",5.369928400954653,0.01871994226898798,4,4,,,,"",
123456,"TwoPole",166,51,7,0.8,2,"PairwiseSupport","multi-point",3,4,"one-point",1,"calibrated",9.64630225080386,0.00403221108929683,4,4,,,,"",
123456,"TwoPole",167,51,7,0.8,2,"PairwiseSupport","multi-point",3,4,"one-point",1,"calibrated",3.9244186046511618,0.007056128474723652,4,4,,,,"",
123456,"TwoPole",168,51,7,0.8,2,"PairwiseSupport","multi-point",3,4,"one-point",1,"calibrated",5.710659898477157,0.004708639751674212,4,4,,,,"",
123456,"TwoPole",169,51,7,0.8,2,"PairwiseSupport","multi-point",3,4,"one-point",1,"calibrated",5.710659898477157,0.010189360437243153,4,4,,,,"",
123456,"TwoPole",170,51,7,0.8,2,"PairwiseSupport","multi-point",3,4,"one-point",1,"calibrated",3.597122302158273,0.01652815191380028,3,4,,,,"",
123456,"TwoPole",171,51,7,0.8,2,"PairwiseSupport","multi-point",3,4,"one-point",1,"calibrated",3.597122302158273,0.006494942422237187,4,4,,,,"",
123456,"TwoPole",172,51,7,0.8,2,"PairwiseSupport","multi-point",3,4,"one-point",1,"calibrated",4.103343465045592,0.016927195541279937,3,4,,,,"",
123456,"TwoPole",173,51,7,0.8,2,"PairwiseSupport","multi-point",3,4,"one-point",1,"calibrated",5.710659898477157,0.015132370832642303,4,4,,,,"",
123456,"TwoPole",174,51,7,0.8,2,"PairwiseSupport","multi-point",3,4,"one-point",1,"calibrated",6.620892594409023,0.012496616411036866,4,4,,,,"",
123456,"TwoPole",175,51,7,0.8,2,"PairwiseSupport","multi-point",3,4,"one-point",1,"calibrated",11.042944785276074,0.014825898032792805,4,4,,,,"",
123456,"TwoPole",176,51,7,0.8,2,"PairwiseSupport","multi-point",3,4,"one-point",1,"calibrated",7.736389684813753,0.004822381769104261,4,4,,,,"",
123456,"TwoPole",177,51,7,0.8,2,"PairwiseSupport","multi-point",3,3,"one-point",1,"calibrated",5.0675675675675675,0.007448398270217868,3,4,,,,"",
123456,"TwoPole",178,51,7,0.8,2,"PairwiseSupport","multi-point",3,4,"one-point",1,"calibrated",2.5881901840490795,0.003829870505266267,3,4,,,,"",
123456,"TwoPole",179,51,7,0.8,2,"PairwiseSupport","multi-point",3,3,"one-point",1,"calibrated",3.2506621719239104,0.009869411988846758,3,3,,,,"",
123456,"TwoPole",180,51,7,0.8,2,"PairwiseSupport","multi-point",3,3,"one-point",1,"calibrated",2.7113878288813016,0.0060211274020195065,3,3,,,,"",
123456,"TwoPole",181,51,7,0.8,2,"PairwiseSupport","multi-point",3,3,"one-point",1,"calibrated",2.371749824314828,0.004489664065465858,3,3,,,,"",
123456,"TwoPole",182,51,7,0.8,2,"PairwiseSupport","multi-point",3,3,"one-point",1,"calibrated",5.478896103896105,0.028255214551428008,3,4,,,,"",
123456,"TwoPole",183,51,7,0.8,2,"PairwiseSupport","multi-point",3,3,"one-point",1,"calibrated",2.581755593803787,0.0030331702931398557,3,3,,,,"",
123456,"TwoPole",184,51,7,0.8,2,"PairwiseSupport","multi-point",3,3,"one-point",1,"degenerate",,,,,1,3,2.2190363904902695,"SwitchDetected",3
123456,"TwoPole",185,51,7,0.8,2,"PairwiseSupport","multi-point",3,4,"one-point",1,"calibrated",6.7669172932330826,0.015589029942957036,4,4,,,,"",
123456,"TwoPole",186,51,7,0.8,2,"PairwiseSupport","multi-point",3,4,"one-point",1,"calibrated",4.3172369683402625,0.016664551220579558,4,4,,,,"",
123456,"TwoPole",187,51,7,0.8,2,"PairwiseSupport","two-point",2,2,"one-point",1,"degenerate",,,,,1,3,2.090685926566316,"SwitchDetected",3
123456,"TwoPole",188,51,7,0.8,2,"PairwiseSupport","multi-point",3,4,"one-point",1,"calibrated",9.414225941422595,0.0094010793720333,4,4,,,,"",
123456,"TwoPole",189,51,7,0.8,2,"PairwiseSupport","multi-point",3,4,"one-point",1,"calibrated",5.265210608424336,0.009831720538936361,4,4,,,,"",
123456,"TwoPole",190,51,7,0.8,2,"PairwiseSupport","multi-point",3,3,"one-point",1,"degenerate",,,,,1,3,1.7237270758449383,"SwitchDetected",3
123456,"TwoPole",191,51,7,0.8,2,"PairwiseSupport","multi-point",3,4,"one-point",1,"calibrated",4.4598612487611495,0.012366343283571841,4,4,,,,"",
123456,"TwoPole",192,51,7,0.8,2,"PairwiseSupport","multi-point",3,3,"one-point",1,"degenerate",,,,,1,4,3.1475414875034406,"SwitchDetected",4
123456,"TwoPole",193,51,7,0.8,2,"PairwiseSupport","multi-point",3,3,"one-point",1,"calibrated",1.9338203695745597,0.0016300042348689153,3,3,,,,"",
123456,"TwoPole",194,51,7,0.8,2,"PairwiseSupport","multi-point",3,4,"one-point",1,"calibrated",10.416666666666666,0.02721115544042195,4,4,,,,"",
123456,"TwoPole",195,51,7,0.8,2,"PairwiseSupport","multi-point",3,4,"one-point",1,"calibrated",6.7669172932330826,0.010078042286826301,4,4,,,,"",
123456,"TwoPole",196,51,7,0.8,2,"PairwiseSupport","multi-point",3,3,"one-point",1,"calibrated",2.581755593803787,0.006278003827208156,3,3,,,,"",
123456,"TwoPole",197,51,7,0.8,2,"PairwiseSupport","multi-point",3,3,"one-point",1,"calibrated",3.3615537848605572,0.0005865910011180322,3,3,,,,"",
123456,"TwoPole",198,51,7,0.8,2,"PairwiseSupport","multi-point",3,3,"one-point",1,"calibrated",2.6844303042354345,0.0025425255646237812,3,3,,,,"",
123456,"TwoPole",199,51,7,0.8,2,"PairwiseSupport","multi-point",3,3,"one-point",1,"degenerate",,,,,1,3,1.9534878175282133,"SwitchDetected",3
123456,"TwoPole",200,51,7,0.8,2,"PairwiseSupport","multi-point",3,4,"one-point",1,"calibrated",10.416666666666666,0.014463862734150883,4,4,,,,"",
123456,"TwoPole",1,51,7,0.8,3,"PairwiseSupport","multi-point",3,3,"one-point",1,"degenerate",,,,,1,3,1.8945935741778372,"SwitchDetected",3
123456,"TwoPole",2,51,7,0.8,3,"PairwiseSupport","multi-point",3,4,"one-point",1,"calibrated",8.403361344537814,0.01587882137330107,4,4,,,,"",
123456,"TwoPole",3,51,7,0.8,3,"PairwiseSupport","multi-point",3,3,"one-point",1,"calibrated",2.4807056229327453,0.005805805416718721,3,3,,,,"",
123456,"TwoPole",4,51,7,0.8,3,"PairwiseSupport","multi-point",3,3,"one-point",1,"calibrated",2.2481265611990007,0.0034457610711318507,3,3,,,,"",
123456,"TwoPole",5,51,7,0.8,3,"PairwiseSupport","multi-point",3,3,"one-point",1,"calibrated",2.17566478646253,0.0032972454463119443,3,3,,,,"",
123456,"TwoPole",6,51,7,0.8,3,"PairwiseSupport","multi-point",3,4,"one-point",1,"calibrated",5.265210608424336,0.0220423206076137,4,4,,,,"",
123456,"TwoPole",7,51,7,0.8,3,"PairwiseSupport","two-point",2,2,"one-point",1,"degenerate",,,,,1,3,2.2066520782146646,"SwitchDetected",3
123456,"TwoPole",8,51,7,0.8,3,"PairwiseSupport","multi-point",3,3,"one-point",1,"calibrated",2.5037091988130564,0.0023723870301070303,3,3,,,,"",
123456,"TwoPole",9,51,7,0.8,3,"PairwiseSupport","multi-point",3,3,"one-point",1,"calibrated",2.6580035440047256,0.006167072646047348,3,3,,,,"",
123456,"TwoPole",10,51,7,0.8,3,"PairwiseSupport","multi-point",3,4,"one-point",1,"calibrated",4.4598612487611495,0.0037454951741435188,4,4,,,,"",
123456,"TwoPole",11,51,7,0.8,3,"PairwiseSupport","multi-point",3,4,"one-point",1,"calibrated",5.164498852333589,0.016297550692780934,4,4,,,,"",
123456,"TwoPole",12,51,7,0.8,3,"PairwiseSupport","multi-point",3,3,"one-point",1,"calibrated",3.1742299553256523,0.008912496303042507,3,3,,,,"",
123456,"TwoPole",13,51,7,0.8,3,"PairwiseSupport","multi-point",3,3,"one-point",1,"degenerate",,,,,1,3,2.140649308950087,"SwitchDetected",2
123456,"TwoPole",14,51,7,0.8,3,"PairwiseSupport","multi-point",3,4,"one-point",1,"calibrated",4.838709677419355,0.01985036986472921,3,4,,,,"",
123456,"TwoPole",15,51,7,0.8,3,"PairwiseSupport","multi-point",3,4,"one-point",1,"calibrated",3.3724706470147385,0.008383520527523678,3,4,,,,"",
123456,"TwoPole",16,51,7,0.8,3,"PairwiseSupport","multi-point",3,4,"one-point",1,"calibrated",2.305721605465414,0.0001548134806657792,3,3,,,,"",
123456,"TwoPole",17,51,7,0.8,3,"PairwiseSupport","two-point",2,2,"one-point",1,"degenerate",,,,,1,3,2.601978243529695,"SwitchDetected",3
123456,"TwoPole",18,51,7,0.8,3,"PairwiseSupport","multi-point",3,3,"one-point",1,"degenerate",,,,,1,3,2.5495905000365693,"SwitchDetected",3
123456,"TwoPole",19,51,7,0.8,3,"PairwiseSupport","multi-point",3,4,"one-point",1,"calibrated",7.736389684813753,0.00889630563681277,4,4,,,,"",
123456,"TwoPole",20,51,7,0.8,3,"PairwiseSupport","multi-point",3,4,"one-point",1,"calibrated",12.857142857142858,0.01320648122370068,4,4,,,,"",
123456,"TwoPole",21,51,7,0.8,3,"PairwiseSupport","multi-point",3,3,"one-point",1,"calibrated",3.9823008849557513,0.006748595008119205,3,4,,,,"",
123456,"TwoPole",22,51,7,0.8,3,"PairwiseSupport","multi-point",3,4,"one-point",1,"calibrated",4.692387904066736,0.007930118953715794,4,4,,,,"",
123456,"TwoPole",23,51,7,0.8,3,"PairwiseSupport","multi-point",3,4,"one-point",1,"calibrated",4.692387904066736,0.02557167161113321,3,4,,,,"",
123456,"TwoPole",24,51,7,0.8,3,"PairwiseSupport","multi-point",3,3,"one-point",1,"calibrated",7.736389684813753,0.013777892696945945,3,4,,,,"",
123456,"TwoPole",25,51,7,0.8,3,"PairwiseSupport","multi-point",3,4,"one-point",1,"calibrated",6.481036965914546,0.008937543285676688,4,4,,,,"",
123456,"TwoPole",26,51,7,0.8,3,"PairwiseSupport","multi-point",3,4,"one-point",1,"calibrated",9.193054136874363,0.01012497247735787,4,4,,,,"",
123456,"TwoPole",27,51,7,0.8,3,"PairwiseSupport","multi-point",3,3,"one-point",1,"calibrated",2.4807056229327453,0.004760412282459085,3,3,,,,"",
123456,"TwoPole",28,51,7,0.8,3,"PairwiseSupport","multi-point",3,3,"one-point",1,"degenerate",,,,,1,3,1.9445135941783276,"SwitchDetected",3
123456,"TwoPole",29,51,7,0.8,3,"PairwiseSupport","multi-point",3,4,"one-point",1,"calibrated",5.710659898477157,0.017685040749635682,4,4,,,,"",
123456,"TwoPole",30,51,7,0.8,3,"PairwiseSupport","multi-point",3,3,"one-point",1,"calibrated",3.2902754082378745,0.0059607011720681944,3,4,,,,"",
123456,"TwoPole",31,51,7,0.8,3,"PairwiseSupport","multi-point",3,3,"one-point",1,"calibrated",13.6986301369863,0.007042853256544244,3,3,,,,"",
123456,"TwoPole",32,51,7,0.8,3,"PairwiseSupport","two-point",2,2,"one-point",1,"degenerate",,,,,1,3,2.388268563598729,"SwitchDetected",3
123456,"TwoPole",33,51,7,0.8,3,"PairwiseSupport","multi-point",3,4,"one-point",1,"calibrated",8.982035928143713,0.009814126966937672,4,4,,,,"",
123456,"TwoPole",34,51,7,0.8,3,"PairwiseSupport","multi-point",3,3,"one-point",1,"calibrated",20,0.01191067240103978,3,4,,,,"",
123456,"TwoPole",35,51,7,0.8,3,"PairwiseSupport","multi-point",3,3,"one-point",1,"calibrated",3.458877786318216,0.013623233596339145,3,4,,,,"",
123456,"TwoPole",36,51,7,0.8,3,"PairwiseSupport","multi-point",3,4,"one-point",1,"calibrated",4.692387904066736,0.012422828160021585,4,4,,,,"",
123456,"TwoPole",37,51,7,0.8,3,"PairwiseSupport","multi-point",3,3,"one-point",1,"calibrated",2.862595419847328,0.004203932031784669,3,3,,,,"",
123456,"TwoPole",38,51,7,0.8,3,"PairwiseSupport","multi-point",3,3,"one-point",1,"calibrated",2.8932704672096015,0.006075817796235734,3,4,,,,"",
123456,"TwoPole",39,51,7,0.8,3,"PairwiseSupport","multi-point",3,3,"one-point",1,"calibrated",1.801441152922338,0.0011866802556370674,3,3,,,,"",
123456,"TwoPole",40,51,7,0.8,3,"PairwiseSupport","multi-point",3,3,"one-point",1,"calibrated",2.286198137171888,0.0015411288230863236,3,3,,,,"",
123456,"TwoPole",41,51,7,0.8,3,"PairwiseSupport","multi-point",3,4,"one-point",1,"calibrated",9.64630225080386,0.007232150054476392,4,4,,,,"",
123456,"TwoPole",42,51,7,0.8,3,"PairwiseSupport","multi-point",3,4,"one-point",1,"calibrated",6.097560975609756,0.017797783069332603,4,4,,,,"",
123456,"TwoPole",43,51,7,0.8,3,"PairwiseSupport","multi-point",3,4,"one-point",1,"calibrated",4.974207811348563,0.013218137313566613,4,4,,,,"",
123456,"TwoPole",44,51,7,0.8,3,"PairwiseSupport","multi-point",3,3,"one-point",1,"calibrated",2.1933387489845653,0.0031290629935012138,3,3,,,,"",
123456,"TwoPole",45,51,7,0.8,3,"PairwiseSupport","multi-point",3,4,"one-point",1,"calibrated",8.587786259541986,0.008010221977899738,4,4,,,,"",
123456,"TwoPole",46,51,7,0.8,3,"PairwiseSupport","two-point",2,2,"one-point",1,"degenerate",,,,,1,3,2.76433161856138,"SwitchDetected",3
123456,"TwoPole",47,51,7,0.8,3,"PairwiseSupport","two-point",2,2,"one-point",1,"degenerate",,,,,2,3,2.741645815806549,"SwitchDetected",3
123456,"TwoPole",48,51,7,0.8,3,"PairwiseSupport","multi-point",3,3,"one-point",1,"calibrated",6.919528446950282,0.023754882655359598,3,4,,,,"",
123456,"TwoPole",49,51,7,0.8,3,"PairwiseSupport","two-point",2,2,"one-point",1,"degenerate",,,,,2,3,2.1865245283371393,"SwitchDetected",3
123456,"TwoPole",50,51,7,0.8,3,"PairwiseSupport","multi-point",3,3,"one-point",1,"calibrated",1.8669616927119346,0.000772569016912421,3,3,,,,"",
123456,"TwoPole",51,51,7,0.8,3,"PairwiseSupport","multi-point",3,4,"one-point",1,"calibrated",10.739856801909308,0.013634828890722303,4,4,,,,"",
123456,"TwoPole",52,51,7,0.8,3,"PairwiseSupport","multi-point",3,3,"one-point",1,"degenerate",,,,,1,3,1.9367815310669383,"SwitchDetected",3
123456,"TwoPole",53,51,7,0.8,3,"PairwiseSupport","multi-point",3,3,"one-point",1,"calibrated",2.4141630901287554,0.004107535044556066,3,3,,,,"",
123456,"TwoPole",54,51,7,0.8,3,"PairwiseSupport","multi-point",3,3,"one-point",1,"calibrated",3.8681948424068766,0.00806085201917944,3,3,,,,"",
123456,"TwoPole",55,51,7,0.8,3,"PairwiseSupport","two-point",2,2,"one-point",1,"degenerate",,,,,1,3,2.054918654244008,"SwitchDetected",3
123456,"TwoPole",56,51,7,0.8,3,"PairwiseSupport","multi-point",3,4,"one-point",1,"calibrated",3.2798833819241984,0.0042742609496650725,4,4,,,,"",
123456,"TwoPole",57,51,7,0.8,3,"PairwiseSupport","multi-point",3,4,"one-point",1,"calibrated",3.2902754082378745,0.004950414225985448,3,4,,,,"",
123456,"TwoPole",58,51,7,0.8,3,"PairwiseSupport","multi-point",3,3,"one-point",1,"calibrated",2.17566478646253,0.0004535134176270326,3,3,,,,"",
123456,"TwoPole",59,51,7,0.8,3,"PairwiseSupport","multi-point",3,3,"one-point",1,"degenerate",,,,,1,3,2.315315471271767,"SwitchDetected",3
123456,"TwoPole",60,51,7,0.8,3,"PairwiseSupport","multi-point",3,3,"one-point",1,"degenerate",,,,,1,3,2.1933740931782375,"SwitchDetected",3
123456,"TwoPole",61,51,7,0.8,3,"PairwiseSupport","multi-point",3,3,"one-point",1,"calibrated",2.2481265611990007,0.0008660088598705743,3,3,,,,"",
123456,"TwoPole",62,51,7,0.8,3,"PairwiseSupport","multi-point",3,3,"one-point",1,"calibrated",4.9504950495049505,0.016505930937321434,3,4,,,,"",
123456,"TwoPole",63,51,7,0.8,3,"PairwiseSupport","multi-point",3,4,"one-point",1,"calibrated",11.363636363636365,0.008625266829880254,4,4,,,,"",
123456,"TwoPole",64,51,7,0.8,3,"PairwiseSupport","multi-point",3,4,"one-point",1,"calibrated",9.414225941422595,0.009635391576848609,4,4,,,,"",
123456,"TwoPole",65,51,7,0.8,3,"PairwiseSupport","multi-point",3,4,"one-point",1,"calibrated",5.592377796188898,0.012817948660177523,4,4,,,,"",
123456,"TwoPole",66,51,7,0.8,3,"PairwiseSupport","multi-point",3,3,"one-point",1,"degenerate",,,,,1,3,2.323189820163357,"SwitchDetected",3
123456,"TwoPole",67,51,7,0.8,3,"PairwiseSupport","multi-point",3,4,"one-point",1,"calibrated",6.7669172932330826,0.014238374663211869,4,4,,,,"",
123456,"TwoPole",68,51,7,0.8,3,"PairwiseSupport","two-point",2,2,"one-point",1,"degenerate",,,,,1,3,2.1416860483546016,"SwitchDetected",3
123456,"TwoPole",69,51,7,0.8,3,"PairwiseSupport","multi-point",3,4,"one-point",1,"calibrated",6.097560975609756,0.0026857793508513837,4,4,,,,"",
123456,"TwoPole",70,51,7,0.8,3,"PairwiseSupport","multi-point",3,3,"one-point",1,"calibrated",4.249291784702549,0.0058663243085387935,3,4,,,,"",
123456,"TwoPole",71,51,7,0.8,3,"PairwiseSupport","multi-point",3,4,"one-point",1,"calibrated",5.834053586862576,0.004238124431977531,4,4,,,,"",
123456,"TwoPole",72,51,7,0.8,3,"PairwiseSupport","multi-point",3,3,"one-point",1,"degenerate",,,,,1,3,1.84605642618394,"SwitchDetected",3
123456,"TwoPole",73,51,7,0.8,3,"PairwiseSupport","two-point",2,2,"one-point",1,"degenerate",,,,,1,2,1.000005950963148,"SwitchDetected",2
123456,"TwoPole",74,51,7,0.8,3,"PairwiseSupport","multi-point",3,4,"one-point",1,"degenerate",,,,,1,4,2.6391242437324025,"SwitchDetected",3
123456,"TwoPole",75,51,7,0.8,3,"PairwiseSupport","multi-point",3,4,"one-point",1,"calibrated",4.534766543500169,0.012773031703699126,4,4,,,,"",
123456,"TwoPole",76,51,7,0.8,3,"PairwiseSupport","multi-point",3,4,"one-point",1,"calibrated",7.246376811594202,0.009924912601509956,4,4,,,,"",
123456,"TwoPole",77,51,7,0.8,3,"PairwiseSupport","multi-point",3,3,"one-point",1,"calibrated",3.8681948424068757,0.007077851910669959,3,4,,,,"",
123456,"TwoPole",78,51,7,0.8,3,"PairwiseSupport","multi-point",3,3,"one-point",1,"calibrated",4.387390315242119,0.019442805120436803,3,4,,,,"",
123456,"TwoPole",79,51,7,0.8,3,"PairwiseSupport","multi-point",3,4,"one-point",1,"calibrated",3.1278962001853565,0.00038731157250948523,3,4,,,,"",
123456,"TwoPole",80,51,7,0.8,3,"PairwiseSupport","multi-point",3,4,"one-point",1,"calibrated",4.166666666666666,0.007314932042799035,4,4,,,,"",
123456,"TwoPole",81,51,7,0.8,3,"PairwiseSupport","multi-point",3,4,"one-point",1,"calibrated",5.478896103896105,0.014909001490182983,4,4,,,,"",
123456,"TwoPole",82,51,7,0.8,3,"PairwiseSupport","multi-point",3,3,"one-point",1,"degenerate",,,,,1,3,2.0514066171135443,"SwitchDetected",3
123456,"TwoPole",83,51,7,0.8,3,"PairwiseSupport","two-point",2,2,"one-point",1,"degenerate",,,,,1,3,2.386911612593057,"SwitchDetected",3
123456,"TwoPole",84,51,7,0.8,3,"PairwiseSupport","multi-point",3,4,"one-point",1,"calibrated",6.919528446950282,0.015273964707060694,4,4,,,,"",
123456,"TwoPole",85,51,7,0.8,3,"PairwiseSupport","multi-point",3,3,"one-point",1,"calibrated",4.534766543500169,0.015120985891175245,3,4,,,,"",
123456,"TwoPole",86,51,7,0.8,3,"PairwiseSupport","multi-point",3,3,"one-point",1,"calibrated",2.9163966299416724,0.0006758404852879871,3,4,,,,"",
123456,"TwoPole",87,51,7,0.8,3,"PairwiseSupport","multi-point",3,3,"one-point",1,"calibrated",20,0.007561287551712115,3,3,,,,"",
123456,"TwoPole",88,51,7,0.8,3,"PairwiseSupport","multi-point",3,4,"one-point",1,"calibrated",9.414225941422595,0.021347083899324056,4,4,,,,"",
123456,"TwoPole",89,51,7,0.8,3,"PairwiseSupport","multi-point",3,3,"one-point",1,"calibrated",7.736389684813753,0.008575369957603596,3,4,,,,"",
123456,"TwoPole",90,51,7,0.8,3,"PairwiseSupport","multi-point",3,4,"one-point",1,"calibrated",6.620892594409023,0.006796285009639868,4,4,,,,"",
123456,"TwoPole",91,51,7,0.8,3,"PairwiseSupport","two-point",2,2,"one-point",1,"degenerate",,,,,2,4,4.374356722062547,"SwitchDetected",4
123456,"TwoPole",92,51,7,0.8,3,"PairwiseSupport","multi-point",3,4,"one-point",1,"calibrated",8.22669104204753,0.014754694591976413,4,4,,,,"",
123456,"TwoPole",93,51,7,0.8,3,"PairwiseSupport","multi-point",3,3,"one-point",1,"calibrated",2.854726157750053,0.0012386907989821166,3,3,,,,"",
123456,"TwoPole",94,51,7,0.8,3,"PairwiseSupport","multi-point",3,3,"one-point",1,"degenerate",,,,,1,3,2.062358526755496,"SwitchDetected",3
123456,"TwoPole",95,51,7,0.8,3,"PairwiseSupport","multi-point",3,4,"one-point",1,"calibrated",4.103343465045592,0.010161890199485083,4,4,,,,"",
123456,"TwoPole",96,51,7,0.8,3,"PairwiseSupport","multi-point",3,3,"one-point",1,"calibrated",2.1034590215020255,0.00200940555126509,3,3,,,,"",
123456,"TwoPole",97,51,7,0.8,3,"PairwiseSupport","multi-point",3,3,"one-point",1,"calibrated",2.6066808264143657,0.004200069048881945,3,3,,,,"",
123456,"TwoPole",98,51,7,0.8,3,"PairwiseSupport","multi-point",3,3,"one-point",1,"degenerate",,,,,1,3,1.9549650462296613,"SwitchDetected",2
123456,"TwoPole",99,51,7,0.8,3,"PairwiseSupport","multi-point",3,4,"one-point",1,"calibrated",6.919528446950282,0.021202043624537762,4,4,,,,"",
123456,"TwoPole",100,51,7,0.8,3,"PairwiseSupport","multi-point",3,3,"one-point",1,"degenerate",,,,,1,3,1.831110152440703,"SwitchDetected",3
123456,"TwoPole",101,51,7,0.8,3,"PairwiseSupport","multi-point",3,4,"one-point",1,"calibrated",3.5498290823034444,0.005123524853253734,3,4,,,,"",
123456,"TwoPole",102,51,7,0.8,3,"PairwiseSupport","multi-point",3,3,"one-point",1,"degenerate",,,,,1,3,1.7930874094543663,"SwitchDetected",3
123456,"TwoPole",103,51,7,0.8,3,"PairwiseSupport","multi-point",3,4,"one-point",1,"calibrated",4.103343465045592,0.0033669012641617583,4,4,,,,"",
123456,"TwoPole",104,51,7,0.8,3,"PairwiseSupport","multi-point",3,3,"one-point",1,"calibrated",2.5037091988130564,0.005403691346025336,3,3,,,,"",
123456,"TwoPole",105,51,7,0.8,3,"PairwiseSupport","multi-point",3,4,"one-point",1,"calibrated",8.587786259541986,0.01799874804761767,4,4,,,,"",
123456,"TwoPole",106,51,7,0.8,3,"PairwiseSupport","multi-point",3,4,"one-point",1,"calibrated",3.1278962001853565,0.0068706729370527995,3,4,,,,"",
123456,"TwoPole",107,51,7,0.8,3,"PairwiseSupport","two-point",2,2,"one-point",1,"degenerate",,,,,1,3,2.3712160080236955,"SwitchDetected",3
123456,"TwoPole",108,51,7,0.8,3,"PairwiseSupport","multi-point",3,3,"one-point",1,"calibrated",2.5037091988130564,0.0001751722648866693,3,3,,,,"",
123456,"TwoPole",109,51,7,0.8,3,"PairwiseSupport","multi-point",3,4,"one-point",1,"calibrated",4.692387904066736,0.013026638789384572,3,4,,,,"",
123456,"TwoPole",110,51,7,0.8,3,"PairwiseSupport","multi-point",3,4,"one-point",1,"calibrated",8.057296329453894,0.020585969978692678,4,4,,,,"",
123456,"TwoPole",111,51,7,0.8,3,"PairwiseSupport","multi-point",3,4,"one-point",1,"calibrated",3.4151277510751323,0.009634400423829846,3,4,,,,"",
123456,"TwoPole",112,51,7,0.8,3,"PairwiseSupport","multi-point",3,4,"one-point",1,"calibrated",8.403361344537814,0.01596694361957387,4,4,,,,"",
123456,"TwoPole",113,51,7,0.8,3,"PairwiseSupport","multi-point",3,4,"one-point",1,"calibrated",4.3172369683402625,0.016005441755707964,4,4,,,,"",
123456,"TwoPole",114,51,7,0.8,3,"PairwiseSupport","two-point",2,2,"one-point",1,"degenerate",,,,,1,4,3.1386056250272385,"SwitchDetected",4
123456,"TwoPole",115,51,7,0.8,3,"PairwiseSupport","multi-point",3,4,"one-point",1,"calibrated",3.9244186046511618,0.009991333258519915,4,4,,,,"",
123456,"TwoPole",116,51,7,0.8,3,"PairwiseSupport","multi-point",3,4,"one-point",1,"calibrated",5.478896103896105,0.01395007648983677,4,4,,,,"",
123456,"TwoPole",117,51,7,0.8,3,"PairwiseSupport","multi-point",3,3,"one-point",1,"degenerate",,,,,1,3,1.9566267535031252,"SwitchDetected",3
123456,"TwoPole",118,51,7,0.8,3,"PairwiseSupport","multi-point",3,3,"one-point",1,"degenerate",,,,,1,3,2.242639371913146,"SwitchDetected",3
123456,"TwoPole",119,51,7,0.8,3,"PairwiseSupport","multi-point",3,3,"one-point",1,"calibrated",20,0.005552407066944105,3,4,,,,"",
123456,"TwoPole",120,51,7,0.8,3,"PairwiseSupport","multi-point",3,4,"one-point",1,"calibrated",4.103343465045592,0.017133049419792684,4,4,,,,"",
123456,"TwoPole",121,51,7,0.8,3,"PairwiseSupport","multi-point",3,3,"one-point",1,"calibrated",4.04191616766467,0.01023324856884722,3,3,,,,"",
123456,"TwoPole",122,51,7,0.8,3,"PairwiseSupport","multi-point",3,3,"one-point",1,"calibrated",2.7388922702373706,0.0020838112654257526,3,3,,,,"",
123456,"TwoPole",123,51,7,0.8,3,"PairwiseSupport","multi-point",3,4,"one-point",1,"calibrated",6.481036965914546,0.01373372201915956,4,4,,,,"",
123456,"TwoPole",124,51,7,0.8,3,"PairwiseSupport","multi-point",3,3,"one-point",1,"calibrated",3.760445682451253,0.01057643564354286,3,3,,,,"",
123456,"TwoPole",125,51,7,0.8,3,"PairwiseSupport","multi-point",3,4,"one-point",1,"calibrated",6.7669172932330826,0.02170850150051946,4,4,,,,"",
123456,"TwoPole",126,51,7,0.8,3,"PairwiseSupport","multi-point",3,3,"one-point",1,"calibrated",1.9619241389332946,0.0002667913459452886,3,3,,,,"",
123456,"TwoPole",127,51,7,0.8,3,"PairwiseSupport","multi-point",3,4,"one-point",1,"calibrated",4.103343465045592,0.01098538730918106,3,4,,,,"",
123456,"TwoPole",128,51,7,0.8,3,"PairwiseSupport","multi-point",3,4,"one-point",1,"calibrated",4.3172369683402625,0.003999486781365708,4,4,,,,"",
123456,"TwoPole",129,51,7,0.8,3,"PairwiseSupport","multi-point",3,4,"one-point",1,"calibrated",7.246376811594202,0.01742266537658058,4,4,,,,"",
123456,"TwoPole",130,51,7,0.8,3,"PairwiseSupport","multi-point",3,3,"one-point",1,"calibrated",20,0.012653457304761471,3,3,,,,"",
123456,"TwoPole",131,51,7,0.8,3,"PairwiseSupport","multi-point",3,3,"one-point",1,"degenerate",,,,,1,3,1.9946700041028065,"SwitchDetected",3
123456,"TwoPole",132,51,7,0.8,3,"PairwiseSupport","multi-point",3,4,"one-point",1,"calibrated",5.0675675675675675,0.007530702145309836,4,4,,,,"",
123456,"TwoPole",133,51,7,0.8,3,"PairwiseSupport","multi-point",3,3,"one-point",1,"degenerate",,,,,1,3,2.4596519646515107,"SwitchDetected",2
123456,"TwoPole",134,51,7,0.8,3,"PairwiseSupport","multi-point",3,3,"one-point",1,"calibrated",3.1645569620253164,0.010906919346598543,3,3,,,,"",
123456,"TwoPole",135,51,7,0.8,3,"PairwiseSupport","multi-point",3,4,"one-point",1,"degenerate",,,,,1,4,2.0989641616986443,"SwitchDetected",3
123456,"TwoPole",136,51,7,0.8,3,"PairwiseSupport","multi-point",3,3,"one-point",1,"calibrated",2.1367521367521367,0.0039626450215486195,3,3,,,,"",
123456,"TwoPole",137,51,7,0.8,3,"PairwiseSupport","multi-point",3,4,"one-point",1,"calibrated",7.936507936507937,0.0053904035849293985,4,4,,,,"",
123456,"TwoPole",138,51,7,0.8,3,"PairwiseSupport","multi-point",3,3,"one-point",1,"calibrated",2.862595419847328,0.0031724186191879875,3,3,,,,"",
123456,"TwoPole",139,51,7,0.8,3,"PairwiseSupport","multi-point",3,4,"one-point",1,"calibrated",4.44078947368421,0.0034340665928030774,4,4,,,,"",
123456,"TwoPole",140,51,7,0.8,3,"PairwiseSupport","multi-point",3,4,"one-point",1,"calibrated",5.0675675675675675,0.012408040845884927,4,4,,,,"",
123456,"TwoPole",141,51,7,0.8,3,"PairwiseSupport","multi-point",3,3,"one-point",1,"calibrated",2.4141630901287554,0.005638161040922508,3,3,,,,"",
123456,"TwoPole",142,51,7,0.8,3,"PairwiseSupport","multi-point",3,3,"one-point",1,"degenerate",,,,,1,3,2.0263722754080358,"SwitchDetected",3
123456,"TwoPole",143,51,7,0.8,3,"PairwiseSupport","multi-point",3,3,"one-point",1,"calibrated",4.231974921630094,0.005471479047246464,3,4,,,,"",
123456,"TwoPole",144,51,7,0.8,3,"PairwiseSupport","multi-point",3,3,"one-point",1,"calibrated",2.7113878288813016,0.00563282299712269,3,3,,,,"",
123456,"TwoPole",145,51,7,0.8,3,"PairwiseSupport","multi-point",3,4,"one-point",1,"calibrated",5.9628975265017665,0.01918367457301158,4,4,,,,"",
123456,"TwoPole",146,51,7,0.8,3,"PairwiseSupport","one-point",1,1,"one-point",1,"degenerate",,,,,2,2,,"NoSwitchDetected",
123456,"TwoPole",147,51,7,0.8,3,"PairwiseSupport","multi-point",3,3,"one-point",1,"degenerate",,,,,1,3,1.8633538606675564,"SwitchDetected",3
123456,"TwoPole",148,51,7,0.8,3,"PairwiseSupport","multi-point",3,4,"one-point",1,"calibrated",6.481036965914546,0.00774305233768805,4,4,,,,"",
123456,"TwoPole",149,51,7,0.8,3,"PairwiseSupport","multi-point",3,3,"one-point",1,"calibrated",3.2119914346895073,0.004766461634072637,3,3,,,,"",
123456,"TwoPole",150,51,7,0.8,3,"PairwiseSupport","multi-point",3,4,"one-point",1,"calibrated",4.974207811348563,0.011777190758276171,4,4,,,,"",
123456,"TwoPole",151,51,7,0.8,3,"PairwiseSupport","multi-point",3,3,"one-point",1,"degenerate",,,,,1,4,2.812024390672984,"SwitchDetected",4
123456,"TwoPole",152,51,7,0.8,3,"PairwiseSupport","multi-point",3,3,"one-point",1,"calibrated",2.17566478646253,0.0009850226055965283,3,3,,,,"",
123456,"TwoPole",153,51,7,0.8,3,"PairwiseSupport","two-point",2,2,"two-point",2,"degenerate",,,,,1,3,1.8938462423178815,"SwitchDetected",2
123456,"TwoPole",154,51,7,0.8,3,"PairwiseSupport","multi-point",3,3,"one-point",1,"calibrated",2.7113878288813016,0.005312619124535223,3,3,,,,"",
123456,"TwoPole",155,51,7,0.8,3,"PairwiseSupport","two-point",2,2,"one-point",1,"degenerate",,,,,1,3,3.3860106959828853,"SwitchDetected",3
123456,"TwoPole",156,51,7,0.8,3,"PairwiseSupport","multi-point",3,3,"one-point",1,"calibrated",2.267002518891687,0.00008864331451977975,3,3,,,,"",
123456,"TwoPole",157,51,7,0.8,3,"PairwiseSupport","multi-point",3,4,"one-point",1,"calibrated",4.692387904066736,0.004482026245470659,4,4,,,,"",
123456,"TwoPole",158,51,7,0.8,3,"PairwiseSupport","multi-point",3,4,"one-point",1,"calibrated",3.2020872865275143,0.0014204654371510906,4,4,,,,"",
123456,"TwoPole",159,51,7,0.8,3,"PairwiseSupport","multi-point",3,3,"one-point",1,"calibrated",3.1278962001853565,0.007133483700765385,3,3,,,,"",
123456,"TwoPole",160,51,7,0.8,3,"PairwiseSupport","multi-point",3,3,"one-point",1,"calibrated",2.1933387489845653,0.001703956242479931,3,3,,,,"",
123456,"TwoPole",161,51,7,0.8,3,"PairwiseSupport","multi-point",3,3,"one-point",1,"degenerate",,,,,1,3,1.791710876655021,"SwitchDetected",3
123456,"TwoPole",162,51,7,0.8,3,"PairwiseSupport","multi-point",3,3,"one-point",1,"calibrated",3.5498290823034444,0.004126067051699912,3,3,,,,"",
123456,"TwoPole",163,51,7,0.8,3,"PairwiseSupport","multi-point",3,3,"one-point",1,"degenerate",,,,,1,3,1.982410103225319,"SwitchDetected",3
123456,"TwoPole",164,51,7,0.8,3,"PairwiseSupport","multi-point",3,4,"one-point",1,"calibrated",5.592377796188898,0.021214606995948807,4,4,,,,"",
123456,"TwoPole",165,51,7,0.8,3,"PairwiseSupport","multi-point",3,4,"one-point",1,"calibrated",7.546115148127446,0.004039291749168693,4,4,,,,"",
123456,"TwoPole",166,51,7,0.8,3,"PairwiseSupport","multi-point",3,4,"one-point",1,"calibrated",9.193054136874363,0.005768247663013278,4,4,,,,"",
123456,"TwoPole",167,51,7,0.8,3,"PairwiseSupport","two-point",2,2,"one-point",1,"degenerate",,,,,1,3,1.7955014382148438,"SwitchDetected",3
123456,"TwoPole",168,51,7,0.8,3,"PairwiseSupport","multi-point",3,3,"one-point",1,"calibrated",2.862595419847328,0.002718998151729324,3,3,,,,"",
123456,"TwoPole",169,51,7,0.8,3,"PairwiseSupport","multi-point",3,3,"one-point",1,"calibrated",2.055420219244823,0.003630391426002669,3,3,,,,"",
123456,"TwoPole",170,51,7,0.8,3,"PairwiseSupport","multi-point",3,3,"one-point",1,"calibrated",2.5510204081632653,0.0010894963891600123,3,3,,,,"",
123456,"TwoPole",171,51,7,0.8,3,"PairwiseSupport","multi-point",3,4,"one-point",1,"calibrated",4.775380261761585,0.016762932353483948,4,4,,,,"",
123456,"TwoPole",172,51,7,0.8,3,"PairwiseSupport","multi-point",3,3,"one-point",1,"calibrated",6.7669172932330826,0.02719496712634859,3,4,,,,"",
123456,"TwoPole",173,51,7,0.8,3,"PairwiseSupport","multi-point",3,3,"one-point",1,"calibrated",13.170731707317074,0.013092322241180326,3,5,,,,"",
123456,"TwoPole",174,51,7,0.8,3,"PairwiseSupport","multi-point",3,4,"one-point",1,"calibrated",11.739130434782608,0.009231519680107703,4,4,,,,"",
123456,"TwoPole",175,51,7,0.8,3,"PairwiseSupport","multi-point",3,4,"one-point",1,"calibrated",4.103343465045592,0.0036491185862025,3,4,,,,"",
123456,"TwoPole",176,51,7,0.8,3,"PairwiseSupport","multi-point",3,3,"one-point",1,"calibrated",4.3172369683402625,0.0036216654705988976,3,4,,,,"",
123456,"TwoPole",177,51,7,0.8,3,"PairwiseSupport","multi-point",3,4,"one-point",1,"calibrated",9.414225941422595,0.01087868840509251,4,4,,,,"",
123456,"TwoPole",178,51,7,0.8,3,"PairwiseSupport","multi-point",3,4,"one-point",1,"calibrated",3.5037633013236436,0.01016549431921736,3,4,,,,"",
123456,"TwoPole",179,51,7,0.8,3,"PairwiseSupport","multi-point",3,4,"one-point",1,"calibrated",5.0675675675675675,0.016459378816005572,4,4,,,,"",
123456,"TwoPole",180,51,7,0.8,3,"PairwiseSupport","multi-point",3,4,"one-point",1,"calibrated",5.265210608424336,0.015593305429994646,4,4,,,,"",
123456,"TwoPole",181,51,7,0.8,3,"PairwiseSupport","multi-point",3,3,"one-point",1,"calibrated",1.7660910518053372,0.0010734016315281046,3,3,,,,"",
123456,"TwoPole",182,51,7,0.8,3,"PairwiseSupport","multi-point",3,4,"one-point",1,"degenerate",,,,,1,4,2.49979116277136,"SwitchDetected",3
123456,"TwoPole",183,51,7,0.8,3,"PairwiseSupport","multi-point",3,3,"one-point",1,"degenerate",,,,,1,3,2.252922291438132,"SwitchDetected",3
123456,"TwoPole",184,51,7,0.8,3,"PairwiseSupport","two-point",2,2,"one-point",1,"degenerate",,,,,1,3,2.201448530021845,"SwitchDetected",3
123456,"TwoPole",185,51,7,0.8,3,"PairwiseSupport","multi-point",3,3,"one-point",1,"calibrated",2.6580035440047256,0.0031957556150710165,3,4,,,,"",
123456,"TwoPole",186,51,7,0.8,3,"PairwiseSupport","multi-point",3,3,"one-point",1,"calibrated",2.5753529187333077,0.003738976694329774,3,3,,,,"",
123456,"TwoPole",187,51,7,0.8,3,"PairwiseSupport","multi-point",3,3,"one-point",1,"degenerate",,,,,1,3,1.8322881514679612,"SwitchDetected",3
123456,"TwoPole",188,51,7,0.8,3,"PairwiseSupport","multi-point",3,4,"one-point",1,"calibrated",4.612230953194397,0.004718005072138648,4,4,,,,"",
123456,"TwoPole",189,51,7,0.8,3,"PairwiseSupport","multi-point",3,3,"one-point",1,"calibrated",4.692387904066736,0.010470158295800518,3,3,,,,"",
123456,"TwoPole",190,51,7,0.8,3,"PairwiseSupport","two-point",2,2,"one-point",1,"degenerate",,,,,1,2,1.1301280274889296,"SwitchDetected",2
123456,"TwoPole",191,51,7,0.8,3,"PairwiseSupport","multi-point",3,3,"one-point",1,"calibrated",5.592377796188898,0.030361321222865507,3,4,,,,"",
123456,"TwoPole",192,51,7,0.8,3,"PairwiseSupport","multi-point",3,4,"one-point",1,"calibrated",6.346967559943582,0.0208455276289415,4,4,,,,"",
123456,"TwoPole",193,51,7,0.8,3,"PairwiseSupport","multi-point",3,3,"one-point",1,"calibrated",2.6580035440047256,0.005130803757032026,3,3,,,,"",
123456,"TwoPole",194,51,7,0.8,3,"PairwiseSupport","multi-point",3,3,"one-point",1,"calibrated",3.1278962001853565,0.0017468884234455113,3,4,,,,"",
123456,"TwoPole",195,51,7,0.8,3,"PairwiseSupport","multi-point",3,3,"one-point",1,"calibrated",2.211302211302211,0.004433747781929943,3,3,,,,"",
123456,"TwoPole",196,51,7,0.8,3,"PairwiseSupport","multi-point",3,4,"one-point",1,"calibrated",4.612230953194397,0.004790247520752962,4,4,,,,"",
123456,"TwoPole",197,51,7,0.8,3,"PairwiseSupport","multi-point",3,3,"one-point",1,"calibrated",4.103343465045592,0.013344439251515823,4,3,,,,"",
123456,"TwoPole",198,51,7,0.8,3,"PairwiseSupport","multi-point",3,3,"one-point",1,"degenerate",,,,,1,3,2.2002955169851766,"SwitchDetected",3
123456,"TwoPole",199,51,7,0.8,3,"PairwiseSupport","multi-point",3,4,"one-point",1,"calibrated",4.249291784702549,0.004813746044882142,4,4,,,,"",
123456,"TwoPole",200,51,7,0.8,3,"PairwiseSupport","multi-point",3,3,"one-point",1,"calibrated",7.079181961195594,0.009764893457760854,3,4,,,,"",
